-- Generated by Craft v2.6.2957 on Feb 2, 2017, 5:59:48 PM.

--
-- Disable foreign key checks and autocommit.
--

SET FOREIGN_KEY_CHECKS = 0;
SET SQL_MODE = "NO_AUTO_VALUE_ON_ZERO";
SET AUTOCOMMIT = 0;
SET NAMES utf8;


DROP TABLE IF EXISTS `craft_amnav_navs`;


--
-- Schema for table `craft_amnav_navs`
--
CREATE TABLE `craft_amnav_navs` (
  `id` int(11) NOT NULL AUTO_INCREMENT,
  `name` varchar(255) COLLATE utf8_unicode_ci NOT NULL,
  `handle` varchar(255) COLLATE utf8_unicode_ci NOT NULL,
  `settings` text COLLATE utf8_unicode_ci,
  `dateCreated` datetime NOT NULL,
  `dateUpdated` datetime NOT NULL,
  `uid` char(36) COLLATE utf8_unicode_ci NOT NULL DEFAULT '0',
  PRIMARY KEY (`id`),
  UNIQUE KEY `craft_amnav_navs_handle_unq_idx` (`handle`)
) ENGINE=InnoDB AUTO_INCREMENT=2 DEFAULT CHARSET=utf8 COLLATE=utf8_unicode_ci;

--
-- Data for table `craft_amnav_navs`
--

INSERT INTO `craft_amnav_navs` (`id`, `name`, `handle`, `settings`, `dateCreated`, `dateUpdated`, `uid`) VALUES
 ('1', 'Main Nav', 'mainNav', '{\"entrySources\":\"*\",\"maxLevels\":\"1\",\"canMoveFromLevel\":\"\",\"canDeleteFromLevel\":\"\"}', '2017-01-11 16:07:43', '2017-01-11 16:12:55', '24d23a3c-543e-4273-be7c-3953eec73b99');



DROP TABLE IF EXISTS `craft_amnav_nodes`;


--
-- Schema for table `craft_amnav_nodes`
--
CREATE TABLE `craft_amnav_nodes` (
  `id` int(11) NOT NULL AUTO_INCREMENT,
  `navId` int(10) NOT NULL,
  `parentId` int(10) DEFAULT NULL,
  `order` int(10) DEFAULT '0',
  `name` varchar(255) COLLATE utf8_unicode_ci NOT NULL,
  `url` varchar(255) COLLATE utf8_unicode_ci DEFAULT NULL,
  `listClass` varchar(255) COLLATE utf8_unicode_ci DEFAULT NULL,
  `blank` tinyint(1) unsigned NOT NULL DEFAULT '0',
  `enabled` tinyint(1) unsigned NOT NULL DEFAULT '1',
  `elementId` int(10) DEFAULT NULL,
  `elementType` varchar(255) COLLATE utf8_unicode_ci DEFAULT NULL,
  `locale` char(12) COLLATE utf8_unicode_ci DEFAULT NULL,
  `dateCreated` datetime NOT NULL,
  `dateUpdated` datetime NOT NULL,
  `uid` char(36) COLLATE utf8_unicode_ci NOT NULL DEFAULT '0',
  PRIMARY KEY (`id`),
  KEY `craft_amnav_nodes_elementId_elementType_locale_idx` (`elementId`,`elementType`,`locale`)
) ENGINE=InnoDB AUTO_INCREMENT=11 DEFAULT CHARSET=utf8 COLLATE=utf8_unicode_ci;

--
-- Data for table `craft_amnav_nodes`
--

INSERT INTO `craft_amnav_nodes` (`id`, `navId`, `parentId`, `order`, `name`, `url`, `listClass`, `blank`, `enabled`, `elementId`, `elementType`, `locale`, `dateCreated`, `dateUpdated`, `uid`) VALUES
 ('1', '1', '0', '0', 'Who We Are', NULL, NULL, '0', '1', '2830', 'Entry', 'en_us', '2017-01-11 16:08:12', '2017-01-26 23:47:38', '70155fc3-bc0b-4af6-8d5e-484a0147a3d3'),
 ('2', '1', '0', '1', 'How We Help', NULL, NULL, '0', '1', '2831', 'Entry', 'en_us', '2017-01-11 16:08:23', '2017-01-26 16:38:32', '7624299e-1f7d-43fa-8136-7c36d0a4ffb1'),
 ('3', '1', '0', '2', 'Resources', 'resources', NULL, '0', '1', NULL, NULL, 'en_us', '2017-01-11 16:11:54', '2017-01-11 16:11:54', 'c4546946-1e89-45fb-a8d6-5b0b9734bfcd'),
 ('4', '1', '0', '3', 'Blog', 'blog', NULL, '0', '1', NULL, NULL, 'en_us', '2017-01-11 16:12:03', '2017-01-11 16:12:03', 'c661f1ba-13b4-4fbf-ba9b-543521a43606'),
 ('7', '1', '0', '0', 'Quienes Somos', NULL, '', '0', '1', '2830', 'Entry', 'es_us', '2017-01-25 17:24:40', '2017-01-25 17:25:47', 'bf1344fc-fbab-44e4-a684-abd5f9215ebf'),
 ('8', '1', '0', '1', 'Como Ayudamos', NULL, '', '0', '1', '2831', 'Entry', 'es_us', '2017-01-25 17:25:32', '2017-01-25 17:25:47', 'bbd82b00-19fd-4ed6-9d0a-c8b9a4712daa'),
 ('9', '1', '0', '2', 'Recursos', 'recursos', NULL, '0', '1', NULL, NULL, 'es_us', '2017-01-25 17:35:56', '2017-01-25 17:35:56', 'd6120161-e907-4d12-af69-20f36bd786e5'),
 ('10', '1', '0', '3', 'Blog', 'blog', NULL, '0', '1', NULL, NULL, 'es_us', '2017-01-25 17:38:12', '2017-01-25 17:38:12', 'dda33ff6-0fba-4af3-8287-5ceb6bcb577b');



DROP TABLE IF EXISTS `craft_assetfiles`;


--
-- Schema for table `craft_assetfiles`
--
CREATE TABLE `craft_assetfiles` (
  `id` int(11) NOT NULL,
  `sourceId` int(11) DEFAULT NULL,
  `folderId` int(11) NOT NULL,
  `filename` varchar(255) COLLATE utf8_unicode_ci NOT NULL,
  `kind` varchar(50) COLLATE utf8_unicode_ci NOT NULL DEFAULT 'unknown',
  `width` int(11) unsigned DEFAULT NULL,
  `height` int(11) unsigned DEFAULT NULL,
  `size` bigint(20) unsigned DEFAULT NULL,
  `dateModified` datetime DEFAULT NULL,
  `dateCreated` datetime NOT NULL,
  `dateUpdated` datetime NOT NULL,
  `uid` char(36) COLLATE utf8_unicode_ci NOT NULL DEFAULT '0',
  PRIMARY KEY (`id`),
  UNIQUE KEY `craft_assetfiles_filename_folderId_unq_idx` (`filename`,`folderId`),
  KEY `craft_assetfiles_sourceId_fk` (`sourceId`),
  KEY `craft_assetfiles_folderId_fk` (`folderId`)
) ENGINE=InnoDB DEFAULT CHARSET=utf8 COLLATE=utf8_unicode_ci;

--
-- Data for table `craft_assetfiles`
--

INSERT INTO `craft_assetfiles` (`id`, `sourceId`, `folderId`, `filename`, `kind`, `width`, `height`, `size`, `dateModified`, `dateCreated`, `dateUpdated`, `uid`) VALUES
 ('2866', '6', '55', 'EdNav_330-2.jpg', 'image', '1817', '1601', '317083', '2017-01-05 16:38:20', '2017-01-05 16:38:20', '2017-01-05 16:42:04', 'f7353f8b-a502-4a88-80dd-0e014dce8550'),
 ('2867', '6', '55', '649404.jpg', 'image', '800', '534', '82051', '2017-01-05 16:41:56', '2017-01-05 16:41:56', '2017-01-05 16:42:04', 'd21d0e4a-11cc-4bbd-9cb9-0e2d5aebd358'),
 ('2870', '6', '58', '841683.jpg', 'image', '800', '534', '112073', '2017-01-05 17:48:09', '2017-01-05 17:48:09', '2017-01-05 17:48:24', '84d1ca58-932e-4568-b213-45e9341e7b04'),
 ('2871', '6', '55', '841683.jpg', 'image', '800', '534', '112073', '2017-01-05 18:10:18', '2017-01-05 18:10:18', '2017-01-05 18:10:18', '8bf80e87-443b-4aee-aa62-005a2ef235ac'),
 ('2876', '2', '61', '2001-a-space-odyssey-screenshot-1920x1080-9.jpg', 'image', '1920', '1080', '224744', '2017-01-12 23:13:57', '2017-01-12 23:13:57', '2017-01-17 20:57:16', 'e65b723f-ce6e-48ea-9c0a-27a686fd81bc'),
 ('2882', '6', '62', '2001-a-space-odyssey-screenshot-1920x1080-9.jpg', 'image', '1920', '1080', '224744', '2017-01-17 21:11:18', '2017-01-17 21:11:19', '2017-01-17 21:11:22', '0d6c7939-f160-4fc6-819c-742d3dec1f0a'),
 ('2883', '6', '63', '2001-a-space-odyssey-screenshot-1920x1080-9.jpg', 'image', '1920', '1080', '224744', '2017-01-17 22:02:31', '2017-01-17 22:00:14', '2017-01-17 22:02:34', '1343288f-8cbf-45c1-9ed0-dfd64ee2cdaa'),
 ('2887', '6', '63', '649404-2.jpg', 'image', '800', '534', '224911', '2017-01-17 23:03:35', '2017-01-17 23:03:35', '2017-01-17 23:03:35', '018c993b-2c93-49f8-b791-3ca404d4c1c3'),
 ('2888', '6', '63', '826621.jpg', 'image', '800', '534', '286479', '2017-01-17 23:03:50', '2017-01-17 23:03:50', '2017-01-17 23:03:50', '6f8d4379-064a-451f-bed1-603211c10789'),
 ('2889', '6', '63', '826629.jpg', 'image', '800', '534', '54156', '2017-01-17 23:11:54', '2017-01-17 23:11:54', '2017-01-17 23:11:54', '1bdacae4-2f2e-4d8b-b202-2926ab552bd8'),
 ('2894', '6', '63', 'UOregon0473.jpg', 'image', '1500', '1000', '522799', '2017-01-17 23:35:16', '2017-01-17 23:35:16', '2017-01-17 23:35:16', 'cb332427-67b7-4009-ad9f-57e5c3cd550d'),
 ('2898', '6', '63', 'UOregon0670.jpg', 'image', '1500', '1000', '423132', '2017-01-18 15:27:06', '2017-01-18 15:27:06', '2017-01-18 15:27:06', '2ed45b39-6fa9-4c26-918f-0efaa09c0257'),
 ('2904', '6', '63', 'EdNav_330-2.jpg', 'image', '2400', '1602', '2239822', '2017-01-18 16:43:18', '2017-01-18 16:43:19', '2017-01-18 16:43:19', '0631fc22-8e4c-4991-9350-a5e558d5ca25'),
 ('2910', '6', '63', 'Amy-Mikler-01.png', 'image', '1286', '852', '1499923', '2017-01-24 17:22:36', '2017-01-24 17:22:36', '2017-01-24 17:22:36', 'ec1b007b-0cd8-4d81-b582-593346f3c64c'),
 ('2925', '6', '65', 'icon-principle-1.svg', 'image', '100', '100', '892', '2017-01-26 20:13:46', '2017-01-26 20:08:37', '2017-01-26 20:14:15', 'a9156ae0-e1a4-43ac-bf41-16998dd38f44'),
 ('2930', '6', '65', 'icon-principle-2.svg', 'image', '100', '100', '1496', '2017-01-26 20:22:14', '2017-01-26 20:22:14', '2017-01-26 20:22:14', '7a696b29-4175-4c7d-b389-83f0633d2894'),
 ('2933', '6', '65', 'icon-principle-3.svg', 'image', '100', '100', '1667', '2017-01-26 23:40:03', '2017-01-26 23:40:04', '2017-01-26 23:40:04', 'f1295e14-3532-435a-a7b6-efad8ba01854'),
 ('2934', '6', '65', 'icon-principle-4.svg', 'image', '100', '100', '1254', '2017-01-26 23:40:04', '2017-01-26 23:40:04', '2017-01-26 23:40:04', '205dc6fb-93c8-44b1-b3e2-318e3066274a'),
 ('2935', '6', '65', 'icon-principle-5.svg', 'image', '100', '100', '980', '2017-01-26 23:40:04', '2017-01-26 23:40:04', '2017-01-26 23:40:04', '297543bf-fad0-4a71-8a4f-a987f3c49aa2'),
 ('2936', '6', '65', 'icon-principle-6.svg', 'image', '100', '100', '1086', '2017-01-26 23:40:04', '2017-01-26 23:40:04', '2017-01-26 23:40:04', 'c9f698e4-8e68-462f-af77-179d160b02e6'),
 ('2941', '2', '2', 'navigator-timothy-daly.jpg', 'image', '152', '152', '6151', '2017-01-30 22:23:09', '2017-01-30 22:23:09', '2017-01-30 22:23:09', '8178991e-cafd-4179-b74b-b82694c581a2');



DROP TABLE IF EXISTS `craft_assetfolders`;


--
-- Schema for table `craft_assetfolders`
--
CREATE TABLE `craft_assetfolders` (
  `id` int(11) NOT NULL AUTO_INCREMENT,
  `parentId` int(11) DEFAULT NULL,
  `sourceId` int(11) DEFAULT NULL,
  `name` varchar(255) COLLATE utf8_unicode_ci NOT NULL,
  `path` varchar(255) COLLATE utf8_unicode_ci DEFAULT NULL,
  `dateCreated` datetime NOT NULL,
  `dateUpdated` datetime NOT NULL,
  `uid` char(36) COLLATE utf8_unicode_ci NOT NULL DEFAULT '0',
  PRIMARY KEY (`id`),
  UNIQUE KEY `craft_assetfolders_name_parentId_sourceId_unq_idx` (`name`,`parentId`,`sourceId`),
  KEY `craft_assetfolders_parentId_fk` (`parentId`),
  KEY `craft_assetfolders_sourceId_fk` (`sourceId`)
) ENGINE=InnoDB AUTO_INCREMENT=66 DEFAULT CHARSET=utf8 COLLATE=utf8_unicode_ci;

--
-- Data for table `craft_assetfolders`
--

INSERT INTO `craft_assetfolders` (`id`, `parentId`, `sourceId`, `name`, `path`, `dateCreated`, `dateUpdated`, `uid`) VALUES
 ('2', NULL, '2', 'People', '', '2016-10-10 21:05:45', '2016-10-10 21:05:45', '1fefd76c-53d4-4ecf-aef2-6e1796117a97'),
 ('5', NULL, NULL, 'Temporary source', NULL, '2016-10-17 22:31:21', '2016-10-17 22:31:21', '49f672a9-27e1-4d37-9f3a-e430978c1d03'),
 ('6', '5', NULL, 'user_1', NULL, '2016-10-17 22:31:21', '2016-10-17 22:31:21', '7d46358b-4fc0-4ac2-97f3-4bff8bf4d814'),
 ('7', '6', NULL, 'field_27', 'field_27/', '2016-10-17 22:31:21', '2016-10-17 22:31:21', '24e84e57-b8db-4c7a-bbe6-8df9cb55ef1e'),
 ('9', '6', NULL, 'field_3', 'field_3/', '2016-12-14 15:57:03', '2016-12-14 15:57:03', '8f4aea57-144b-4e92-a46d-168b5717fd27'),
 ('10', '6', NULL, 'field_4', 'field_4/', '2016-12-14 15:57:03', '2016-12-14 15:57:03', 'ca753fa2-0135-459b-af65-9316ec57e751'),
 ('52', NULL, '5', 'Principals', '', '2016-12-20 21:42:45', '2016-12-20 21:42:45', 'b4c03f1f-c76b-414d-b34b-9754334eca30'),
 ('53', NULL, '6', 'Pages', '', '2017-01-04 22:04:13', '2017-01-05 18:08:21', 'ad4b0ad4-7f01-4ede-9fba-d0a9cb64c82d'),
 ('54', '6', NULL, 'field_55', 'field_55/', '2017-01-05 16:01:35', '2017-01-05 16:01:35', '38b6ead5-8acf-466e-b17c-27639f51d776'),
 ('55', '53', '6', 'homepage', 'homepage/', '2017-01-05 16:42:04', '2017-01-05 16:42:04', '73a25626-faa9-49e5-bd71-befe7019d81f'),
 ('56', '6', NULL, 'field_50', 'field_50/', '2017-01-05 17:47:55', '2017-01-05 17:47:55', 'b0d24a2c-6449-4302-9892-f74717686cb1'),
 ('57', '53', '6', 'uploads', 'uploads/', '2017-01-05 17:48:24', '2017-01-05 17:48:24', '5c3df5d1-7d68-4f0e-ba62-16eb43cf875c'),
 ('58', '57', '6', 'homepage', 'uploads/homepage/', '2017-01-05 17:48:24', '2017-01-05 17:48:24', 'e2a27813-85fc-4a18-8539-abf28c9d729d'),
 ('59', '6', NULL, 'field_61', 'field_61/', '2017-01-11 18:58:37', '2017-01-11 18:58:37', 'af8045df-9e47-4ee9-9bb2-2ee440341273'),
 ('60', '2', '2', 'test', 'test/', '2017-01-17 20:42:53', '2017-01-17 20:42:53', '6c5c4f75-fba4-49e8-b4b9-864fdb7ef576'),
 ('61', '2', '2', 'find-your-path', 'find-your-path/', '2017-01-17 20:57:16', '2017-01-17 20:57:16', 'ce03464d-4462-451b-9f73-f085955f8c38'),
 ('62', '53', '6', 'find-your-path', 'find-your-path/', '2017-01-17 21:11:22', '2017-01-17 21:11:22', '0f81781f-f0e5-4015-8379-85d10355db41'),
 ('63', '53', '6', 'user-paths', 'user-paths/', '2017-01-17 22:02:10', '2017-01-17 22:02:10', '8824c8f7-078f-46f8-955d-84f21858c0c4'),
 ('64', '6', NULL, 'field_45', 'field_45/', '2017-01-26 20:04:19', '2017-01-26 20:04:19', '85f922f0-e1e5-4b18-8ddc-66f2f0e56011'),
 ('65', '53', '6', 'who-we-are', 'who-we-are/', '2017-01-26 20:14:15', '2017-01-26 20:14:15', 'd6485ca0-a7e9-4e11-8a76-558875d6c546');



DROP TABLE IF EXISTS `craft_assetindexdata`;


--
-- Schema for table `craft_assetindexdata`
--
CREATE TABLE `craft_assetindexdata` (
  `id` int(11) NOT NULL AUTO_INCREMENT,
  `sessionId` varchar(36) COLLATE utf8_unicode_ci NOT NULL DEFAULT '',
  `sourceId` int(10) NOT NULL,
  `offset` int(10) NOT NULL,
  `uri` varchar(255) COLLATE utf8_unicode_ci DEFAULT NULL,
  `size` varchar(255) COLLATE utf8_unicode_ci DEFAULT NULL,
  `recordId` int(10) DEFAULT NULL,
  `dateCreated` datetime NOT NULL,
  `dateUpdated` datetime NOT NULL,
  `uid` char(36) COLLATE utf8_unicode_ci NOT NULL DEFAULT '0',
  PRIMARY KEY (`id`),
  UNIQUE KEY `craft_assetindexdata_sessionId_sourceId_offset_unq_idx` (`sessionId`,`sourceId`,`offset`),
  KEY `craft_assetindexdata_sourceId_fk` (`sourceId`)
) ENGINE=InnoDB DEFAULT CHARSET=utf8 COLLATE=utf8_unicode_ci;

DROP TABLE IF EXISTS `craft_assetsources`;


--
-- Schema for table `craft_assetsources`
--
CREATE TABLE `craft_assetsources` (
  `id` int(11) NOT NULL AUTO_INCREMENT,
  `name` varchar(255) COLLATE utf8_unicode_ci NOT NULL,
  `handle` varchar(255) COLLATE utf8_unicode_ci NOT NULL,
  `type` varchar(150) COLLATE utf8_unicode_ci NOT NULL,
  `settings` text COLLATE utf8_unicode_ci,
  `sortOrder` smallint(6) unsigned DEFAULT NULL,
  `fieldLayoutId` int(10) DEFAULT NULL,
  `dateCreated` datetime NOT NULL,
  `dateUpdated` datetime NOT NULL,
  `uid` char(36) COLLATE utf8_unicode_ci NOT NULL DEFAULT '0',
  PRIMARY KEY (`id`),
  UNIQUE KEY `craft_assetsources_name_unq_idx` (`name`),
  UNIQUE KEY `craft_assetsources_handle_unq_idx` (`handle`),
  KEY `craft_assetsources_fieldLayoutId_fk` (`fieldLayoutId`)
) ENGINE=InnoDB AUTO_INCREMENT=7 DEFAULT CHARSET=utf8 COLLATE=utf8_unicode_ci;

--
-- Data for table `craft_assetsources`
--

INSERT INTO `craft_assetsources` (`id`, `name`, `handle`, `type`, `settings`, `sortOrder`, `fieldLayoutId`, `dateCreated`, `dateUpdated`, `uid`) VALUES
 ('2', 'People', 'people', 'Local', '{\"path\":\"uploads\\/people\\/\",\"publicURLs\":\"1\",\"url\":\"\\/uploads\\/people\\/\"}', '2', '58', '2016-10-10 21:05:45', '2016-10-17 23:05:25', 'cd389634-6297-4886-ac1a-17f7ff2050c8'),
 ('5', 'Principals', 'principals', 'Local', '{\"path\":\"uploads\\/principals\\/\",\"publicURLs\":\"1\",\"url\":\"\\/uploads\\/principals\\/\"}', '5', '107', '2016-12-20 21:42:45', '2016-12-20 21:42:45', 'dbef2f54-301b-47da-b955-8b853381b632'),
 ('6', 'Pages', 'pages', 'Local', '{\"path\":\"uploads\\/pages\\/\",\"publicURLs\":\"1\",\"url\":\"\\/uploads\\/pages\\/\"}', '6', '120', '2017-01-04 22:04:13', '2017-01-05 18:08:21', '6c50eae1-ceb0-4b11-8e50-b8544c8cbc69');



DROP TABLE IF EXISTS `craft_assettransformindex`;


--
-- Schema for table `craft_assettransformindex`
--
CREATE TABLE `craft_assettransformindex` (
  `id` int(11) NOT NULL AUTO_INCREMENT,
  `fileId` int(11) NOT NULL,
  `filename` varchar(255) COLLATE utf8_unicode_ci DEFAULT NULL,
  `format` varchar(255) COLLATE utf8_unicode_ci DEFAULT NULL,
  `location` varchar(255) COLLATE utf8_unicode_ci NOT NULL,
  `sourceId` int(11) DEFAULT NULL,
  `fileExists` tinyint(1) DEFAULT NULL,
  `inProgress` tinyint(1) DEFAULT NULL,
  `dateIndexed` datetime DEFAULT NULL,
  `dateCreated` datetime NOT NULL,
  `dateUpdated` datetime NOT NULL,
  `uid` char(36) COLLATE utf8_unicode_ci NOT NULL DEFAULT '0',
  PRIMARY KEY (`id`),
  KEY `craft_assettransformindex_sourceId_fileId_location_idx` (`sourceId`,`fileId`,`location`)
) ENGINE=InnoDB AUTO_INCREMENT=13 DEFAULT CHARSET=utf8 COLLATE=utf8_unicode_ci;

DROP TABLE IF EXISTS `craft_assettransforms`;


--
-- Schema for table `craft_assettransforms`
--
CREATE TABLE `craft_assettransforms` (
  `id` int(11) NOT NULL AUTO_INCREMENT,
  `name` varchar(255) COLLATE utf8_unicode_ci NOT NULL,
  `handle` varchar(255) COLLATE utf8_unicode_ci NOT NULL,
  `mode` enum('stretch','fit','crop') COLLATE utf8_unicode_ci NOT NULL DEFAULT 'crop',
  `position` enum('top-left','top-center','top-right','center-left','center-center','center-right','bottom-left','bottom-center','bottom-right') COLLATE utf8_unicode_ci NOT NULL DEFAULT 'center-center',
  `height` int(10) DEFAULT NULL,
  `width` int(10) DEFAULT NULL,
  `format` varchar(255) COLLATE utf8_unicode_ci DEFAULT NULL,
  `quality` int(10) DEFAULT NULL,
  `dimensionChangeTime` datetime DEFAULT NULL,
  `dateCreated` datetime NOT NULL,
  `dateUpdated` datetime NOT NULL,
  `uid` char(36) COLLATE utf8_unicode_ci NOT NULL DEFAULT '0',
  PRIMARY KEY (`id`),
  UNIQUE KEY `craft_assettransforms_name_unq_idx` (`name`),
  UNIQUE KEY `craft_assettransforms_handle_unq_idx` (`handle`)
) ENGINE=InnoDB AUTO_INCREMENT=5 DEFAULT CHARSET=utf8 COLLATE=utf8_unicode_ci;

--
-- Data for table `craft_assettransforms`
--

INSERT INTO `craft_assettransforms` (`id`, `name`, `handle`, `mode`, `position`, `height`, `width`, `format`, `quality`, `dimensionChangeTime`, `dateCreated`, `dateUpdated`, `uid`) VALUES
 ('1', 'Project Thumb', 'projectThumb', 'crop', 'center-center', '600', '800', NULL, NULL, '2016-10-10 21:10:33', '2016-10-10 21:10:33', '2016-10-10 21:10:33', 'ee0e3a10-8a6c-419f-884f-be44c8c3550f'),
 ('3', 'Hero', 'hero', 'fit', 'center-center', '1350', '1200', NULL, NULL, '2017-01-05 17:58:41', '2016-12-12 22:44:46', '2017-01-05 17:58:41', 'd13aab8e-a0af-4784-a02f-ba9b5c5a358e'),
 ('4', 'Project Thumb Small', 'projectThumbSmall', 'crop', 'center-center', '300', '400', NULL, NULL, '2016-12-13 23:42:37', '2016-12-13 23:42:37', '2016-12-13 23:42:37', 'fc75fc60-946d-4d8e-8ab6-5a530e440b2f');



DROP TABLE IF EXISTS `craft_categories`;


--
-- Schema for table `craft_categories`
--
CREATE TABLE `craft_categories` (
  `id` int(11) NOT NULL,
  `groupId` int(11) NOT NULL,
  `dateCreated` datetime NOT NULL,
  `dateUpdated` datetime NOT NULL,
  `uid` char(36) COLLATE utf8_unicode_ci NOT NULL DEFAULT '0',
  PRIMARY KEY (`id`),
  KEY `craft_categories_groupId_fk` (`groupId`)
) ENGINE=InnoDB DEFAULT CHARSET=utf8 COLLATE=utf8_unicode_ci;

--
-- Data for table `craft_categories`
--

INSERT INTO `craft_categories` (`id`, `groupId`, `dateCreated`, `dateUpdated`, `uid`) VALUES
 ('2834', '4', '2016-12-20 20:13:25', '2016-12-20 20:13:25', 'a692ed90-e56b-4b39-a0ec-495f26e96ce7'),
 ('2835', '4', '2016-12-20 20:14:01', '2016-12-20 20:14:01', 'b1c6e501-fab5-4c10-9691-2bd39bd36539'),
 ('2836', '3', '2016-12-20 20:17:06', '2016-12-20 20:17:06', 'e422dacb-1f67-4d98-841f-ae392cc4b746'),
 ('2837', '3', '2016-12-20 20:17:23', '2016-12-20 20:17:23', 'feb482ea-4c79-4483-9f50-828f7af3b767'),
 ('2838', '3', '2016-12-20 20:17:41', '2016-12-20 20:17:41', '6b943b8f-5d62-46fe-9185-16d24b73b1bf');



DROP TABLE IF EXISTS `craft_categorygroups`;


--
-- Schema for table `craft_categorygroups`
--
CREATE TABLE `craft_categorygroups` (
  `id` int(11) NOT NULL AUTO_INCREMENT,
  `structureId` int(11) NOT NULL,
  `fieldLayoutId` int(11) DEFAULT NULL,
  `name` varchar(255) COLLATE utf8_unicode_ci NOT NULL,
  `handle` varchar(255) COLLATE utf8_unicode_ci NOT NULL,
  `hasUrls` tinyint(1) unsigned NOT NULL DEFAULT '1',
  `template` varchar(500) COLLATE utf8_unicode_ci DEFAULT NULL,
  `dateCreated` datetime NOT NULL,
  `dateUpdated` datetime NOT NULL,
  `uid` char(36) COLLATE utf8_unicode_ci NOT NULL DEFAULT '0',
  PRIMARY KEY (`id`),
  UNIQUE KEY `craft_categorygroups_name_unq_idx` (`name`),
  UNIQUE KEY `craft_categorygroups_handle_unq_idx` (`handle`),
  KEY `craft_categorygroups_structureId_fk` (`structureId`),
  KEY `craft_categorygroups_fieldLayoutId_fk` (`fieldLayoutId`)
) ENGINE=InnoDB AUTO_INCREMENT=5 DEFAULT CHARSET=utf8 COLLATE=utf8_unicode_ci;

--
-- Data for table `craft_categorygroups`
--

INSERT INTO `craft_categorygroups` (`id`, `structureId`, `fieldLayoutId`, `name`, `handle`, `hasUrls`, `template`, `dateCreated`, `dateUpdated`, `uid`) VALUES
 ('2', '5', '101', 'Topic', 'topic', '1', 'resources/topic', '2016-12-20 20:07:11', '2016-12-20 20:07:11', '78ac290e-3605-4feb-a012-f9becfd0b9d6'),
 ('3', '6', '102', 'Category', 'category', '1', 'blog/category', '2016-12-20 20:07:46', '2016-12-20 20:07:46', 'c125af50-39b3-40f5-8f0d-178d4dfe0bbb'),
 ('4', '7', '103', 'Tag', 'tag', '1', 'blog/tag', '2016-12-20 20:08:03', '2016-12-20 20:08:03', '5c88aaf0-e532-4d15-b87a-a3e733acb847');



DROP TABLE IF EXISTS `craft_categorygroups_i18n`;


--
-- Schema for table `craft_categorygroups_i18n`
--
CREATE TABLE `craft_categorygroups_i18n` (
  `id` int(11) NOT NULL AUTO_INCREMENT,
  `groupId` int(11) NOT NULL,
  `locale` char(12) COLLATE utf8_unicode_ci NOT NULL,
  `urlFormat` text COLLATE utf8_unicode_ci,
  `nestedUrlFormat` text COLLATE utf8_unicode_ci,
  `dateCreated` datetime NOT NULL,
  `dateUpdated` datetime NOT NULL,
  `uid` char(36) COLLATE utf8_unicode_ci NOT NULL DEFAULT '0',
  PRIMARY KEY (`id`),
  UNIQUE KEY `craft_categorygroups_i18n_groupId_locale_unq_idx` (`groupId`,`locale`),
  KEY `craft_categorygroups_i18n_locale_fk` (`locale`)
) ENGINE=InnoDB AUTO_INCREMENT=8 DEFAULT CHARSET=utf8 COLLATE=utf8_unicode_ci;

--
-- Data for table `craft_categorygroups_i18n`
--

INSERT INTO `craft_categorygroups_i18n` (`id`, `groupId`, `locale`, `urlFormat`, `nestedUrlFormat`, `dateCreated`, `dateUpdated`, `uid`) VALUES
 ('2', '2', 'en_us', 'resources/topic/{slug}', '{parent.uri}/{slug}', '2016-12-20 20:07:11', '2016-12-20 20:07:11', 'f270a75c-a93a-4fb8-bd1c-6fb5bdda6210'),
 ('3', '3', 'en_us', 'blog/category/{slug}', '{parent.uri}/{slug}', '2016-12-20 20:07:46', '2016-12-20 20:07:46', 'b2753c5d-3db8-44dd-9c5b-78b29d90c0e6'),
 ('4', '4', 'en_us', 'blog/tag/{slug}', '{parent.uri}/{slug}', '2016-12-20 20:08:03', '2016-12-20 20:08:03', '0e7331cd-cdfc-498e-ba54-f50c95bc2558'),
 ('5', '2', 'es_us', 'resources/topic/{slug}', '{parent.uri}/{slug}', '2017-01-03 21:39:49', '2017-01-03 21:39:49', 'f13b434c-8524-46ee-8403-23959edc50f1'),
 ('6', '3', 'es_us', 'blog/category/{slug}', '{parent.uri}/{slug}', '2017-01-03 21:39:49', '2017-01-03 21:39:49', '8024f5fb-dfdc-43f2-a932-c2702614e2b6'),
 ('7', '4', 'es_us', 'blog/tag/{slug}', '{parent.uri}/{slug}', '2017-01-03 21:39:49', '2017-01-03 21:39:49', '46e891b3-4adb-40c1-9316-3624d37e0d34');



DROP TABLE IF EXISTS `craft_content`;


--
-- Schema for table `craft_content`
--
CREATE TABLE `craft_content` (
  `id` int(11) NOT NULL AUTO_INCREMENT,
  `elementId` int(11) NOT NULL,
  `locale` char(12) COLLATE utf8_unicode_ci NOT NULL,
  `title` varchar(255) COLLATE utf8_unicode_ci DEFAULT NULL,
  `field_seoTitle` varchar(69) COLLATE utf8_unicode_ci DEFAULT NULL,
  `field_seoDescription` varchar(155) COLLATE utf8_unicode_ci DEFAULT NULL,
  `field_pageDescription` text COLLATE utf8_unicode_ci,
  `field_body` text COLLATE utf8_unicode_ci,
  `field_userPathTagline` text COLLATE utf8_unicode_ci,
  `field_learnMoreLinks` text COLLATE utf8_unicode_ci,
  `field_peopleSectionLabel` text COLLATE utf8_unicode_ci,
  `dateCreated` datetime NOT NULL,
  `dateUpdated` datetime NOT NULL,
  `uid` char(36) COLLATE utf8_unicode_ci NOT NULL DEFAULT '0',
  PRIMARY KEY (`id`),
  UNIQUE KEY `craft_content_elementId_locale_unq_idx` (`elementId`,`locale`),
  KEY `craft_content_title_idx` (`title`),
  KEY `craft_content_locale_fk` (`locale`)
) ENGINE=InnoDB AUTO_INCREMENT=2791 DEFAULT CHARSET=utf8 COLLATE=utf8_unicode_ci;

--
-- Data for table `craft_content`
--

INSERT INTO `craft_content` (`id`, `elementId`, `locale`, `title`, `field_seoTitle`, `field_seoDescription`, `field_pageDescription`, `field_body`, `field_userPathTagline`, `field_learnMoreLinks`, `field_peopleSectionLabel`, `dateCreated`, `dateUpdated`, `uid`) VALUES
 ('1', '1', 'en_us', NULL, NULL, NULL, NULL, NULL, NULL, NULL, NULL, '2016-10-10 20:59:13', '2016-10-10 20:59:13', '99094cf8-2d10-4c1e-be6a-3783fd68f645'),
 ('2', '2', 'en_us', 'Homepage', '', '', 'Education is \r\nthe path to a better life', '<p>We partner with leading businesses to help hard-working families find a path \nto success in school and beyond.</p>', NULL, NULL, NULL, '2016-10-10 20:59:13', '2017-01-26 16:52:05', '99eb363d-2bcc-4899-8dcd-ea2bd2480804'),
 ('4', '4', 'en_us', NULL, NULL, NULL, NULL, NULL, NULL, NULL, NULL, '2016-10-10 21:49:00', '2017-01-24 23:19:24', '07066ed1-dc33-48ae-950a-951e458533e9'),
 ('17', '19', 'en_us', 'Brand Strategy', NULL, NULL, NULL, NULL, NULL, NULL, NULL, '2016-10-17 22:37:51', '2017-01-24 23:19:25', '5b1f5fbe-df6c-4f0f-b709-c4216366ba97'),
 ('18', '20', 'en_us', 'Digital Experience', NULL, NULL, NULL, NULL, NULL, NULL, NULL, '2016-10-17 22:37:59', '2017-01-24 23:19:25', '6aae91d3-8fd7-4b76-aa56-b7eecaf0eb49'),
 ('2522', '2598', 'en_us', 'Community Development', NULL, NULL, NULL, NULL, NULL, NULL, NULL, '2016-12-19 08:58:32', '2017-01-24 23:19:25', '97331d30-374b-4c90-829b-efa5b677f3aa'),
 ('2524', '2689', 'en_us', 'Social Design', NULL, NULL, NULL, NULL, NULL, NULL, NULL, '2016-12-19 10:20:06', '2017-01-24 23:19:25', '57b4c96c-f80d-4b98-bdf6-f429aea4bd6e'),
 ('2525', '2747', 'en_us', 'Firebelly Family', NULL, NULL, NULL, NULL, NULL, NULL, NULL, '2016-12-19 11:41:38', '2017-01-24 23:19:25', '35ffe502-c4c4-43d9-912b-60e75cfd9fcf'),
 ('2567', '2789', 'en_us', 'Reason To Give', NULL, NULL, NULL, NULL, NULL, NULL, NULL, '2016-12-19 12:01:51', '2017-01-24 23:19:25', '879e8a60-08fb-4397-8ccf-283fe470c02d'),
 ('2568', '2790', 'en_us', 'Change the World', NULL, NULL, NULL, NULL, NULL, NULL, NULL, '2016-12-19 12:01:56', '2017-01-24 23:19:25', '8767a2d6-c706-4f5f-a14f-49a8f10a125f'),
 ('2571', '2793', 'en_us', 'Chicago Design', NULL, NULL, NULL, NULL, NULL, NULL, NULL, '2016-12-19 12:08:10', '2017-01-24 23:19:25', '144f85c2-7937-43b0-9b3b-e7e2d2b60478'),
 ('2572', '2794', 'en_us', 'Typography', NULL, NULL, NULL, NULL, NULL, NULL, NULL, '2016-12-19 12:08:15', '2017-01-24 23:19:25', '0d2efbc3-7eef-4fc4-9e11-1416fc3e494a'),
 ('2580', '2802', 'en_us', 'Socially Responsible', NULL, NULL, NULL, NULL, NULL, NULL, NULL, '2016-12-19 12:16:44', '2017-01-24 23:19:25', 'fa65735c-e581-4c42-9586-34f92b359ca0'),
 ('2582', '2804', 'en_us', 'Writing for the Web', NULL, NULL, NULL, NULL, NULL, NULL, NULL, '2016-12-19 12:19:48', '2017-01-24 23:19:25', '3a2e43e8-9266-41c5-a0b8-82919eee3cba'),
 ('2583', '2805', 'en_us', 'Lunch-n-Learn', NULL, NULL, NULL, NULL, NULL, NULL, NULL, '2016-12-19 12:20:13', '2017-01-24 23:19:25', '1b57c050-fab5-4a55-81e4-8677a5437220'),
 ('2586', '2808', 'en_us', 'Field Trip', NULL, NULL, NULL, NULL, NULL, NULL, NULL, '2016-12-19 12:24:40', '2017-01-24 23:19:25', '8c39587a-8448-41dc-b8a6-d114d78d4698'),
 ('2589', '2811', 'en_us', 'Girls Garage', NULL, NULL, NULL, NULL, NULL, NULL, NULL, '2016-12-19 12:32:32', '2017-01-24 23:19:25', 'b670c3eb-bdd5-44aa-bf16-fc5470b981c8'),
 ('2608', '2830', 'en_us', 'Who We Are', '', '', 'We’re a nonprofit organization working to help busy families and students achieve their educational dreams. ', NULL, NULL, '', NULL, '2016-12-20 19:41:21', '2017-01-26 23:47:38', '0aaf533a-2019-4b6e-b8f1-a83094aa33f3'),
 ('2609', '2831', 'en_us', 'How We Help', '', '', 'We give hard-working families personalized, ongoing support along the path from preschool to college.', NULL, NULL, '<p><a href=\"/resources\">Resources for Families</a></p><p><a href=\"{entry:2893:url}\">Resources for Employers</a></p>', NULL, '2016-12-20 19:42:21', '2017-01-26 16:38:33', '2fce0b03-8869-49f0-ac11-267b040ad589'),
 ('2612', '2834', 'en_us', 'Parent-Teacher Conferences', NULL, NULL, NULL, NULL, NULL, NULL, NULL, '2016-12-20 20:13:25', '2017-01-24 23:19:23', '88237c47-a7fc-44a7-8201-ffd3f1c9fd03'),
 ('2613', '2835', 'en_us', 'Report Cards', NULL, NULL, NULL, NULL, NULL, NULL, NULL, '2016-12-20 20:14:01', '2017-01-24 23:19:23', 'f6487d7f-0413-4d52-9a5b-17f42ed83bf7'),
 ('2614', '2836', 'en_us', 'In The News', NULL, NULL, NULL, NULL, NULL, NULL, NULL, '2016-12-20 20:17:06', '2017-01-24 23:19:23', 'ee9704e5-9a72-4e34-af1c-98be8d24a1cc'),
 ('2615', '2837', 'en_us', 'What We\'re Learning', NULL, NULL, NULL, NULL, NULL, NULL, NULL, '2016-12-20 20:17:23', '2017-01-24 23:19:23', '1332df08-14e1-41c0-9fa0-2b06672138b1'),
 ('2616', '2838', 'en_us', 'Insight', NULL, NULL, NULL, NULL, NULL, NULL, NULL, '2016-12-20 20:17:41', '2017-01-24 23:19:23', '757be1cd-361c-4361-871e-93404299f08f'),
 ('2621', '2843', 'en_us', 'Navigators', '', '', NULL, NULL, NULL, NULL, NULL, '2016-12-20 22:01:56', '2017-01-25 17:10:34', 'ad26935d-ccb3-42d6-85a9-478341a17aa1'),
 ('2623', '2845', 'en_us', 'Leadership', '', '', 'Our leadership team has nearly 60 years of combined experience in education at all levels, from leading classrooms to shaping federal policy.', NULL, NULL, NULL, 'Our Leadership Team', '2016-12-20 22:40:44', '2017-01-30 22:23:15', 'e42af163-06b4-4118-a4a6-8c21a652d718'),
 ('2624', '2850', 'en_us', 'Board of Directors', '', '', 'Our Board of Directors broadens our perspective while helping us keep our eyes on the ball.', NULL, NULL, NULL, 'Board of Directors', '2016-12-20 22:49:44', '2017-01-30 23:19:39', 'd98e4462-d18d-414a-bad7-edc0b0305812'),
 ('2626', '2856', 'en_us', 'Our Partners                 ', '', '', 'We’re proud to partner with leading businesses to help hard-working people give their children a great education and achieve their own educational goals.', NULL, NULL, NULL, 'Our Partners', '2016-12-20 23:04:45', '2017-01-30 23:19:24', 'ca5cedd0-485a-4b63-acd6-a383233ccf8f'),
 ('2638', '2834', 'es_us', 'Parent-Teacher Conferences', NULL, NULL, NULL, NULL, NULL, NULL, NULL, '2017-01-03 21:39:50', '2017-01-03 21:39:50', 'd63cbc7e-c2a4-4748-9816-7bb12ae2aefc'),
 ('2639', '2835', 'es_us', 'Report Cards', NULL, NULL, NULL, NULL, NULL, NULL, NULL, '2017-01-03 21:39:50', '2017-01-03 21:39:50', '73b6cdcc-d809-4bda-8d77-4a7850f66d7f'),
 ('2640', '2836', 'es_us', 'In The News', NULL, NULL, NULL, NULL, NULL, NULL, NULL, '2017-01-03 21:39:50', '2017-01-03 21:39:50', '7d7ea3f2-b454-4514-b9b9-81b20dae4251'),
 ('2641', '2837', 'es_us', 'What We\'re Learning', NULL, NULL, NULL, NULL, NULL, NULL, NULL, '2017-01-03 21:39:50', '2017-01-03 21:39:50', '238558df-377b-49dc-9604-b32e4fce99f9'),
 ('2642', '2838', 'es_us', 'Insight', NULL, NULL, NULL, NULL, NULL, NULL, NULL, '2017-01-03 21:39:50', '2017-01-03 21:39:50', '362c7780-e5e5-41dd-b6d4-14dc473074ea'),
 ('2643', '4', 'es_us', NULL, NULL, NULL, NULL, NULL, NULL, NULL, NULL, '2017-01-03 21:39:50', '2017-01-24 23:19:24', 'baf05a34-5b30-46ab-9330-93e6451b832a'),
 ('2644', '19', 'es_us', 'Brand Strategy', NULL, NULL, NULL, NULL, NULL, NULL, NULL, '2017-01-03 21:39:50', '2017-01-03 21:39:50', 'f131f6aa-006e-4032-85d8-a94c0832c514'),
 ('2645', '20', 'es_us', 'Digital Experience', NULL, NULL, NULL, NULL, NULL, NULL, NULL, '2017-01-03 21:39:50', '2017-01-03 21:39:50', '12b9df82-7b40-4cdf-a06e-e162c16bbfc2'),
 ('2646', '2598', 'es_us', 'Community Development', NULL, NULL, NULL, NULL, NULL, NULL, NULL, '2017-01-03 21:39:50', '2017-01-03 21:39:50', 'd577fb9e-1e97-4516-a410-72dbc9f57de6'),
 ('2647', '2689', 'es_us', 'Social Design', NULL, NULL, NULL, NULL, NULL, NULL, NULL, '2017-01-03 21:39:50', '2017-01-03 21:39:50', '10065530-e22c-4a89-b5ed-b373b23d27f1'),
 ('2648', '2747', 'es_us', 'Firebelly Family', NULL, NULL, NULL, NULL, NULL, NULL, NULL, '2017-01-03 21:39:50', '2017-01-03 21:39:50', 'dbcde524-df5b-4fdf-a251-10dffcf08d3f'),
 ('2649', '2789', 'es_us', 'Reason To Give', NULL, NULL, NULL, NULL, NULL, NULL, NULL, '2017-01-03 21:39:50', '2017-01-03 21:39:50', 'dd477e6d-c276-4219-9812-8fe96c5bafaa'),
 ('2650', '2790', 'es_us', 'Change the World', NULL, NULL, NULL, NULL, NULL, NULL, NULL, '2017-01-03 21:39:50', '2017-01-03 21:39:50', 'aca77f6f-f735-45f3-b343-6d1fb4425510'),
 ('2651', '2793', 'es_us', 'Chicago Design', NULL, NULL, NULL, NULL, NULL, NULL, NULL, '2017-01-03 21:39:50', '2017-01-03 21:39:50', '51eadf15-b957-4469-88b7-2e38ab108a7e'),
 ('2652', '2794', 'es_us', 'Typography', NULL, NULL, NULL, NULL, NULL, NULL, NULL, '2017-01-03 21:39:50', '2017-01-03 21:39:50', 'f150bb29-33f5-44cb-b5bd-74fd78d85f6b'),
 ('2653', '2802', 'es_us', 'Socially Responsible', NULL, NULL, NULL, NULL, NULL, NULL, NULL, '2017-01-03 21:39:50', '2017-01-03 21:39:50', '7b8a4ac9-6176-489e-8345-d1a54cb077e1'),
 ('2654', '2804', 'es_us', 'Writing for the Web', NULL, NULL, NULL, NULL, NULL, NULL, NULL, '2017-01-03 21:39:50', '2017-01-03 21:39:50', '14e7bc99-642d-432b-be64-9b367e4efc9e'),
 ('2655', '2805', 'es_us', 'Lunch-n-Learn', NULL, NULL, NULL, NULL, NULL, NULL, NULL, '2017-01-03 21:39:50', '2017-01-03 21:39:50', 'cd815a0d-c4aa-4ad6-83b6-9b9ed05f0581'),
 ('2656', '2808', 'es_us', 'Field Trip', NULL, NULL, NULL, NULL, NULL, NULL, NULL, '2017-01-03 21:39:51', '2017-01-03 21:39:51', 'de6185e4-742c-4076-b829-5c7b3bab88d4'),
 ('2657', '2811', 'es_us', 'Girls Garage', NULL, NULL, NULL, NULL, NULL, NULL, NULL, '2017-01-03 21:39:51', '2017-01-03 21:39:51', 'c22dc250-ba52-4535-bf9e-573c6ce61424'),
 ('2658', '2', 'es_us', 'Homepage', '', '', 'La educación es\r\nEl camino hacia una vida mejor', '<p>We partner with leading businesses to help hard-working families find a path \nto success in school and beyond.</p>', NULL, NULL, NULL, '2017-01-03 22:07:47', '2017-01-26 16:52:05', '6c894a1f-b8ec-46a3-8abc-ddae79507d34'),
 ('2663', '2866', 'en_us', 'Ed Nav 330 2', NULL, NULL, NULL, NULL, NULL, NULL, NULL, '2017-01-05 16:38:20', '2017-01-24 23:19:22', 'b6dd69ae-61fc-462f-9195-08d099e6ff31'),
 ('2664', '2866', 'es_us', 'Ed Nav 330 2', NULL, NULL, NULL, NULL, NULL, NULL, NULL, '2017-01-05 16:38:20', '2017-01-05 16:38:20', '42a8b39a-7730-480b-a938-d22845f63d38'),
 ('2665', '2867', 'en_us', '649404', NULL, NULL, NULL, NULL, NULL, NULL, NULL, '2017-01-05 16:41:56', '2017-01-24 23:19:22', 'ad5f1349-2a3d-454a-b511-8b82b4456530'),
 ('2666', '2867', 'es_us', '649404', NULL, NULL, NULL, NULL, NULL, NULL, NULL, '2017-01-05 16:41:56', '2017-01-05 16:41:56', 'ddb17cfd-38e6-4fca-9b4b-e148469896da'),
 ('2667', '2870', 'en_us', '841683', NULL, NULL, NULL, NULL, NULL, NULL, NULL, '2017-01-05 17:48:09', '2017-01-24 23:19:23', '92c2b913-2aac-4104-833a-f02941fb87fb'),
 ('2668', '2870', 'es_us', '841683', NULL, NULL, NULL, NULL, NULL, NULL, NULL, '2017-01-05 17:48:09', '2017-01-05 17:48:09', '09a5fa92-dc1f-4f60-8e6d-7327a81e959a'),
 ('2669', '2871', 'en_us', '841683', NULL, NULL, NULL, NULL, NULL, NULL, NULL, '2017-01-05 18:10:18', '2017-01-24 23:19:23', '4f88f996-30a3-412a-92d5-8800375a0d17'),
 ('2670', '2871', 'es_us', '841683', NULL, NULL, NULL, NULL, NULL, NULL, NULL, '2017-01-05 18:10:18', '2017-01-05 18:10:18', 'b2482223-f7ef-448e-a78a-1340e002b433'),
 ('2679', '2876', 'en_us', '2001 A Space Odyssey Screenshot 1920X1080 9', NULL, NULL, NULL, NULL, NULL, NULL, NULL, '2017-01-12 23:13:57', '2017-01-24 23:19:23', '6fc37cec-4179-4d22-8432-1586e1734260'),
 ('2680', '2876', 'es_us', '2001 A Space Odyssey Screenshot 1920X1080 9', NULL, NULL, NULL, NULL, NULL, NULL, NULL, '2017-01-12 23:13:57', '2017-01-12 23:13:57', '01196979-27f0-45a4-aded-bb07c536d13c'),
 ('2684', '2880', 'en_us', 'Find Your Path', NULL, NULL, NULL, NULL, NULL, NULL, NULL, '2017-01-17 20:42:53', '2017-01-24 23:19:24', '93e5634d-2a3e-4c97-bcd6-b9cff2599895'),
 ('2685', '2880', 'es_us', 'For Families', NULL, NULL, NULL, NULL, NULL, NULL, NULL, '2017-01-17 20:42:53', '2017-01-24 19:56:24', '49b7b013-1547-4e83-ab3c-30bf6ae4a653'),
 ('2686', '2882', 'en_us', '2001 A Space Odyssey Screenshot 1920X1080 9', NULL, NULL, NULL, NULL, NULL, NULL, NULL, '2017-01-17 21:11:18', '2017-01-24 23:19:23', '2b4ea4b9-8925-4e91-865d-388e26104c2b'),
 ('2687', '2882', 'es_us', '2001 A Space Odyssey Screenshot 1920X1080 9', NULL, NULL, NULL, NULL, NULL, NULL, NULL, '2017-01-17 21:11:18', '2017-01-17 21:11:18', 'ab27a161-b917-4136-a808-f38bb10d15e0'),
 ('2688', '2883', 'en_us', '2001 A Space Odyssey Screenshot 1920X1080 9', NULL, NULL, NULL, NULL, NULL, NULL, NULL, '2017-01-17 22:00:14', '2017-01-24 23:19:23', 'e9f21541-5fa5-4575-a2c2-90df891f7ced'),
 ('2689', '2883', 'es_us', '2001 A Space Odyssey Screenshot 1920X1080 9', NULL, NULL, NULL, NULL, NULL, NULL, NULL, '2017-01-17 22:00:14', '2017-01-17 22:00:14', 'd35f85ba-fcaf-45fe-8244-6a5435a8decc'),
 ('2692', '2885', 'en_us', 'Section Two Carousel', NULL, NULL, NULL, NULL, NULL, NULL, NULL, '2017-01-17 22:45:59', '2017-01-24 23:19:24', '4fc4c448-b2da-49ce-a9c5-016bb9410150'),
 ('2693', '2885', 'es_us', 'The Help you need', NULL, NULL, NULL, NULL, NULL, NULL, NULL, '2017-01-17 22:45:59', '2017-01-17 22:45:59', '718b3edc-0d69-4f7b-9f0d-79d9d8c9e295'),
 ('2694', '2887', 'en_us', '649404 2', NULL, NULL, NULL, NULL, NULL, NULL, NULL, '2017-01-17 23:03:35', '2017-01-24 23:19:23', 'd1515344-294a-490e-92bc-7f4e14031608'),
 ('2695', '2887', 'es_us', '649404 2', NULL, NULL, NULL, NULL, NULL, NULL, NULL, '2017-01-17 23:03:35', '2017-01-17 23:03:35', 'e5cc06d0-4ac3-4b02-b9d8-b278a45668a3'),
 ('2696', '2888', 'en_us', '826621', NULL, NULL, NULL, NULL, NULL, NULL, NULL, '2017-01-17 23:03:50', '2017-01-24 23:19:23', 'ae11e2ee-8eeb-4823-b965-947250ebf466'),
 ('2697', '2888', 'es_us', '826621', NULL, NULL, NULL, NULL, NULL, NULL, NULL, '2017-01-17 23:03:50', '2017-01-17 23:03:50', 'f5f6ff58-86ee-49d2-809c-28e457357117'),
 ('2698', '2889', 'en_us', '826629', NULL, NULL, NULL, NULL, NULL, NULL, NULL, '2017-01-17 23:11:54', '2017-01-24 23:19:23', 'b0015b47-0325-4dfa-b209-5ae6eed59db5'),
 ('2699', '2889', 'es_us', '826629', NULL, NULL, NULL, NULL, NULL, NULL, NULL, '2017-01-17 23:11:54', '2017-01-17 23:11:54', '0e0ae867-c987-4bbc-a1d4-f292f5191fdb'),
 ('2700', '2890', 'en_us', 'Invest in your greatest asset', NULL, NULL, NULL, NULL, NULL, NULL, NULL, '2017-01-17 23:12:01', '2017-01-24 23:19:24', '3602b018-49a9-4f48-9c52-6313eaaede57'),
 ('2701', '2890', 'es_us', 'Invest in your greatest asset', NULL, NULL, NULL, NULL, NULL, NULL, NULL, '2017-01-17 23:12:01', '2017-01-17 23:12:01', '8dfea131-80a0-40c8-9d9d-ede8389ec6b8'),
 ('2702', '2892', 'en_us', 'For Families', NULL, NULL, NULL, NULL, 'For Families & Students', NULL, NULL, '2017-01-17 23:21:22', '2017-01-24 23:19:24', 'f16935c4-ad18-413c-8451-cbca5e09acb4'),
 ('2703', '2892', 'es_us', 'Para Familias', NULL, NULL, NULL, NULL, 'Para Familias & Estudiantes', NULL, NULL, '2017-01-17 23:21:22', '2017-01-24 20:48:32', 'e6f8ccd8-3e18-4256-9496-f4996d1ff75c'),
 ('2704', '2893', 'en_us', 'For Employers', NULL, NULL, NULL, NULL, 'For Employers', NULL, NULL, '2017-01-17 23:21:44', '2017-01-24 23:19:24', '82122985-8f57-4a7a-adb6-2e5845f30fd7'),
 ('2705', '2893', 'es_us', 'For Employers', NULL, NULL, NULL, NULL, NULL, NULL, NULL, '2017-01-17 23:21:44', '2017-01-17 23:21:44', '52ef3afe-e996-4a0b-9de0-a6e89bf5354f'),
 ('2706', '2894', 'en_us', 'Uoregon0473', NULL, NULL, NULL, NULL, NULL, NULL, NULL, '2017-01-17 23:35:16', '2017-01-24 23:19:23', 'd04b76b9-ea25-432b-822e-449a2496f7d7'),
 ('2707', '2894', 'es_us', 'Uoregon0473', NULL, NULL, NULL, NULL, NULL, NULL, NULL, '2017-01-17 23:35:16', '2017-01-17 23:35:16', '53b59822-9eef-4fb7-a89d-7a06999bd29b'),
 ('2708', '2895', 'en_us', 'Give Back', NULL, NULL, NULL, NULL, NULL, NULL, NULL, '2017-01-17 23:35:21', '2017-01-24 23:19:24', 'f1a0984a-18dd-4f4c-afbf-b8e5b6b711b1'),
 ('2709', '2895', 'es_us', 'Give Back', NULL, NULL, NULL, NULL, NULL, NULL, NULL, '2017-01-17 23:35:21', '2017-01-17 23:35:21', '785937ef-596c-4374-8503-cf09d82dc19f'),
 ('2710', '2897', 'en_us', 'Third Section Slideshow', NULL, NULL, NULL, NULL, NULL, NULL, NULL, '2017-01-18 15:23:58', '2017-01-24 23:19:24', '7fa7bc3b-b38f-49fc-a5d3-5cd8fa8ce38e'),
 ('2711', '2897', 'es_us', 'Third ', NULL, NULL, NULL, NULL, NULL, NULL, NULL, '2017-01-18 15:23:58', '2017-01-18 15:23:58', '6e7dbcb4-1864-4036-9a71-aa38162ca4ce'),
 ('2712', '2898', 'en_us', 'Uoregon0670', NULL, NULL, NULL, NULL, NULL, NULL, NULL, '2017-01-18 15:27:06', '2017-01-24 23:19:23', 'c7a3b124-7afb-41ff-b908-4da99d3954f9'),
 ('2713', '2898', 'es_us', 'Uoregon0670', NULL, NULL, NULL, NULL, NULL, NULL, NULL, '2017-01-18 15:27:06', '2017-01-18 15:27:06', '129a3781-523a-4421-a439-49d5130c2cf0'),
 ('2714', '2902', 'en_us', 'Shared Costs', NULL, NULL, NULL, NULL, NULL, NULL, NULL, '2017-01-18 15:30:09', '2017-01-24 23:19:24', '0d2a93f5-46cb-4163-b216-d6f871e956ae'),
 ('2715', '2902', 'es_us', 'Shared Costs', NULL, NULL, NULL, NULL, NULL, NULL, NULL, '2017-01-18 15:30:09', '2017-01-18 15:30:09', 'b39d7794-f4fb-409d-89fa-40c4bd74313d'),
 ('2716', '2904', 'en_us', 'Ed Nav 330 2', NULL, NULL, NULL, NULL, NULL, NULL, NULL, '2017-01-18 16:43:19', '2017-01-24 23:19:23', 'b34e5e11-3145-4513-a90f-b18703f4223d'),
 ('2717', '2904', 'es_us', 'Ed Nav 330 2', NULL, NULL, NULL, NULL, NULL, NULL, NULL, '2017-01-18 16:43:19', '2017-01-18 16:43:19', '03332856-e584-4f28-bb6b-8354a2b3374c'),
 ('2718', '2905', 'en_us', 'Stories Slideshow', NULL, NULL, NULL, NULL, NULL, NULL, NULL, '2017-01-18 16:44:06', '2017-01-24 23:19:24', '0f8a812f-a0bb-4b6f-82ab-553f2348c945'),
 ('2719', '2905', 'es_us', 'Stories Slideshow', NULL, NULL, NULL, NULL, NULL, NULL, NULL, '2017-01-18 16:44:06', '2017-01-18 16:44:06', 'ce6cf5e5-ccab-4a85-9123-2f74ef235765'),
 ('2720', '2910', 'en_us', 'Amy Mikler 01', NULL, NULL, NULL, NULL, NULL, NULL, NULL, '2017-01-24 17:22:36', '2017-01-24 23:19:23', '4ec4c630-2a56-48c9-b306-f575eed3af6c'),
 ('2721', '2910', 'es_us', 'Amy Mikler 01', NULL, NULL, NULL, NULL, NULL, NULL, NULL, '2017-01-24 17:22:36', '2017-01-24 17:22:36', '4996d9b5-7c9c-4a44-abb5-f32c9211fc63'),
 ('2722', '2911', 'en_us', 'Stories', NULL, NULL, NULL, NULL, NULL, NULL, NULL, '2017-01-24 17:25:49', '2017-01-24 23:19:24', '9176bfa5-4cb6-49cf-9692-9a23f5e1c89c'),
 ('2723', '2911', 'es_us', 'Stories', NULL, NULL, NULL, NULL, NULL, NULL, NULL, '2017-01-24 17:25:49', '2017-01-24 17:25:49', '810ae06f-af21-4ab9-a2c7-b1eaf2f38808'),
 ('2769', '2830', 'es_us', 'Who We Are', '', '', NULL, NULL, NULL, NULL, NULL, '2017-01-25 17:10:34', '2017-01-26 23:47:38', 'b307ac3f-3fa0-43ae-90c7-1a0b68c97993'),
 ('2770', '2843', 'es_us', 'Navigators', '', '', NULL, NULL, NULL, NULL, NULL, '2017-01-25 17:10:34', '2017-01-25 17:10:34', '2d1fc63c-07b0-46dc-8d2f-ecb626581eb6'),
 ('2771', '2845', 'es_us', 'Leadership', '', '', NULL, NULL, NULL, NULL, NULL, '2017-01-25 17:10:34', '2017-01-30 22:23:15', '32006655-2ce7-45bf-9d1d-a41e466909dd');
INSERT INTO `craft_content` (`id`, `elementId`, `locale`, `title`, `field_seoTitle`, `field_seoDescription`, `field_pageDescription`, `field_body`, `field_userPathTagline`, `field_learnMoreLinks`, `field_peopleSectionLabel`, `dateCreated`, `dateUpdated`, `uid`) VALUES
 ('2772', '2850', 'es_us', 'Board of Directors', '', '', NULL, NULL, NULL, NULL, NULL, '2017-01-25 17:10:34', '2017-01-30 23:19:39', 'cb69fa80-e2bd-4522-9550-427c44d44a43'),
 ('2773', '2856', 'es_us', 'Our Partners                 ', '', '', NULL, NULL, NULL, NULL, NULL, '2017-01-25 17:10:34', '2017-01-30 23:19:24', '9a10f521-7fc1-4801-9b68-9dd188df5bc3'),
 ('2774', '2831', 'es_us', 'How We Help', '', '', 'We give hard-working families personalized, ongoing support along the path from preschool to college.', NULL, NULL, NULL, NULL, '2017-01-25 17:15:14', '2017-01-26 16:38:33', 'b8d7dc38-9ae8-4f54-b31b-b6503b9e9d2d'),
 ('2775', '2925', 'en_us', 'Icon Principle 1', NULL, NULL, NULL, NULL, NULL, NULL, NULL, '2017-01-26 20:08:37', '2017-01-26 20:14:15', 'e04d9e86-1e8c-454a-8f55-e8bc6d83ba15'),
 ('2776', '2925', 'es_us', 'Icon Principle 1', NULL, NULL, NULL, NULL, NULL, NULL, NULL, '2017-01-26 20:08:37', '2017-01-26 20:08:37', '54079de0-4fde-4b6c-876c-0d08a3edd5a9'),
 ('2779', '2930', 'en_us', 'Icon Principle 2', NULL, NULL, NULL, NULL, NULL, NULL, NULL, '2017-01-26 20:22:14', '2017-01-26 20:22:14', '2bfab6e0-d147-49a2-812d-e4d4ab387d14'),
 ('2780', '2930', 'es_us', 'Icon Principle 2', NULL, NULL, NULL, NULL, NULL, NULL, NULL, '2017-01-26 20:22:14', '2017-01-26 20:22:14', '0b7c3e43-e4f6-46d1-b6a6-4445dec5c4d6'),
 ('2781', '2933', 'en_us', 'Icon Principle 3', NULL, NULL, NULL, NULL, NULL, NULL, NULL, '2017-01-26 23:40:04', '2017-01-26 23:40:04', '8904f481-1121-4922-963d-69b301aebcc6'),
 ('2782', '2933', 'es_us', 'Icon Principle 3', NULL, NULL, NULL, NULL, NULL, NULL, NULL, '2017-01-26 23:40:04', '2017-01-26 23:40:04', 'e36fb4c8-79c9-4247-b39c-1c7163d59c57'),
 ('2783', '2934', 'en_us', 'Icon Principle 4', NULL, NULL, NULL, NULL, NULL, NULL, NULL, '2017-01-26 23:40:04', '2017-01-26 23:40:04', 'd9955067-7b6f-4696-84ef-7305033fc546'),
 ('2784', '2934', 'es_us', 'Icon Principle 4', NULL, NULL, NULL, NULL, NULL, NULL, NULL, '2017-01-26 23:40:04', '2017-01-26 23:40:04', '31a440d3-f529-4d04-b7f9-cedcc52f7760'),
 ('2785', '2935', 'en_us', 'Icon Principle 5', NULL, NULL, NULL, NULL, NULL, NULL, NULL, '2017-01-26 23:40:04', '2017-01-26 23:40:04', '2d4d0d59-a9f0-40fe-af95-646d02b1572a'),
 ('2786', '2935', 'es_us', 'Icon Principle 5', NULL, NULL, NULL, NULL, NULL, NULL, NULL, '2017-01-26 23:40:04', '2017-01-26 23:40:04', '143c4578-b707-47bd-978c-ee68b6366ac5'),
 ('2787', '2936', 'en_us', 'Icon Principle 6', NULL, NULL, NULL, NULL, NULL, NULL, NULL, '2017-01-26 23:40:04', '2017-01-26 23:40:04', 'dc6feecb-c947-4a12-9062-3625c4d8dc84'),
 ('2788', '2936', 'es_us', 'Icon Principle 6', NULL, NULL, NULL, NULL, NULL, NULL, NULL, '2017-01-26 23:40:04', '2017-01-26 23:40:04', '20f5409d-2330-4d8a-8150-cc5bf1dbf1e4'),
 ('2789', '2941', 'en_us', 'Navigator Timothy Daly', NULL, NULL, NULL, NULL, NULL, NULL, NULL, '2017-01-30 22:23:09', '2017-01-30 22:23:09', '6a92500c-53bf-491b-b9c3-aac4b22d191f'),
 ('2790', '2941', 'es_us', 'Navigator Timothy Daly', NULL, NULL, NULL, NULL, NULL, NULL, NULL, '2017-01-30 22:23:09', '2017-01-30 22:23:09', 'da4d1e40-2f89-4651-9b40-74c87d66a6a5');



DROP TABLE IF EXISTS `craft_deprecationerrors`;


--
-- Schema for table `craft_deprecationerrors`
--
CREATE TABLE `craft_deprecationerrors` (
  `id` int(11) NOT NULL AUTO_INCREMENT,
  `key` varchar(255) COLLATE utf8_unicode_ci NOT NULL,
  `fingerprint` varchar(255) COLLATE utf8_unicode_ci NOT NULL,
  `lastOccurrence` datetime NOT NULL,
  `file` varchar(255) COLLATE utf8_unicode_ci NOT NULL,
  `line` smallint(6) unsigned NOT NULL,
  `class` varchar(255) COLLATE utf8_unicode_ci DEFAULT NULL,
  `method` varchar(255) COLLATE utf8_unicode_ci DEFAULT NULL,
  `template` varchar(255) COLLATE utf8_unicode_ci DEFAULT NULL,
  `templateLine` smallint(6) unsigned DEFAULT NULL,
  `message` varchar(255) COLLATE utf8_unicode_ci DEFAULT NULL,
  `traces` text COLLATE utf8_unicode_ci,
  `dateCreated` datetime NOT NULL,
  `dateUpdated` datetime NOT NULL,
  `uid` char(36) COLLATE utf8_unicode_ci NOT NULL DEFAULT '0',
  PRIMARY KEY (`id`),
  UNIQUE KEY `craft_deprecationerrors_key_fingerprint_unq_idx` (`key`,`fingerprint`)
) ENGINE=InnoDB AUTO_INCREMENT=2 DEFAULT CHARSET=utf8 COLLATE=utf8_unicode_ci;

--
-- Data for table `craft_deprecationerrors`
--

INSERT INTO `craft_deprecationerrors` (`id`, `key`, `fingerprint`, `lastOccurrence`, `file`, `line`, `class`, `method`, `template`, `templateLine`, `message`, `traces`, `dateCreated`, `dateUpdated`, `uid`) VALUES
 ('1', 'TagModel::name', 'Craft\\TagModel:109', '2017-01-24 23:19:25', '/Users/matt/Sites/ednavigator/craft/app/models/TagModel.php', '109', 'Craft\\TagModel', 'getName', NULL, NULL, 'The Tag ‘name’ property has been deprecated. Use ‘title’ instead.', '[{\"objectClass\":\"Craft\\\\DeprecatorService\",\"file\":\"\\/Users\\/matt\\/Sites\\/ednavigator\\/craft\\/app\\/models\\/TagModel.php\",\"line\":109,\"class\":\"Craft\\\\DeprecatorService\",\"method\":\"log\",\"args\":\"\\\"TagModel::name\\\", \\\"The Tag \\u2018name\\u2019 property has been deprecated. Use \\u2018title\\u2019...\\\"\"},{\"objectClass\":\"Craft\\\\TagModel\",\"file\":\"\\/Users\\/matt\\/Sites\\/ednavigator\\/craft\\/app\\/framework\\/base\\/CComponent.php\",\"line\":111,\"class\":\"Craft\\\\TagModel\",\"method\":\"getName\",\"args\":null},{\"objectClass\":\"Craft\\\\TagModel\",\"file\":\"\\/Users\\/matt\\/Sites\\/ednavigator\\/craft\\/app\\/models\\/BaseModel.php\",\"line\":87,\"class\":\"CComponent\",\"method\":\"__get\",\"args\":\"\\\"name\\\"\"},{\"objectClass\":\"Craft\\\\TagModel\",\"file\":\"\\/Users\\/matt\\/Sites\\/ednavigator\\/craft\\/app\\/models\\/BaseElementModel.php\",\"line\":141,\"class\":\"Craft\\\\BaseModel\",\"method\":\"__get\",\"args\":\"\\\"name\\\"\"},{\"objectClass\":\"Craft\\\\TagModel\",\"file\":\"\\/Users\\/matt\\/Sites\\/ednavigator\\/craft\\/app\\/services\\/SearchService.php\",\"line\":78,\"class\":\"Craft\\\\BaseElementModel\",\"method\":\"__get\",\"args\":\"\\\"name\\\"\"},{\"objectClass\":\"Craft\\\\SearchService\",\"file\":\"\\/Users\\/matt\\/Sites\\/ednavigator\\/craft\\/app\\/services\\/ElementsService.php\",\"line\":1420,\"class\":\"Craft\\\\SearchService\",\"method\":\"indexElementAttributes\",\"args\":\"Craft\\\\TagModel\"},{\"objectClass\":\"Craft\\\\ElementsService\",\"file\":\"\\/Users\\/matt\\/Sites\\/ednavigator\\/craft\\/app\\/tasks\\/ResaveElementsTask.php\",\"line\":89,\"class\":\"Craft\\\\ElementsService\",\"method\":\"saveElement\",\"args\":\"Craft\\\\TagModel, false\"},{\"objectClass\":\"Craft\\\\ResaveElementsTask\",\"file\":\"\\/Users\\/matt\\/Sites\\/ednavigator\\/craft\\/app\\/services\\/TasksService.php\",\"line\":238,\"class\":\"Craft\\\\ResaveElementsTask\",\"method\":\"runStep\",\"args\":\"0\"},{\"objectClass\":\"Craft\\\\TasksService\",\"file\":\"\\/Users\\/matt\\/Sites\\/ednavigator\\/craft\\/app\\/tasks\\/BaseTask.php\",\"line\":77,\"class\":\"Craft\\\\TasksService\",\"method\":\"runTask\",\"args\":\"Craft\\\\TaskModel\"},{\"objectClass\":\"Craft\\\\ResaveAllElementsTask\",\"file\":\"\\/Users\\/matt\\/Sites\\/ednavigator\\/craft\\/app\\/tasks\\/ResaveAllElementsTask.php\",\"line\":81,\"class\":\"Craft\\\\BaseTask\",\"method\":\"runSubTask\",\"args\":\"\\\"ResaveElements\\\", null, array(\\\"elementType\\\" => \\\"Tag\\\", \\\"criteria\\\" => array(\\\"locale\\\" => \\\"en_us\\\", \\\"status\\\" => null, \\\"localeEnabled\\\" => null))\"},{\"objectClass\":\"Craft\\\\ResaveAllElementsTask\",\"file\":\"\\/Users\\/matt\\/Sites\\/ednavigator\\/craft\\/app\\/services\\/TasksService.php\",\"line\":238,\"class\":\"Craft\\\\ResaveAllElementsTask\",\"method\":\"runStep\",\"args\":\"5\"},{\"objectClass\":\"Craft\\\\TasksService\",\"file\":\"\\/Users\\/matt\\/Sites\\/ednavigator\\/craft\\/app\\/services\\/TasksService.php\",\"line\":199,\"class\":\"Craft\\\\TasksService\",\"method\":\"runTask\",\"args\":\"Craft\\\\TaskModel\"},{\"objectClass\":\"Craft\\\\TasksService\",\"file\":\"\\/Users\\/matt\\/Sites\\/ednavigator\\/craft\\/app\\/controllers\\/TasksController.php\",\"line\":63,\"class\":\"Craft\\\\TasksService\",\"method\":\"runPendingTasks\",\"args\":null},{\"objectClass\":\"Craft\\\\TasksController\",\"file\":\"\\/Users\\/matt\\/Sites\\/ednavigator\\/craft\\/app\\/framework\\/web\\/actions\\/CInlineAction.php\",\"line\":49,\"class\":\"Craft\\\\TasksController\",\"method\":\"actionRunPendingTasks\",\"args\":null},{\"objectClass\":\"CInlineAction\",\"file\":\"\\/Users\\/matt\\/Sites\\/ednavigator\\/craft\\/app\\/framework\\/web\\/CController.php\",\"line\":308,\"class\":\"CInlineAction\",\"method\":\"runWithParams\",\"args\":\"array()\"},{\"objectClass\":\"Craft\\\\TasksController\",\"file\":\"\\/Users\\/matt\\/Sites\\/ednavigator\\/craft\\/app\\/framework\\/web\\/CController.php\",\"line\":286,\"class\":\"CController\",\"method\":\"runAction\",\"args\":\"CInlineAction\"},{\"objectClass\":\"Craft\\\\TasksController\",\"file\":\"\\/Users\\/matt\\/Sites\\/ednavigator\\/craft\\/app\\/framework\\/web\\/CController.php\",\"line\":265,\"class\":\"CController\",\"method\":\"runActionWithFilters\",\"args\":\"CInlineAction, array()\"},{\"objectClass\":\"Craft\\\\TasksController\",\"file\":\"\\/Users\\/matt\\/Sites\\/ednavigator\\/craft\\/app\\/framework\\/web\\/CWebApplication.php\",\"line\":282,\"class\":\"CController\",\"method\":\"run\",\"args\":\"\\\"runPendingTasks\\\"\"},{\"objectClass\":\"Craft\\\\WebApp\",\"file\":\"\\/Users\\/matt\\/Sites\\/ednavigator\\/craft\\/app\\/etc\\/web\\/WebApp.php\",\"line\":817,\"class\":\"CWebApplication\",\"method\":\"runController\",\"args\":\"\\\"tasks\\/runPendingTasks\\\"\"},{\"objectClass\":\"Craft\\\\WebApp\",\"file\":\"\\/Users\\/matt\\/Sites\\/ednavigator\\/craft\\/app\\/etc\\/web\\/WebApp.php\",\"line\":287,\"class\":\"Craft\\\\WebApp\",\"method\":\"_processActionRequest\",\"args\":null},{\"objectClass\":\"Craft\\\\WebApp\",\"file\":\"\\/Users\\/matt\\/Sites\\/ednavigator\\/craft\\/app\\/framework\\/base\\/CApplication.php\",\"line\":185,\"class\":\"Craft\\\\WebApp\",\"method\":\"processRequest\",\"args\":null},{\"objectClass\":\"Craft\\\\WebApp\",\"file\":\"\\/Users\\/matt\\/Sites\\/ednavigator\\/craft\\/app\\/index.php\",\"line\":62,\"class\":\"CApplication\",\"method\":\"run\",\"args\":null},{\"objectClass\":null,\"file\":\"\\/Users\\/matt\\/Sites\\/ednavigator\\/public\\/index.php\",\"line\":22,\"class\":null,\"method\":\"require_once\",\"args\":\"\\\"\\/Users\\/matt\\/Sites\\/ednavigator\\/craft\\/app\\/index.php\\\"\"}]', '2017-01-24 23:19:25', '2017-01-24 23:19:25', '0569aa42-cb10-4e6f-893c-fdfd48da61fc');



DROP TABLE IF EXISTS `craft_elementindexsettings`;


--
-- Schema for table `craft_elementindexsettings`
--
CREATE TABLE `craft_elementindexsettings` (
  `id` int(11) NOT NULL AUTO_INCREMENT,
  `type` varchar(150) COLLATE utf8_unicode_ci NOT NULL,
  `settings` text COLLATE utf8_unicode_ci,
  `dateCreated` datetime NOT NULL,
  `dateUpdated` datetime NOT NULL,
  `uid` char(36) COLLATE utf8_unicode_ci NOT NULL DEFAULT '0',
  PRIMARY KEY (`id`),
  UNIQUE KEY `craft_elementindexsettings_type_unq_idx` (`type`)
) ENGINE=InnoDB AUTO_INCREMENT=3 DEFAULT CHARSET=utf8 COLLATE=utf8_unicode_ci;

--
-- Data for table `craft_elementindexsettings`
--

INSERT INTO `craft_elementindexsettings` (`id`, `type`, `settings`, `dateCreated`, `dateUpdated`, `uid`) VALUES
 ('1', 'Category', '{\"sourceOrder\":[[\"key\",\"group:1\"],[\"heading\",\"Services\"]],\"sources\":{\"group:1\":{\"tableAttributes\":{\"1\":\"link\"}}}}', '2016-10-12 16:39:34', '2016-10-12 16:39:34', '67094c99-f970-4f6a-8c67-fe62c65565c7'),
 ('2', 'Entry', '{\"sourceOrder\":[[\"key\",\"*\"],[\"heading\",\"Pages\"],[\"key\",\"singles\"],[\"key\",\"section:14\"],[\"key\",\"section:13\"],[\"key\",\"section:9\"],[\"key\",\"section:11\"],[\"key\",\"section:12\"]],\"sources\":{\"singles\":{\"tableAttributes\":{\"1\":\"author\",\"2\":\"link\"}},\"section:12\":{\"tableAttributes\":{\"1\":\"postDate\",\"2\":\"expiryDate\",\"3\":\"author\",\"4\":\"link\"}},\"section:11\":{\"tableAttributes\":{\"1\":\"postDate\",\"2\":\"expiryDate\",\"3\":\"author\",\"4\":\"link\"}},\"section:9\":{\"tableAttributes\":{\"1\":\"postDate\",\"2\":\"expiryDate\",\"3\":\"author\",\"4\":\"link\"}},\"*\":{\"tableAttributes\":{\"1\":\"section\",\"2\":\"postDate\",\"3\":\"expiryDate\",\"4\":\"author\",\"5\":\"link\"}},\"section:13\":{\"tableAttributes\":{\"1\":\"postDate\",\"2\":\"expiryDate\",\"3\":\"author\",\"4\":\"link\"}}}}', '2017-01-10 21:22:52', '2017-01-11 17:36:14', '11bf2d09-a6fe-46f7-96a6-f13380801174');



DROP TABLE IF EXISTS `craft_elements`;


--
-- Schema for table `craft_elements`
--
CREATE TABLE `craft_elements` (
  `id` int(11) NOT NULL AUTO_INCREMENT,
  `type` varchar(150) COLLATE utf8_unicode_ci NOT NULL,
  `enabled` tinyint(1) unsigned NOT NULL DEFAULT '1',
  `archived` tinyint(1) unsigned NOT NULL DEFAULT '0',
  `dateCreated` datetime NOT NULL,
  `dateUpdated` datetime NOT NULL,
  `uid` char(36) COLLATE utf8_unicode_ci NOT NULL DEFAULT '0',
  PRIMARY KEY (`id`),
  KEY `craft_elements_type_idx` (`type`),
  KEY `craft_elements_enabled_idx` (`enabled`),
  KEY `craft_elements_archived_dateCreated_idx` (`archived`,`dateCreated`)
) ENGINE=InnoDB AUTO_INCREMENT=2942 DEFAULT CHARSET=utf8 COLLATE=utf8_unicode_ci;

--
-- Data for table `craft_elements`
--

INSERT INTO `craft_elements` (`id`, `type`, `enabled`, `archived`, `dateCreated`, `dateUpdated`, `uid`) VALUES
 ('1', 'User', '1', '0', '2016-10-10 20:59:13', '2016-10-10 20:59:13', '906a8ac4-e8ba-4497-a445-1d16bf8843b8'),
 ('2', 'Entry', '1', '0', '2016-10-10 20:59:13', '2017-01-26 16:52:05', '1c2c87e3-0a0f-4074-ad7a-480476986265'),
 ('4', 'GlobalSet', '1', '0', '2016-10-10 21:49:00', '2017-01-24 23:19:24', '2c79d63c-e9ae-4981-8f78-17aede1a311f'),
 ('19', 'Tag', '1', '0', '2016-10-17 22:37:51', '2017-01-24 23:19:25', 'b1696770-2919-4178-9fdf-cbdb3cca4d58'),
 ('20', 'Tag', '1', '0', '2016-10-17 22:37:59', '2017-01-24 23:19:25', '94c7cf18-a9b7-4719-aba4-e9b1dbca9d9f'),
 ('2598', 'Tag', '1', '0', '2016-12-19 08:58:32', '2017-01-24 23:19:25', '6c552666-5a8b-4b6a-8053-c1559b93d299'),
 ('2689', 'Tag', '1', '0', '2016-12-19 10:20:06', '2017-01-24 23:19:25', '3505780d-3c18-404e-ae79-8a921a13de29'),
 ('2747', 'Tag', '1', '0', '2016-12-19 11:41:38', '2017-01-24 23:19:25', 'fd8cac3d-ea2a-4519-9993-6f7fb06a2d8e'),
 ('2789', 'Tag', '1', '0', '2016-12-19 12:01:51', '2017-01-24 23:19:25', 'cb45b8fe-2c84-45aa-b37b-9e304cf557ec'),
 ('2790', 'Tag', '1', '0', '2016-12-19 12:01:56', '2017-01-24 23:19:25', '7c7c0a32-6775-49f1-a2da-2e9384a41164'),
 ('2793', 'Tag', '1', '0', '2016-12-19 12:08:10', '2017-01-24 23:19:25', 'a6fdf2d1-b45a-4a8f-aa97-b08aba129f99'),
 ('2794', 'Tag', '1', '0', '2016-12-19 12:08:15', '2017-01-24 23:19:25', 'ae3b4596-4d0f-47fd-9127-a00e119c2a26'),
 ('2802', 'Tag', '1', '0', '2016-12-19 12:16:44', '2017-01-24 23:19:25', '11b47f9b-e66e-4c57-a0e0-72b453951898'),
 ('2804', 'Tag', '1', '0', '2016-12-19 12:19:48', '2017-01-24 23:19:25', 'b4d76583-083f-45be-9c8e-d5dd43ca2427'),
 ('2805', 'Tag', '1', '0', '2016-12-19 12:20:13', '2017-01-24 23:19:25', 'e0c5eb08-43b5-40d6-ba28-b29a191d0735'),
 ('2808', 'Tag', '1', '0', '2016-12-19 12:24:40', '2017-01-24 23:19:25', '6cce6d6f-2f06-4c46-b4f9-97835f1ffa12'),
 ('2811', 'Tag', '1', '0', '2016-12-19 12:32:32', '2017-01-24 23:19:25', 'cc3bf3b5-4795-48da-9025-afdcf6dd4407'),
 ('2830', 'Entry', '1', '0', '2016-12-20 19:41:21', '2017-01-26 23:47:38', '36c58aa1-43ef-47ed-bfe9-63ba02a76c8a'),
 ('2831', 'Entry', '1', '0', '2016-12-20 19:42:21', '2017-01-26 16:38:33', '11509caa-3fd1-4bb6-aeaf-1a077c88d321'),
 ('2834', 'Category', '1', '0', '2016-12-20 20:13:25', '2017-01-24 23:19:23', 'a15f63b7-3444-4178-bac8-41bd1226909e'),
 ('2835', 'Category', '1', '0', '2016-12-20 20:14:01', '2017-01-24 23:19:23', '258e028b-ff35-4e5d-88fc-c5ec722ea37f'),
 ('2836', 'Category', '1', '0', '2016-12-20 20:17:06', '2017-01-24 23:19:23', 'b84a9fa0-fb15-4f27-b219-49902d84d439'),
 ('2837', 'Category', '1', '0', '2016-12-20 20:17:23', '2017-01-24 23:19:23', '73ae2921-e49c-4a5a-a942-6171dcdfec61'),
 ('2838', 'Category', '1', '0', '2016-12-20 20:17:41', '2017-01-24 23:19:23', '6c0a8d5a-44d2-4570-982a-e71ba677d061'),
 ('2843', 'Entry', '1', '0', '2016-12-20 22:01:56', '2017-01-25 17:10:34', 'db38c992-85ae-44ef-9b36-6caa18255568'),
 ('2845', 'Entry', '1', '0', '2016-12-20 22:40:44', '2017-01-30 22:23:15', '81f16b88-95fc-48fe-bd94-8aefdc0cc988'),
 ('2846', 'MatrixBlock', '1', '0', '2016-12-20 22:40:44', '2017-01-30 22:23:15', 'e94857cb-9223-4bc2-8468-b71532e5e1d7'),
 ('2847', 'MatrixBlock', '1', '0', '2016-12-20 22:40:44', '2017-01-30 22:23:15', '0b31e897-3e76-4960-bbb7-e439ac75c01b'),
 ('2848', 'MatrixBlock', '1', '0', '2016-12-20 22:40:44', '2017-01-30 22:23:15', 'd49071c3-4d7b-46f1-ac05-53e0e411475c'),
 ('2849', 'MatrixBlock', '1', '0', '2016-12-20 22:40:44', '2017-01-30 22:23:15', '1006e5a2-2f02-43c4-8247-91e868a66f79'),
 ('2850', 'Entry', '1', '0', '2016-12-20 22:49:44', '2017-01-30 23:19:39', 'b41e9282-4450-491d-b748-1e10020343ea'),
 ('2851', 'MatrixBlock', '1', '0', '2016-12-20 22:49:44', '2017-01-30 23:19:39', '40028cf3-134e-4d5c-925f-119f3cc1f2ad'),
 ('2852', 'MatrixBlock', '1', '0', '2016-12-20 22:49:44', '2017-01-30 23:19:39', 'c1f5db30-8d6c-406b-abc9-d75ed514fc03'),
 ('2853', 'MatrixBlock', '1', '0', '2016-12-20 22:49:44', '2017-01-30 23:19:39', 'f6e6dd83-046e-4083-b05c-d5111191cdf9'),
 ('2854', 'MatrixBlock', '1', '0', '2016-12-20 22:49:44', '2017-01-30 23:19:39', '6b549b6a-432a-4ead-b4fd-ad568b31adc1'),
 ('2856', 'Entry', '1', '0', '2016-12-20 23:04:45', '2017-01-30 23:19:24', '58b5dcfa-b73a-457d-b7a4-53b2717455c8'),
 ('2857', 'MatrixBlock', '1', '0', '2016-12-20 23:04:45', '2017-01-30 23:19:24', '73814627-e9ee-4341-a3ef-308bc4dadc7e'),
 ('2858', 'MatrixBlock', '1', '0', '2016-12-20 23:04:45', '2017-01-30 23:19:24', '8e5a8b88-cbfb-4617-bf59-359a54819bb6'),
 ('2859', 'MatrixBlock', '1', '0', '2016-12-20 23:04:45', '2017-01-30 23:19:24', 'fa7cb6f1-6566-442d-bac9-f0c50a337ec2'),
 ('2860', 'MatrixBlock', '1', '0', '2016-12-20 23:04:45', '2017-01-30 23:19:24', '143abd4a-1ce3-4262-9918-6ba5c41cc415'),
 ('2861', 'MatrixBlock', '1', '0', '2016-12-20 23:04:45', '2017-01-30 23:19:24', '612ac96f-a8d4-452c-83d0-27acd30b855d'),
 ('2862', 'MatrixBlock', '1', '0', '2016-12-20 23:04:45', '2017-01-30 23:19:24', 'bb2b0107-f31b-410d-afe2-ef75f6315778'),
 ('2863', 'MatrixBlock', '1', '0', '2016-12-20 23:04:45', '2017-01-30 23:19:24', 'e264d3a7-a519-47b7-b7ac-0bf8d1b01e1f'),
 ('2866', 'Asset', '1', '0', '2017-01-05 16:38:20', '2017-01-24 23:19:22', '7cf12559-49d1-48c6-b113-7970febd592f'),
 ('2867', 'Asset', '1', '0', '2017-01-05 16:41:56', '2017-01-24 23:19:22', '810c2a23-1353-4d41-af08-3a474cc1b24a'),
 ('2868', 'MatrixBlock', '1', '0', '2017-01-05 16:42:03', '2017-01-26 16:52:05', '8e1cc981-f29c-4899-8414-6a8d689ebf9f'),
 ('2869', 'MatrixBlock', '1', '0', '2017-01-05 16:42:04', '2017-01-26 16:52:05', 'ca856360-cdee-4f07-931e-53595bac4722'),
 ('2870', 'Asset', '1', '0', '2017-01-05 17:48:09', '2017-01-24 23:19:23', 'cd3d3d96-2b6c-41a3-8cd7-481753b7f695'),
 ('2871', 'Asset', '1', '0', '2017-01-05 18:10:18', '2017-01-24 23:19:23', 'bd218954-690d-434a-8f2b-7d5272b915bb'),
 ('2876', 'Asset', '1', '0', '2017-01-12 23:13:57', '2017-01-24 23:19:23', '8e8beda6-2107-413b-83ea-f3bb011b83aa'),
 ('2880', 'Entry', '1', '0', '2017-01-17 20:42:53', '2017-01-24 23:19:24', 'b8d6289f-9117-43a2-b6aa-50f589823b86'),
 ('2881', 'MatrixBlock', '1', '0', '2017-01-17 20:42:53', '2017-01-24 23:19:24', '67358ee4-54d7-428c-84e0-df33719923d2'),
 ('2882', 'Asset', '1', '0', '2017-01-17 21:11:18', '2017-01-24 23:19:23', 'b4365b03-9ecb-4f65-a31b-462a6bb373a6'),
 ('2883', 'Asset', '1', '0', '2017-01-17 22:00:14', '2017-01-24 23:19:23', '3235e92a-b4ef-44e5-b542-d8090b55d022'),
 ('2885', 'Entry', '1', '0', '2017-01-17 22:45:59', '2017-01-24 23:19:24', '245a7f67-09cf-4ff4-9922-8fc58da7a4f7'),
 ('2886', 'MatrixBlock', '1', '0', '2017-01-17 22:45:59', '2017-01-24 23:19:24', '525d6f8d-2a1e-49fc-aa71-2c07e00afde4'),
 ('2887', 'Asset', '1', '0', '2017-01-17 23:03:35', '2017-01-24 23:19:23', '23e52323-7b9d-4ca6-acd8-409b6465d909'),
 ('2888', 'Asset', '1', '0', '2017-01-17 23:03:50', '2017-01-24 23:19:23', 'bd76e3fd-0527-46fd-bb8f-4f12a7d2a33f'),
 ('2889', 'Asset', '1', '0', '2017-01-17 23:11:54', '2017-01-24 23:19:23', 'da69d015-7a48-4f11-97fc-66ed6dac8ca6'),
 ('2890', 'Entry', '1', '0', '2017-01-17 23:12:01', '2017-01-24 23:19:24', '4735e033-97a0-49a5-9cb6-0e497f6a7510'),
 ('2891', 'MatrixBlock', '1', '0', '2017-01-17 23:12:01', '2017-01-24 23:19:24', '3b7a268e-3034-4c6c-a4af-f765167ae858'),
 ('2892', 'Entry', '1', '0', '2017-01-17 23:21:22', '2017-01-24 23:19:24', '7b52886e-7c0e-4605-b070-47209059cbdc'),
 ('2893', 'Entry', '1', '0', '2017-01-17 23:21:44', '2017-01-24 23:19:24', 'bde6efb3-4280-4209-bd41-aed437f75b24'),
 ('2894', 'Asset', '1', '0', '2017-01-17 23:35:16', '2017-01-24 23:19:23', '4805e0dd-c84e-456f-ba60-ed99c984e701'),
 ('2895', 'Entry', '1', '0', '2017-01-17 23:35:21', '2017-01-24 23:19:24', '93b453bf-d5f8-4ac5-b29f-4116bdad99eb'),
 ('2896', 'MatrixBlock', '1', '0', '2017-01-17 23:35:21', '2017-01-24 23:19:24', 'ed24aede-6d01-4c93-ad05-8afd2cbd08e0'),
 ('2897', 'Entry', '1', '0', '2017-01-18 15:23:58', '2017-01-24 23:19:24', 'd28b7bc4-2fd2-443c-af7c-6787c3f63e83'),
 ('2898', 'Asset', '1', '0', '2017-01-18 15:27:06', '2017-01-24 23:19:23', 'fe9791dc-6a14-4173-953d-ae8f97e27c32'),
 ('2899', 'MatrixBlock', '1', '0', '2017-01-18 15:27:16', '2017-01-24 23:19:24', '0324fbab-2fb3-424e-a038-43525b1efaba'),
 ('2901', 'MatrixBlock', '1', '0', '2017-01-18 15:29:06', '2017-01-24 23:19:24', '55d45500-82d1-46c4-957f-74718ea9d8e2'),
 ('2902', 'Entry', '1', '0', '2017-01-18 15:30:09', '2017-01-24 23:19:24', '3bc9960d-1116-4dd1-89a1-d02f11ca4bb1'),
 ('2903', 'MatrixBlock', '1', '0', '2017-01-18 15:30:09', '2017-01-24 23:19:24', '2f2c6639-c166-4664-87d3-b206886185e9'),
 ('2904', 'Asset', '1', '0', '2017-01-18 16:43:19', '2017-01-24 23:19:23', 'c37701b0-3704-42ba-b687-ab7cbb24630e'),
 ('2905', 'Entry', '1', '0', '2017-01-18 16:44:06', '2017-01-24 23:19:24', 'f2d3d41f-b47e-4ca0-994c-65457035116b'),
 ('2906', 'MatrixBlock', '1', '0', '2017-01-18 16:44:06', '2017-01-24 23:19:25', '8ad580f4-9380-400b-ab9b-6ed3fece5283'),
 ('2907', 'MatrixBlock', '1', '0', '2017-01-18 16:44:06', '2017-01-24 23:19:25', '54568b12-2631-4668-81a0-15933db98174'),
 ('2908', 'MatrixBlock', '1', '0', '2017-01-20 16:29:46', '2017-01-24 23:19:25', 'dd5af493-8067-41d6-b924-eb40ff80ebf8'),
 ('2909', 'MatrixBlock', '1', '0', '2017-01-23 23:06:07', '2017-01-24 23:19:25', '17e28ab8-065d-43a0-9dba-80abbf0e09d7'),
 ('2910', 'Asset', '1', '0', '2017-01-24 17:22:36', '2017-01-24 23:19:23', 'bee1774b-19fb-46b6-826f-16a26c9a28ec'),
 ('2911', 'Entry', '1', '0', '2017-01-24 17:25:49', '2017-01-24 23:19:24', 'e2955849-62fd-44a0-9512-6b06d4f3b909'),
 ('2912', 'MatrixBlock', '1', '0', '2017-01-24 17:25:49', '2017-01-24 23:19:25', '6200d455-1ff5-4618-8a8c-73d8c736e75d'),
 ('2913', 'MatrixBlock', '1', '0', '2017-01-24 17:25:49', '2017-01-24 23:19:25', '6b5d881a-2803-4862-b853-b2e853cb0eb6'),
 ('2914', 'MatrixBlock', '1', '0', '2017-01-24 18:08:41', '2017-01-24 20:49:12', 'a99535d7-f2d0-4de1-b52d-f9283099d608'),
 ('2915', 'MatrixBlock', '1', '0', '2017-01-24 18:08:41', '2017-01-24 20:49:12', '67358889-9cf3-4be7-9096-3d2736de2bd0'),
 ('2916', 'MatrixBlock', '1', '0', '2017-01-25 20:35:32', '2017-01-26 16:38:33', '0759d98a-43b4-4161-81fa-ef3f562ebc42'),
 ('2917', 'MatrixBlock', '1', '0', '2017-01-25 20:35:32', '2017-01-26 16:38:33', '45ef69b5-1b4c-4f6d-8097-fc6233b1c9d5'),
 ('2918', 'MatrixBlock', '1', '0', '2017-01-25 20:35:32', '2017-01-26 16:38:33', '98dc4454-4b1c-44fb-8717-e6f06f5e58ff'),
 ('2919', 'MatrixBlock', '1', '0', '2017-01-25 20:35:32', '2017-01-26 16:38:33', 'c556a10f-7b00-4982-a4bc-f9c2f7f669a3'),
 ('2920', 'MatrixBlock', '1', '0', '2017-01-25 20:35:32', '2017-01-26 16:38:33', 'e0444fdd-c357-4675-b9eb-de122cab4acb'),
 ('2921', 'MatrixBlock', '1', '0', '2017-01-25 20:35:32', '2017-01-26 16:38:33', '4aa83187-abb8-46b6-9219-9f410121a76b'),
 ('2922', 'MatrixBlock', '1', '0', '2017-01-25 20:35:32', '2017-01-26 16:38:33', '6286d03b-cf0a-490f-ab35-969b4e00d918'),
 ('2923', 'MatrixBlock', '1', '0', '2017-01-25 20:35:32', '2017-01-26 16:38:33', '4f6caceb-2567-4abd-82e7-b8d2929d5326'),
 ('2924', 'MatrixBlock', '1', '0', '2017-01-25 20:35:32', '2017-01-26 16:38:33', 'ae32ec62-133c-469f-b689-22303da27be4'),
 ('2925', 'Asset', '1', '0', '2017-01-26 20:08:37', '2017-01-26 20:14:15', 'b6fbad10-bb64-4bdf-a28a-2e7f46889ab4'),
 ('2926', 'MatrixBlock', '1', '0', '2017-01-26 20:12:10', '2017-01-26 23:47:39', 'd92a504b-4720-4994-a14d-986c9218c4b7'),
 ('2927', 'MatrixBlock', '1', '0', '2017-01-26 20:12:10', '2017-01-26 23:47:39', '542c47cd-1af4-4558-bd2f-f9b9d765766b'),
 ('2929', 'MatrixBlock', '1', '0', '2017-01-26 20:14:15', '2017-01-26 23:47:39', 'd1dcefcf-57b9-4bb3-9d87-34176695a251'),
 ('2930', 'Asset', '1', '0', '2017-01-26 20:22:14', '2017-01-26 20:22:14', 'f9781546-e7c8-4aff-8c91-8bbcbb5f0246'),
 ('2931', 'MatrixBlock', '1', '0', '2017-01-26 20:22:20', '2017-01-26 23:47:39', '6dc6f17b-63eb-441f-b347-45084d98dcb2'),
 ('2933', 'Asset', '1', '0', '2017-01-26 23:40:04', '2017-01-26 23:40:04', 'd8479652-572c-478c-a652-05df048011f0');
INSERT INTO `craft_elements` (`id`, `type`, `enabled`, `archived`, `dateCreated`, `dateUpdated`, `uid`) VALUES
 ('2934', 'Asset', '1', '0', '2017-01-26 23:40:04', '2017-01-26 23:40:04', 'e1a37dc0-4206-4f56-a48b-9a3779c58c57'),
 ('2935', 'Asset', '1', '0', '2017-01-26 23:40:04', '2017-01-26 23:40:04', '64a33b9f-a2bc-4929-8716-70462d6cd907'),
 ('2936', 'Asset', '1', '0', '2017-01-26 23:40:04', '2017-01-26 23:40:04', '9c24e431-14f7-49c0-be70-e6b20e14b531'),
 ('2937', 'MatrixBlock', '1', '0', '2017-01-26 23:47:39', '2017-01-26 23:47:39', '6d61e9cb-3c34-4470-84bc-e5579b1f529d'),
 ('2938', 'MatrixBlock', '1', '0', '2017-01-26 23:47:39', '2017-01-26 23:47:39', '52de0b13-10d5-4bbf-9f8f-4edfddfe9738'),
 ('2939', 'MatrixBlock', '1', '0', '2017-01-26 23:47:39', '2017-01-26 23:47:39', 'd0ad8919-c48d-4434-9a28-c95db1bb1391'),
 ('2940', 'MatrixBlock', '1', '0', '2017-01-26 23:47:39', '2017-01-26 23:47:39', 'c42c873f-c51b-48cc-8149-e45f228f34f0'),
 ('2941', 'Asset', '1', '0', '2017-01-30 22:23:09', '2017-01-30 22:23:09', '767c850d-e3da-4a38-bc10-e6530506d6f3');



DROP TABLE IF EXISTS `craft_elements_i18n`;


--
-- Schema for table `craft_elements_i18n`
--
CREATE TABLE `craft_elements_i18n` (
  `id` int(11) NOT NULL AUTO_INCREMENT,
  `elementId` int(11) NOT NULL,
  `locale` char(12) COLLATE utf8_unicode_ci NOT NULL,
  `slug` varchar(255) COLLATE utf8_unicode_ci DEFAULT NULL,
  `uri` varchar(255) COLLATE utf8_unicode_ci DEFAULT NULL,
  `enabled` tinyint(1) unsigned NOT NULL DEFAULT '1',
  `dateCreated` datetime NOT NULL,
  `dateUpdated` datetime NOT NULL,
  `uid` char(36) COLLATE utf8_unicode_ci NOT NULL DEFAULT '0',
  PRIMARY KEY (`id`),
  UNIQUE KEY `craft_elements_i18n_elementId_locale_unq_idx` (`elementId`,`locale`),
  UNIQUE KEY `craft_elements_i18n_uri_locale_unq_idx` (`uri`,`locale`),
  KEY `craft_elements_i18n_slug_locale_idx` (`slug`,`locale`),
  KEY `craft_elements_i18n_enabled_idx` (`enabled`),
  KEY `craft_elements_i18n_locale_fk` (`locale`)
) ENGINE=InnoDB AUTO_INCREMENT=3093 DEFAULT CHARSET=utf8 COLLATE=utf8_unicode_ci;

--
-- Data for table `craft_elements_i18n`
--

INSERT INTO `craft_elements_i18n` (`id`, `elementId`, `locale`, `slug`, `uri`, `enabled`, `dateCreated`, `dateUpdated`, `uid`) VALUES
 ('1', '1', 'en_us', '', NULL, '1', '2016-10-10 20:59:13', '2016-10-10 20:59:13', '66e82920-794e-460b-8eae-cb6498780960'),
 ('2', '2', 'en_us', 'homepage', '__home__', '1', '2016-10-10 20:59:13', '2017-01-26 16:52:05', 'f69f0512-68aa-43b9-b2ed-c5d69a09184d'),
 ('4', '4', 'en_us', '', NULL, '1', '2016-10-10 21:49:00', '2017-01-24 23:19:24', '23cfddc3-26a3-4cb5-a5bb-faaa71ad9890'),
 ('19', '19', 'en_us', 'brand-strategy', NULL, '1', '2016-10-17 22:37:51', '2017-01-24 23:19:25', '9da5181b-5a82-4a6e-8a42-7963497a6404'),
 ('20', '20', 'en_us', 'digital-experience', NULL, '1', '2016-10-17 22:37:59', '2017-01-24 23:19:25', 'cf04f1c2-9ec0-4d0d-b479-98dcc1810c00'),
 ('2598', '2598', 'en_us', 'community-development', NULL, '1', '2016-12-19 08:58:32', '2017-01-24 23:19:25', '5ae3ba17-4751-4772-b574-ba8a4080a02a'),
 ('2689', '2689', 'en_us', 'social-design', NULL, '1', '2016-12-19 10:20:06', '2017-01-24 23:19:25', '5df411c4-8388-45ef-b1e1-5fa87e8628f3'),
 ('2747', '2747', 'en_us', 'firebelly-family', NULL, '1', '2016-12-19 11:41:38', '2017-01-24 23:19:25', '64a75aad-5253-4bc2-b5cb-e02b458da2cd'),
 ('2789', '2789', 'en_us', 'reason-to-give', NULL, '1', '2016-12-19 12:01:51', '2017-01-24 23:19:25', '42daec1f-6065-4551-90cf-05da9a28427c'),
 ('2790', '2790', 'en_us', 'change-the-world', NULL, '1', '2016-12-19 12:01:56', '2017-01-24 23:19:25', '262da3cc-346e-4e7c-aa6a-673a6550a670'),
 ('2793', '2793', 'en_us', 'chicago-design', NULL, '1', '2016-12-19 12:08:10', '2017-01-24 23:19:25', '72ee87ff-06fb-4cbe-bd0e-b624c9ea9509'),
 ('2794', '2794', 'en_us', 'typography', NULL, '1', '2016-12-19 12:08:15', '2017-01-24 23:19:25', '8ff901ff-5c21-45f8-8312-d7febb886895'),
 ('2802', '2802', 'en_us', 'socially-responsible', NULL, '1', '2016-12-19 12:16:44', '2017-01-24 23:19:25', '38a18795-0528-47b8-bbfa-3a5c3fcb627a'),
 ('2804', '2804', 'en_us', 'writing-for-the-web-lunch-n-learn', NULL, '1', '2016-12-19 12:19:48', '2017-01-24 23:19:25', 'd6c0ee29-ba38-4d86-861e-ea963d414c2b'),
 ('2805', '2805', 'en_us', 'lunch-n-learn', NULL, '1', '2016-12-19 12:20:13', '2017-01-24 23:19:25', '9a391e85-57a6-44d0-b5db-f345a53a324b'),
 ('2808', '2808', 'en_us', 'field-trip', NULL, '1', '2016-12-19 12:24:40', '2017-01-24 23:19:25', '5be54d29-07d1-4fd6-bcbd-740b3da52d82'),
 ('2811', '2811', 'en_us', 'girls-garage', NULL, '1', '2016-12-19 12:32:32', '2017-01-24 23:19:25', '17b3184a-ba83-4a8c-939e-648b522a868d'),
 ('2830', '2830', 'en_us', 'who-we-are', 'who-we-are', '1', '2016-12-20 19:41:21', '2017-01-26 23:47:39', 'cb48bef7-d01e-4029-98d3-7d32ceb89d67'),
 ('2831', '2831', 'en_us', 'how-we-help', 'how-we-help', '1', '2016-12-20 19:42:21', '2017-01-26 16:38:33', 'ae7321d8-232e-47f4-b054-c7bdb6ea0bc4'),
 ('2834', '2834', 'en_us', 'parent-teacher-conferences', 'blog/tag/parent-teacher-conferences', '1', '2016-12-20 20:13:25', '2017-01-24 23:19:23', 'eacf7272-426d-489e-b3c6-2441004f0ae7'),
 ('2835', '2835', 'en_us', 'report-cards', 'blog/tag/report-cards', '1', '2016-12-20 20:14:01', '2017-01-24 23:19:23', '7b8cf077-29d9-4ea5-aea1-d7b6c0dfe990'),
 ('2836', '2836', 'en_us', 'in-the-news', 'blog/category/in-the-news', '1', '2016-12-20 20:17:06', '2017-01-24 23:19:23', 'a1b92af6-3d1b-4123-bf19-bfb56b74bf0f'),
 ('2837', '2837', 'en_us', 'what-were-learning', 'blog/category/what-were-learning', '1', '2016-12-20 20:17:23', '2017-01-24 23:19:23', 'f73a6f7b-e977-4b8e-933f-836d9ba6dc35'),
 ('2838', '2838', 'en_us', 'insight', 'blog/category/insight', '1', '2016-12-20 20:17:41', '2017-01-24 23:19:23', '8cc1ef5b-d2e3-4aa3-8c2d-f03a24c4562e'),
 ('2841', '2843', 'en_us', 'navigators', 'who-we-are/navigators', '1', '2016-12-20 22:01:56', '2017-01-26 23:47:40', 'defa2cde-7fcd-442e-987d-33d474f583b5'),
 ('2842', '2845', 'en_us', 'leadership', 'who-we-are/leadership', '1', '2016-12-20 22:40:44', '2017-01-30 22:23:15', '976a3883-647e-4917-92f5-81840e435581'),
 ('2843', '2846', 'en_us', '', NULL, '1', '2016-12-20 22:40:44', '2017-01-30 22:23:15', 'a63c7b13-278f-40aa-9a7a-d41362c0e8ad'),
 ('2844', '2847', 'en_us', '', NULL, '1', '2016-12-20 22:40:44', '2017-01-30 22:23:15', 'ae0869b1-02aa-449c-b176-319cfc691156'),
 ('2845', '2848', 'en_us', '', NULL, '1', '2016-12-20 22:40:44', '2017-01-30 22:23:15', '7c24d715-87b4-491c-8639-7d244c89f253'),
 ('2846', '2849', 'en_us', '', NULL, '1', '2016-12-20 22:40:44', '2017-01-30 22:23:15', '7b57626e-29cf-4208-b6ae-588a7b2bf6ef'),
 ('2847', '2850', 'en_us', 'board-of-directors', 'who-we-are/board-of-directors', '1', '2016-12-20 22:49:44', '2017-01-30 23:19:39', 'e53dd210-16fa-4297-a67f-ab1620a81ee6'),
 ('2848', '2851', 'en_us', '', NULL, '1', '2016-12-20 22:49:44', '2017-01-30 23:19:39', 'a7bf749e-e648-49e6-b02a-93b1719e0dd1'),
 ('2849', '2852', 'en_us', '', NULL, '1', '2016-12-20 22:49:44', '2017-01-30 23:19:39', 'fab15760-866f-4ccf-8e1f-a509097622b8'),
 ('2850', '2853', 'en_us', '', NULL, '1', '2016-12-20 22:49:44', '2017-01-30 23:19:39', '5af28617-b54b-4b2a-a361-bc4306e6c1af'),
 ('2851', '2854', 'en_us', '', NULL, '1', '2016-12-20 22:49:44', '2017-01-30 23:19:39', '4d52d1a0-d4be-441f-aabb-676eb83769af'),
 ('2852', '2856', 'en_us', 'our-partners', 'who-we-are/our-partners', '1', '2016-12-20 23:04:45', '2017-01-30 23:19:24', 'bfe00fc1-c64a-4307-9ffa-a6ffc55c886a'),
 ('2853', '2857', 'en_us', '', NULL, '1', '2016-12-20 23:04:45', '2017-01-30 23:19:24', '2dbc01ad-5ce6-4b12-91ec-c8e5903f1764'),
 ('2854', '2858', 'en_us', '', NULL, '1', '2016-12-20 23:04:45', '2017-01-30 23:19:24', '55caca91-7481-457e-93b8-0843b0cfd6c3'),
 ('2855', '2859', 'en_us', '', NULL, '1', '2016-12-20 23:04:45', '2017-01-30 23:19:24', '51863944-5017-4f72-883b-55aa19680157'),
 ('2856', '2860', 'en_us', '', NULL, '1', '2016-12-20 23:04:45', '2017-01-30 23:19:24', '88e55263-8dae-4541-87fb-04494d9e22e2'),
 ('2857', '2861', 'en_us', '', NULL, '1', '2016-12-20 23:04:45', '2017-01-30 23:19:24', 'ada5ee96-ab2a-4c5c-8ab1-e1f6e3b9377e'),
 ('2858', '2862', 'en_us', '', NULL, '1', '2016-12-20 23:04:45', '2017-01-30 23:19:24', '8dacafc6-4ac8-43d3-8a38-c765b6395d7c'),
 ('2859', '2863', 'en_us', '', NULL, '1', '2016-12-20 23:04:45', '2017-01-30 23:19:24', '6bb4ef90-cd46-4a99-b59c-59eb5eff5c39'),
 ('2871', '2834', 'es_us', 'parent-teacher-conferences', 'blog/tag/parent-teacher-conferences', '1', '2017-01-03 21:39:50', '2017-01-24 23:19:23', '939c6759-d55f-45d2-992e-4ad32cf66d61'),
 ('2872', '2835', 'es_us', 'report-cards', 'blog/tag/report-cards', '1', '2017-01-03 21:39:50', '2017-01-24 23:19:23', '507bfb2a-fa81-47f4-a81a-336d86f2adda'),
 ('2873', '2836', 'es_us', 'in-the-news', 'blog/category/in-the-news', '1', '2017-01-03 21:39:50', '2017-01-24 23:19:23', 'ba590f1a-2c7e-48fb-a0c5-c6059a2c2f25'),
 ('2874', '2837', 'es_us', 'what-were-learning', 'blog/category/what-were-learning', '1', '2017-01-03 21:39:50', '2017-01-24 23:19:23', '15b357a4-bc1b-4c9d-b809-2522aa76ac3a'),
 ('2875', '2838', 'es_us', 'insight', 'blog/category/insight', '1', '2017-01-03 21:39:50', '2017-01-24 23:19:23', '6d7b5c95-c9ca-43d6-8bf0-1ec23f5c1e25'),
 ('2876', '4', 'es_us', '', NULL, '1', '2017-01-03 21:39:50', '2017-01-24 23:19:24', '821f48bf-48e1-46e1-ab3d-352b6141d3c2'),
 ('2877', '19', 'es_us', 'brand-strategy', NULL, '1', '2017-01-03 21:39:50', '2017-01-24 23:19:25', '8237d2e9-ada1-45fc-b7ff-2d1e65eb42ac'),
 ('2878', '20', 'es_us', 'digital-experience', NULL, '1', '2017-01-03 21:39:50', '2017-01-24 23:19:25', '33dc6d9a-1102-4b7a-9fae-e6e28e5dd009'),
 ('2879', '2598', 'es_us', 'community-development', NULL, '1', '2017-01-03 21:39:50', '2017-01-24 23:19:25', 'af081adf-91ef-491b-a100-be8451882584'),
 ('2880', '2689', 'es_us', 'social-design', NULL, '1', '2017-01-03 21:39:50', '2017-01-24 23:19:25', '013cd11b-9994-4d49-bc12-c6df62f29b0a'),
 ('2881', '2747', 'es_us', 'firebelly-family', NULL, '1', '2017-01-03 21:39:50', '2017-01-24 23:19:25', '4a8b313e-caa9-44a2-ae6b-755c532f6017'),
 ('2882', '2789', 'es_us', 'reason-to-give', NULL, '1', '2017-01-03 21:39:50', '2017-01-24 23:19:25', '7d66ff87-a8b5-42df-99a0-e90ef3d6b2c3'),
 ('2883', '2790', 'es_us', 'change-the-world', NULL, '1', '2017-01-03 21:39:50', '2017-01-24 23:19:25', '4e1116aa-2eed-4423-949f-7550171ff7e7'),
 ('2884', '2793', 'es_us', 'chicago-design', NULL, '1', '2017-01-03 21:39:50', '2017-01-24 23:19:25', 'ee87e0c3-1036-4cbc-aecf-3a49e1c52f87'),
 ('2885', '2794', 'es_us', 'typography', NULL, '1', '2017-01-03 21:39:50', '2017-01-24 23:19:25', 'fe0d56c6-ed43-42f4-84b5-22aaa6cd0af7'),
 ('2886', '2802', 'es_us', 'socially-responsible', NULL, '1', '2017-01-03 21:39:50', '2017-01-24 23:19:25', '59e8cb74-22f6-4eb9-a6f1-6916085bed3b'),
 ('2887', '2804', 'es_us', 'writing-for-the-web-lunch-n-learn', NULL, '1', '2017-01-03 21:39:50', '2017-01-24 23:19:25', 'fabe3b05-b142-490a-b511-8557ba6211c6'),
 ('2888', '2805', 'es_us', 'lunch-n-learn', NULL, '1', '2017-01-03 21:39:50', '2017-01-24 23:19:25', '7b3edb78-322a-4512-b5f5-216f38552888'),
 ('2889', '2808', 'es_us', 'field-trip', NULL, '1', '2017-01-03 21:39:51', '2017-01-24 23:19:25', '36d8f6ac-ee7f-49d1-9036-1f5f96c81f06'),
 ('2890', '2811', 'es_us', 'girls-garage', NULL, '1', '2017-01-03 21:39:51', '2017-01-24 23:19:25', '12b127c8-fe9c-4b37-981d-d8fd42ae22e8'),
 ('2891', '2', 'es_us', 'homepage', '__home__', '1', '2017-01-03 22:07:47', '2017-01-26 16:52:05', '5d1f5b45-ea73-4aba-9bec-08f9133e6094'),
 ('2896', '2866', 'en_us', 'ed-nav-330-2', NULL, '1', '2017-01-05 16:38:20', '2017-01-24 23:19:22', '8dad79be-23cd-4021-8a08-8f8137d2852a'),
 ('2897', '2866', 'es_us', 'ed-nav-330-2', NULL, '1', '2017-01-05 16:38:20', '2017-01-24 23:19:22', '07a00a0a-ff59-4e37-9b77-69595ad53085'),
 ('2898', '2867', 'en_us', '649404', NULL, '1', '2017-01-05 16:41:56', '2017-01-24 23:19:22', '84be7850-c9cd-4d3c-bfda-b4f5a242a94d'),
 ('2899', '2867', 'es_us', '649404', NULL, '1', '2017-01-05 16:41:56', '2017-01-24 23:19:22', '2f406119-95fe-4b5b-8a97-3920d63331d8'),
 ('2900', '2868', 'en_us', '', NULL, '1', '2017-01-05 16:42:03', '2017-01-26 16:52:05', '01bfcb33-610c-4067-bcf5-e60c6479d4f1'),
 ('2901', '2869', 'en_us', '', NULL, '1', '2017-01-05 16:42:04', '2017-01-26 16:52:05', '9586e63c-9b12-4b3c-89e9-77657faead96'),
 ('2902', '2870', 'en_us', '841683', NULL, '1', '2017-01-05 17:48:09', '2017-01-24 23:19:23', '0aa81906-44f0-4172-9864-92468742c8ad'),
 ('2903', '2870', 'es_us', '841683', NULL, '1', '2017-01-05 17:48:09', '2017-01-24 23:19:23', '0e3c3640-5012-44c8-b2d9-21752e019f9b'),
 ('2904', '2871', 'en_us', '841683', NULL, '1', '2017-01-05 18:10:18', '2017-01-24 23:19:23', 'd9f520b8-fcf8-4f64-ae86-43bef0f2be41'),
 ('2905', '2871', 'es_us', '841683', NULL, '1', '2017-01-05 18:10:18', '2017-01-24 23:19:23', '3c715207-65bb-4a11-8ae8-8406d2cd7573'),
 ('2914', '2876', 'en_us', '2001-a-space-odyssey-screenshot-1920x1080-9', NULL, '1', '2017-01-12 23:13:57', '2017-01-24 23:19:23', '63010cb2-3f1a-4f3c-b26c-20e8657ce89b'),
 ('2915', '2876', 'es_us', '2001-a-space-odyssey-screenshot-1920x1080-9', NULL, '1', '2017-01-12 23:13:57', '2017-01-24 23:19:23', '0733f2dd-89f7-4dca-9cf6-fb075eebb170'),
 ('2916', '2880', 'en_us', 'find-your-path', 'find-your-path', '1', '2017-01-17 20:42:53', '2017-01-24 23:19:24', '9d678b3b-834d-4367-a62c-38398a96ffdc'),
 ('2917', '2880', 'es_us', 'test', 'test', '1', '2017-01-17 20:42:53', '2017-01-24 23:19:24', '001001aa-e810-4439-9b3a-f1257715962d'),
 ('2918', '2881', 'en_us', '', NULL, '1', '2017-01-17 20:42:53', '2017-01-24 23:19:24', '63d34fbf-0a6b-431a-81d1-7661d0d5caf6'),
 ('2919', '2881', 'es_us', '', NULL, '1', '2017-01-17 20:42:53', '2017-01-24 23:19:24', '0c275a44-421b-4bf4-8bce-1a17cee55c6e'),
 ('2920', '2882', 'en_us', '2001-a-space-odyssey-screenshot-1920x1080-9', NULL, '1', '2017-01-17 21:11:18', '2017-01-24 23:19:23', 'da45984e-5ca8-4213-8c82-7a409233221f'),
 ('2921', '2882', 'es_us', '2001-a-space-odyssey-screenshot-1920x1080-9', NULL, '1', '2017-01-17 21:11:18', '2017-01-24 23:19:23', 'e49415b8-d095-4c20-998c-5afd6f8d86a1'),
 ('2922', '2883', 'en_us', '2001-a-space-odyssey-screenshot-1920x1080-9', NULL, '1', '2017-01-17 22:00:14', '2017-01-24 23:19:23', '5bcb0488-3771-4f1a-9eba-3e406026124d'),
 ('2923', '2883', 'es_us', '2001-a-space-odyssey-screenshot-1920x1080-9', NULL, '1', '2017-01-17 22:00:14', '2017-01-24 23:19:23', '97c33468-8c9d-46a5-948f-8d2360cb980b'),
 ('2926', '2885', 'en_us', 'the-help-you-need', 'the-help-you-need', '1', '2017-01-17 22:45:59', '2017-01-24 23:19:24', '30b6ab29-5b46-4a71-af0c-cae780fe557c'),
 ('2927', '2885', 'es_us', 'the-help-you-need', 'the-help-you-need', '1', '2017-01-17 22:45:59', '2017-01-24 23:19:24', '3876804c-0942-4949-8749-ab49ab6fdc5a'),
 ('2928', '2886', 'en_us', '', NULL, '1', '2017-01-17 22:45:59', '2017-01-24 23:19:24', 'd37c9a82-663d-4a5d-9a4f-314052e0b1fe'),
 ('2929', '2886', 'es_us', '', NULL, '1', '2017-01-17 22:45:59', '2017-01-24 23:19:24', '7ff43f80-b8c3-45c2-a3ec-5491102a732e'),
 ('2930', '2887', 'en_us', '649404-2', NULL, '1', '2017-01-17 23:03:35', '2017-01-24 23:19:23', 'a08e056a-d7d6-4766-9a6b-07124bc0d6e9'),
 ('2931', '2887', 'es_us', '649404-2', NULL, '1', '2017-01-17 23:03:35', '2017-01-24 23:19:23', '37498bd5-46af-4410-bfc2-e13821c1c966'),
 ('2932', '2888', 'en_us', '826621', NULL, '1', '2017-01-17 23:03:50', '2017-01-24 23:19:23', '682041d2-d955-46e7-bfbf-88ed70e22e40'),
 ('2933', '2888', 'es_us', '826621', NULL, '1', '2017-01-17 23:03:50', '2017-01-24 23:19:23', 'd7ac6ced-5674-4bb9-b93a-fc802232af8a'),
 ('2934', '2889', 'en_us', '826629', NULL, '1', '2017-01-17 23:11:54', '2017-01-24 23:19:23', 'b48e6899-7a72-4992-ab08-dc1ccd4bc1d5'),
 ('2935', '2889', 'es_us', '826629', NULL, '1', '2017-01-17 23:11:54', '2017-01-24 23:19:23', '2bba8119-c3a2-42b4-a5e5-714cd8975b83'),
 ('2936', '2890', 'en_us', 'invest-in-your-greatest-asset', 'invest-in-your-greatest-asset', '1', '2017-01-17 23:12:01', '2017-01-24 23:19:24', 'c9b5dadb-6ab6-45bf-9679-1dfd701d8e3a'),
 ('2937', '2890', 'es_us', 'invest-in-your-greatest-asset', 'invest-in-your-greatest-asset', '1', '2017-01-17 23:12:01', '2017-01-24 23:19:24', '8fcfb8ac-511b-4345-a352-d239e875c002'),
 ('2938', '2891', 'en_us', '', NULL, '1', '2017-01-17 23:12:01', '2017-01-24 23:19:24', '40213d19-be24-4ca9-9d65-622f487a6656'),
 ('2939', '2891', 'es_us', '', NULL, '1', '2017-01-17 23:12:01', '2017-01-24 23:19:24', '452d6d70-c2a6-4d96-9294-14e6e34738b6'),
 ('2940', '2892', 'en_us', 'families', 'families', '1', '2017-01-17 23:21:22', '2017-01-24 23:19:24', '93fa4823-76ed-4248-ba4c-32d80e347a27'),
 ('2941', '2892', 'es_us', 'familias', 'familias', '1', '2017-01-17 23:21:22', '2017-01-24 23:19:24', '5a8500fd-554d-4729-acb1-29c719ddd622');
INSERT INTO `craft_elements_i18n` (`id`, `elementId`, `locale`, `slug`, `uri`, `enabled`, `dateCreated`, `dateUpdated`, `uid`) VALUES
 ('2942', '2893', 'en_us', 'employers', 'employers', '1', '2017-01-17 23:21:44', '2017-01-24 23:19:24', 'df9a72b0-a5e5-487b-ac76-eac834829f07'),
 ('2943', '2893', 'es_us', 'employers', 'employers', '1', '2017-01-17 23:21:44', '2017-01-24 23:19:24', '14673ef4-ada5-496e-9d8c-946e554fd7b9'),
 ('2944', '2894', 'en_us', 'uoregon0473', NULL, '1', '2017-01-17 23:35:16', '2017-01-24 23:19:23', 'dc3f5ec2-fc4b-4582-ac94-1d1466364be2'),
 ('2945', '2894', 'es_us', 'uoregon0473', NULL, '1', '2017-01-17 23:35:16', '2017-01-24 23:19:23', '9aa13741-cfa8-4e5a-a754-d3326e4c4077'),
 ('2946', '2895', 'en_us', 'give-back', 'give-back', '1', '2017-01-17 23:35:21', '2017-01-24 23:19:24', 'fdd80cf4-c344-4550-8d68-319a1b9a9155'),
 ('2947', '2895', 'es_us', 'give-back', 'give-back', '1', '2017-01-17 23:35:21', '2017-01-24 23:19:24', '1fa30c29-3b4c-40af-9507-5caef1d1925d'),
 ('2948', '2896', 'en_us', '', NULL, '1', '2017-01-17 23:35:21', '2017-01-24 23:19:24', '31c9bd10-7d9f-498f-81fb-b3a0a8cd5ad8'),
 ('2949', '2896', 'es_us', '', NULL, '1', '2017-01-17 23:35:21', '2017-01-24 23:19:24', 'd2a1854c-5820-4f7b-aaa9-0e195e28f0bf'),
 ('2950', '2897', 'en_us', 'third', 'third', '1', '2017-01-18 15:23:58', '2017-01-24 23:19:24', '3dbac18c-4dc9-48f9-af7d-8f8f0d14330f'),
 ('2951', '2897', 'es_us', 'third', 'third', '1', '2017-01-18 15:23:58', '2017-01-24 23:19:24', 'dfb80664-0a6a-4113-942a-4d73efcc8e88'),
 ('2952', '2898', 'en_us', 'uoregon0670', NULL, '1', '2017-01-18 15:27:06', '2017-01-24 23:19:23', '7d0bb73d-4227-42c0-a69a-4a517bd9518d'),
 ('2953', '2898', 'es_us', 'uoregon0670', NULL, '1', '2017-01-18 15:27:06', '2017-01-24 23:19:23', '8eea4b06-7cb5-46a7-96ee-88cdeb164ead'),
 ('2954', '2899', 'en_us', '', NULL, '1', '2017-01-18 15:27:16', '2017-01-24 23:19:24', '518028c7-9a42-45e3-8322-37fcff4b5d6f'),
 ('2955', '2899', 'es_us', '', NULL, '1', '2017-01-18 15:27:16', '2017-01-24 23:19:24', 'e6551842-73bf-416c-9970-3e31ebdd29cc'),
 ('2958', '2901', 'en_us', '', NULL, '1', '2017-01-18 15:29:06', '2017-01-24 23:19:24', 'a971e9e0-dcfb-44a4-b51b-39001f988d93'),
 ('2959', '2901', 'es_us', '', NULL, '1', '2017-01-18 15:29:06', '2017-01-24 23:19:24', 'c969d99c-1c78-4c90-aa73-d47e7fc594f4'),
 ('2960', '2902', 'en_us', 'shared-costs', 'shared-costs', '1', '2017-01-18 15:30:09', '2017-01-24 23:19:24', '19a79bf6-feae-443f-aa9b-1f387b164d4b'),
 ('2961', '2902', 'es_us', 'shared-costs', 'shared-costs', '1', '2017-01-18 15:30:09', '2017-01-24 23:19:24', 'f7f9bf23-c30e-41f1-9d21-f46527d04f76'),
 ('2962', '2903', 'en_us', '', NULL, '1', '2017-01-18 15:30:09', '2017-01-24 23:19:25', '6a8a5439-bfdc-44ed-9807-625c5a84bf07'),
 ('2963', '2903', 'es_us', '', NULL, '1', '2017-01-18 15:30:09', '2017-01-24 23:19:25', 'fb631a09-0921-44bd-9476-d5f4ecd48ef4'),
 ('2964', '2904', 'en_us', 'ed-nav-330-2', NULL, '1', '2017-01-18 16:43:19', '2017-01-24 23:19:23', '4a590b6f-5fee-4aa8-a499-3b492bea3caa'),
 ('2965', '2904', 'es_us', 'ed-nav-330-2', NULL, '1', '2017-01-18 16:43:19', '2017-01-24 23:19:23', '1a0f7e83-abe0-4fd2-9ff7-450884254008'),
 ('2966', '2905', 'en_us', 'stories-slideshow', 'stories-slideshow', '1', '2017-01-18 16:44:06', '2017-01-24 23:19:24', 'e9bac8e4-13cf-4826-a7be-5577da412bba'),
 ('2967', '2905', 'es_us', 'stories-slideshow', 'stories-slideshow', '1', '2017-01-18 16:44:06', '2017-01-24 23:19:24', 'e9a9d3d1-b181-4182-acc1-d67db67b56d2'),
 ('2968', '2906', 'en_us', '', NULL, '1', '2017-01-18 16:44:06', '2017-01-24 23:19:25', '6353ef0d-b289-48ae-815c-0988923f1f1e'),
 ('2969', '2906', 'es_us', '', NULL, '1', '2017-01-18 16:44:06', '2017-01-24 23:19:25', '02920ae6-30a3-456f-b6bb-c354b3053925'),
 ('2970', '2907', 'en_us', '', NULL, '1', '2017-01-18 16:44:06', '2017-01-24 23:19:25', '032cb604-65b5-44e7-9f2d-11b4490e4812'),
 ('2971', '2907', 'es_us', '', NULL, '1', '2017-01-18 16:44:06', '2017-01-24 23:19:25', '6f26cfbb-8a27-481c-be22-ce7a3805bf3a'),
 ('2972', '2908', 'en_us', '', NULL, '1', '2017-01-20 16:29:46', '2017-01-24 23:19:25', '4ef9c3b6-fe70-4dcd-8c27-8dd21386bea2'),
 ('2973', '2908', 'es_us', '', NULL, '1', '2017-01-20 16:29:46', '2017-01-24 23:19:25', 'b3df5760-71fc-493a-97b6-481ac035cefd'),
 ('2974', '2909', 'en_us', '', NULL, '1', '2017-01-23 23:06:07', '2017-01-24 23:19:25', '937bdde1-5f1b-48ae-bf60-5c2a76a5dc3d'),
 ('2975', '2909', 'es_us', '', NULL, '1', '2017-01-23 23:06:07', '2017-01-24 23:19:25', '43a9055e-a4c5-493f-adff-f3576a030666'),
 ('2976', '2910', 'en_us', 'amy-mikler-01', NULL, '1', '2017-01-24 17:22:36', '2017-01-24 23:19:23', '266906c1-a7f6-4782-a21b-7389f419ec98'),
 ('2977', '2910', 'es_us', 'amy-mikler-01', NULL, '1', '2017-01-24 17:22:36', '2017-01-24 23:19:23', '84b19563-3a7c-4181-b59b-550a8d9b5f27'),
 ('2978', '2911', 'en_us', 'stories', 'stories', '1', '2017-01-24 17:25:49', '2017-01-24 23:19:24', 'f07a453b-08b6-44e3-bd11-8da5ed54e851'),
 ('2979', '2911', 'es_us', 'stories', 'stories', '1', '2017-01-24 17:25:49', '2017-01-24 23:19:24', '95317cc1-b28d-40b7-a0ee-3b4eb70084c4'),
 ('2980', '2912', 'en_us', '', NULL, '1', '2017-01-24 17:25:49', '2017-01-24 23:19:25', 'fd36a9e9-f459-4390-bfe5-f50e09cd6852'),
 ('2981', '2912', 'es_us', '', NULL, '1', '2017-01-24 17:25:49', '2017-01-24 23:19:25', 'bc22c7ed-9deb-4ac5-86c5-5864d78bfd1b'),
 ('2982', '2913', 'en_us', '', NULL, '1', '2017-01-24 17:25:49', '2017-01-24 23:19:25', '137527bf-eefe-4b96-a793-9326060bc83b'),
 ('2983', '2913', 'es_us', '', NULL, '1', '2017-01-24 17:25:49', '2017-01-24 23:19:25', '4494ca0a-c534-4981-bad9-158c8b3b9715'),
 ('2984', '2914', 'es_us', '', NULL, '1', '2017-01-24 18:08:41', '2017-01-24 20:49:12', '28bd2e48-d6cc-46fd-8671-767af92dd6f9'),
 ('2985', '2915', 'es_us', '', NULL, '1', '2017-01-24 18:08:41', '2017-01-24 20:49:12', 'a50df649-bd0b-4106-ad93-8e80ab5aad77'),
 ('3031', '2830', 'es_us', 'quines-somos', 'quienes-somos', '1', '2017-01-25 17:10:34', '2017-01-26 23:47:39', '9858fac4-f7b3-42ac-a170-cbc25b4e3053'),
 ('3032', '2843', 'es_us', 'navigators', 'quienes-somos/navigators', '1', '2017-01-25 17:10:34', '2017-01-26 23:47:40', '2f0ccc7b-6b21-4707-a638-0e0899746d27'),
 ('3033', '2845', 'es_us', 'leadership', 'quienes-somos/leadership', '1', '2017-01-25 17:10:34', '2017-01-30 22:23:15', '951fc87f-3dc4-4030-81f0-b363762b973a'),
 ('3034', '2850', 'es_us', 'board-of-directors', 'quienes-somos/board-of-directors', '1', '2017-01-25 17:10:34', '2017-01-30 23:19:39', 'b7decbfa-6161-490a-86af-420686264113'),
 ('3035', '2856', 'es_us', 'our-partners', 'quienes-somos/our-partners', '1', '2017-01-25 17:10:34', '2017-01-30 23:19:24', '9bc9c220-008d-4272-9d25-b2fa49bd3136'),
 ('3036', '2831', 'es_us', 'how-we-help', 'como-ayudamos', '1', '2017-01-25 17:15:14', '2017-01-26 16:38:33', 'd5b2a606-bc12-4cd4-bd23-6c8b4c13c6b9'),
 ('3037', '2916', 'en_us', '', NULL, '1', '2017-01-25 20:35:32', '2017-01-26 16:38:33', '48f0a0ab-c683-42b0-8125-51909751bfeb'),
 ('3038', '2917', 'en_us', '', NULL, '1', '2017-01-25 20:35:32', '2017-01-26 16:38:33', '0f802756-093d-42f2-a326-0de5da9adfa8'),
 ('3039', '2918', 'en_us', '', NULL, '1', '2017-01-25 20:35:32', '2017-01-26 16:38:33', 'd80d7c69-6ead-4acc-883a-8a505438528e'),
 ('3040', '2919', 'en_us', '', NULL, '1', '2017-01-25 20:35:32', '2017-01-26 16:38:33', 'e3438e99-0336-43f0-b409-95bd37ad2622'),
 ('3041', '2920', 'en_us', '', NULL, '1', '2017-01-25 20:35:32', '2017-01-26 16:38:33', '874f9d82-e3e0-4bba-8712-7456dd52f773'),
 ('3042', '2921', 'en_us', '', NULL, '1', '2017-01-25 20:35:32', '2017-01-26 16:38:33', '9a69b828-a18e-49bf-aea1-df7386ad02a9'),
 ('3043', '2922', 'en_us', '', NULL, '1', '2017-01-25 20:35:32', '2017-01-26 16:38:33', '85ff5eeb-346f-47c0-8e52-c27976082fc9'),
 ('3044', '2923', 'en_us', '', NULL, '1', '2017-01-25 20:35:32', '2017-01-26 16:38:33', '912a3d83-e9fb-44ee-b43e-32a0521cb50b'),
 ('3045', '2924', 'en_us', '', NULL, '1', '2017-01-25 20:35:32', '2017-01-26 16:38:33', 'b7aa466a-6d21-47c0-b997-cceda2066653'),
 ('3046', '2925', 'en_us', 'icon-principle-1', NULL, '1', '2017-01-26 20:08:37', '2017-01-26 20:14:15', '606d06a6-84f8-4924-93b8-2cfbe9497d9b'),
 ('3047', '2925', 'es_us', 'icon-principle-1', NULL, '1', '2017-01-26 20:08:37', '2017-01-26 20:14:15', 'eb87c4e8-d3c9-4391-ba5c-dbc8e830d96f'),
 ('3048', '2926', 'en_us', '', NULL, '1', '2017-01-26 20:12:10', '2017-01-26 23:47:39', 'bfba5e28-1aa1-4617-b8a1-a8913af0f404'),
 ('3049', '2927', 'en_us', '', NULL, '1', '2017-01-26 20:12:10', '2017-01-26 23:47:39', 'c459d6c6-779b-4d16-84c0-8e0381595c34'),
 ('3052', '2929', 'en_us', '', NULL, '1', '2017-01-26 20:14:15', '2017-01-26 23:47:39', '4e6e90aa-70bf-4c9c-862e-dbdae24f9984'),
 ('3053', '2929', 'es_us', '', NULL, '1', '2017-01-26 20:14:15', '2017-01-26 23:47:39', 'b26c7044-4921-4170-852c-9403a1ddc5a4'),
 ('3054', '2930', 'en_us', 'icon-principle-2', NULL, '1', '2017-01-26 20:22:14', '2017-01-26 20:22:14', '992c8324-72b4-4c8c-a1a3-b1cb40ed54a7'),
 ('3055', '2930', 'es_us', 'icon-principle-2', NULL, '1', '2017-01-26 20:22:14', '2017-01-26 20:22:14', '0b30ed21-20ff-46c4-a7d0-a98bbc62f0f0'),
 ('3056', '2931', 'en_us', '', NULL, '1', '2017-01-26 20:22:20', '2017-01-26 23:47:39', 'cb1c58f0-1fba-4897-8ec0-65339fdfad59'),
 ('3057', '2931', 'es_us', '', NULL, '1', '2017-01-26 20:22:20', '2017-01-26 23:47:39', '7817f148-e503-4f16-9fa7-e2a8a09c65ef'),
 ('3060', '2933', 'en_us', 'icon-principle-3', NULL, '1', '2017-01-26 23:40:04', '2017-01-26 23:40:04', '72059d32-463a-44f2-96eb-48d4b2868365'),
 ('3061', '2933', 'es_us', 'icon-principle-3', NULL, '1', '2017-01-26 23:40:04', '2017-01-26 23:40:04', 'd2c03b4d-cdd9-44eb-801d-f1c032885ea6'),
 ('3062', '2934', 'en_us', 'icon-principle-4', NULL, '1', '2017-01-26 23:40:04', '2017-01-26 23:40:04', '7dbc3ba3-b052-4b57-9fc3-9a275f5a7fd7'),
 ('3063', '2934', 'es_us', 'icon-principle-4', NULL, '1', '2017-01-26 23:40:04', '2017-01-26 23:40:04', 'a49bb01f-ab91-4c90-bd8f-54785fa3d249'),
 ('3064', '2935', 'en_us', 'icon-principle-5', NULL, '1', '2017-01-26 23:40:04', '2017-01-26 23:40:04', '88abcab1-4870-4c39-99a0-18df53028963'),
 ('3065', '2935', 'es_us', 'icon-principle-5', NULL, '1', '2017-01-26 23:40:04', '2017-01-26 23:40:04', '12ea8b35-4218-4a26-a153-2785b6b9e3d3'),
 ('3066', '2936', 'en_us', 'icon-principle-6', NULL, '1', '2017-01-26 23:40:04', '2017-01-26 23:40:04', '0d28cb91-c57b-4b03-b5d1-220c489c879d'),
 ('3067', '2936', 'es_us', 'icon-principle-6', NULL, '1', '2017-01-26 23:40:04', '2017-01-26 23:40:04', 'f3857f98-bfe9-48fc-bb2a-0c710a0a3465'),
 ('3068', '2937', 'en_us', '', NULL, '1', '2017-01-26 23:47:39', '2017-01-26 23:47:39', '1d078124-62ba-4a5b-bad9-3d3d70a98c9e'),
 ('3069', '2937', 'es_us', '', NULL, '1', '2017-01-26 23:47:39', '2017-01-26 23:47:39', '595a6a48-edef-4be9-9894-72b5787cf2e8'),
 ('3070', '2938', 'en_us', '', NULL, '1', '2017-01-26 23:47:39', '2017-01-26 23:47:39', 'dde9822e-22de-443c-bb3b-c137eb635ac5'),
 ('3071', '2938', 'es_us', '', NULL, '1', '2017-01-26 23:47:39', '2017-01-26 23:47:39', 'e39e165f-9429-4843-b09d-83e62ac069a0'),
 ('3072', '2939', 'en_us', '', NULL, '1', '2017-01-26 23:47:39', '2017-01-26 23:47:39', '5fd25e6a-918f-477b-aa67-e84e1d39f131'),
 ('3073', '2939', 'es_us', '', NULL, '1', '2017-01-26 23:47:39', '2017-01-26 23:47:39', '11785540-c585-4b6a-a588-0d785ee43f64'),
 ('3074', '2940', 'en_us', '', NULL, '1', '2017-01-26 23:47:39', '2017-01-26 23:47:39', '178e064f-a8fe-4353-b295-23bb9e2f2668'),
 ('3075', '2940', 'es_us', '', NULL, '1', '2017-01-26 23:47:39', '2017-01-26 23:47:39', 'e0ba8137-5622-40ed-8c62-e0c14fc00692'),
 ('3076', '2846', 'es_us', '', NULL, '1', '2017-01-30 17:43:59', '2017-01-30 22:23:15', 'ac16c653-e484-4cd0-9315-4caba183a723'),
 ('3077', '2847', 'es_us', '', NULL, '1', '2017-01-30 17:43:59', '2017-01-30 22:23:15', '08977363-5469-4684-82c2-9425d6586c1f'),
 ('3078', '2848', 'es_us', '', NULL, '1', '2017-01-30 17:43:59', '2017-01-30 22:23:15', '6a3aa91e-f228-46da-bc51-64e7c01921eb'),
 ('3079', '2849', 'es_us', '', NULL, '1', '2017-01-30 17:43:59', '2017-01-30 22:23:15', 'e35e104a-199d-44ce-aecb-df507117afaf'),
 ('3080', '2941', 'en_us', 'navigator-timothy-daly', NULL, '1', '2017-01-30 22:23:09', '2017-01-30 22:23:09', '2cfc9147-b79f-4951-8021-b34e1a67aa1c'),
 ('3081', '2941', 'es_us', 'navigator-timothy-daly', NULL, '1', '2017-01-30 22:23:09', '2017-01-30 22:23:09', '312118b8-aee5-4356-92e9-eb38999c1bc4'),
 ('3082', '2851', 'es_us', '', NULL, '1', '2017-01-30 23:17:17', '2017-01-30 23:19:39', '800a9852-abe7-4d7b-bbd8-b76f4436b9a0'),
 ('3083', '2852', 'es_us', '', NULL, '1', '2017-01-30 23:17:17', '2017-01-30 23:19:39', '7b7f83b7-c5f5-49db-973f-11f702666ddb'),
 ('3084', '2853', 'es_us', '', NULL, '1', '2017-01-30 23:17:17', '2017-01-30 23:19:39', '21555367-5b4d-4ebc-a767-4eab1535d245'),
 ('3085', '2854', 'es_us', '', NULL, '1', '2017-01-30 23:17:17', '2017-01-30 23:19:39', '1cacb47e-1515-4ddf-892b-f2d56a405d91'),
 ('3086', '2857', 'es_us', '', NULL, '1', '2017-01-30 23:19:24', '2017-01-30 23:19:24', '14906005-6fe5-45b2-b1e9-930817d9273b'),
 ('3087', '2858', 'es_us', '', NULL, '1', '2017-01-30 23:19:24', '2017-01-30 23:19:24', 'a2df448b-26d3-41d1-89b3-a861959218f6'),
 ('3088', '2859', 'es_us', '', NULL, '1', '2017-01-30 23:19:24', '2017-01-30 23:19:24', '9f268f78-f8db-46e4-ba1f-95afb3e6fe0d'),
 ('3089', '2860', 'es_us', '', NULL, '1', '2017-01-30 23:19:24', '2017-01-30 23:19:24', '484f5258-e097-41cb-90bc-0b034f0cc16c'),
 ('3090', '2861', 'es_us', '', NULL, '1', '2017-01-30 23:19:24', '2017-01-30 23:19:24', 'c402c8f7-935c-4b43-8588-1b7a6d7acdf5'),
 ('3091', '2862', 'es_us', '', NULL, '1', '2017-01-30 23:19:24', '2017-01-30 23:19:24', '29294c0b-6b38-45b4-b026-bd705fffe2db'),
 ('3092', '2863', 'es_us', '', NULL, '1', '2017-01-30 23:19:24', '2017-01-30 23:19:24', 'b8778aba-96d8-4ee0-a195-ee50d6f588b1');



DROP TABLE IF EXISTS `craft_emailmessages`;


--
-- Schema for table `craft_emailmessages`
--
CREATE TABLE `craft_emailmessages` (
  `id` int(11) NOT NULL AUTO_INCREMENT,
  `key` char(150) COLLATE utf8_unicode_ci NOT NULL,
  `locale` char(12) COLLATE utf8_unicode_ci NOT NULL,
  `subject` varchar(1000) COLLATE utf8_unicode_ci NOT NULL,
  `body` text COLLATE utf8_unicode_ci NOT NULL,
  `dateCreated` datetime NOT NULL,
  `dateUpdated` datetime NOT NULL,
  `uid` char(36) COLLATE utf8_unicode_ci NOT NULL DEFAULT '0',
  PRIMARY KEY (`id`),
  UNIQUE KEY `craft_emailmessages_key_locale_unq_idx` (`key`,`locale`),
  KEY `craft_emailmessages_locale_fk` (`locale`)
) ENGINE=InnoDB DEFAULT CHARSET=utf8 COLLATE=utf8_unicode_ci;

DROP TABLE IF EXISTS `craft_entries`;


--
-- Schema for table `craft_entries`
--
CREATE TABLE `craft_entries` (
  `id` int(11) NOT NULL,
  `sectionId` int(11) NOT NULL,
  `typeId` int(11) DEFAULT NULL,
  `authorId` int(11) DEFAULT NULL,
  `postDate` datetime DEFAULT NULL,
  `expiryDate` datetime DEFAULT NULL,
  `dateCreated` datetime NOT NULL,
  `dateUpdated` datetime NOT NULL,
  `uid` char(36) COLLATE utf8_unicode_ci NOT NULL DEFAULT '0',
  PRIMARY KEY (`id`),
  KEY `craft_entries_sectionId_idx` (`sectionId`),
  KEY `craft_entries_typeId_idx` (`typeId`),
  KEY `craft_entries_postDate_idx` (`postDate`),
  KEY `craft_entries_expiryDate_idx` (`expiryDate`),
  KEY `craft_entries_authorId_fk` (`authorId`)
) ENGINE=InnoDB DEFAULT CHARSET=utf8 COLLATE=utf8_unicode_ci;

--
-- Data for table `craft_entries`
--

INSERT INTO `craft_entries` (`id`, `sectionId`, `typeId`, `authorId`, `postDate`, `expiryDate`, `dateCreated`, `dateUpdated`, `uid`) VALUES
 ('2', '1', '1', NULL, '2017-01-03 22:07:47', NULL, '2016-10-10 20:59:13', '2017-01-26 16:52:05', '5b456b8e-942c-4e51-817a-ebe4ee67d82b'),
 ('2830', '9', '9', '1', '2016-12-20 19:41:00', NULL, '2016-12-20 19:41:21', '2017-01-26 23:47:39', '4e0448e6-33a9-4566-a796-74aebdb758bf'),
 ('2831', '10', '10', NULL, '2017-01-25 17:15:13', NULL, '2016-12-20 19:42:21', '2017-01-26 16:38:33', 'c8143b06-fd8b-4f14-94e0-6e41e392373e'),
 ('2843', '9', '15', '1', '2016-12-20 22:01:00', NULL, '2016-12-20 22:01:56', '2016-12-20 22:03:48', 'efa3fc67-8588-4e3f-9189-07bb1a1414fa'),
 ('2845', '9', '15', '1', '2016-12-20 22:40:00', NULL, '2016-12-20 22:40:44', '2017-01-30 22:23:15', '5ce8468b-728f-4dfe-9381-fbb30248c8f1'),
 ('2850', '9', '15', '1', '2016-12-20 22:49:00', NULL, '2016-12-20 22:49:44', '2017-01-30 23:19:39', 'cca156b6-6fc8-4582-9402-ed0a88b4ee2e'),
 ('2856', '9', '15', '1', '2016-12-20 23:00:00', NULL, '2016-12-20 23:04:45', '2017-01-30 23:19:24', '45c0fadf-a3af-46f0-b267-700cd935b36e'),
 ('2880', '14', '17', '1', '2017-01-17 20:42:00', NULL, '2017-01-17 20:42:53', '2017-01-24 19:56:25', '5eb909a5-443b-4f9d-8082-f45bc5c566e9'),
 ('2885', '14', '17', '1', '2017-01-17 22:45:00', NULL, '2017-01-17 22:45:59', '2017-01-23 23:06:07', '5ce95780-039a-4dd6-96a7-96f697a25952'),
 ('2890', '13', '16', '1', '2017-01-17 23:12:01', NULL, '2017-01-17 23:12:01', '2017-01-17 23:12:01', 'ee89c3e3-ca5a-42da-ad03-2685ef58d1c0'),
 ('2892', '14', '19', '1', '2017-01-17 23:21:00', NULL, '2017-01-17 23:21:22', '2017-01-24 20:48:32', '9f75bab2-2fe1-46e0-9d2b-51aa85d653cd'),
 ('2893', '13', '18', '1', '2017-01-17 23:21:00', NULL, '2017-01-17 23:21:44', '2017-01-23 22:28:16', '0c252f1d-6559-43a3-bbc3-c479895f24d6'),
 ('2895', '13', '16', '1', '2017-01-17 23:35:21', NULL, '2017-01-17 23:35:21', '2017-01-17 23:35:21', '6783e617-163a-4221-820e-206845516008'),
 ('2897', '13', '16', '1', '2017-01-18 15:23:00', NULL, '2017-01-18 15:23:58', '2017-01-20 15:28:57', '834db197-4f5c-495d-87ff-739650d74919'),
 ('2902', '13', '16', '1', '2017-01-18 15:30:09', NULL, '2017-01-18 15:30:09', '2017-01-18 15:30:09', '2e4e085d-90b6-4c44-9263-c9ddf3d15299'),
 ('2905', '13', '16', '1', '2017-01-18 16:44:00', NULL, '2017-01-18 16:44:06', '2017-01-20 16:29:46', '1d94a093-c994-4f8e-a7c7-72282c440aef'),
 ('2911', '14', '17', '1', '2017-01-24 17:25:00', NULL, '2017-01-24 17:25:49', '2017-01-24 18:04:49', '7aec202e-9769-4033-82c9-afad5e21382a');



DROP TABLE IF EXISTS `craft_entrydrafts`;


--
-- Schema for table `craft_entrydrafts`
--
CREATE TABLE `craft_entrydrafts` (
  `id` int(11) NOT NULL AUTO_INCREMENT,
  `entryId` int(11) NOT NULL,
  `sectionId` int(11) NOT NULL,
  `creatorId` int(11) NOT NULL,
  `locale` char(12) COLLATE utf8_unicode_ci NOT NULL,
  `name` varchar(255) COLLATE utf8_unicode_ci NOT NULL,
  `notes` tinytext COLLATE utf8_unicode_ci,
  `data` mediumtext COLLATE utf8_unicode_ci NOT NULL,
  `dateCreated` datetime NOT NULL,
  `dateUpdated` datetime NOT NULL,
  `uid` char(36) COLLATE utf8_unicode_ci NOT NULL DEFAULT '0',
  PRIMARY KEY (`id`),
  KEY `craft_entrydrafts_entryId_locale_idx` (`entryId`,`locale`),
  KEY `craft_entrydrafts_sectionId_fk` (`sectionId`),
  KEY `craft_entrydrafts_creatorId_fk` (`creatorId`),
  KEY `craft_entrydrafts_locale_fk` (`locale`)
) ENGINE=InnoDB DEFAULT CHARSET=utf8 COLLATE=utf8_unicode_ci;

DROP TABLE IF EXISTS `craft_entrytypes`;


--
-- Schema for table `craft_entrytypes`
--
CREATE TABLE `craft_entrytypes` (
  `id` int(11) NOT NULL AUTO_INCREMENT,
  `sectionId` int(11) NOT NULL,
  `fieldLayoutId` int(11) DEFAULT NULL,
  `name` varchar(255) COLLATE utf8_unicode_ci NOT NULL,
  `handle` varchar(255) COLLATE utf8_unicode_ci NOT NULL,
  `hasTitleField` tinyint(1) unsigned NOT NULL DEFAULT '1',
  `titleLabel` varchar(255) COLLATE utf8_unicode_ci DEFAULT 'Title',
  `titleFormat` varchar(255) COLLATE utf8_unicode_ci DEFAULT NULL,
  `sortOrder` smallint(6) unsigned DEFAULT NULL,
  `dateCreated` datetime NOT NULL,
  `dateUpdated` datetime NOT NULL,
  `uid` char(36) COLLATE utf8_unicode_ci NOT NULL DEFAULT '0',
  PRIMARY KEY (`id`),
  UNIQUE KEY `craft_entrytypes_name_sectionId_unq_idx` (`name`,`sectionId`),
  UNIQUE KEY `craft_entrytypes_handle_sectionId_unq_idx` (`handle`,`sectionId`),
  KEY `craft_entrytypes_sectionId_fk` (`sectionId`),
  KEY `craft_entrytypes_fieldLayoutId_fk` (`fieldLayoutId`)
) ENGINE=InnoDB AUTO_INCREMENT=20 DEFAULT CHARSET=utf8 COLLATE=utf8_unicode_ci;

--
-- Data for table `craft_entrytypes`
--

INSERT INTO `craft_entrytypes` (`id`, `sectionId`, `fieldLayoutId`, `name`, `handle`, `hasTitleField`, `titleLabel`, `titleFormat`, `sortOrder`, `dateCreated`, `dateUpdated`, `uid`) VALUES
 ('1', '1', '125', 'Homepage', 'homepage', '1', 'Title', NULL, '1', '2016-10-10 20:59:13', '2017-01-09 23:18:20', '41560ee1-2bc4-4349-b204-f9fbf3febd22'),
 ('9', '9', '156', 'Who We Are', 'whoWeAre', '0', NULL, '{section.name|raw}', '1', '2016-12-20 19:41:21', '2017-01-26 19:45:53', 'cb9e9edd-5eb7-4dda-bcfd-7a0aa3f7218a'),
 ('10', '10', '152', 'How We Help', 'howWeHelp', '0', NULL, '{section.name|raw}', '1', '2016-12-20 19:42:21', '2017-01-25 21:49:38', 'a377c6f9-225e-4c08-b642-0d655f74292d'),
 ('11', '11', '99', 'resources', 'resources', '1', 'Title', NULL, '1', '2016-12-20 19:48:02', '2016-12-20 19:48:02', '2db5181d-e45a-4b55-8859-966957d32117'),
 ('12', '12', '100', 'blog', 'blog', '1', 'Title', NULL, '1', '2016-12-20 19:54:02', '2016-12-20 19:54:02', '18d047b2-2fd4-45c3-a423-eee28e66a14e'),
 ('15', '9', '163', 'People', 'people', '1', 'Title', NULL, '2', '2016-12-20 22:03:22', '2017-01-30 18:38:13', '4f164fea-1ec4-4bc2-afc6-558097790292'),
 ('16', '13', '138', 'For Employers', 'employers', '1', 'Section Title', NULL, '1', '2017-01-04 23:32:41', '2017-01-17 23:10:49', '5c24e203-e64f-4c39-8aec-1480281dedb6'),
 ('17', '14', '132', 'For Families', 'families', '1', 'Page Section Title', NULL, '1', '2017-01-04 23:33:20', '2017-01-17 20:49:44', '57760038-9172-4ef1-b158-490851662f55'),
 ('18', '13', '143', 'User Path Landing Page', 'userPathLandingPage', '1', 'Title', NULL, '2', '2017-01-17 23:43:03', '2017-01-23 22:12:48', 'aeae0dc4-3d5b-4501-80e6-3ebd96304d83'),
 ('19', '14', '144', 'User Path Landing Page', 'userPathLandingPage', '1', 'Title', NULL, '2', '2017-01-23 22:13:35', '2017-01-23 22:13:35', '364f09e7-0342-4210-95e2-7d8a511312c0');



DROP TABLE IF EXISTS `craft_entryversions`;


--
-- Schema for table `craft_entryversions`
--
CREATE TABLE `craft_entryversions` (
  `id` int(11) NOT NULL AUTO_INCREMENT,
  `entryId` int(11) NOT NULL,
  `sectionId` int(11) NOT NULL,
  `creatorId` int(11) DEFAULT NULL,
  `locale` char(12) COLLATE utf8_unicode_ci NOT NULL,
  `num` smallint(6) unsigned NOT NULL,
  `notes` tinytext COLLATE utf8_unicode_ci,
  `data` mediumtext COLLATE utf8_unicode_ci NOT NULL,
  `dateCreated` datetime NOT NULL,
  `dateUpdated` datetime NOT NULL,
  `uid` char(36) COLLATE utf8_unicode_ci NOT NULL DEFAULT '0',
  PRIMARY KEY (`id`),
  KEY `craft_entryversions_entryId_locale_idx` (`entryId`,`locale`),
  KEY `craft_entryversions_sectionId_fk` (`sectionId`),
  KEY `craft_entryversions_creatorId_fk` (`creatorId`),
  KEY `craft_entryversions_locale_fk` (`locale`)
) ENGINE=InnoDB AUTO_INCREMENT=311 DEFAULT CHARSET=utf8 COLLATE=utf8_unicode_ci;

--
-- Data for table `craft_entryversions`
--

INSERT INTO `craft_entryversions` (`id`, `entryId`, `sectionId`, `creatorId`, `locale`, `num`, `notes`, `data`, `dateCreated`, `dateUpdated`, `uid`) VALUES
 ('1', '2', '1', '1', 'en_us', '1', NULL, '{\"typeId\":\"1\",\"authorId\":null,\"title\":\"Homepage\",\"slug\":\"homepage\",\"postDate\":1476133153,\"expiryDate\":null,\"enabled\":1,\"parentId\":null,\"fields\":[]}', '2016-10-10 20:59:13', '2016-10-10 20:59:13', '54e14552-2a66-4f7f-b4d9-04d21c024613'),
 ('2', '2', '1', '1', 'en_us', '2', NULL, '{\"typeId\":null,\"authorId\":null,\"title\":\"Welcome to ednavigator.dev!\",\"slug\":\"homepage\",\"postDate\":1476133153,\"expiryDate\":null,\"enabled\":\"1\",\"parentId\":null,\"fields\":{\"1\":\"<p>It\\u2019s true, this site doesn\\u2019t have a whole lot of content yet, but don\\u2019t worry. Our web developers have just installed the CMS, and they\\u2019re setting things up for the content editors this very moment. Soon ednavigator.dev will be an oasis of fresh perspectives, sharp analyses, and astute opinions that will keep you coming back again and again.<\\/p>\"}}', '2016-10-10 20:59:13', '2016-10-10 20:59:13', '2145ca22-535c-4fab-9578-0b7c2397811b'),
 ('68', '2', '1', '1', 'en_us', '3', '', '{\"typeId\":null,\"authorId\":null,\"title\":\"Homepage1\",\"slug\":\"homepage\",\"postDate\":1476133153,\"expiryDate\":null,\"enabled\":1,\"parentId\":null,\"fields\":{\"1\":\"<p>Currently unused.<\\/p>\"}}', '2016-12-14 20:29:43', '2016-12-14 20:29:43', 'e2d5f57b-5411-4d27-9f96-28cd37468d29'),
 ('69', '2', '1', '1', 'en_us', '4', '', '{\"typeId\":null,\"authorId\":null,\"title\":\"Homepage\",\"slug\":\"homepage\",\"postDate\":1476133153,\"expiryDate\":null,\"enabled\":1,\"parentId\":null,\"fields\":{\"1\":\"<p>Currently unused.<\\/p>\"}}', '2016-12-14 20:29:48', '2016-12-14 20:29:48', 'a35bd8b3-824f-485e-aeec-8c0e015c98f2'),
 ('70', '2', '1', '1', 'en_us', '5', '', '{\"typeId\":null,\"authorId\":null,\"title\":\"Homepage\",\"slug\":\"homepage\",\"postDate\":1476133153,\"expiryDate\":null,\"enabled\":1,\"parentId\":null,\"fields\":{\"1\":\"<p>Currently unused, just redirects to \\/work.<\\/p>\"}}', '2016-12-14 20:30:01', '2016-12-14 20:30:01', 'ea6638df-8cda-41ff-9b91-c1b73c1a1ec8'),
 ('216', '2830', '9', '1', 'en_us', '1', NULL, '{\"typeId\":\"9\",\"authorId\":null,\"title\":\"Who We Are\",\"slug\":\"who-we-are\",\"postDate\":1482262881,\"expiryDate\":null,\"enabled\":1,\"parentId\":null,\"fields\":[]}', '2016-12-20 19:41:21', '2016-12-20 19:41:21', '13e75dd3-2919-4d63-80a1-488f20c04c31'),
 ('217', '2831', '10', '1', 'en_us', '1', NULL, '{\"typeId\":\"10\",\"authorId\":null,\"title\":\"How We Help\",\"slug\":\"how-we-help\",\"postDate\":1482262941,\"expiryDate\":null,\"enabled\":1,\"parentId\":null,\"fields\":[]}', '2016-12-20 19:42:21', '2016-12-20 19:42:21', '9581ce8e-86cd-46b3-9ca9-726beef908a0'),
 ('220', '2843', '9', '1', 'en_us', '1', '', '{\"typeId\":null,\"authorId\":\"1\",\"title\":\"Who We Are\",\"slug\":\"navigators\",\"postDate\":1482271260,\"expiryDate\":null,\"enabled\":1,\"parentId\":\"2830\",\"fields\":{\"44\":\"\",\"7\":\"\",\"6\":\"\"}}', '2016-12-20 22:01:56', '2016-12-20 22:01:56', '43b9236d-7538-4fd3-8079-0c8abb0cfb54'),
 ('221', '2843', '9', '1', 'en_us', '2', '', '{\"typeId\":\"15\",\"authorId\":\"1\",\"title\":\"Navigators\",\"slug\":\"navigators\",\"postDate\":1482271260,\"expiryDate\":null,\"enabled\":1,\"parentId\":\"2830\",\"fields\":{\"36\":\"\",\"7\":\"\",\"6\":\"\",\"2\":\"\"}}', '2016-12-20 22:03:48', '2016-12-20 22:03:48', '40beb7d2-eb33-48c2-b719-ffe86a6f61ee'),
 ('222', '2845', '9', '1', 'en_us', '1', '', '{\"typeId\":\"15\",\"authorId\":\"1\",\"title\":\"Leadership\",\"slug\":\"leadership\",\"postDate\":1482273600,\"expiryDate\":null,\"enabled\":1,\"parentId\":\"2830\",\"fields\":{\"36\":{\"new1\":{\"type\":\"person\",\"enabled\":\"1\",\"fields\":{\"personName\":\"Timothy Daly\",\"personTitle\":\"Founding Partner\",\"bio\":\"\",\"photo\":\"\"}},\"new2\":{\"type\":\"person\",\"enabled\":\"1\",\"fields\":{\"personName\":\"Whitney Henderson\",\"personTitle\":\"Navigator-in-chief\",\"bio\":\"\",\"photo\":\"\"}},\"new3\":{\"type\":\"person\",\"enabled\":\"1\",\"fields\":{\"personName\":\"David Keeling\",\"personTitle\":\"Founding Partner\",\"bio\":\"\",\"photo\":\"\"}},\"new4\":{\"type\":\"person\",\"enabled\":\"1\",\"fields\":{\"personName\":\"Ariela Rozman\",\"personTitle\":\"Founding Partner\",\"bio\":\"\",\"photo\":\"\"}}},\"7\":\"\",\"6\":\"\",\"2\":\"\"}}', '2016-12-20 22:40:44', '2016-12-20 22:40:44', 'cecb0199-56c5-4b2b-a3ed-04acfcd29b08'),
 ('223', '2850', '9', '1', 'en_us', '1', '', '{\"typeId\":\"15\",\"authorId\":\"1\",\"title\":\"Board of Directors\",\"slug\":\"board-of-directors\",\"postDate\":1482274184,\"expiryDate\":null,\"enabled\":1,\"parentId\":\"2830\",\"fields\":{\"36\":{\"new1\":{\"type\":\"person\",\"enabled\":\"1\",\"fields\":{\"personName\":\"Kriste Dragon\",\"personTitle\":\"Co-founder and Chief Executive Officer, Citizens of the World Charter Schools\",\"bio\":\"\",\"photo\":\"\"}},\"new2\":{\"type\":\"person\",\"enabled\":\"1\",\"fields\":{\"personName\":\"Kaya Henderson\",\"personTitle\":\"Former Chancellor,  DC Public Schools\",\"bio\":\"\",\"photo\":\"\"}},\"new3\":{\"type\":\"person\",\"enabled\":\"1\",\"fields\":{\"personName\":\"Ryan Smith\",\"personTitle\":\"Executive Director,  Education Trust-West\",\"bio\":\"\",\"photo\":\"\"}},\"new4\":{\"type\":\"person\",\"enabled\":\"1\",\"fields\":{\"personName\":\"Chris Stewart\",\"personTitle\":\"Director of Outreach and External Affairs, Education Post\",\"bio\":\"\",\"photo\":\"\"}}},\"7\":\"\",\"6\":\"\",\"2\":\"\"}}', '2016-12-20 22:49:44', '2016-12-20 22:49:44', '296db270-2b75-4d48-80bf-f0a73b0ca3cb'),
 ('224', '2856', '9', '1', 'en_us', '1', '', '{\"typeId\":\"15\",\"authorId\":\"1\",\"title\":\"Our Partners                 \",\"slug\":\"our-partners\",\"postDate\":1482274800,\"expiryDate\":null,\"enabled\":1,\"parentId\":\"2830\",\"fields\":{\"36\":{\"new1\":{\"type\":\"person\",\"enabled\":\"1\",\"fields\":{\"personName\":\"International House Hotel\",\"personTitle\":\"Anchor Partner\",\"bio\":\"<p>International House Hotel is a luxury boutique hotel located in downtown New Orleans, with 117 rooms. EdNavigator support is available to any eligible employee who is interested.&nbsp;<\\/p>\",\"photo\":\"\"}},\"new2\":{\"type\":\"person\",\"enabled\":\"1\",\"fields\":{\"personName\":\"The New Orleans marriott\",\"personTitle\":\"\",\"bio\":\"<p>Located on Canal Street, the New Orleans Marriott is the city\\u2019s second-largest hotel, with 1,330 rooms.<\\/p>\",\"photo\":\"\"}},\"new3\":{\"type\":\"person\",\"enabled\":\"1\",\"fields\":{\"personName\":\"The Hyatt Regency New Orleans\",\"personTitle\":\"\",\"bio\":\"\",\"photo\":\"\"}},\"new4\":{\"type\":\"person\",\"enabled\":\"1\",\"fields\":{\"personName\":\"The JW Marriott New Orleans\",\"personTitle\":\"\",\"bio\":\"\",\"photo\":\"\"}},\"new5\":{\"type\":\"person\",\"enabled\":\"1\",\"fields\":{\"personName\":\"The Ritz-Carlton New Orleans\",\"personTitle\":\"\",\"bio\":\"\",\"photo\":\"\"}},\"new6\":{\"type\":\"person\",\"enabled\":\"1\",\"fields\":{\"personName\":\"The Residence Inn New Orleans Downtwon\",\"personTitle\":\"\",\"bio\":\"\",\"photo\":\"\"}},\"new7\":{\"type\":\"person\",\"enabled\":\"1\",\"fields\":{\"personName\":\"The New Orleans Marriott At The Convention Center\",\"personTitle\":\"\",\"bio\":\"\",\"photo\":\"\"}}},\"7\":\"\",\"6\":\"\",\"2\":\"\"}}', '2016-12-20 23:04:45', '2016-12-20 23:04:45', '02c81e76-7e07-4511-b6d8-2288a08f4293'),
 ('225', '2831', '10', '1', 'en_us', '2', '', '{\"typeId\":null,\"authorId\":null,\"title\":\"How We Help\",\"slug\":\"how-we-help\",\"postDate\":1482262941,\"expiryDate\":null,\"enabled\":1,\"parentId\":null,\"fields\":{\"48\":\"We give hard-working families personalized, ongoing support along the path from preschool to college.\",\"7\":\"\",\"6\":\"\"}}', '2017-01-03 17:00:02', '2017-01-03 17:00:02', '5552d29b-74cc-457c-b504-fe9fe15f3dde'),
 ('228', '2', '1', '1', 'en_us', '6', '', '{\"typeId\":\"1\",\"authorId\":null,\"title\":\"Homepage\",\"slug\":\"homepage\",\"postDate\":1483481267,\"expiryDate\":null,\"enabled\":1,\"parentId\":null,\"fields\":{\"50\":\"\",\"49\":\"\",\"48\":\"\",\"7\":\"\",\"6\":\"\",\"51\":{\"new1\":{\"type\":\"userPath\",\"enabled\":\"1\",\"fields\":{\"pathTitle\":\"For Employers\",\"pathLinkText\":\"Invest in your greatest asset \\u2014\\u00a0your people.\",\"pathPage\":[\"2864\"],\"pathImage\":[\"2866\"]}},\"new2\":{\"type\":\"userPath\",\"enabled\":\"1\",\"fields\":{\"pathTitle\":\"For Families\\r\\n& Students\",\"pathLinkText\":\"Find your path.\",\"pathPage\":[\"2865\"],\"pathImage\":[\"2867\"]}}}}}', '2017-01-05 16:42:04', '2017-01-05 16:42:04', '762c9833-33cd-40be-9658-d4205beae4cf'),
 ('229', '2', '1', '1', 'en_us', '7', '', '{\"typeId\":\"1\",\"authorId\":null,\"title\":\"Homepage\",\"slug\":\"homepage\",\"postDate\":1483481267,\"expiryDate\":null,\"enabled\":1,\"parentId\":null,\"fields\":{\"50\":\"\",\"49\":\"<p>We partner with leading businesses to help hard-working families find a path \\r\\nto success in school and beyond.<\\/p>\",\"48\":\"Education is \\r\\nthe path to a better life\",\"7\":\"\",\"6\":\"\",\"51\":{\"2868\":{\"type\":\"userPath\",\"enabled\":\"1\",\"fields\":{\"pathTitle\":\"For Employers\",\"pathLinkText\":\"Invest in your greatest asset \\u2014\\u00a0your people.\",\"pathPage\":[\"2864\"],\"pathImage\":[\"2866\"]}},\"2869\":{\"type\":\"userPath\",\"enabled\":\"1\",\"fields\":{\"pathTitle\":\"For Families\\r\\n& Students\",\"pathLinkText\":\"Find your path.\",\"pathPage\":[\"2865\"],\"pathImage\":[\"2867\"]}}}}}', '2017-01-05 16:53:38', '2017-01-05 16:53:38', 'd7aa4824-1d11-462a-b2e7-e637567e9552'),
 ('230', '2', '1', '1', 'en_us', '8', '', '{\"typeId\":\"1\",\"authorId\":null,\"title\":\"Homepage\",\"slug\":\"homepage\",\"postDate\":1483481267,\"expiryDate\":null,\"enabled\":1,\"parentId\":null,\"fields\":{\"50\":[\"2870\"],\"49\":\"<p>We partner with leading businesses to help hard-working families find a path \\r\\nto success in school and beyond.<\\/p>\",\"48\":\"Education is \\r\\nthe path to a better life\",\"7\":\"\",\"6\":\"\",\"51\":{\"2868\":{\"type\":\"userPath\",\"enabled\":\"1\",\"fields\":{\"pathTitle\":\"For Employers\",\"pathLinkText\":\"Invest in your greatest asset \\u2014\\u00a0your people.\",\"pathPage\":[\"2864\"],\"pathImage\":[\"2866\"]}},\"2869\":{\"type\":\"userPath\",\"enabled\":\"1\",\"fields\":{\"pathTitle\":\"For Families\\r\\n& Students\",\"pathLinkText\":\"Find your path.\",\"pathPage\":[\"2865\"],\"pathImage\":[\"2867\"]}}}}}', '2017-01-05 17:48:24', '2017-01-05 17:48:24', '4e154c99-c056-41c7-a587-d74e8401f4d5'),
 ('231', '2', '1', '1', 'en_us', '9', '', '{\"typeId\":\"1\",\"authorId\":null,\"title\":\"Homepage\",\"slug\":\"homepage\",\"postDate\":1483481267,\"expiryDate\":null,\"enabled\":1,\"parentId\":null,\"fields\":{\"50\":[\"2871\"],\"49\":\"<p>We partner with leading businesses to help hard-working families find a path \\r\\nto success in school and beyond.<\\/p>\",\"48\":\"Education is \\r\\nthe path to a better life\",\"7\":\"\",\"6\":\"\",\"51\":{\"2868\":{\"type\":\"userPath\",\"enabled\":\"1\",\"fields\":{\"pathTitle\":\"For Employers\",\"pathLinkText\":\"Invest in your greatest asset \\u2014\\u00a0your people.\",\"pathPage\":[\"2864\"],\"pathImage\":\"\"}},\"2869\":{\"type\":\"userPath\",\"enabled\":\"1\",\"fields\":{\"pathTitle\":\"For Families\\r\\n& Students\",\"pathLinkText\":\"Find your path.\",\"pathPage\":[\"2865\"],\"pathImage\":\"\"}}}}}', '2017-01-05 18:10:29', '2017-01-05 18:10:29', 'fafe2369-367c-402e-a1dd-ce0c535e6f0d'),
 ('232', '2', '1', '1', 'en_us', '10', '', '{\"typeId\":\"1\",\"authorId\":null,\"title\":\"Homepage\",\"slug\":\"homepage\",\"postDate\":1483481267,\"expiryDate\":null,\"enabled\":1,\"parentId\":null,\"fields\":{\"50\":[\"2871\"],\"49\":\"<p>We partner with leading businesses to help hard-working families find a path \\r\\nto success in school and beyond.<\\/p>\",\"48\":\"Education is \\r\\nthe path to a better life\",\"7\":\"\",\"6\":\"\",\"51\":{\"2868\":{\"type\":\"userPath\",\"enabled\":\"1\",\"fields\":{\"pathTitle\":\"For Employers\",\"pathLinkText\":\"Invest in your greatest asset \\u2014\\u00a0your people.\",\"pathPage\":[\"2864\"],\"pathImage\":[\"2866\"]}},\"2869\":{\"type\":\"userPath\",\"enabled\":\"1\",\"fields\":{\"pathTitle\":\"For Families\\r\\n& Students\",\"pathLinkText\":\"Find your path.\",\"pathPage\":[\"2865\"],\"pathImage\":[\"2867\"]}}}}}', '2017-01-05 18:11:07', '2017-01-05 18:11:07', '348505a7-6924-4771-bf53-32ef6bc46d92'),
 ('233', '2', '1', '1', 'en_us', '11', '', '{\"typeId\":\"1\",\"authorId\":null,\"title\":\"Homepage\",\"slug\":\"homepage\",\"postDate\":1483481267,\"expiryDate\":null,\"enabled\":1,\"parentId\":null,\"fields\":{\"50\":[\"2871\"],\"49\":\"<p>We partner with leading businesses to help hard-working families find a path \\r\\nto success in school and beyond.<\\/p>\",\"48\":\"Education is \\r\\nthe path to a better life\",\"7\":\"\",\"6\":\"\",\"51\":{\"2868\":{\"type\":\"userPath\",\"enabled\":\"1\",\"fields\":{\"pathTitle\":\"For Employers\",\"pathLinkText\":\"Invest in your greatest asset \\u2014\\u00a0your people.\",\"pathPage\":[\"2864\"],\"pathImage\":[\"2866\"]}},\"2869\":{\"type\":\"userPath\",\"enabled\":\"1\",\"fields\":{\"pathTitle\":\"For Families\\r\\n& Students\",\"pathLinkText\":\"Find your path.\",\"pathPage\":[\"2865\"],\"pathImage\":[\"2867\"]}}}}}', '2017-01-05 18:25:50', '2017-01-05 18:25:50', '98c9e585-6589-4cf3-8ce9-281c1bcac197'),
 ('234', '2', '1', '1', 'en_us', '12', '', '{\"typeId\":\"1\",\"authorId\":null,\"title\":\"Homepage\",\"slug\":\"homepage\",\"postDate\":1483481267,\"expiryDate\":null,\"enabled\":1,\"parentId\":null,\"fields\":{\"50\":[\"2871\"],\"49\":\"<p>We partner with leading businesses to help hard-working families find a path \\r\\nto success in school and beyond.<\\/p>\",\"48\":\"Education is<br> \\r\\nthe path to a better life\",\"7\":\"\",\"6\":\"\",\"51\":{\"2868\":{\"type\":\"userPath\",\"enabled\":\"1\",\"fields\":{\"pathTitle\":\"For Employers\",\"pathLinkText\":\"Invest in your greatest asset \\u2014\\u00a0your people.\",\"pathPage\":[\"2864\"],\"pathImage\":[\"2866\"]}},\"2869\":{\"type\":\"userPath\",\"enabled\":\"1\",\"fields\":{\"pathTitle\":\"For Families<br>\\r\\n& Students\",\"pathLinkText\":\"Find your path.\",\"pathPage\":[\"2865\"],\"pathImage\":[\"2867\"]}}}}}', '2017-01-05 18:26:33', '2017-01-05 18:26:33', '96589a64-e47f-479a-ad6c-fdf066c555cf'),
 ('235', '2', '1', '1', 'en_us', '13', '', '{\"typeId\":\"1\",\"authorId\":null,\"title\":\"Homepage\",\"slug\":\"homepage\",\"postDate\":1483481267,\"expiryDate\":null,\"enabled\":1,\"parentId\":null,\"fields\":{\"50\":[\"2871\"],\"49\":\"<p>We partner with leading businesses to help hard-working families find a path \\r\\nto success in school and beyond.<\\/p>\",\"48\":\"Education is \\r\\nthe path to a better life\",\"7\":\"\",\"6\":\"\",\"51\":{\"2868\":{\"type\":\"userPath\",\"enabled\":\"1\",\"fields\":{\"pathTitle\":\"For Employers\",\"pathLinkText\":\"Invest in your greatest asset \\u2014\\u00a0your people.\",\"pathPage\":[\"2864\"],\"pathImage\":[\"2866\"]}},\"2869\":{\"type\":\"userPath\",\"enabled\":\"1\",\"fields\":{\"pathTitle\":\"For Families\\r\\n& Students\",\"pathLinkText\":\"Find your path.\",\"pathPage\":[\"2865\"],\"pathImage\":[\"2867\"]}}}}}', '2017-01-05 18:26:59', '2017-01-05 18:26:59', 'ca81cd67-088e-4d24-92be-a79a8226fd03'),
 ('236', '2', '1', '1', 'en_us', '14', '', '{\"typeId\":\"1\",\"authorId\":null,\"title\":\"Homepage\",\"slug\":\"homepage\",\"postDate\":1483481267,\"expiryDate\":null,\"enabled\":1,\"parentId\":null,\"fields\":{\"50\":[\"2871\"],\"49\":\"<p>We partner with leading businesses to help hard-working families find a path \\r\\nto success in school and beyond.<\\/p>\",\"48\":\"Education is \\r\\nthe path to a better life\",\"7\":\"\",\"6\":\"\",\"51\":{\"2868\":{\"type\":\"userPath\",\"enabled\":\"1\",\"fields\":{\"pathTitle\":\"For Employers\",\"pathLinkText\":\"Invest in your greatest asset \\u2014\\u00a0your people.\",\"pathPage\":[\"2864\"],\"pathImage\":[\"2866\"]}},\"2869\":{\"type\":\"userPath\",\"enabled\":\"1\",\"fields\":{\"pathTitle\":\"For Families\\r\\n& Students\",\"pathLinkText\":\"Find your path.\",\"pathPage\":[\"2865\"],\"pathImage\":[\"2867\"]}}}}}', '2017-01-05 19:37:01', '2017-01-05 19:37:01', 'b12bccb4-6d8b-43c4-ae29-a3530b28e713'),
 ('237', '2', '1', '1', 'en_us', '15', '', '{\"typeId\":\"1\",\"authorId\":null,\"title\":\"Homepage\",\"slug\":\"homepage\",\"postDate\":1483481267,\"expiryDate\":null,\"enabled\":1,\"parentId\":null,\"fields\":{\"50\":[\"2871\"],\"49\":\"<p>We partner with leading businesses to help hard-working families find a path \\r\\nto success in school and beyond.<\\/p>\",\"48\":\"Education is \\r\\nthe path to a better life\",\"36\":\"\",\"7\":\"\",\"6\":\"\",\"51\":{\"2868\":{\"type\":\"userPath\",\"enabled\":\"1\",\"fields\":{\"pathTitle\":\"For\\r\\nEmployers\",\"pathLinkText\":\"Invest in your greatest asset \\u2014\\u00a0your people.\",\"pathPage\":[\"2864\"],\"pathImage\":[\"2866\"]}},\"2869\":{\"type\":\"userPath\",\"enabled\":\"1\",\"fields\":{\"pathTitle\":\"For Families\\r\\n& Students\",\"pathLinkText\":\"Find your path.\",\"pathPage\":[\"2865\"],\"pathImage\":[\"2867\"]}}}}}', '2017-01-09 21:26:11', '2017-01-09 21:26:11', '53e7ebc9-89c0-4810-91f5-28b07f0deac8'),
 ('238', '2', '1', '1', 'en_us', '16', '', '{\"typeId\":\"1\",\"authorId\":null,\"title\":\"Homepage\",\"slug\":\"homepage\",\"postDate\":1483481267,\"expiryDate\":null,\"enabled\":1,\"parentId\":null,\"fields\":{\"50\":[\"2871\"],\"49\":\"<p>We partner with leading businesses to help hard-working families find a path \\r\\nto success in school and beyond.<\\/p>\",\"48\":\"Education is \\r\\nthe path to a better life\",\"36\":\"\",\"7\":\"\",\"6\":\"\",\"51\":{\"2868\":{\"type\":\"userPath\",\"enabled\":\"1\",\"fields\":{\"pathTitle\":\"For\\r\\nEmployers\",\"pathLinkText\":\"Invest in your greatest\\r\\nasset \\u2014\\u00a0your people.\",\"pathPage\":[\"2864\"],\"pathImage\":[\"2866\"]}},\"2869\":{\"type\":\"userPath\",\"enabled\":\"1\",\"fields\":{\"pathTitle\":\"For Families\\r\\n& Students\",\"pathLinkText\":\"Find your path.\",\"pathPage\":[\"2865\"],\"pathImage\":[\"2867\"]}}}}}', '2017-01-09 21:27:03', '2017-01-09 21:27:03', '6630615d-3d5c-418c-85bf-5829fd9c2986'),
 ('239', '2880', '14', '1', 'en_us', '1', '', '{\"typeId\":null,\"authorId\":\"1\",\"title\":\"For Families\",\"slug\":\"test\",\"postDate\":1484685772,\"expiryDate\":null,\"enabled\":1,\"parentId\":\"\",\"fields\":{\"59\":{\"new1\":{\"type\":\"pageSection\",\"enabled\":\"1\",\"fields\":{\"sectionTitle\":\"Test\",\"sectionImage\":[\"2876\"],\"sectionText\":\"Testing\",\"sectionLinks\":\"<p>testing!<\\/p>\"}}}}}', '2017-01-17 20:42:53', '2017-01-17 20:42:53', 'd4cafbec-128f-4566-b4ee-7615e58b291a'),
 ('240', '2880', '14', '1', 'en_us', '2', '', '{\"typeId\":\"17\",\"authorId\":\"1\",\"title\":\"Find Your Path\",\"slug\":\"find-your-path\",\"postDate\":1484685720,\"expiryDate\":null,\"enabled\":1,\"parentId\":\"\",\"fields\":{\"59\":{\"2881\":{\"type\":\"pageSection\",\"enabled\":\"1\",\"fields\":{\"sectionTitle\":\"Find your path.\",\"sectionImage\":[\"2876\"],\"sectionText\":\"Whether you are guiding a child through school or working towards your own educational goals, you can count on us to provide expert advice and personalized, hands-on support \\r\\nevery step of the way.\",\"sectionLinks\":\"<p>Learn more about Who We Are<\\/p>\"}}}}}', '2017-01-17 20:57:16', '2017-01-17 20:57:16', '01adb3f4-7aa1-4e40-b7cd-e8ea8f6ed177'),
 ('241', '2880', '14', '1', 'en_us', '3', '', '{\"typeId\":\"17\",\"authorId\":\"1\",\"title\":\"Find Your Path\",\"slug\":\"find-your-path\",\"postDate\":1484685720,\"expiryDate\":null,\"enabled\":1,\"parentId\":\"\",\"fields\":{\"59\":{\"2881\":{\"type\":\"pageSection\",\"enabled\":\"1\",\"fields\":{\"sectionTitle\":\"Find your path.\",\"sectionImage\":[\"2882\"],\"sectionText\":\"Whether you are guiding a child through school or working towards your own educational goals, you can count on us to provide expert advice and personalized, hands-on support \\r\\nevery step of the way.\",\"sectionLinks\":\"<p>Learn more about Who We Are<\\/p>\"}}}}}', '2017-01-17 21:11:22', '2017-01-17 21:11:22', '3ea629b5-2cba-4299-a2cf-6911f8a0c70c'),
 ('242', '2880', '14', '1', 'en_us', '4', '', '{\"typeId\":\"17\",\"authorId\":\"1\",\"title\":\"Find Your Path\",\"slug\":\"find-your-path\",\"postDate\":1484685720,\"expiryDate\":null,\"enabled\":1,\"parentId\":\"\",\"fields\":{\"59\":{\"2881\":{\"type\":\"pageSection\",\"enabled\":\"1\",\"fields\":{\"sectionTitle\":\"Find your path.\",\"sectionImage\":[\"2882\"],\"sectionText\":\"Whether you are guiding a child through school or working towards your own educational goals, you can count on us to provide expert advice and personalized, hands-on support \\r\\nevery step of the way.\",\"sectionLinks\":\"<p>Learn more about Who We Are<\\/p>\",\"sectionColor\":\"background-blue\"}}}}}', '2017-01-17 21:20:33', '2017-01-17 21:20:33', '6236c489-695b-4bef-8655-bb5043fd674e'),
 ('243', '2880', '14', '1', 'en_us', '5', '', '{\"typeId\":\"17\",\"authorId\":\"1\",\"title\":\"Find Your Path\",\"slug\":\"find-your-path\",\"postDate\":1484685720,\"expiryDate\":null,\"enabled\":1,\"parentId\":\"\",\"fields\":{\"59\":{\"2881\":{\"type\":\"pageSection\",\"enabled\":\"1\",\"fields\":{\"sectionImage\":[\"2883\"],\"sectionText\":\"Whether you are guiding a child through school or working towards your own educational goals, you can count on us to provide expert advice and personalized, hands-on support \\r\\nevery step of the way.\",\"sectionLinks\":\"<p>Learn more about Who We Are<\\/p>\",\"sectionColor\":\"background-blue\"}}}}}', '2017-01-17 22:02:10', '2017-01-17 22:02:10', 'a92a562f-f0cc-4c8f-bd15-95d29f7038d2'),
 ('244', '2880', '14', '1', 'en_us', '6', '', '{\"typeId\":\"17\",\"authorId\":\"1\",\"title\":\"Find Your Path\",\"slug\":\"find-your-path\",\"postDate\":1484685720,\"expiryDate\":null,\"enabled\":1,\"parentId\":\"\",\"fields\":{\"59\":{\"2881\":{\"type\":\"pageSection\",\"enabled\":\"1\",\"fields\":{\"sectionImage\":[\"2883\"],\"sectionText\":\"Whether you are guiding a child through school or working towards your own educational goals, you can count on us to provide expert advice and personalized, hands-on support \\r\\nevery step of the way.\",\"sectionLinks\":\"<p>Learn more about Who We Are<\\/p>\",\"sectionColor\":\"background-blue\"}}}}}', '2017-01-17 22:02:36', '2017-01-17 22:02:36', '6bf987c8-03fd-48c5-918a-0f8db7d65409'),
 ('245', '2880', '14', '1', 'en_us', '7', '', '{\"typeId\":\"17\",\"authorId\":\"1\",\"title\":\"Find Your Path\",\"slug\":\"find-your-path\",\"postDate\":1484685720,\"expiryDate\":null,\"enabled\":1,\"parentId\":\"\",\"fields\":{\"59\":{\"2881\":{\"type\":\"pageSection\",\"enabled\":\"1\",\"fields\":{\"sectionTitle\":\"Find your path.\",\"sectionText\":\"Whether you are guiding a child through school or working towards your own educational goals, you can count on us to provide expert advice and personalized, hands-on support \\r\\nevery step of the way.\",\"sectionLinks\":\"<p>Learn more about Who We Are<\\/p>\",\"sectionColor\":\"background-blue\",\"sectionImage\":[\"2883\"]}}}}}', '2017-01-17 22:04:12', '2017-01-17 22:04:12', '88cabc57-fef4-4b1d-bb2b-48691d6ff033'),
 ('246', '2880', '14', '1', 'en_us', '8', '', '{\"typeId\":\"17\",\"authorId\":\"1\",\"title\":\"Find Your Path\",\"slug\":\"find-your-path\",\"postDate\":1484685720,\"expiryDate\":null,\"enabled\":1,\"parentId\":\"\",\"fields\":{\"59\":{\"2881\":{\"type\":\"pageSection\",\"enabled\":\"1\",\"fields\":{\"sectionTitle\":\"Find your path.\",\"sectionText\":\"Whether you are guiding a child through school or working towards your own educational goals, you can count on us to provide expert advice and personalized, hands-on support \\r\\nevery step of the way.\",\"sectionLinks\":\"<p><a href=\\\"http:\\/\\/ednavigator.dev\\/who-we-are#entry:2830\\\">Learn more about Who We Are<\\/a><\\/p>\",\"sectionColor\":\"background-blue\",\"sectionImage\":[\"2883\"]}}}}}', '2017-01-17 22:21:12', '2017-01-17 22:21:12', '92f36372-7096-43af-99f8-db7fe6e4b261'),
 ('247', '2885', '14', '1', 'en_us', '1', '', '{\"typeId\":null,\"authorId\":\"1\",\"title\":\"The Help you need\",\"slug\":\"the-help-you-need\",\"postDate\":1484693159,\"expiryDate\":null,\"enabled\":1,\"parentId\":\"\",\"fields\":{\"59\":{\"new1\":{\"type\":\"pageSection\",\"enabled\":\"1\",\"fields\":{\"sectionTitle\":\"The help you need, when you need it.\",\"sectionText\":\"Our expert Navigators work with you to set clear goals, create a concrete plan, and take action. We can help you choose the right school, review and analyze academic progress, support learning at home and stand up for students\\u2019 needs in the classroom.\",\"sectionLinks\":\"<p><a href=\\\"http:\\/\\/ednavigator.dev\\/how-we-help#entry:2831\\\">Learn more about How We Help<\\/a><\\/p>\",\"sectionColor\":\"background-gray\",\"sectionImage\":[\"2883\"]}}}}}', '2017-01-17 22:45:59', '2017-01-17 22:45:59', '192b1c40-3a9e-45e4-b77a-f59fd2a3cc52'),
 ('248', '2885', '14', '1', 'en_us', '2', '', '{\"typeId\":\"17\",\"authorId\":\"1\",\"title\":\"The Help you need\",\"slug\":\"the-help-you-need\",\"postDate\":1484693100,\"expiryDate\":null,\"enabled\":1,\"parentId\":\"\",\"fields\":{\"59\":{\"2886\":{\"type\":\"pageSection\",\"enabled\":\"1\",\"fields\":{\"sectionTitle\":\"The help you\\r\\nneed, when you\\r\\nneed it.\",\"sectionText\":\"Our expert Navigators work with you to set clear goals, create a concrete plan, and take action. We can help you choose the right school, review and analyze academic progress, support learning at home and stand up for students\\u2019 needs in the classroom.\",\"sectionLinks\":\"<p><a href=\\\"http:\\/\\/ednavigator.dev\\/how-we-help#entry:2831:url\\\">Learn more about How We Help<\\/a><\\/p>\",\"sectionColor\":\"background-gray\",\"sectionImage\":[\"2883\"]}}}}}', '2017-01-17 22:55:43', '2017-01-17 22:55:43', 'f1a8383e-2040-46fb-b0f2-d5bd42789061'),
 ('249', '2880', '14', '1', 'en_us', '9', '', '{\"typeId\":\"17\",\"authorId\":\"1\",\"title\":\"Find Your Path\",\"slug\":\"find-your-path\",\"postDate\":1484685720,\"expiryDate\":null,\"enabled\":1,\"parentId\":\"\",\"fields\":{\"59\":{\"2881\":{\"type\":\"pageSection\",\"enabled\":\"1\",\"fields\":{\"sectionTitle\":\"Find your\\r\\npath.\",\"sectionText\":\"Whether you are guiding a child through school or working towards your own educational goals, you can count on us to provide expert advice and personalized, hands-on support \\r\\nevery step of the way.\",\"sectionLinks\":\"<p><a href=\\\"http:\\/\\/ednavigator.dev\\/who-we-are#entry:2830:url\\\">Learn more about Who We Are<\\/a><\\/p>\",\"sectionColor\":\"background-blue\",\"sectionImage\":[\"2883\"]}}}}}', '2017-01-17 22:57:58', '2017-01-17 22:57:58', '58f3bc13-1cdc-4048-8f75-3b6157c930a8'),
 ('250', '2880', '14', '1', 'en_us', '10', '', '{\"typeId\":\"17\",\"authorId\":\"1\",\"title\":\"Find Your Path\",\"slug\":\"find-your-path\",\"postDate\":1484685720,\"expiryDate\":null,\"enabled\":1,\"parentId\":\"\",\"fields\":{\"59\":{\"2881\":{\"type\":\"pageSection\",\"enabled\":\"1\",\"fields\":{\"sectionTitle\":\"Find your\\r\\npath.\",\"sectionText\":\"Whether you are guiding a child through school or working towards your own educational goals, you can count on us to provide expert advice and personalized, hands-on support \\r\\nevery step of the way.\",\"sectionLinks\":\"<p><a href=\\\"http:\\/\\/ednavigator.dev\\/who-we-are#entry:2830:url\\\">Learn more about Who We Are<\\/a><\\/p>\",\"sectionColor\":\"background-blue\",\"sectionImage\":[\"2887\"]}}}}}', '2017-01-17 23:03:38', '2017-01-17 23:03:38', '5604e9b8-130b-4bca-8947-fd7104d8b21f'),
 ('251', '2885', '14', '1', 'en_us', '3', '', '{\"typeId\":\"17\",\"authorId\":\"1\",\"title\":\"The Help you need\",\"slug\":\"the-help-you-need\",\"postDate\":1484693100,\"expiryDate\":null,\"enabled\":1,\"parentId\":\"\",\"fields\":{\"59\":{\"2886\":{\"type\":\"pageSection\",\"enabled\":\"1\",\"fields\":{\"sectionTitle\":\"The help you\\r\\nneed, when you\\r\\nneed it.\",\"sectionText\":\"Our expert Navigators work with you to set clear goals, create a concrete plan, and take action. We can help you choose the right school, review and analyze academic progress, support learning at home and stand up for students\\u2019 needs in the classroom.\",\"sectionLinks\":\"<p><a href=\\\"http:\\/\\/ednavigator.dev\\/how-we-help#entry:2831:url\\\">Learn more about How We Help<\\/a><\\/p>\",\"sectionColor\":\"background-gray\",\"sectionImage\":[\"2888\"]}}}}}', '2017-01-17 23:03:52', '2017-01-17 23:03:52', 'a11e3696-0dc1-46f8-95aa-8c62c206c0b7'),
 ('252', '2890', '13', '1', 'en_us', '1', '', '{\"typeId\":null,\"authorId\":\"1\",\"title\":\"Invest in your greatest asset\",\"slug\":\"invest-in-your-greatest-asset\",\"postDate\":1484694721,\"expiryDate\":null,\"enabled\":1,\"parentId\":\"\",\"fields\":{\"59\":{\"new1\":{\"type\":\"pageSection\",\"enabled\":\"1\",\"fields\":{\"sectionTitle\":\"Invest in your \\r\\ngreatest asset \\r\\n\\u2014 your people.\",\"sectionText\":\"An investment in your employees\\u2019 future is an investment in your business and community. EdNavigator offers employers an innovative way to boost employee morale, reduce turnover, and cut costs while improving educational outcomes for students and helping families, schools, and communities thrive.\",\"sectionLinks\":\"\",\"sectionColor\":\"background-gray\",\"sectionImage\":[\"2889\"]}}}}}', '2017-01-17 23:12:01', '2017-01-17 23:12:01', '43d6d5c4-a703-40b1-a7e7-c3f4029d2e64'),
 ('253', '2892', '14', '1', 'en_us', '1', '', '{\"typeId\":null,\"authorId\":\"1\",\"title\":\"For Families\",\"slug\":\"families\",\"postDate\":1484695282,\"expiryDate\":null,\"enabled\":1,\"parentId\":\"\",\"fields\":{\"59\":\"\"}}', '2017-01-17 23:21:22', '2017-01-17 23:21:22', '436071b7-000a-4205-8018-7a6372b8c5ac'),
 ('254', '2893', '13', '1', 'en_us', '1', '', '{\"typeId\":null,\"authorId\":\"1\",\"title\":\"For Employers\",\"slug\":\"employers\",\"postDate\":1484695304,\"expiryDate\":null,\"enabled\":1,\"parentId\":\"\",\"fields\":{\"59\":\"\"}}', '2017-01-17 23:21:44', '2017-01-17 23:21:44', '3820df80-befb-422e-8400-de09fec6a081'),
 ('255', '2', '1', '1', 'en_us', '17', '', '{\"typeId\":\"1\",\"authorId\":null,\"title\":\"Homepage\",\"slug\":\"homepage\",\"postDate\":1483481267,\"expiryDate\":null,\"enabled\":1,\"parentId\":null,\"fields\":{\"50\":[\"2871\"],\"49\":\"<p>We partner with leading businesses to help hard-working families find a path \\r\\nto success in school and beyond.<\\/p>\",\"48\":\"Education is \\r\\nthe path to a better life\",\"7\":\"\",\"6\":\"\",\"51\":{\"2868\":{\"type\":\"userPath\",\"enabled\":\"1\",\"fields\":{\"pathTitle\":\"For\\r\\nEmployers\",\"pathLinkText\":\"Invest in your greatest\\r\\nasset \\u2014\\u00a0your people.\",\"pathPage\":[\"2893\"],\"pathImage\":[\"2866\"]}},\"2869\":{\"type\":\"userPath\",\"enabled\":\"1\",\"fields\":{\"pathTitle\":\"For Families\\r\\n& Students\",\"pathLinkText\":\"Find your path.\",\"pathPage\":[\"2892\"],\"pathImage\":[\"2867\"]}}}}}', '2017-01-17 23:22:35', '2017-01-17 23:22:35', '4d43bfc1-5d40-4b41-aac7-d06ba913dca7'),
 ('256', '2895', '13', '1', 'en_us', '1', '', '{\"typeId\":null,\"authorId\":\"1\",\"title\":\"Give Back\",\"slug\":\"give-back\",\"postDate\":1484696121,\"expiryDate\":null,\"enabled\":1,\"parentId\":\"\",\"fields\":{\"59\":{\"new1\":{\"type\":\"pageSection\",\"enabled\":\"1\",\"fields\":{\"sectionTitle\":\"Give back with \\r\\noutstanding \\r\\nsupport.\",\"sectionText\":\"Our Employer Partners bring EdNavigator support to the workplace as a benefit for employees. Our expert Navigators help parents keep students on track in school and adult learners in pursuit of their own educational dreams.\",\"sectionLinks\":\"<p><a href=\\\"http:\\/\\/ednavigator.dev\\/how-we-help#entry:2831\\\">See how it works<\\/a><\\/p>\",\"sectionColor\":\"background-gold\",\"sectionImage\":[\"2894\"]}}}}}', '2017-01-17 23:35:21', '2017-01-17 23:35:21', 'e5cb5ba5-4025-4402-a339-7fe51217efff'),
 ('257', '2897', '13', '1', 'en_us', '1', '', '{\"typeId\":\"16\",\"authorId\":\"1\",\"title\":\"Third \",\"slug\":\"third\",\"postDate\":1484753038,\"expiryDate\":null,\"enabled\":1,\"parentId\":\"\",\"fields\":{\"59\":\"\"}}', '2017-01-18 15:23:58', '2017-01-18 15:23:58', 'b8dda41d-d845-42ce-9834-d1d4a97e2b37'),
 ('258', '2897', '13', '1', 'en_us', '2', '', '{\"typeId\":\"16\",\"authorId\":\"1\",\"title\":\"Third Section Slideshow\",\"slug\":\"third\",\"postDate\":1484752980,\"expiryDate\":null,\"enabled\":1,\"parentId\":\"\",\"fields\":{\"59\":{\"new1\":{\"type\":\"pageSection\",\"enabled\":\"1\",\"fields\":{\"sectionTitle\":\"96%\",\"sectionText\":\"say having EdNavigator makes them \\r\\nmore likely to keep working for their \\r\\ncurrent employer\",\"sectionLinks\":\"<p>Find out why EdNavigator\\r\\nis good for business<\\/p>\",\"sectionColor\":\"background-green\",\"sectionImage\":[\"2888\"]}},\"new2\":{\"type\":\"pageSection\",\"enabled\":\"1\",\"fields\":{\"sectionTitle\":\"Shared costs, \\r\\nuniversal \\r\\nbenefits.\",\"sectionText\":\"We use a shared cost model to maximize reach and minimize costs for your employees. Your contribution as an employer partner will be supplemented by our philanthropic funders. \",\"sectionLinks\":\"<p>Our Partners<\\/p>\",\"sectionColor\":\"background-blue\",\"sectionImage\":[\"2898\"]}}}}}', '2017-01-18 15:27:16', '2017-01-18 15:27:16', '7666cea5-241b-4eea-acef-847911fc012c'),
 ('259', '2897', '13', '1', 'en_us', '3', '', '{\"typeId\":\"16\",\"authorId\":\"1\",\"title\":\"Third Section Slideshow\",\"slug\":\"third\",\"postDate\":1484752980,\"expiryDate\":null,\"enabled\":1,\"parentId\":\"\",\"fields\":{\"59\":{\"2899\":{\"type\":\"pageSection\",\"enabled\":\"1\",\"fields\":{\"sectionTitle\":\"96%\",\"sectionText\":\"say having EdNavigator makes them \\r\\nmore likely to keep working for their \\r\\ncurrent employer\",\"sectionLinks\":\"<p>Find out why EdNavigator\\r\\nis good for business<\\/p>\",\"sectionColor\":\"background-green\",\"sectionImage\":[\"2888\"]}},\"new1\":{\"type\":\"pageSection\",\"enabled\":\"1\",\"fields\":{\"sectionTitle\":\"Slide \\r\\nTwo.\",\"sectionText\":\"Donec sed odio dui. Nullam quis risus eget urna mollis ornare vel eu leo. Aenean lacinia bibendum nulla sed consectetur.\",\"sectionLinks\":\"<p><a href=\\\"http:\\/\\/ednavigator.dev\\/how-we-help#entry:2831\\\">Slide Link<\\/a><\\/p>\",\"sectionColor\":\"background-gold\",\"sectionImage\":[\"2898\"]}}}}}', '2017-01-18 15:29:06', '2017-01-18 15:29:06', '92a46756-d171-493e-9d0f-d405281679b9'),
 ('260', '2902', '13', '1', 'en_us', '1', '', '{\"typeId\":\"16\",\"authorId\":\"1\",\"title\":\"Shared Costs\",\"slug\":\"shared-costs\",\"postDate\":1484753409,\"expiryDate\":null,\"enabled\":1,\"parentId\":\"\",\"fields\":{\"59\":{\"new1\":{\"type\":\"pageSection\",\"enabled\":\"1\",\"fields\":{\"sectionTitle\":\"Shared costs, \\r\\nuniversal \\r\\nbenefits.\",\"sectionText\":\"We use a shared cost model to maximize reach and minimize costs for your employees. Your contribution as an employer partner will be supplemented by our philanthropic funders. \",\"sectionLinks\":\"<p><a href=\\\"http:\\/\\/ednavigator.dev\\/how-we-help#entry:2831\\\">Our Partners<\\/a><\\/p>\",\"sectionColor\":\"background-blue\",\"sectionImage\":[\"2898\"]}}}}}', '2017-01-18 15:30:09', '2017-01-18 15:30:09', 'f16c44ba-1f95-45e0-ad34-2c026ec2e903'),
 ('261', '2905', '13', '1', 'en_us', '1', '', '{\"typeId\":\"16\",\"authorId\":\"1\",\"title\":\"Stories Slideshow\",\"slug\":\"stories-slideshow\",\"postDate\":1484757846,\"expiryDate\":null,\"enabled\":1,\"parentId\":\"\",\"fields\":{\"59\":{\"new1\":{\"type\":\"pageSection\",\"enabled\":\"1\",\"fields\":{\"sectionTitle\":\" \\u201cEdNavigator \\r\\npays for itself \\r\\nmore than 3:1.\\u201d\",\"sectionText\":\"Sean Cummings, \\r\\nOwner, International House Hotel, New Orleans\",\"sectionLinks\":\"<p><a href=\\\"http:\\/\\/ednavigator.dev\\/how-we-help#entry:2831\\\">Read the full story<\\/a><\\/p>\",\"sectionColor\":\"background-gray\",\"sectionImage\":[\"2904\"]}},\"new2\":{\"type\":\"pageSection\",\"enabled\":\"1\",\"fields\":{\"sectionTitle\":\"Story \\r\\nnumber two.\",\"sectionText\":\"Etiam porta sem malesuada magna mollis euismod. Fusce dapibus, tellus ac cursus commodo, tortor mauris condimentum nibh, ut fermentum massa justo sit amet risus. Lorem ipsum dolor sit amet, consectetur adipiscing elit. Nullam quis risus eget urna mollis ornare vel eu leo. Vestibulum id ligula porta felis euismod semper.\",\"sectionLinks\":\"<p><a href=\\\"http:\\/\\/ednavigator.dev\\/how-we-help#entry:2831\\\">Read the full story<\\/a><\\/p>\",\"sectionColor\":\"background-green\",\"sectionImage\":[\"2887\"]}}}}}', '2017-01-18 16:44:06', '2017-01-18 16:44:06', '1475ea3f-0dc8-41c7-9dca-22cbd6a3ae3e'),
 ('262', '2905', '13', '1', 'en_us', '2', '', '{\"typeId\":\"16\",\"authorId\":\"1\",\"title\":\"Stories Slideshow\",\"slug\":\"stories-slideshow\",\"postDate\":1484757840,\"expiryDate\":null,\"enabled\":0,\"parentId\":\"\",\"fields\":{\"59\":{\"2906\":{\"type\":\"pageSection\",\"enabled\":\"1\",\"fields\":{\"sectionTitle\":\" \\u201cEdNavigator \\r\\npays for itself \\r\\nmore than 3:1.\\u201d\",\"sectionText\":\"Sean Cummings, \\r\\nOwner, International House Hotel, New Orleans\",\"sectionLinks\":\"<p><a href=\\\"http:\\/\\/ednavigator.dev\\/how-we-help#entry:2831:url\\\">Read the full story<\\/a><\\/p>\",\"sectionColor\":\"background-gray\",\"sectionImage\":[\"2904\"]}},\"2907\":{\"type\":\"pageSection\",\"enabled\":\"1\",\"fields\":{\"sectionTitle\":\"Story \\r\\nnumber two.\",\"sectionText\":\"Etiam porta sem malesuada magna mollis euismod. Fusce dapibus, tellus ac cursus commodo, tortor mauris condimentum nibh, ut fermentum massa justo sit amet risus. Lorem ipsum dolor sit amet, consectetur adipiscing elit. Nullam quis risus eget urna mollis ornare vel eu leo. Vestibulum id ligula porta felis euismod semper.\",\"sectionLinks\":\"<p><a href=\\\"http:\\/\\/ednavigator.dev\\/how-we-help#entry:2831:url\\\">Read the full story<\\/a><\\/p>\",\"sectionColor\":\"background-green\",\"sectionImage\":[\"2887\"]}}}}}', '2017-01-18 21:35:26', '2017-01-18 21:35:26', '82a392b5-735c-4add-912e-78633339cdc1'),
 ('263', '2897', '13', '1', 'en_us', '4', '', '{\"typeId\":\"16\",\"authorId\":\"1\",\"title\":\"Third Section Slideshow\",\"slug\":\"third\",\"postDate\":1484752980,\"expiryDate\":null,\"enabled\":1,\"parentId\":\"\",\"fields\":{\"59\":{\"2899\":{\"type\":\"pageSection\",\"enabled\":\"1\",\"fields\":{\"sectionTitle\":\"96%\",\"sectionText\":\"say having EdNavigator makes them \\r\\nmore likely to keep working for their \\r\\ncurrent employer\",\"sectionLinks\":\"<p>Find out why EdNavigator\\r\\nis good for business<\\/p>\",\"sectionColor\":\"background-green\",\"sectionImage\":[\"2888\"]}},\"2901\":{\"type\":\"pageSection\",\"enabled\":\"1\",\"fields\":{\"sectionTitle\":\"Slide \\r\\nTwo.\",\"sectionText\":\"Donec sed odio dui. Nullam quis risus eget urna mollis ornare vel eu leo. Aenean lacinia bibendum nulla sed consectetur.\",\"sectionLinks\":\"<p><a href=\\\"http:\\/\\/ednavigator.dev\\/how-we-help#entry:2831:url\\\">Slide Link<\\/a><\\/p>\",\"sectionColor\":\"background-green\",\"sectionImage\":[\"2898\"]}}}}}', '2017-01-19 22:56:10', '2017-01-19 22:56:10', '0d934872-f647-4d42-8924-917daaef4b00'),
 ('264', '2897', '13', '1', 'en_us', '5', '', '{\"typeId\":\"16\",\"authorId\":\"1\",\"title\":\"Third Section Slideshow\",\"slug\":\"third\",\"postDate\":1484752980,\"expiryDate\":null,\"enabled\":1,\"parentId\":\"\",\"fields\":{\"59\":{\"2899\":{\"type\":\"pageSection\",\"enabled\":\"1\",\"fields\":{\"sectionTitle\":\"96%\",\"sectionTitleStyle\":\"largeNumeral\",\"sectionText\":\"say having EdNavigator makes them \\r\\nmore likely to keep working for their \\r\\ncurrent employer\",\"sectionLinks\":\"<p>Find out why EdNavigator\\r\\nis good for business<\\/p>\",\"sectionColor\":\"background-green\",\"sectionImage\":[\"2888\"]}},\"2901\":{\"type\":\"pageSection\",\"enabled\":\"1\",\"fields\":{\"sectionTitle\":\"Slide \\r\\nTwo.\",\"sectionTitleStyle\":\"largeNumeral\",\"sectionText\":\"Donec sed odio dui. Nullam quis risus eget urna mollis ornare vel eu leo. Aenean lacinia bibendum nulla sed consectetur.\",\"sectionLinks\":\"<p><a href=\\\"http:\\/\\/ednavigator.dev\\/how-we-help#entry:2831:url\\\">Slide Link<\\/a><\\/p>\",\"sectionColor\":\"background-green\",\"sectionImage\":[\"2898\"]}}}}}', '2017-01-20 15:28:57', '2017-01-20 15:28:57', '17d48858-1ea7-4adb-a609-be47781b11fc'),
 ('265', '2905', '13', '1', 'en_us', '3', '', '{\"typeId\":\"16\",\"authorId\":\"1\",\"title\":\"Stories Slideshow\",\"slug\":\"stories-slideshow\",\"postDate\":1484757840,\"expiryDate\":null,\"enabled\":1,\"parentId\":\"\",\"fields\":{\"59\":{\"2906\":{\"type\":\"pageSection\",\"enabled\":\"1\",\"fields\":{\"sectionTitle\":\" EdNavigator \\r\\npays for itself \\r\\nmore than 3:1.\",\"sectionTitleStyle\":\"quote\",\"sectionText\":\"Sean Cummings, \\r\\nOwner, International House Hotel, New Orleans\",\"sectionLinks\":\"<p><a href=\\\"http:\\/\\/ednavigator.dev\\/how-we-help#entry:2831:url\\\">Read the full story<\\/a><\\/p>\",\"sectionColor\":\"background-gray\",\"sectionImage\":[\"2904\"]}},\"2907\":{\"type\":\"pageSection\",\"enabled\":\"1\",\"fields\":{\"sectionTitle\":\"Story \\r\\nnumber two.\",\"sectionTitleStyle\":\"regular\",\"sectionText\":\"Etiam porta sem malesuada magna mollis euismod. Fusce dapibus, tellus ac cursus commodo, tortor mauris condimentum nibh, ut fermentum massa justo sit amet risus. Lorem ipsum dolor sit amet, consectetur adipiscing elit. Nullam quis risus eget urna mollis ornare vel eu leo. Vestibulum id ligula porta felis euismod semper.\",\"sectionLinks\":\"<p><a href=\\\"http:\\/\\/ednavigator.dev\\/how-we-help#entry:2831:url\\\">Read the full story<\\/a><\\/p>\",\"sectionColor\":\"background-green\",\"sectionImage\":[\"2887\"]}}}}}', '2017-01-20 16:21:49', '2017-01-20 16:21:49', 'b5608ce4-15d7-4d52-9ef4-49c46cdfc624'),
 ('266', '2905', '13', '1', 'en_us', '4', '', '{\"typeId\":\"16\",\"authorId\":\"1\",\"title\":\"Stories Slideshow\",\"slug\":\"stories-slideshow\",\"postDate\":1484757840,\"expiryDate\":null,\"enabled\":1,\"parentId\":\"\",\"fields\":{\"59\":{\"2906\":{\"type\":\"pageSection\",\"enabled\":\"1\",\"fields\":{\"sectionTitle\":\" EdNavigator \\r\\npays for itself \\r\\nmore than 3:1.\",\"sectionTitleStyle\":\"quote\",\"sectionText\":\"Sean Cummings, \\r\\nOwner, International House Hotel, New Orleans\",\"sectionLinks\":\"<p><a href=\\\"http:\\/\\/ednavigator.dev\\/how-we-help#entry:2831:url\\\">Read the full story<\\/a><\\/p>\",\"sectionColor\":\"background-gray\",\"sectionImage\":[\"2904\"]}},\"2907\":{\"type\":\"pageSection\",\"enabled\":\"1\",\"fields\":{\"sectionTitle\":\"Story \\r\\nnumber two.\",\"sectionTitleStyle\":\"regular\",\"sectionText\":\"Etiam porta sem malesuada magna mollis euismod. Fusce dapibus, tellus ac cursus commodo, tortor mauris condimentum nibh, ut fermentum massa justo sit amet risus. Lorem ipsum dolor sit amet, consectetur adipiscing elit. Nullam quis risus eget urna mollis ornare vel eu leo. Vestibulum id ligula porta felis euismod semper.\",\"sectionLinks\":\"<p><a href=\\\"http:\\/\\/ednavigator.dev\\/how-we-help#entry:2831:url\\\">Read the full story<\\/a><\\/p>\",\"sectionColor\":\"background-green\",\"sectionImage\":[\"2887\"]}},\"new1\":{\"type\":\"pageSection\",\"enabled\":\"1\",\"fields\":{\"sectionTitle\":\"A story \\r\\nlike no \\r\\nother.\",\"sectionTitleStyle\":\"quote\",\"sectionText\":\"Lorem ipsum dolor sit amet, consectetur adipiscing elit. Duis mollis, est non commodo luctus, nisi erat porttitor ligula, eget lacinia odio sem nec elit. Vivamus sagittis lacus vel augue laoreet rutrum faucibus dolor auctor. Cum sociis natoque penatibus et magnis dis parturient montes, nascetur ridiculus mus.\",\"sectionLinks\":\"<p><a href=\\\"http:\\/\\/ednavigator.dev\\/how-we-help#entry:2831\\\">Link one<\\/a><\\/p><p><a href=\\\"http:\\/\\/ednavigator.dev\\/#entry:2\\\">Link Two<\\/a><\\/p>\",\"sectionColor\":\"background-gray\",\"sectionImage\":[\"2889\"]}}}}}', '2017-01-20 16:29:46', '2017-01-20 16:29:46', '5298ec7d-8db5-4ed6-afd1-cb933752e92b'),
 ('267', '2893', '13', '1', 'en_us', '2', '', '{\"typeId\":\"18\",\"authorId\":\"1\",\"title\":\"For Employers\",\"slug\":\"employers\",\"postDate\":1484695260,\"expiryDate\":null,\"enabled\":1,\"parentId\":\"\",\"fields\":{\"67\":\"For Employers\"}}', '2017-01-23 22:14:03', '2017-01-23 22:14:03', 'a9f4aad2-f8b7-488c-b14d-b2111b4ea60a'),
 ('268', '2892', '14', '1', 'en_us', '2', '', '{\"typeId\":\"19\",\"authorId\":\"1\",\"title\":\"For Families\",\"slug\":\"families\",\"postDate\":1484695260,\"expiryDate\":null,\"enabled\":1,\"parentId\":\"\",\"fields\":{\"67\":\"For Families & Students\"}}', '2017-01-23 22:14:31', '2017-01-23 22:14:31', 'c2c60d10-97d0-4709-bbb6-37e5265847f0'),
 ('269', '2893', '13', '1', 'en_us', '3', '', '{\"typeId\":\"18\",\"authorId\":\"1\",\"title\":\"For Employers Ding Dong\",\"slug\":\"employers\",\"postDate\":1484695260,\"expiryDate\":null,\"enabled\":1,\"parentId\":\"\",\"fields\":{\"67\":\"For Employers\"}}', '2017-01-23 22:27:25', '2017-01-23 22:27:25', '6c760316-23f6-4f77-9181-6782a9bd2a8c'),
 ('270', '2893', '13', '1', 'en_us', '4', '', '{\"typeId\":\"18\",\"authorId\":\"1\",\"title\":\"For Employers\",\"slug\":\"employers\",\"postDate\":1484695260,\"expiryDate\":null,\"enabled\":1,\"parentId\":\"\",\"fields\":{\"67\":\"For Employers Poop\"}}', '2017-01-23 22:28:05', '2017-01-23 22:28:05', '8f12cee9-ee0c-48f2-b35a-959c8094be78'),
 ('271', '2893', '13', '1', 'en_us', '5', '', '{\"typeId\":\"18\",\"authorId\":\"1\",\"title\":\"For Employers\",\"slug\":\"employers\",\"postDate\":1484695260,\"expiryDate\":null,\"enabled\":1,\"parentId\":\"\",\"fields\":{\"67\":\"For Employers\"}}', '2017-01-23 22:28:16', '2017-01-23 22:28:16', 'c0029189-146f-453c-a479-2ce708483445'),
 ('272', '2892', '14', '1', 'en_us', '3', '', '{\"typeId\":\"19\",\"authorId\":\"1\",\"title\":\"For Families\",\"slug\":\"families\",\"postDate\":1484695260,\"expiryDate\":null,\"enabled\":1,\"parentId\":\"\",\"fields\":{\"67\":\"For Families & Students Dude\"}}', '2017-01-23 22:51:45', '2017-01-23 22:51:45', '5b6613a3-5462-4aa0-b246-9fcd4633bf06'),
 ('273', '2892', '14', '1', 'en_us', '4', '', '{\"typeId\":\"19\",\"authorId\":\"1\",\"title\":\"For Families\",\"slug\":\"families\",\"postDate\":1484695260,\"expiryDate\":null,\"enabled\":1,\"parentId\":\"\",\"fields\":{\"67\":\"For Families & Students\"}}', '2017-01-23 22:51:57', '2017-01-23 22:51:57', '052f51d8-60b7-49fe-b53b-d84906182dec'),
 ('274', '2885', '14', '1', 'en_us', '4', '', '{\"typeId\":\"17\",\"authorId\":\"1\",\"title\":\"Section Two Carousel\",\"slug\":\"the-help-you-need\",\"postDate\":1484693100,\"expiryDate\":null,\"enabled\":1,\"parentId\":\"\",\"fields\":{\"59\":{\"2886\":{\"type\":\"pageSection\",\"enabled\":\"1\",\"fields\":{\"sectionTitle\":\"The help you\\r\\nneed, when you\\r\\nneed it.\",\"sectionTitleStyle\":\"regular\",\"sectionText\":\"Our expert Navigators work with you to set clear goals, create a concrete plan, and take action. We can help you choose the right school, review and analyze academic progress, support learning at home and stand up for students\\u2019 needs in the classroom.\",\"sectionLinks\":\"<p><a href=\\\"http:\\/\\/ednavigator.dev\\/how-we-help#entry:2831:url\\\">Learn more about How We Help<\\/a><\\/p>\",\"sectionColor\":\"background-gray\",\"sectionImage\":[\"2888\"]}},\"new1\":{\"type\":\"pageSection\",\"enabled\":\"1\",\"fields\":{\"sectionTitle\":\"Second \\r\\nSlide.\",\"sectionTitleStyle\":\"regular\",\"sectionText\":\"Sed posuere consectetur est at lobortis. Nulla vitae elit libero, a pharetra augue. Duis mollis, est non commodo luctus, nisi erat porttitor ligula, eget lacinia odio sem nec elit. Maecenas faucibus mollis interdum. Morbi leo risus, porta ac consectetur ac, vestibulum at eros.\",\"sectionLinks\":\"<p><a href=\\\"http:\\/\\/ednavigator.dev\\/how-we-help#entry:2831\\\">Test Link<\\/a><\\/p>\",\"sectionColor\":\"background-gray\",\"sectionImage\":[\"2898\"]}}}}}', '2017-01-23 23:06:07', '2017-01-23 23:06:07', '33562465-1c58-4c14-ae2c-eaa3d2d07ac5'),
 ('275', '2911', '14', '1', 'en_us', '1', '', '{\"typeId\":\"17\",\"authorId\":\"1\",\"title\":\"Stories\",\"slug\":\"stories\",\"postDate\":1485278749,\"expiryDate\":null,\"enabled\":1,\"parentId\":\"\",\"fields\":{\"59\":{\"new1\":{\"type\":\"pageSection\",\"enabled\":\"1\",\"fields\":{\"sectionTitle\":\"We helped \\r\\nKanitra\\u2019s \\r\\ndaughters get \\r\\nback on track \\r\\nin school.\",\"sectionTitleStyle\":\"regular\",\"sectionText\":\"\",\"sectionLinks\":\"<p><a href=\\\"http:\\/\\/ednavigator.dev\\/how-we-help#entry:2831\\\">Read the full story<\\/a><\\/p>\",\"sectionColor\":\"background-gold\",\"sectionImage\":[\"2910\"]}},\"new2\":{\"type\":\"pageSection\",\"enabled\":\"1\",\"fields\":{\"sectionTitle\":\"Another \\r\\nstory of \\r\\ntriumph.\",\"sectionTitleStyle\":\"regular\",\"sectionText\":\"\",\"sectionLinks\":\"<p><a href=\\\"http:\\/\\/ednavigator.dev\\/how-we-help#entry:2831\\\">Read the full story<\\/a><\\/p>\",\"sectionColor\":\"background-gray\",\"sectionImage\":[\"2904\"]}}}}}', '2017-01-24 17:25:50', '2017-01-24 17:25:50', '3323b47b-3b03-4f7a-9746-a8781e321d17'),
 ('276', '2911', '14', '1', 'en_us', '2', '', '{\"typeId\":\"17\",\"authorId\":\"1\",\"title\":\"Stories\",\"slug\":\"stories\",\"postDate\":1485278700,\"expiryDate\":null,\"enabled\":1,\"parentId\":\"\",\"fields\":{\"59\":{\"2912\":{\"type\":\"pageSection\",\"enabled\":\"1\",\"fields\":{\"sectionTitle\":\"We helped \\r\\nKanitra\\u2019s \\r\\ndaughters get \\r\\nback on track \\r\\nin school.\",\"sectionTitleStyle\":\"regular\",\"sectionText\":\"\",\"sectionLinks\":\"<p><a href=\\\"http:\\/\\/ednavigator.dev\\/how-we-help#entry:2831:url\\\">Read the full story<\\/a><\\/p>\",\"sectionColor\":\"background-orange\",\"sectionImage\":[\"2910\"]}},\"2913\":{\"type\":\"pageSection\",\"enabled\":\"1\",\"fields\":{\"sectionTitle\":\"Another \\r\\nstory of \\r\\ntriumph.\",\"sectionTitleStyle\":\"regular\",\"sectionText\":\"\",\"sectionLinks\":\"<p><a href=\\\"http:\\/\\/ednavigator.dev\\/how-we-help#entry:2831:url\\\">Read the full story<\\/a><\\/p>\",\"sectionColor\":\"background-orange\",\"sectionImage\":[\"2904\"]}}}}}', '2017-01-24 18:04:49', '2017-01-24 18:04:49', '126fd183-ee63-4384-b0f6-64b257be6a45'),
 ('277', '2', '1', '1', 'es_us', '1', '', '{\"typeId\":\"1\",\"authorId\":null,\"title\":\"Homepage\",\"slug\":\"homepage\",\"postDate\":1483481267,\"expiryDate\":null,\"enabled\":1,\"parentId\":null,\"fields\":{\"50\":[\"2871\"],\"49\":\"<p>We partner with leading businesses to help hard-working families find a path \\r\\nto success in school and beyond.<\\/p>\",\"48\":\"La educaci\\u00f3n \\r\\nes el camino hacia \\r\\nuna vida mejor\",\"7\":\"\",\"6\":\"\",\"51\":{\"new1\":{\"type\":\"userPath\",\"enabled\":\"1\",\"fields\":{\"pathTitle\":\"Para \\r\\nEmpleyadores\",\"pathLinkText\":\"Leer mas\",\"pathPage\":[\"2893\"],\"pathImage\":[\"2866\"]}},\"new2\":{\"type\":\"userPath\",\"enabled\":\"1\",\"fields\":{\"pathTitle\":\"Para \\r\\nFamilias & \\r\\nEstudiantes\",\"pathLinkText\":\"Leer mas\",\"pathPage\":[\"2892\"],\"pathImage\":[\"2867\"]}}}}}', '2017-01-24 18:08:41', '2017-01-24 18:08:41', '5ac3309a-f564-4960-9a35-66cbf635e7dd'),
 ('278', '2', '1', '1', 'en_us', '18', '', '{\"typeId\":\"1\",\"authorId\":null,\"title\":\"Homepage\",\"slug\":\"homepage\",\"postDate\":1483481267,\"expiryDate\":null,\"enabled\":1,\"parentId\":null,\"fields\":{\"50\":[\"2871\"],\"49\":\"<p>We partner with leading businesses to help hard-working families find a path \\r\\nto success in school and beyond.<\\/p>\",\"48\":\"Education is \\r\\nthe path to a better life\",\"7\":\"\",\"6\":\"\",\"51\":{\"2868\":{\"type\":\"userPath\",\"enabled\":\"1\",\"fields\":{\"pathTitle\":\"For\\r\\nEmployers\",\"pathLinkText\":\"Invest in your greatest\\r\\nasset \\u2014\\u00a0your people.\",\"pathPage\":[\"2893\"],\"pathImage\":[\"2866\"]}},\"2869\":{\"type\":\"userPath\",\"enabled\":\"1\",\"fields\":{\"pathTitle\":\"For Families\\r\\n& Students\",\"pathLinkText\":\"Find your path.\",\"pathPage\":[\"2892\"],\"pathImage\":[\"2867\"]}}}}}', '2017-01-24 18:09:35', '2017-01-24 18:09:35', 'c8213377-d5bf-434f-a9a9-45af06b34fd2'),
 ('279', '2', '1', '1', 'es_us', '2', '', '{\"typeId\":\"1\",\"authorId\":null,\"title\":\"Homepage\",\"slug\":\"homepage\",\"postDate\":1483481267,\"expiryDate\":null,\"enabled\":1,\"parentId\":null,\"fields\":{\"50\":[\"2871\"],\"49\":\"<p>We partner with leading businesses to help hard-working families find a path \\r\\nto success in school and beyond.<\\/p>\",\"48\":\"La educaci\\u00f3n es\\r\\nEl camino hacia una vida mejor\",\"7\":\"\",\"6\":\"\",\"51\":{\"2914\":{\"type\":\"userPath\",\"enabled\":\"1\",\"fields\":{\"pathTitle\":\"Para \\r\\nEmpleyadores\",\"pathLinkText\":\"Leer mas\",\"pathPage\":[\"2893\"],\"pathImage\":[\"2866\"]}},\"2915\":{\"type\":\"userPath\",\"enabled\":\"1\",\"fields\":{\"pathTitle\":\"Para \\r\\nFamilias & \\r\\nEstudiantes\",\"pathLinkText\":\"Leer mas\",\"pathPage\":[\"2892\"],\"pathImage\":[\"2867\"]}}}}}', '2017-01-24 19:41:03', '2017-01-24 19:41:03', '8f0c873f-5116-407b-8083-a0ae72fff6e0'),
 ('280', '2', '1', '1', 'es_us', '3', '', '{\"typeId\":\"1\",\"authorId\":null,\"title\":\"Homepage\",\"slug\":\"homepage\",\"postDate\":1483481267,\"expiryDate\":null,\"enabled\":1,\"parentId\":null,\"fields\":{\"50\":[\"2871\"],\"49\":\"<p>We partner with leading businesses to help hard-working families find a path \\r\\nto success in school and beyond.<\\/p>\",\"48\":\"La educaci\\u00f3n es\\r\\nEl camino hacia una vida mejor\",\"7\":\"\",\"6\":\"\",\"51\":{\"2914\":{\"type\":\"userPath\",\"enabled\":\"1\",\"fields\":{\"pathTitle\":\"Para \\r\\nEmpleyadores\",\"pathLinkText\":\"Leer mas\",\"pathPage\":[\"2893\"],\"pathImage\":[\"2866\"]}},\"2915\":{\"type\":\"userPath\",\"enabled\":\"1\",\"fields\":{\"pathTitle\":\"Para \\r\\nFamilias & \\r\\nEstudiantes\",\"pathLinkText\":\"Leer mas\",\"pathPage\":[\"2892\"],\"pathImage\":[\"2867\"]}}}}}', '2017-01-24 19:45:12', '2017-01-24 19:45:12', '7c2dcbee-1c01-4803-a511-d58b45f7f2ab'),
 ('281', '2', '1', '1', 'en_us', '19', '', '{\"typeId\":\"1\",\"authorId\":null,\"title\":\"Homepage\",\"slug\":\"homepage\",\"postDate\":1483481267,\"expiryDate\":null,\"enabled\":1,\"parentId\":null,\"fields\":{\"50\":[\"2871\"],\"49\":\"<p>We partner with leading businesses to help hard-working families find a path \\r\\nto success in school and beyond.<\\/p>\",\"48\":\"Education is \\r\\nthe path to a better life\",\"7\":\"\",\"6\":\"\",\"51\":{\"2868\":{\"type\":\"userPath\",\"enabled\":\"1\",\"fields\":{\"pathTitle\":\"For\\r\\nEmployers\",\"pathLinkText\":\"Invertir en su \\r\\nmayor activo \\u2014 \\r\\nsu gente.\",\"pathPage\":[\"2893\"],\"pathImage\":[\"2866\"]}},\"2869\":{\"type\":\"userPath\",\"enabled\":\"1\",\"fields\":{\"pathTitle\":\"For Families\\r\\n& Students\",\"pathLinkText\":\"Find your path.\",\"pathPage\":[\"2892\"],\"pathImage\":[\"2867\"]}}}}}', '2017-01-24 19:54:02', '2017-01-24 19:54:02', 'd4fd2eca-7c88-4b9f-9044-0f6338cbad9c'),
 ('282', '2', '1', '1', 'es_us', '4', '', '{\"typeId\":\"1\",\"authorId\":null,\"title\":\"Homepage\",\"slug\":\"homepage\",\"postDate\":1483481267,\"expiryDate\":null,\"enabled\":1,\"parentId\":null,\"fields\":{\"50\":[\"2871\"],\"49\":\"<p>We partner with leading businesses to help hard-working families find a path \\r\\nto success in school and beyond.<\\/p>\",\"48\":\"La educaci\\u00f3n es\\r\\nEl camino hacia una vida mejor\",\"7\":\"\",\"6\":\"\",\"51\":{\"2914\":{\"type\":\"userPath\",\"enabled\":\"1\",\"fields\":{\"pathTitle\":\"Para \\r\\nEmpleyadores\",\"pathLinkText\":\"Invertir en su \\r\\nmayor activo \\u2014 \\r\\nsu gente.\",\"pathPage\":[\"2893\"],\"pathImage\":[\"2866\"]}},\"2915\":{\"type\":\"userPath\",\"enabled\":\"1\",\"fields\":{\"pathTitle\":\"Para \\r\\nFamilias & \\r\\nEstudiantes\",\"pathLinkText\":\"Encuentra \\r\\ntu camino.\",\"pathPage\":[\"2892\"],\"pathImage\":[\"2867\"]}}}}}', '2017-01-24 19:54:30', '2017-01-24 19:54:30', '5d9a3138-6f29-4435-95a5-c4cae441e3f6'),
 ('283', '2880', '14', '1', 'es_us', '1', '', '{\"typeId\":\"17\",\"authorId\":\"1\",\"title\":\"For Families\",\"slug\":\"test\",\"postDate\":1484685720,\"expiryDate\":null,\"enabled\":1,\"parentId\":\"\",\"fields\":{\"59\":{\"2881\":{\"type\":\"pageSection\",\"enabled\":\"1\",\"fields\":{\"sectionTitle\":\"Espa\\u00f1ol!\",\"sectionTitleStyle\":\"regular\",\"sectionText\":\"Testing\",\"sectionLinks\":\"<p><a href=\\\"http:\\/\\/ednavigator.dev\\/who-we-are#entry:2830:url\\\">Learn more about Who We Are<\\/a><\\/p>\",\"sectionColor\":\"background-blue\",\"sectionImage\":[\"2887\"]}}}}}', '2017-01-24 19:56:25', '2017-01-24 19:56:25', '77906f73-d7a4-4f07-ba5a-a2fa89c046d2'),
 ('284', '2892', '14', '1', 'es_us', '1', '', '{\"typeId\":\"19\",\"authorId\":\"1\",\"title\":\"For Families\",\"slug\":\"familias\",\"postDate\":1484695260,\"expiryDate\":null,\"enabled\":1,\"parentId\":\"\",\"fields\":{\"67\":\"\"}}', '2017-01-24 20:06:25', '2017-01-24 20:06:25', 'a50f32ff-8f4a-4552-8905-247a159c5fc4'),
 ('285', '2', '1', '1', 'es_us', '5', '', '{\"typeId\":\"1\",\"authorId\":null,\"title\":\"Homepage\",\"slug\":\"homepage\",\"postDate\":1483481267,\"expiryDate\":null,\"enabled\":1,\"parentId\":null,\"fields\":{\"50\":[\"2871\"],\"49\":\"<p>We partner with leading businesses to help hard-working families find a path \\r\\nto success in school and beyond.<\\/p>\",\"48\":\"La educaci\\u00f3n es\\r\\nEl camino hacia una vida mejor\",\"7\":\"\",\"6\":\"\",\"51\":{\"2914\":{\"type\":\"userPath\",\"enabled\":\"1\",\"fields\":{\"pathTitle\":\"Para \\r\\nEmpleyadores\",\"pathLinkText\":\"Invertir en su \\r\\nmayor activo \\u2014 \\r\\nsu gente.\",\"pathPage\":[\"2893\"],\"pathImage\":[\"2866\"]}},\"2915\":{\"type\":\"userPath\",\"enabled\":\"1\",\"fields\":{\"pathTitle\":\"Para \\r\\nFamilias & \\r\\nEstudiantes\",\"pathLinkText\":\"Encuentra \\r\\ntu camino.\",\"pathPage\":[\"2880\"],\"pathImage\":[\"2867\"]}}}}}', '2017-01-24 20:07:16', '2017-01-24 20:07:16', 'e068cc9c-298e-41fe-a448-c175856f5f1d'),
 ('286', '2892', '14', '1', 'es_us', '2', '', '{\"typeId\":\"19\",\"authorId\":\"1\",\"title\":\"Para Familias\",\"slug\":\"familias\",\"postDate\":1484695260,\"expiryDate\":null,\"enabled\":1,\"parentId\":\"\",\"fields\":{\"67\":\"Para Familias & Estudiantes\"}}', '2017-01-24 20:08:27', '2017-01-24 20:08:27', 'aba4714a-1800-40f2-bf03-d8a514a236c4'),
 ('287', '2', '1', '1', 'es_us', '6', '', '{\"typeId\":\"1\",\"authorId\":null,\"title\":\"Homepage\",\"slug\":\"homepage\",\"postDate\":1483481267,\"expiryDate\":null,\"enabled\":1,\"parentId\":null,\"fields\":{\"50\":[\"2871\"],\"49\":\"<p>We partner with leading businesses to help hard-working families find a path \\r\\nto success in school and beyond.<\\/p>\",\"48\":\"La educaci\\u00f3n es\\r\\nEl camino hacia una vida mejor\",\"7\":\"\",\"6\":\"\",\"51\":{\"2914\":{\"type\":\"userPath\",\"enabled\":\"1\",\"fields\":{\"pathTitle\":\"Para \\r\\nEmpleyadores\",\"pathLinkText\":\"Invertir en su \\r\\nmayor activo \\u2014 \\r\\nsu gente.\",\"pathPage\":[\"2893\"],\"pathImage\":[\"2866\"]}},\"2915\":{\"type\":\"userPath\",\"enabled\":\"1\",\"fields\":{\"pathTitle\":\"Para \\r\\nFamilias & \\r\\nEstudiantes\",\"pathLinkText\":\"Encuentra \\r\\ntu camino.\",\"pathPage\":[\"2892\"],\"pathImage\":[\"2867\"]}}}}}', '2017-01-24 20:09:29', '2017-01-24 20:09:29', '265b1234-d074-419d-ad9e-982ef1e479d2'),
 ('288', '2892', '14', '1', 'es_us', '3', '', '{\"typeId\":\"19\",\"authorId\":\"1\",\"title\":\"Para Familias\",\"slug\":\"familias\",\"postDate\":1484695260,\"expiryDate\":null,\"enabled\":1,\"parentId\":\"\",\"fields\":{\"67\":\"Para Familias & Estudiantes\"}}', '2017-01-24 20:10:43', '2017-01-24 20:10:43', '155c0c33-e92c-4109-adc7-544e01428df0'),
 ('289', '2892', '14', '1', 'es_us', '4', '', '{\"typeId\":\"19\",\"authorId\":\"1\",\"title\":\"Para Familias\",\"slug\":\"familias\",\"postDate\":1484695260,\"expiryDate\":null,\"enabled\":1,\"parentId\":\"\",\"fields\":{\"67\":\"Para Familias & Estudiantes\"}}', '2017-01-24 20:48:32', '2017-01-24 20:48:32', 'd16835cd-cebf-4315-94c6-7becfbb62fa6'),
 ('290', '2', '1', '1', 'en_us', '20', '', '{\"typeId\":\"1\",\"authorId\":null,\"title\":\"Homepage\",\"slug\":\"homepage\",\"postDate\":1483481267,\"expiryDate\":null,\"enabled\":1,\"parentId\":null,\"fields\":{\"50\":[\"2871\"],\"49\":\"<p>We partner with leading businesses to help hard-working families find a path \\r\\nto success in school and beyond.<\\/p>\",\"48\":\"Education is \\r\\nthe path to a better life\",\"7\":\"\",\"6\":\"\",\"51\":{\"2868\":{\"type\":\"userPath\",\"enabled\":\"1\",\"fields\":{\"pathTitle\":\"For\\r\\nEmployers\",\"pathLinkText\":\"Invertir en su \\r\\nmayor activo \\u2014 \\r\\nsu gente.\",\"pathPage\":[\"2893\"],\"pathImage\":[\"2866\"]}},\"2869\":{\"type\":\"userPath\",\"enabled\":\"1\",\"fields\":{\"pathTitle\":\"For Families\\r\\n& Students\",\"pathLinkText\":\"Find your path.\",\"pathPage\":\"\",\"pathImage\":[\"2867\"]}}}}}', '2017-01-24 20:48:45', '2017-01-24 20:48:45', '0f6abd46-fd73-4e0e-8fe5-cb2f1749c260'),
 ('291', '2', '1', '1', 'en_us', '21', '', '{\"typeId\":\"1\",\"authorId\":null,\"title\":\"Homepage\",\"slug\":\"homepage\",\"postDate\":1483481267,\"expiryDate\":null,\"enabled\":1,\"parentId\":null,\"fields\":{\"50\":[\"2871\"],\"49\":\"<p>We partner with leading businesses to help hard-working families find a path \\r\\nto success in school and beyond.<\\/p>\",\"48\":\"Education is \\r\\nthe path to a better life\",\"7\":\"\",\"6\":\"\",\"51\":{\"2868\":{\"type\":\"userPath\",\"enabled\":\"1\",\"fields\":{\"pathTitle\":\"For\\r\\nEmployers\",\"pathLinkText\":\"Invertir en su \\r\\nmayor activo \\u2014 \\r\\nsu gente.\",\"pathPage\":[\"2893\"],\"pathImage\":[\"2866\"]}},\"2869\":{\"type\":\"userPath\",\"enabled\":\"1\",\"fields\":{\"pathTitle\":\"For Families\\r\\n& Students\",\"pathLinkText\":\"Find your path.\",\"pathPage\":[\"2892\"],\"pathImage\":[\"2867\"]}}}}}', '2017-01-24 20:48:59', '2017-01-24 20:48:59', 'efdec7ab-5b51-408f-807c-ccbce6a7ab62'),
 ('292', '2', '1', '1', 'es_us', '7', '', '{\"typeId\":\"1\",\"authorId\":null,\"title\":\"Homepage\",\"slug\":\"homepage\",\"postDate\":1483481267,\"expiryDate\":null,\"enabled\":1,\"parentId\":null,\"fields\":{\"50\":[\"2871\"],\"49\":\"<p>We partner with leading businesses to help hard-working families find a path \\r\\nto success in school and beyond.<\\/p>\",\"48\":\"La educaci\\u00f3n es\\r\\nEl camino hacia una vida mejor\",\"7\":\"\",\"6\":\"\",\"51\":{\"2914\":{\"type\":\"userPath\",\"enabled\":\"1\",\"fields\":{\"pathTitle\":\"Para \\r\\nEmpleyadores\",\"pathLinkText\":\"Invertir en su \\r\\nmayor activo \\u2014 \\r\\nsu gente.\",\"pathPage\":[\"2893\"],\"pathImage\":[\"2866\"]}},\"2915\":{\"type\":\"userPath\",\"enabled\":\"1\",\"fields\":{\"pathTitle\":\"Para \\r\\nFamilias & \\r\\nEstudiantes\",\"pathLinkText\":\"Encuentra \\r\\ntu camino.\",\"pathPage\":[\"2892\"],\"pathImage\":[\"2867\"]}}}}}', '2017-01-24 20:49:13', '2017-01-24 20:49:13', '9f0a0db6-5d29-4f60-b01d-055432711f9d'),
 ('293', '2830', '9', '1', 'en_us', '2', '', '{\"typeId\":\"9\",\"authorId\":\"1\",\"title\":\"Who We Are\",\"slug\":\"who-we-are\",\"postDate\":1482262860,\"expiryDate\":null,\"enabled\":1,\"parentId\":\"\",\"fields\":{\"44\":\"\",\"7\":\"\",\"6\":\"\"}}', '2017-01-25 17:11:04', '2017-01-25 17:11:04', 'b938ce1f-c4b7-412f-8ba6-4e00f4a80ce2'),
 ('294', '2830', '9', '1', 'es_us', '1', '', '{\"typeId\":\"9\",\"authorId\":\"1\",\"title\":\"Who We Are\",\"slug\":\"quines-somos\",\"postDate\":1482262860,\"expiryDate\":null,\"enabled\":1,\"parentId\":\"\",\"fields\":{\"44\":\"\",\"7\":\"\",\"6\":\"\"}}', '2017-01-25 17:11:20', '2017-01-25 17:11:20', '9d23a068-09e7-4e79-8c06-d2a891377620'),
 ('295', '2831', '10', '1', 'en_us', '3', '', '{\"typeId\":\"10\",\"authorId\":null,\"title\":\"How We Help\",\"slug\":\"how-we-help\",\"postDate\":1485364513,\"expiryDate\":null,\"enabled\":1,\"parentId\":null,\"fields\":{\"74\":{\"new1\":{\"type\":\"step\",\"enabled\":\"1\",\"fields\":{\"stepTitle\":\"Sign Up\",\"stepContent\":\"<p>You can register to become an EdNavigator member through your employer, a participating community organization, or our website. Members can receive help with their child\\u2019s education or with their own learning goals.<\\/p>\"}},\"new2\":{\"type\":\"step\",\"enabled\":\"1\",\"fields\":{\"stepTitle\":\"Review Records\",\"stepContent\":\"<p>After registering, you\\u2019ll be connected to a Navigator&mdash;if you\\u2019re a parent, we\\u2019ll work together to create a path to success for your child. If you\\u2019re an adult learner, we\\u2019ll get to work helping you further your education.<\\/p>\"}},\"new3\":{\"type\":\"step\",\"enabled\":\"1\",\"fields\":{\"stepTitle\":\"Make a Plan\",\"stepContent\":\"<p>Your Navigator will help you set clear short- and long-term goals, from getting your child into college to helping you get a degree while balancing work and life. Then together, you\\u2019ll create a concrete plan for achieving those goals.<\\/p>\"}},\"new4\":{\"type\":\"step\",\"enabled\":\"1\",\"fields\":{\"stepTitle\":\"Take Action\",\"stepContent\":\"<p>Your Navigator will offer direct, hands-on assistance to help you turn your plans into reality&mdash;that may include going with you to school meetings, teaching effective study habits, or connecting you to available community resources.<\\/p>\"}},\"new5\":{\"type\":\"step\",\"enabled\":\"1\",\"fields\":{\"stepTitle\":\"Stay on Track\",\"stepContent\":\"<p>As students progress, EdNavigator will be there every step of the way&mdash;whatever new challenges or opportunities arise, we\\u2019re here to support and keep our member families on track to reach their goals.<span><\\/span><\\/p>\"}}},\"71\":{\"new1\":{\"type\":\"contentSection\",\"enabled\":\"1\",\"fields\":{\"sectionTitle\":\"Stronger Schools,\\r\\nStronger Communities\",\"sectionContent\":\"<p>Our priority is helping you get the education you want for yourself and your family. Through our work, we also strive to strengthen local schools and communities in a way that benefits everyone.&nbsp;<\\/p>\"}},\"new2\":{\"type\":\"contentSection\",\"enabled\":\"1\",\"fields\":{\"sectionTitle\":\"Shining a Spotlight \\r\\non Family Needs\",\"sectionContent\":\"<p>We\\u2019re always sharing new information and resources that help families stay on track while encouraging schools to be more responsive to student and parent needs. <a href=\\\"http:\\/\\/ednavigator.dev\\/who-we-are#entry:2830\\\">Read more about what we\\u2019re learning<\\/a>.<span><\\/span><\\/p>\"}}},\"68\":{\"new1\":{\"type\":\"navigatorsInfoSection\",\"enabled\":\"1\",\"fields\":{\"sectionTitle\":\"Personal, Professional Guidance\",\"sectionContent\":\"<p>Our Navigators combine expert knowledge of schools with a deep understanding of our communities. Most are accomplished former teachers, school leaders, or counselors, and all have passed a background check, received privacy training and adhere to a strict code of confidentiality.&nbsp;<\\/p>\\r\\n<p>They\\u2019re like pediatricians for your educational health, and they\\u2019re always looking out for your best interests.<\\/p>\"}},\"new2\":{\"type\":\"navigatorsInfoSection\",\"enabled\":\"1\",\"fields\":{\"sectionTitle\":\"Help that Finds You\",\"sectionContent\":\"<p>Your Navigator will meet with you at your worksite&mdash;or wherever is most convenient for you&mdash;to develop a customized educational plan. They\\u2019ll help:&nbsp;<\\/p>\\r\\n<ul><li>Set clear learning goals<\\/li><li>Choose the right school and explore financial options<\\/li><li>Communicate with teachers and administrators<\\/li><li>Analyze grades and progress<\\/li><li>Answer your questions via phone, text, or email whenever you need advice<\\/li><\\/ul>\\r\\n\"}}},\"48\":\"We give hard-working families personalized, ongoing support along the path from preschool to college.\",\"7\":\"\",\"6\":\"\"}}', '2017-01-25 20:35:32', '2017-01-25 20:35:32', '9a9536fb-be36-4129-82dc-9d44052f374a'),
 ('296', '2831', '10', '1', 'en_us', '4', '', '{\"typeId\":\"10\",\"authorId\":null,\"title\":\"How We Help\",\"slug\":\"how-we-help\",\"postDate\":1485364513,\"expiryDate\":null,\"enabled\":1,\"parentId\":null,\"fields\":{\"77\":\"<p><a href=\\\"\\/resources\\\">Resources for Families<\\/a><\\/p>\",\"74\":{\"2918\":{\"type\":\"step\",\"enabled\":\"1\",\"fields\":{\"stepTitle\":\"Sign Up\",\"stepContent\":\"<p>You can register to become an EdNavigator member through your employer, a participating community organization, or our website. Members can receive help with their child\\u2019s education or with their own learning goals.<\\/p>\"}},\"2919\":{\"type\":\"step\",\"enabled\":\"1\",\"fields\":{\"stepTitle\":\"Review Records\",\"stepContent\":\"<p>After registering, you\\u2019ll be connected to a Navigator&mdash;if you\\u2019re a parent, we\\u2019ll work together to create a path to success for your child. If you\\u2019re an adult learner, we\\u2019ll get to work helping you further your education.<\\/p>\"}},\"2920\":{\"type\":\"step\",\"enabled\":\"1\",\"fields\":{\"stepTitle\":\"Make a Plan\",\"stepContent\":\"<p>Your Navigator will help you set clear short- and long-term goals, from getting your child into college to helping you get a degree while balancing work and life. Then together, you\\u2019ll create a concrete plan for achieving those goals.<\\/p>\"}},\"2921\":{\"type\":\"step\",\"enabled\":\"1\",\"fields\":{\"stepTitle\":\"Take Action\",\"stepContent\":\"<p>Your Navigator will offer direct, hands-on assistance to help you turn your plans into reality&mdash;that may include going with you to school meetings, teaching effective study habits, or connecting you to available community resources.<\\/p>\"}},\"2922\":{\"type\":\"step\",\"enabled\":\"1\",\"fields\":{\"stepTitle\":\"Stay on Track\",\"stepContent\":\"<p>As students progress, EdNavigator will be there every step of the way&mdash;whatever new challenges or opportunities arise, we\\u2019re here to support and keep our member families on track to reach their goals.<\\/p>\"}}},\"71\":{\"2923\":{\"type\":\"contentSection\",\"enabled\":\"1\",\"fields\":{\"sectionTitle\":\"Stronger Schools,\\r\\nStronger Communities\",\"sectionContent\":\"<p>Our priority is helping you get the education you want for yourself and your family. Through our work, we also strive to strengthen local schools and communities in a way that benefits everyone.&nbsp;<\\/p>\"}},\"2924\":{\"type\":\"contentSection\",\"enabled\":\"1\",\"fields\":{\"sectionTitle\":\"Shining a Spotlight \\r\\non Family Needs\",\"sectionContent\":\"<p>We\\u2019re always sharing new information and resources that help families stay on track while encouraging schools to be more responsive to student and parent needs. <a href=\\\"http:\\/\\/ednavigator.dev\\/who-we-are#entry:2830:url\\\">Read more about what we\\u2019re learning<\\/a>.<\\/p>\"}}},\"68\":{\"2916\":{\"type\":\"navigatorsInfoSection\",\"enabled\":\"1\",\"fields\":{\"sectionTitle\":\"Personal, Professional Guidance\",\"sectionContent\":\"<p>Our Navigators combine expert knowledge of schools with a deep understanding of our communities. Most are accomplished former teachers, school leaders, or counselors, and all have passed a background check, received privacy training and adhere to a strict code of confidentiality.&nbsp;<\\/p>\\r\\n<p>They\\u2019re like pediatricians for your educational health, and they\\u2019re always looking out for your best interests.<\\/p>\"}},\"2917\":{\"type\":\"navigatorsInfoSection\",\"enabled\":\"1\",\"fields\":{\"sectionTitle\":\"Help that Finds You\",\"sectionContent\":\"<p>Your Navigator will meet with you at your worksite&mdash;or wherever is most convenient for you&mdash;to develop a customized educational plan. They\\u2019ll help:&nbsp;<\\/p>\\r\\n<ul><li>Set clear learning goals<\\/li><li>Choose the right school and explore financial options<\\/li><li>Communicate with teachers and administrators<\\/li><li>Analyze grades and progress<\\/li><li>Answer your questions via phone, text, or email whenever you need advice<\\/li><\\/ul>\"}}},\"48\":\"We give hard-working families personalized, ongoing support along the path from preschool to college.\",\"7\":\"\",\"6\":\"\"}}', '2017-01-25 21:51:39', '2017-01-25 21:51:39', '5a73bcef-92b0-44f0-9282-5aaa9510045d'),
 ('297', '2831', '10', '1', 'en_us', '5', '', '{\"typeId\":\"10\",\"authorId\":null,\"title\":\"How We Help\",\"slug\":\"how-we-help\",\"postDate\":1485364513,\"expiryDate\":null,\"enabled\":1,\"parentId\":null,\"fields\":{\"77\":\"<p><a href=\\\"\\/resources\\\">Resources for Families<\\/a><\\/p><p><a href=\\\"http:\\/\\/ednavigator.dev\\/employers#entry:2893\\\">Resources for Employers<\\/a><\\/p>\",\"74\":{\"2918\":{\"type\":\"step\",\"enabled\":\"1\",\"fields\":{\"stepTitle\":\"Sign Up\",\"stepContent\":\"<p>You can register to become an EdNavigator member through your employer, a participating community organization, or our website. Members can receive help with their child\\u2019s education or with their own learning goals.<\\/p>\"}},\"2919\":{\"type\":\"step\",\"enabled\":\"1\",\"fields\":{\"stepTitle\":\"Review Records\",\"stepContent\":\"<p>After registering, you\\u2019ll be connected to a Navigator&mdash;if you\\u2019re a parent, we\\u2019ll work together to create a path to success for your child. If you\\u2019re an adult learner, we\\u2019ll get to work helping you further your education.<\\/p>\"}},\"2920\":{\"type\":\"step\",\"enabled\":\"1\",\"fields\":{\"stepTitle\":\"Make a Plan\",\"stepContent\":\"<p>Your Navigator will help you set clear short- and long-term goals, from getting your child into college to helping you get a degree while balancing work and life. Then together, you\\u2019ll create a concrete plan for achieving those goals.<\\/p>\"}},\"2921\":{\"type\":\"step\",\"enabled\":\"1\",\"fields\":{\"stepTitle\":\"Take Action\",\"stepContent\":\"<p>Your Navigator will offer direct, hands-on assistance to help you turn your plans into reality&mdash;that may include going with you to school meetings, teaching effective study habits, or connecting you to available community resources.<\\/p>\"}},\"2922\":{\"type\":\"step\",\"enabled\":\"1\",\"fields\":{\"stepTitle\":\"Stay on Track\",\"stepContent\":\"<p>As students progress, EdNavigator will be there every step of the way&mdash;whatever new challenges or opportunities arise, we\\u2019re here to support and keep our member families on track to reach their goals.<\\/p>\"}}},\"71\":{\"2923\":{\"type\":\"contentSection\",\"enabled\":\"1\",\"fields\":{\"sectionTitle\":\"Stronger Schools,\\r\\nStronger Communities\",\"sectionContent\":\"<p>Our priority is helping you get the education you want for yourself and your family. Through our work, we also strive to strengthen local schools and communities in a way that benefits everyone.&nbsp;<\\/p>\"}},\"2924\":{\"type\":\"contentSection\",\"enabled\":\"1\",\"fields\":{\"sectionTitle\":\"Shining a Spotlight \\r\\non Family Needs\",\"sectionContent\":\"<p>We\\u2019re always sharing new information and resources that help families stay on track while encouraging schools to be more responsive to student and parent needs. <a href=\\\"http:\\/\\/ednavigator.dev\\/who-we-are#entry:2830:url\\\">Read more about what we\\u2019re learning<\\/a>.<\\/p>\"}}},\"68\":{\"2916\":{\"type\":\"navigatorsInfoSection\",\"enabled\":\"1\",\"fields\":{\"sectionTitle\":\"Personal, Professional Guidance\",\"sectionContent\":\"<p>Our Navigators combine expert knowledge of schools with a deep understanding of our communities. Most are accomplished former teachers, school leaders, or counselors, and all have passed a background check, received privacy training and adhere to a strict code of confidentiality.&nbsp;<\\/p>\\r\\n<p>They\\u2019re like pediatricians for your educational health, and they\\u2019re always looking out for your best interests.<\\/p>\"}},\"2917\":{\"type\":\"navigatorsInfoSection\",\"enabled\":\"1\",\"fields\":{\"sectionTitle\":\"Help that Finds You\",\"sectionContent\":\"<p>Your Navigator will meet with you at your worksite&mdash;or wherever is most convenient for you&mdash;to develop a customized educational plan. They\\u2019ll help:&nbsp;<\\/p>\\r\\n<ul><li>Set clear learning goals<\\/li><li>Choose the right school and explore financial options<\\/li><li>Communicate with teachers and administrators<\\/li><li>Analyze grades and progress<\\/li><li>Answer your questions via phone, text, or email whenever you need advice<\\/li><\\/ul>\"}}},\"48\":\"We give hard-working families personalized, ongoing support along the path from preschool to college.\",\"7\":\"\",\"6\":\"\"}}', '2017-01-26 16:38:33', '2017-01-26 16:38:33', 'ecea94d8-43e9-4bcb-88f3-22f3be1842c4'),
 ('298', '2', '1', '1', 'en_us', '22', '', '{\"typeId\":\"1\",\"authorId\":null,\"title\":\"Homepage\",\"slug\":\"homepage\",\"postDate\":1483481267,\"expiryDate\":null,\"enabled\":1,\"parentId\":null,\"fields\":{\"50\":[\"2871\"],\"49\":\"<p>We partner with leading businesses to help hard-working families find a path \\r\\nto success in school and beyond.<\\/p>\",\"48\":\"Education is \\r\\nthe path to a better life\",\"7\":\"\",\"6\":\"\",\"51\":{\"2868\":{\"type\":\"userPath\",\"enabled\":\"1\",\"fields\":{\"pathTitle\":\"For\\r\\nEmployers\",\"pathLinkText\":\"Invest in your greatest \\r\\nasset \\u2014 your people.\",\"pathPage\":[\"2893\"],\"pathImage\":[\"2866\"]}},\"2869\":{\"type\":\"userPath\",\"enabled\":\"1\",\"fields\":{\"pathTitle\":\"For Families\\r\\n& Students\",\"pathLinkText\":\"Find your path.\",\"pathPage\":[\"2892\"],\"pathImage\":[\"2867\"]}}}}}', '2017-01-26 16:52:05', '2017-01-26 16:52:05', 'f42803a2-0f65-47a2-a977-136252baf2b1'),
 ('299', '2830', '9', '1', 'en_us', '3', '', '{\"typeId\":\"9\",\"authorId\":\"1\",\"title\":\"Who We Are\",\"slug\":\"who-we-are\",\"postDate\":1482262860,\"expiryDate\":null,\"enabled\":1,\"parentId\":\"\",\"fields\":{\"78\":{\"new1\":{\"type\":\"introSection\",\"enabled\":\"1\",\"fields\":{\"sectionTitle\":\"Who are we?\",\"sectionText\":\"<p>We\\u2019re teachers. We\\u2019re principals. We\\u2019re counselors and coaches. We\\u2019re policy experts and data analysts and community anchors. Most of all, we\\u2019re moms and dads who know how hard it can be to figure out schools and keep kids on track, no matter who you are or where you live.&nbsp;<\\/p>\"}},\"new2\":{\"type\":\"introSection\",\"enabled\":\"1\",\"fields\":{\"sectionTitle\":\"Our Mission\",\"sectionText\":\"<p>We founded EdNavigator because we believe that education is the path to a better life. But navigating schools and education systems isn\\u2019t easy. The stakes are high, and there are so many questions, deadlines, and decisions along the way. That\\u2019s why we\\u2019re here&mdash;so you don\\u2019t have to do it all alone.<\\/p>\"}}},\"77\":\"\",\"48\":\"We\\u2019re a nonprofit organization working to help busy families and students achieve their educational dreams. \",\"7\":\"\",\"6\":\"\"}}', '2017-01-26 20:12:10', '2017-01-26 20:12:10', '1843f9a0-c70d-4939-899b-2c4c895f3fc3'),
 ('300', '2830', '9', '1', 'en_us', '4', '', '{\"typeId\":\"9\",\"authorId\":\"1\",\"title\":\"Who We Are\",\"slug\":\"who-we-are\",\"postDate\":1482262860,\"expiryDate\":null,\"enabled\":1,\"parentId\":\"\",\"fields\":{\"78\":{\"2926\":{\"type\":\"introSection\",\"enabled\":\"1\",\"fields\":{\"sectionTitle\":\"Who are we?\",\"sectionText\":\"<p>We\\u2019re teachers. We\\u2019re principals. We\\u2019re counselors and coaches. We\\u2019re policy experts and data analysts and community anchors. Most of all, we\\u2019re moms and dads who know how hard it can be to figure out schools and keep kids on track, no matter who you are or where you live.&nbsp;<\\/p>\"}},\"2927\":{\"type\":\"introSection\",\"enabled\":\"1\",\"fields\":{\"sectionTitle\":\"Our Mission\",\"sectionText\":\"<p>We founded EdNavigator because we believe that education is the path to a better life. But navigating schools and education systems isn\\u2019t easy. The stakes are high, and there are so many questions, deadlines, and decisions along the way. That\\u2019s why we\\u2019re here&mdash;so you don\\u2019t have to do it all alone.<\\/p>\"}}},\"77\":\"\",\"48\":\"We\\u2019re a nonprofit organization working to help busy families and students achieve their educational dreams. \",\"44\":{\"new1\":{\"type\":\"principle\",\"enabled\":\"1\",\"fields\":{\"principleIcon\":[\"2925\"],\"principleLabel\":\"You always come first\",\"principleDescription\":\"We always put the needs of families and students first. We represent no one\\u2019s interests but yours. Ever\"}}},\"7\":\"\",\"6\":\"\"}}', '2017-01-26 20:14:15', '2017-01-26 20:14:15', 'c246ab9a-7f51-43de-9f54-d5183165efef'),
 ('301', '2830', '9', '1', 'en_us', '5', '', '{\"typeId\":\"9\",\"authorId\":\"1\",\"title\":\"Who We Are\",\"slug\":\"who-we-are\",\"postDate\":1482262860,\"expiryDate\":null,\"enabled\":1,\"parentId\":\"\",\"fields\":{\"78\":{\"2926\":{\"type\":\"introSection\",\"enabled\":\"1\",\"fields\":{\"sectionTitle\":\"Who are we?\",\"sectionText\":\"<p>We\\u2019re teachers. We\\u2019re principals. We\\u2019re counselors and coaches. We\\u2019re policy experts and data analysts and community anchors. Most of all, we\\u2019re moms and dads who know how hard it can be to figure out schools and keep kids on track, no matter who you are or where you live.&nbsp;<\\/p>\"}},\"2927\":{\"type\":\"introSection\",\"enabled\":\"1\",\"fields\":{\"sectionTitle\":\"Our Mission\",\"sectionText\":\"<p>We founded EdNavigator because we believe that education is the path to a better life. But navigating schools and education systems isn\\u2019t easy. The stakes are high, and there are so many questions, deadlines, and decisions along the way. That\\u2019s why we\\u2019re here&mdash;so you don\\u2019t have to do it all alone.<\\/p>\"}}},\"77\":\"\",\"48\":\"We\\u2019re a nonprofit organization working to help busy families and students achieve their educational dreams. \",\"44\":{\"2929\":{\"type\":\"principle\",\"enabled\":\"1\",\"fields\":{\"principleIcon\":[\"2925\"],\"principleLabel\":\"You always come first\",\"principleDescription\":\"We always put the needs of families and students first. We represent no one\\u2019s interests but yours. Ever\"}},\"new1\":{\"type\":\"principle\",\"enabled\":\"1\",\"fields\":{\"principleIcon\":[\"2930\"],\"principleLabel\":\"We put you in charge\",\"principleDescription\":\"We provide guidance and honest advice, but you set the course. We never act without your permission or make choices for you. Our job is to help you get what you want. \"}}},\"7\":\"\",\"6\":\"\"}}', '2017-01-26 20:22:20', '2017-01-26 20:22:20', '263de905-087c-4d89-99f5-74f70239865a'),
 ('302', '2830', '9', '1', 'en_us', '6', '', '{\"typeId\":\"9\",\"authorId\":\"1\",\"title\":\"Who We Are\",\"slug\":\"who-we-are\",\"postDate\":1482262860,\"expiryDate\":null,\"enabled\":1,\"parentId\":\"\",\"fields\":{\"78\":{\"2926\":{\"type\":\"introSection\",\"enabled\":\"1\",\"fields\":{\"sectionTitle\":\"Who are we?\",\"sectionText\":\"<p>We\\u2019re teachers. We\\u2019re principals. We\\u2019re counselors and coaches. We\\u2019re policy experts and data analysts and community anchors. Most of all, we\\u2019re moms and dads who know how hard it can be to figure out schools and keep kids on track, no matter who you are or where you live.&nbsp;<\\/p>\"}},\"2927\":{\"type\":\"introSection\",\"enabled\":\"1\",\"fields\":{\"sectionTitle\":\"Our Mission\",\"sectionText\":\"<p>We founded EdNavigator because we believe that education is the path to a better life. But navigating schools and education systems isn\\u2019t easy. The stakes are high, and there are so many questions, deadlines, and decisions along the way. That\\u2019s why we\\u2019re here&mdash;so you don\\u2019t have to do it all alone.<\\/p>\"}}},\"77\":\"\",\"48\":\"We\\u2019re a nonprofit organization working to help busy families and students achieve their educational dreams. \",\"44\":{\"2929\":{\"type\":\"principle\",\"enabled\":\"1\",\"fields\":{\"principleIcon\":[\"2925\"],\"principleLabel\":\"You always come first\",\"principleDescription\":\"We always put the needs of families and students first. We represent no one\\u2019s interests but yours. Ever\"}},\"2931\":{\"type\":\"principle\",\"enabled\":\"1\",\"fields\":{\"principleIcon\":[\"2930\"],\"principleLabel\":\"We put you in charge\",\"principleDescription\":\"We provide guidance and honest advice, but you set the course. We never act without your permission or make choices for you. Our job is to help you get what you want. \"}},\"new1\":{\"type\":\"principle\",\"enabled\":\"1\",\"fields\":{\"principleIcon\":\"\",\"principleLabel\":\"\",\"principleDescription\":\"\"}}},\"7\":\"\",\"6\":\"\"}}', '2017-01-26 23:13:28', '2017-01-26 23:13:28', '0a30bb3c-bab5-4c0a-9fd7-965ed21ddb42'),
 ('303', '2830', '9', '1', 'en_us', '7', '', '{\"typeId\":\"9\",\"authorId\":\"1\",\"title\":\"Who We Are\",\"slug\":\"who-we-are\",\"postDate\":1482262860,\"expiryDate\":null,\"enabled\":1,\"parentId\":\"\",\"fields\":{\"78\":{\"2926\":{\"type\":\"introSection\",\"enabled\":\"1\",\"fields\":{\"sectionTitle\":\"Who are we?\",\"sectionContent\":\"<p>We\\u2019re teachers. We\\u2019re principals. We\\u2019re counselors and coaches. We\\u2019re policy experts and data analysts and community anchors. Most of all, we\\u2019re moms and dads who know how hard it can be to figure out schools and keep kids on track, no matter who you are or where you live.&nbsp;<\\/p>\"}},\"2927\":{\"type\":\"introSection\",\"enabled\":\"1\",\"fields\":{\"sectionTitle\":\"Our Mission\",\"sectionContent\":\"<p>We founded EdNavigator because we believe that education is the path to a better life. But navigating schools and education systems isn\\u2019t easy. The stakes are high, and there are so many questions, deadlines, and decisions along the way. That\\u2019s why we\\u2019re here&mdash;so you don\\u2019t have to do it all alone.<\\/p>\"}}},\"77\":\"\",\"48\":\"We\\u2019re a nonprofit organization working to help busy families and students achieve their educational dreams. \",\"44\":{\"2929\":{\"type\":\"principle\",\"enabled\":\"1\",\"fields\":{\"principleIcon\":[\"2925\"],\"principleLabel\":\"You always come first\",\"principleDescription\":\"We always put the needs of families and students first. We represent no one\\u2019s interests but yours. Ever\"}},\"2931\":{\"type\":\"principle\",\"enabled\":\"1\",\"fields\":{\"principleIcon\":[\"2930\"],\"principleLabel\":\"We put you in charge\",\"principleDescription\":\"We provide guidance and honest advice, but you set the course. We never act without your permission or make choices for you. Our job is to help you get what you want. \"}}},\"7\":\"\",\"6\":\"\"}}', '2017-01-26 23:16:07', '2017-01-26 23:16:07', '398f1495-0073-4b25-9f26-76b667de70b9'),
 ('304', '2830', '9', '1', 'en_us', '8', '', '{\"typeId\":\"9\",\"authorId\":\"1\",\"title\":\"Who We Are\",\"slug\":\"who-we-are\",\"postDate\":1482262860,\"expiryDate\":null,\"enabled\":1,\"parentId\":\"\",\"fields\":{\"78\":{\"2926\":{\"type\":\"introSection\",\"enabled\":\"1\",\"fields\":{\"sectionTitle\":\"Who are we?\",\"sectionContent\":\"<p>We\\u2019re teachers. We\\u2019re principals. We\\u2019re counselors and coaches. We\\u2019re policy experts and data analysts and community anchors. Most of all, we\\u2019re moms and dads who know how hard it can be to figure out schools and keep kids on track, no matter who you are or where you live.&nbsp;<\\/p>\"}},\"2927\":{\"type\":\"introSection\",\"enabled\":\"1\",\"fields\":{\"sectionTitle\":\"Our Mission\",\"sectionContent\":\"<p>We founded EdNavigator because we believe that education is the path to a better life. But navigating schools and education systems isn\\u2019t easy. The stakes are high, and there are so many questions, deadlines, and decisions along the way. That\\u2019s why we\\u2019re here&mdash;so you don\\u2019t have to do it all alone.<\\/p>\"}}},\"77\":\"\",\"48\":\"We\\u2019re a nonprofit organization working to help busy families and students achieve their educational dreams. \",\"44\":{\"2929\":{\"type\":\"principle\",\"enabled\":\"1\",\"fields\":{\"principleIcon\":[\"2925\"],\"principleLabel\":\"You always come first\",\"principleDescription\":\"We always put the needs of families and students first. We represent no one\\u2019s interests but yours. Ever\"}},\"2931\":{\"type\":\"principle\",\"enabled\":\"1\",\"fields\":{\"principleIcon\":[\"2930\"],\"principleLabel\":\"We put you in charge\",\"principleDescription\":\"We provide guidance and honest advice, but you set the course. We never act without your permission or make choices for you. Our job is to help you get what you want. \"}},\"new1\":{\"type\":\"principle\",\"enabled\":\"1\",\"fields\":{\"principleIcon\":[\"2933\"],\"principleLabel\":\"We treat you like family\",\"principleDescription\":\"We share your sense of urgency. We respond quickly, take your concerns seriously, and always treat you with dignity and respect. Your problems are our problems.\"}},\"new2\":{\"type\":\"principle\",\"enabled\":\"1\",\"fields\":{\"principleIcon\":[\"2934\"],\"principleLabel\":\"We find a way\",\"principleDescription\":\"We don\\u2019t let systems, processes, paperwork or unwritten rules get in the way of doing right by a family or student. We find a way to make it happen.\"}},\"new3\":{\"type\":\"principle\",\"enabled\":\"1\",\"fields\":{\"principleIcon\":[\"2935\"],\"principleLabel\":\"We protect your privacy\",\"principleDescription\":\"We maintain best-in-class privacy controls to protect you. We never share information about you or your children without your consent. \"}},\"new4\":{\"type\":\"principle\",\"enabled\":\"1\",\"fields\":{\"principleIcon\":[\"2936\"],\"principleLabel\":\"We level the playing field\",\"principleDescription\":\"We champion the right of all families to an excellent education, especially those who have faced disadvantages in the past.\"}}},\"7\":\"\",\"6\":\"\"}}', '2017-01-26 23:47:39', '2017-01-26 23:47:39', 'd17cd94e-2928-4032-8704-6dca9b2382b0'),
 ('305', '2845', '9', '1', 'en_us', '2', '', '{\"typeId\":\"15\",\"authorId\":\"1\",\"title\":\"Leadership\",\"slug\":\"leadership\",\"postDate\":1482273600,\"expiryDate\":null,\"enabled\":1,\"parentId\":\"2830\",\"fields\":{\"48\":\"Our leadership team has nearly 60 years of combined experience in education at all levels, from leading classrooms to shaping federal policy.\",\"36\":{\"2846\":{\"type\":\"person\",\"enabled\":\"1\",\"fields\":{\"personName\":\"Timothy Daly\",\"personTitle\":\"Founding Partner\",\"bio\":\"\",\"photo\":\"\"}},\"2847\":{\"type\":\"person\",\"enabled\":\"1\",\"fields\":{\"personName\":\"Whitney Henderson\",\"personTitle\":\"Navigator-in-chief\",\"bio\":\"\",\"photo\":\"\"}},\"2848\":{\"type\":\"person\",\"enabled\":\"1\",\"fields\":{\"personName\":\"David Keeling\",\"personTitle\":\"Founding Partner\",\"bio\":\"\",\"photo\":\"\"}},\"2849\":{\"type\":\"person\",\"enabled\":\"1\",\"fields\":{\"personName\":\"Ariela Rozman\",\"personTitle\":\"Founding Partner\",\"bio\":\"\",\"photo\":\"\"}}},\"7\":\"\",\"6\":\"\"}}', '2017-01-30 17:43:59', '2017-01-30 17:43:59', 'a437c1b5-30b1-4eda-9ab8-4006185b9802'),
 ('306', '2845', '9', '1', 'en_us', '3', '', '{\"typeId\":\"15\",\"authorId\":\"1\",\"title\":\"Leadership\",\"slug\":\"leadership\",\"postDate\":1482273600,\"expiryDate\":null,\"enabled\":1,\"parentId\":\"2830\",\"fields\":{\"48\":\"Our leadership team has nearly 60 years of combined experience in education at all levels, from leading classrooms to shaping federal policy.\",\"36\":{\"2846\":{\"type\":\"person\",\"enabled\":\"1\",\"fields\":{\"personName\":\"Timothy Daly\",\"personTitle\":\"Founding Partner\",\"personDescription\":\"<p>Tim brings 17 years of experience in public education to EdNavigator, including service as an urban school teacher, organizational leader, and policy expert. Prior to founding EdNavigator, he served alongside Ariela Rozman as President of TNTP, a leading education nonprofit organization that partners with school systems and states to ensure that all students get excellent teachers. During his eight years in that role, TNTP became a leading source of innovative research and a respected independent voice on teacher quality issues. Before joining TNTP in 2001, Tim taught social studies at Northeast Middle School in Baltimore. He holds a MA in Teaching from Johns Hopkins University and a BA in American Studies from Northwestern University. He lives in Chicago with his wife and two children.<\\/p>\",\"personImage\":\"\"}},\"2847\":{\"type\":\"person\",\"enabled\":\"1\",\"fields\":{\"personName\":\"Whitney Henderson\",\"personTitle\":\"Navigator-in-chief\",\"personDescription\":\"<p>A native of East St. Louis, IL, Whitney brings to her work 10 years of experience as an award-winning teacher, school principal and instructional expert. Her career in education began in New Orleans, where she moved after Hurricane Katrina to become a founding teacher and eventually 7th-9th grade principal at KIPP Central City Academy. Her extraordinary success with students earned her the 2011 Fishman Prize, a $25,000 award given annually to just four teachers nationwide. Whitney holds a BA in English and Modern Foreign Languages from Jackson State University, a MA in Organizational Leadership from Teacher\\u2019s College at Columbia University, and a Master\\u2019s in Education Policy and Management from the Harvard Graduate School of Education. She lives in New Orleans, LA.&nbsp;<\\/p>\",\"personImage\":\"\"}},\"2848\":{\"type\":\"person\",\"enabled\":\"1\",\"fields\":{\"personName\":\"David Keeling\",\"personTitle\":\"Founding Partner\",\"personDescription\":\"<p>David Keeling has 16 years of experience in strategic communications and public education. Over the last decade and a half, his words have appeared in teacher recruitment ads in the New York City subway, in news outlets from Education Week to The New York Times, and in the remarks and messages of some of the nation\\u2019s most prominent education leaders. Before EdNavigator, he served for six years as Vice President of Communications for TNTP, leading the organization\\u2019s communications, marketing and publications strategy and advising TNTP staff, state education agencies and urban school systems nationwide on communicating with teachers, parents, school leaders, and other stakeholders.&nbsp; He holds a BA in English from Middlebury College and lives with his wife and two children in Chicago.<\\/p>\",\"personImage\":\"\"}},\"2849\":{\"type\":\"person\",\"enabled\":\"1\",\"fields\":{\"personName\":\"Ariela Rozman\",\"personTitle\":\"Founding Partner\",\"personDescription\":\"<p>Before founding EdNavigator, Ariela Rozman served for eight years as Chief Executive Officer of TNTP. Under her tenure as CEO, TNTP tripled in size, growing to a staff of 370 full-time employees across 41 states and an annual budget of more than $60 million.&nbsp; Today, TNTP has a presence in more than 50 cities and states, including most of the country\\u2019s largest urban areas. In 2012, she and then-TNTP President Tim Daly received the Harold W. McGraw, Jr. Prize in Education for their leadership. Prior to joining TNTP in 2001, Ariela worked in consulting for Bain & Company and helped launch and grow the e-commerce site PlanetRx.com. She holds a BA in Political and Social Thought from the University of Virginia and lives in Brooklyn, NY with her husband and two children.<\\/p>\",\"personImage\":\"\"}}},\"81\":\"Our Leadership Team\",\"7\":\"\",\"6\":\"\"}}', '2017-01-30 18:40:34', '2017-01-30 18:40:34', '1b51794a-9cd2-468a-8bcf-dc46948562d2'),
 ('307', '2845', '9', '1', 'en_us', '4', '', '{\"typeId\":\"15\",\"authorId\":\"1\",\"title\":\"Leadership\",\"slug\":\"leadership\",\"postDate\":1482273600,\"expiryDate\":null,\"enabled\":1,\"parentId\":\"2830\",\"fields\":{\"48\":\"Our leadership team has nearly 60 years of combined experience in education at all levels, from leading classrooms to shaping federal policy.\",\"36\":{\"2846\":{\"type\":\"person\",\"enabled\":\"1\",\"fields\":{\"personName\":\"Timothy Daly\",\"personTitle\":\"Founding Partner\",\"personDescription\":\"<p>Tim brings 17 years of experience in public education to EdNavigator, including service as an urban school teacher, organizational leader, and policy expert. Prior to founding EdNavigator, he served alongside Ariela Rozman as President of TNTP, a leading education nonprofit organization that partners with school systems and states to ensure that all students get excellent teachers. During his eight years in that role, TNTP became a leading source of innovative research and a respected independent voice on teacher quality issues. Before joining TNTP in 2001, Tim taught social studies at Northeast Middle School in Baltimore. He holds a MA in Teaching from Johns Hopkins University and a BA in American Studies from Northwestern University. He lives in Chicago with his wife and two children.<\\/p>\",\"personImage\":[\"2941\"]}},\"2847\":{\"type\":\"person\",\"enabled\":\"1\",\"fields\":{\"personName\":\"Whitney Henderson\",\"personTitle\":\"Navigator-in-chief\",\"personDescription\":\"<p>A native of East St. Louis, IL, Whitney brings to her work 10 years of experience as an award-winning teacher, school principal and instructional expert. Her career in education began in New Orleans, where she moved after Hurricane Katrina to become a founding teacher and eventually 7th-9th grade principal at KIPP Central City Academy. Her extraordinary success with students earned her the 2011 Fishman Prize, a $25,000 award given annually to just four teachers nationwide. Whitney holds a BA in English and Modern Foreign Languages from Jackson State University, a MA in Organizational Leadership from Teacher\\u2019s College at Columbia University, and a Master\\u2019s in Education Policy and Management from the Harvard Graduate School of Education. She lives in New Orleans, LA.&nbsp;<\\/p>\",\"personImage\":\"\"}},\"2848\":{\"type\":\"person\",\"enabled\":\"1\",\"fields\":{\"personName\":\"David Keeling\",\"personTitle\":\"Founding Partner\",\"personDescription\":\"<p>David Keeling has 16 years of experience in strategic communications and public education. Over the last decade and a half, his words have appeared in teacher recruitment ads in the New York City subway, in news outlets from Education Week to The New York Times, and in the remarks and messages of some of the nation\\u2019s most prominent education leaders. Before EdNavigator, he served for six years as Vice President of Communications for TNTP, leading the organization\\u2019s communications, marketing and publications strategy and advising TNTP staff, state education agencies and urban school systems nationwide on communicating with teachers, parents, school leaders, and other stakeholders.&nbsp; He holds a BA in English from Middlebury College and lives with his wife and two children in Chicago.<\\/p>\",\"personImage\":\"\"}},\"2849\":{\"type\":\"person\",\"enabled\":\"1\",\"fields\":{\"personName\":\"Ariela Rozman\",\"personTitle\":\"Founding Partner\",\"personDescription\":\"<p>Before founding EdNavigator, Ariela Rozman served for eight years as Chief Executive Officer of TNTP. Under her tenure as CEO, TNTP tripled in size, growing to a staff of 370 full-time employees across 41 states and an annual budget of more than $60 million.&nbsp; Today, TNTP has a presence in more than 50 cities and states, including most of the country\\u2019s largest urban areas. In 2012, she and then-TNTP President Tim Daly received the Harold W. McGraw, Jr. Prize in Education for their leadership. Prior to joining TNTP in 2001, Ariela worked in consulting for Bain & Company and helped launch and grow the e-commerce site PlanetRx.com. She holds a BA in Political and Social Thought from the University of Virginia and lives in Brooklyn, NY with her husband and two children.<\\/p>\",\"personImage\":\"\"}}},\"81\":\"Our Leadership Team\",\"7\":\"\",\"6\":\"\"}}', '2017-01-30 22:23:15', '2017-01-30 22:23:15', '7080cfbc-cda0-4185-8bca-9f2824845dbe'),
 ('308', '2850', '9', '1', 'en_us', '2', '', '{\"typeId\":\"15\",\"authorId\":\"1\",\"title\":\"Board of Directors\",\"slug\":\"board-of-directors\",\"postDate\":1482274140,\"expiryDate\":null,\"enabled\":1,\"parentId\":\"2830\",\"fields\":{\"48\":\"Our Board of Directors broadens our perspective while helping us keep our eyes on the ball.\",\"36\":{\"2851\":{\"type\":\"person\",\"enabled\":\"1\",\"fields\":{\"personName\":\"Kriste Dragon\",\"personTitle\":\"Co-founder and Chief Executive Officer, Citizens of the World Charter Schools\",\"personDescription\":\"\",\"personImage\":\"\"}},\"2852\":{\"type\":\"person\",\"enabled\":\"1\",\"fields\":{\"personName\":\"Kaya Henderson\",\"personTitle\":\"Former Chancellor,  DC Public Schools\",\"personDescription\":\"\",\"personImage\":\"\"}},\"2853\":{\"type\":\"person\",\"enabled\":\"1\",\"fields\":{\"personName\":\"Ryan Smith\",\"personTitle\":\"Executive Director,  Education Trust-West\",\"personDescription\":\"\",\"personImage\":\"\"}},\"2854\":{\"type\":\"person\",\"enabled\":\"1\",\"fields\":{\"personName\":\"Chris Stewart\",\"personTitle\":\"Director of Outreach and External Affairs, Education Post\",\"personDescription\":\"\",\"personImage\":\"\"}}},\"81\":\"\",\"7\":\"\",\"6\":\"\"}}', '2017-01-30 23:17:17', '2017-01-30 23:17:17', '6e8e359e-8787-4153-b33a-f041a0ba2ffb'),
 ('309', '2856', '9', '1', 'en_us', '2', '', '{\"typeId\":\"15\",\"authorId\":\"1\",\"title\":\"Our Partners                 \",\"slug\":\"our-partners\",\"postDate\":1482274800,\"expiryDate\":null,\"enabled\":1,\"parentId\":\"2830\",\"fields\":{\"48\":\"We\\u2019re proud to partner with leading businesses to help hard-working people give their children a great education and achieve their own educational goals.\",\"36\":{\"2857\":{\"type\":\"person\",\"enabled\":\"1\",\"fields\":{\"personName\":\"International House Hotel\",\"personTitle\":\"Anchor Partner\",\"personDescription\":\"<p>International House Hotel is a luxury boutique hotel located in downtown New Orleans, with 117 rooms. EdNavigator support is available to any eligible employee who is interested.&nbsp;<\\/p>\",\"personImage\":\"\"}},\"2858\":{\"type\":\"person\",\"enabled\":\"1\",\"fields\":{\"personName\":\"The New Orleans marriott\",\"personTitle\":\"\",\"personDescription\":\"<p>Located on Canal Street, the New Orleans Marriott is the city\\u2019s second-largest hotel, with 1,330 rooms.<\\/p>\",\"personImage\":\"\"}},\"2859\":{\"type\":\"person\",\"enabled\":\"1\",\"fields\":{\"personName\":\"The Hyatt Regency New Orleans\",\"personTitle\":\"\",\"personDescription\":\"\",\"personImage\":\"\"}},\"2860\":{\"type\":\"person\",\"enabled\":\"1\",\"fields\":{\"personName\":\"The JW Marriott New Orleans\",\"personTitle\":\"\",\"personDescription\":\"\",\"personImage\":\"\"}},\"2861\":{\"type\":\"person\",\"enabled\":\"1\",\"fields\":{\"personName\":\"The Ritz-Carlton New Orleans\",\"personTitle\":\"\",\"personDescription\":\"\",\"personImage\":\"\"}},\"2862\":{\"type\":\"person\",\"enabled\":\"1\",\"fields\":{\"personName\":\"The Residence Inn New Orleans Downtwon\",\"personTitle\":\"\",\"personDescription\":\"\",\"personImage\":\"\"}},\"2863\":{\"type\":\"person\",\"enabled\":\"1\",\"fields\":{\"personName\":\"The New Orleans Marriott At The Convention Center\",\"personTitle\":\"\",\"personDescription\":\"\",\"personImage\":\"\"}}},\"81\":\"Our Partners\",\"7\":\"\",\"6\":\"\"}}', '2017-01-30 23:19:24', '2017-01-30 23:19:24', '13ca5fee-4388-48bd-8440-4cf3ed188b98'),
 ('310', '2850', '9', '1', 'en_us', '3', '', '{\"typeId\":\"15\",\"authorId\":\"1\",\"title\":\"Board of Directors\",\"slug\":\"board-of-directors\",\"postDate\":1482274140,\"expiryDate\":null,\"enabled\":1,\"parentId\":\"2830\",\"fields\":{\"48\":\"Our Board of Directors broadens our perspective while helping us keep our eyes on the ball.\",\"36\":{\"2851\":{\"type\":\"person\",\"enabled\":\"1\",\"fields\":{\"personName\":\"Kriste Dragon\",\"personTitle\":\"Co-founder and Chief Executive Officer, Citizens of the World Charter Schools\",\"personDescription\":\"\",\"personImage\":\"\"}},\"2852\":{\"type\":\"person\",\"enabled\":\"1\",\"fields\":{\"personName\":\"Kaya Henderson\",\"personTitle\":\"Former Chancellor,  DC Public Schools\",\"personDescription\":\"\",\"personImage\":\"\"}},\"2853\":{\"type\":\"person\",\"enabled\":\"1\",\"fields\":{\"personName\":\"Ryan Smith\",\"personTitle\":\"Executive Director,  Education Trust-West\",\"personDescription\":\"\",\"personImage\":\"\"}},\"2854\":{\"type\":\"person\",\"enabled\":\"1\",\"fields\":{\"personName\":\"Chris Stewart\",\"personTitle\":\"Director of Outreach and External Affairs, Education Post\",\"personDescription\":\"\",\"personImage\":\"\"}}},\"81\":\"Board of Directors\",\"7\":\"\",\"6\":\"\"}}', '2017-01-30 23:19:39', '2017-01-30 23:19:39', '471b089d-bedf-44c5-961d-de041c7cce8e');



DROP TABLE IF EXISTS `craft_fieldgroups`;


--
-- Schema for table `craft_fieldgroups`
--
CREATE TABLE `craft_fieldgroups` (
  `id` int(11) NOT NULL AUTO_INCREMENT,
  `name` varchar(255) COLLATE utf8_unicode_ci NOT NULL,
  `dateCreated` datetime NOT NULL,
  `dateUpdated` datetime NOT NULL,
  `uid` char(36) COLLATE utf8_unicode_ci NOT NULL DEFAULT '0',
  PRIMARY KEY (`id`),
  UNIQUE KEY `craft_fieldgroups_name_unq_idx` (`name`)
) ENGINE=InnoDB AUTO_INCREMENT=12 DEFAULT CHARSET=utf8 COLLATE=utf8_unicode_ci;

--
-- Data for table `craft_fieldgroups`
--

INSERT INTO `craft_fieldgroups` (`id`, `name`, `dateCreated`, `dateUpdated`, `uid`) VALUES
 ('1', 'Default', '2016-10-10 20:59:13', '2016-10-10 20:59:13', '9aec6670-8753-4f2e-91d5-03ff2b4f3ef6'),
 ('4', 'SEO', '2016-10-12 16:32:50', '2016-10-12 16:32:50', '9ace857e-959b-4a74-b0e0-42873080c846'),
 ('8', 'Who We Are', '2016-12-20 21:32:41', '2016-12-20 21:32:41', 'c76d81fd-6544-4c75-a833-9f6f2a7a0149'),
 ('9', 'Homepage', '2017-01-05 15:40:31', '2017-01-05 15:40:31', '906608b2-91ed-4a3f-af22-d10f34202903'),
 ('10', 'User Paths', '2017-01-11 16:45:18', '2017-01-11 16:45:18', '217f9a1d-fbe7-4a59-a7ef-45684f8b7220'),
 ('11', 'How We Help', '2017-01-25 18:15:16', '2017-01-25 18:15:16', 'a6a6a3b2-033c-4402-91de-5001380f4f70');



DROP TABLE IF EXISTS `craft_fieldlayoutfields`;


--
-- Schema for table `craft_fieldlayoutfields`
--
CREATE TABLE `craft_fieldlayoutfields` (
  `id` int(11) NOT NULL AUTO_INCREMENT,
  `layoutId` int(11) NOT NULL,
  `tabId` int(11) NOT NULL,
  `fieldId` int(11) NOT NULL,
  `required` tinyint(1) unsigned NOT NULL DEFAULT '0',
  `sortOrder` smallint(6) unsigned DEFAULT NULL,
  `dateCreated` datetime NOT NULL,
  `dateUpdated` datetime NOT NULL,
  `uid` char(36) COLLATE utf8_unicode_ci NOT NULL DEFAULT '0',
  PRIMARY KEY (`id`),
  UNIQUE KEY `craft_fieldlayoutfields_layoutId_fieldId_unq_idx` (`layoutId`,`fieldId`),
  KEY `craft_fieldlayoutfields_sortOrder_idx` (`sortOrder`),
  KEY `craft_fieldlayoutfields_tabId_fk` (`tabId`),
  KEY `craft_fieldlayoutfields_fieldId_fk` (`fieldId`)
) ENGINE=InnoDB AUTO_INCREMENT=434 DEFAULT CHARSET=utf8 COLLATE=utf8_unicode_ci;

--
-- Data for table `craft_fieldlayoutfields`
--

INSERT INTO `craft_fieldlayoutfields` (`id`, `layoutId`, `tabId`, `fieldId`, `required`, `sortOrder`, `dateCreated`, `dateUpdated`, `uid`) VALUES
 ('4', '11', '3', '6', '0', '1', '2016-10-10 21:49:12', '2016-10-10 21:49:12', 'cc34f4d1-238a-49e6-9de4-1123658c449a'),
 ('5', '11', '3', '7', '0', '2', '2016-10-10 21:49:12', '2016-10-10 21:49:12', '3e162947-119f-42b4-9f64-b6ddb5a76206'),
 ('296', '125', '109', '50', '0', '1', '2017-01-09 23:18:20', '2017-01-09 23:18:20', 'c6855cc6-cb7e-48d3-8b7a-444380058907'),
 ('297', '125', '109', '48', '0', '2', '2017-01-09 23:18:20', '2017-01-09 23:18:20', '847d0b03-c557-419f-b296-1bd056847659'),
 ('298', '125', '109', '49', '0', '3', '2017-01-09 23:18:20', '2017-01-09 23:18:20', 'a6777579-abcf-4aac-a448-a93ed457c379'),
 ('299', '125', '109', '51', '0', '4', '2017-01-09 23:18:20', '2017-01-09 23:18:20', 'e701374e-1191-4755-8d63-78e8498bc19d'),
 ('300', '125', '110', '7', '0', '1', '2017-01-09 23:18:20', '2017-01-09 23:18:20', '41b6c25e-d9a6-4a82-981e-c27b7fbb7559'),
 ('301', '125', '110', '6', '0', '2', '2017-01-09 23:18:20', '2017-01-09 23:18:20', '83d1593c-0468-4bea-9348-a76b1453f1b9'),
 ('312', '132', '115', '59', '0', '1', '2017-01-17 20:49:44', '2017-01-17 20:49:44', '580bcc29-20e9-45e4-9c88-141159e9421f'),
 ('335', '138', '121', '59', '0', '1', '2017-01-17 23:10:49', '2017-01-17 23:10:49', 'ff2bef09-cc61-479c-b04e-4023584cdefc'),
 ('358', '143', '126', '67', '0', '1', '2017-01-23 22:12:48', '2017-01-23 22:12:48', '041fcd00-e155-42ee-a72e-be38f50cc63b'),
 ('359', '144', '127', '67', '0', '1', '2017-01-23 22:13:35', '2017-01-23 22:13:35', '3095cf21-5e6d-4a34-b08c-9b191f267cf7'),
 ('360', '145', '128', '65', '0', '1', '2017-01-24 17:52:19', '2017-01-24 17:52:19', 'daa2a042-f7f6-46e6-b6d4-21f069cf692a'),
 ('361', '145', '128', '66', '0', '2', '2017-01-24 17:52:19', '2017-01-24 17:52:19', '365ca6ff-61c6-42e8-a454-9e292d746e0f'),
 ('362', '145', '128', '62', '0', '3', '2017-01-24 17:52:19', '2017-01-24 17:52:19', '704cc9e1-4991-4525-94ac-f3090970eb96'),
 ('363', '145', '128', '63', '0', '4', '2017-01-24 17:52:19', '2017-01-24 17:52:19', '14e994df-49c8-4a15-b535-0983146705d7'),
 ('364', '145', '128', '64', '0', '5', '2017-01-24 17:52:19', '2017-01-24 17:52:19', '78decc91-de10-4c04-a95d-c65e8461e9ef'),
 ('365', '145', '128', '61', '1', '6', '2017-01-24 17:52:19', '2017-01-24 17:52:19', '174830ab-b6b0-46fb-9a77-32682036f452'),
 ('366', '146', '129', '52', '0', '1', '2017-01-24 20:09:04', '2017-01-24 20:09:04', '7a985179-6fd5-4286-bdb4-342a907be97c'),
 ('367', '146', '129', '53', '0', '2', '2017-01-24 20:09:04', '2017-01-24 20:09:04', 'a6ea5d90-b509-478c-aa26-88ba8cf79a83'),
 ('368', '146', '129', '54', '0', '3', '2017-01-24 20:09:04', '2017-01-24 20:09:04', '91117337-cd6d-46af-b75f-573a5b13339a'),
 ('369', '146', '129', '55', '0', '4', '2017-01-24 20:09:04', '2017-01-24 20:09:04', '834b9618-6c38-48ef-959d-1bf5af4c1772'),
 ('370', '147', '130', '69', '0', '1', '2017-01-25 18:35:23', '2017-01-25 18:35:23', '96007eee-fd0d-43d2-99c5-4254d0a0211f'),
 ('371', '147', '130', '70', '0', '2', '2017-01-25 18:35:23', '2017-01-25 18:35:23', 'ead6b9f5-4eaf-4365-9186-4374faa1b230'),
 ('376', '149', '133', '72', '0', '1', '2017-01-25 20:09:23', '2017-01-25 20:09:23', '5a96bd97-b970-443a-bc35-9e9f41e596af'),
 ('377', '149', '133', '73', '0', '2', '2017-01-25 20:09:23', '2017-01-25 20:09:23', '98d88305-e173-452a-96de-b49b57b9395f'),
 ('378', '150', '134', '75', '0', '1', '2017-01-25 20:10:52', '2017-01-25 20:10:52', 'cf73f1e8-021b-45c4-9447-81cf0134ce0f'),
 ('379', '150', '134', '76', '0', '2', '2017-01-25 20:10:53', '2017-01-25 20:10:53', 'f27643c4-b29d-4bb9-bc9d-596482a23d04'),
 ('386', '152', '137', '48', '0', '1', '2017-01-25 21:49:38', '2017-01-25 21:49:38', 'a3b75277-5b68-44f1-a246-ca0f21e6c706'),
 ('387', '152', '137', '68', '0', '2', '2017-01-25 21:49:38', '2017-01-25 21:49:38', '2dc68c9e-d5ea-4e16-9c41-daa01c34fa34'),
 ('388', '152', '137', '74', '0', '3', '2017-01-25 21:49:38', '2017-01-25 21:49:38', 'f4f27d24-550d-41a9-aaf3-9d0abdb95f27'),
 ('389', '152', '137', '71', '0', '4', '2017-01-25 21:49:38', '2017-01-25 21:49:38', '96fa2da1-4f84-4a78-bd59-9b0860bb4735'),
 ('390', '152', '137', '77', '0', '5', '2017-01-25 21:49:38', '2017-01-25 21:49:38', 'e870644a-ba00-40d9-829c-b6126d4201ba'),
 ('391', '152', '138', '7', '0', '1', '2017-01-25 21:49:38', '2017-01-25 21:49:38', '5c4c8010-ef41-4d54-a9b9-bee625298724'),
 ('392', '152', '138', '6', '0', '2', '2017-01-25 21:49:38', '2017-01-25 21:49:38', 'f6a8212a-1f4c-46a5-8a95-b16b5c985530'),
 ('404', '156', '144', '48', '0', '1', '2017-01-26 19:45:53', '2017-01-26 19:45:53', '6c381667-4ce4-4502-b228-9874730c74f8'),
 ('405', '156', '144', '78', '0', '2', '2017-01-26 19:45:53', '2017-01-26 19:45:53', 'cb1625c1-7a64-43d8-ad9d-2a1dba20aaf3'),
 ('406', '156', '144', '44', '0', '3', '2017-01-26 19:45:53', '2017-01-26 19:45:53', 'ad165d6f-1e10-49d9-aaf9-c75ddafb87c0'),
 ('407', '156', '144', '77', '0', '4', '2017-01-26 19:45:53', '2017-01-26 19:45:53', 'bca209e6-88c4-4d97-a4e3-fa2341316d98'),
 ('408', '156', '145', '7', '0', '1', '2017-01-26 19:45:53', '2017-01-26 19:45:53', 'f300c17b-ea94-40a2-808f-dc1d014f1838'),
 ('409', '156', '145', '6', '0', '2', '2017-01-26 19:45:53', '2017-01-26 19:45:53', '9a03b2e9-f88f-4cf0-bebe-2c31367073df'),
 ('416', '159', '148', '45', '0', '1', '2017-01-26 20:15:54', '2017-01-26 20:15:54', '73ad38f1-e248-4a2d-86f5-0375960ef802'),
 ('417', '159', '148', '46', '0', '2', '2017-01-26 20:15:54', '2017-01-26 20:15:54', '8af12388-4cc0-45be-bb7f-2c9fcf5884b5'),
 ('418', '159', '148', '47', '0', '3', '2017-01-26 20:15:54', '2017-01-26 20:15:54', '5e3fd1c3-9d1d-4236-b82c-2abf478cb045'),
 ('419', '160', '149', '79', '0', '1', '2017-01-26 23:13:17', '2017-01-26 23:13:17', 'ec03d40e-8a98-4cab-873f-e70761c2ef92'),
 ('420', '160', '149', '80', '0', '2', '2017-01-26 23:13:17', '2017-01-26 23:13:17', '78e916aa-adce-4a8a-902d-4587a65ce8e7'),
 ('425', '162', '152', '37', '0', '1', '2017-01-30 18:25:24', '2017-01-30 18:25:24', '166d6b1b-b15f-42ba-b570-30bfb078b0ce'),
 ('426', '162', '152', '38', '0', '2', '2017-01-30 18:25:24', '2017-01-30 18:25:24', '5e68d944-68ec-45b0-9b76-cdcbfc9d3337'),
 ('427', '162', '152', '40', '0', '3', '2017-01-30 18:25:24', '2017-01-30 18:25:24', 'af39ca9b-6a25-41d4-9e53-803f7b6ff2b7'),
 ('428', '162', '152', '41', '0', '4', '2017-01-30 18:25:24', '2017-01-30 18:25:24', '1ec48afa-91f0-418a-8366-2c465331e4c8'),
 ('429', '163', '153', '48', '0', '1', '2017-01-30 18:38:13', '2017-01-30 18:38:13', '380e2187-50d6-4102-bfbc-02a0136dacae'),
 ('430', '163', '153', '81', '0', '2', '2017-01-30 18:38:13', '2017-01-30 18:38:13', '34e142c3-c04a-4a0e-bd3b-47c726dda862'),
 ('431', '163', '153', '36', '0', '3', '2017-01-30 18:38:13', '2017-01-30 18:38:13', '461461a6-02c5-4cf3-9e7b-41cbdee6c2ab'),
 ('432', '163', '154', '7', '0', '1', '2017-01-30 18:38:13', '2017-01-30 18:38:13', 'd23e7eac-4e8e-4483-ab1b-f549f65f18ed'),
 ('433', '163', '154', '6', '0', '2', '2017-01-30 18:38:13', '2017-01-30 18:38:13', '22fcf726-a407-4e28-a3d0-b4543f0097b8');



DROP TABLE IF EXISTS `craft_fieldlayouts`;


--
-- Schema for table `craft_fieldlayouts`
--
CREATE TABLE `craft_fieldlayouts` (
  `id` int(11) NOT NULL AUTO_INCREMENT,
  `type` varchar(150) COLLATE utf8_unicode_ci NOT NULL,
  `dateCreated` datetime NOT NULL,
  `dateUpdated` datetime NOT NULL,
  `uid` char(36) COLLATE utf8_unicode_ci NOT NULL DEFAULT '0',
  PRIMARY KEY (`id`),
  KEY `craft_fieldlayouts_type_idx` (`type`)
) ENGINE=InnoDB AUTO_INCREMENT=164 DEFAULT CHARSET=utf8 COLLATE=utf8_unicode_ci;

--
-- Data for table `craft_fieldlayouts`
--

INSERT INTO `craft_fieldlayouts` (`id`, `type`, `dateCreated`, `dateUpdated`, `uid`) VALUES
 ('1', 'Tag', '2016-10-10 20:59:13', '2016-10-10 20:59:13', '5fe107a1-841e-435d-ac69-445039278f59'),
 ('11', 'GlobalSet', '2016-10-10 21:49:12', '2016-10-10 21:49:12', 'b819f55f-9e15-46d8-b554-e127c3d4dbb4'),
 ('21', 'Tag', '2016-10-12 16:41:25', '2016-10-12 16:41:25', 'f69667b1-5f80-47ea-b13c-9f4e9a7dc3a6'),
 ('58', 'Asset', '2016-10-17 23:05:25', '2016-10-17 23:05:25', '139a2b05-3b9f-4547-86d0-1bdd90d98920'),
 ('59', 'Asset', '2016-10-17 23:05:33', '2016-10-17 23:05:33', 'f350f4ee-1b7e-4787-9bd3-b4aecfe01ab6'),
 ('60', 'Asset', '2016-10-17 23:05:40', '2016-10-17 23:05:40', 'e9ae0ec1-3ee4-4397-82ed-1531e31d7219'),
 ('96', 'Asset', '2016-12-16 21:34:34', '2016-12-16 21:34:34', '94ec6563-439a-4d92-9afc-9fb968defc6e'),
 ('99', 'Entry', '2016-12-20 19:48:02', '2016-12-20 19:48:02', '5cd3d726-d965-4fa3-a440-effd869a14ab'),
 ('100', 'Entry', '2016-12-20 19:54:02', '2016-12-20 19:54:02', '42dad2ed-fa6d-47d9-8a3a-f3945debf831'),
 ('101', 'Category', '2016-12-20 20:07:11', '2016-12-20 20:07:11', '09a52d3f-9b52-4acb-b3b0-a92a7528b633'),
 ('102', 'Category', '2016-12-20 20:07:46', '2016-12-20 20:07:46', 'e428a08d-a9ad-4ae4-a6a5-88ba9ad37e8c'),
 ('103', 'Category', '2016-12-20 20:08:03', '2016-12-20 20:08:03', 'faeca10c-19d3-4ebf-ae2f-823037a644c4'),
 ('107', 'Asset', '2016-12-20 21:42:45', '2016-12-20 21:42:45', 'ded5fb02-6281-43a2-8190-e56ae37d880b'),
 ('120', 'Asset', '2017-01-05 18:08:21', '2017-01-05 18:08:21', 'e6c04db6-ebe7-4dc2-bf21-8836befec290'),
 ('125', 'Entry', '2017-01-09 23:18:20', '2017-01-09 23:18:20', '80213540-88c5-4daf-95df-0938bb7f7bd1'),
 ('132', 'Entry', '2017-01-17 20:49:44', '2017-01-17 20:49:44', '432de771-edf9-49c8-8ad3-8fac9fa26d16'),
 ('138', 'Entry', '2017-01-17 23:10:49', '2017-01-17 23:10:49', 'a90ad2ce-a7ff-4050-bf44-c1e1aede63e3'),
 ('143', 'Entry', '2017-01-23 22:12:48', '2017-01-23 22:12:48', '1cb11eb2-2132-40df-89d6-d7b0e75bcb72'),
 ('144', 'Entry', '2017-01-23 22:13:35', '2017-01-23 22:13:35', '1332ca24-3082-4b99-a706-2692e45ee937'),
 ('145', 'MatrixBlock', '2017-01-24 17:52:19', '2017-01-24 17:52:19', '7227db0e-0e4c-48e3-a464-df2e8b0262cc'),
 ('146', 'MatrixBlock', '2017-01-24 20:09:04', '2017-01-24 20:09:04', '48bc8c61-2e6c-46fa-98fa-d209039e6d89'),
 ('147', 'MatrixBlock', '2017-01-25 18:35:23', '2017-01-25 18:35:23', 'ca6ecc06-2a4a-40d8-a142-304d36c06838'),
 ('149', 'MatrixBlock', '2017-01-25 20:09:23', '2017-01-25 20:09:23', '521a2f52-d1bd-45f9-be5d-f409d07d311a'),
 ('150', 'MatrixBlock', '2017-01-25 20:10:52', '2017-01-25 20:10:52', '29eeb2b1-9edd-4fda-a8e1-2ef2f11fbc9f'),
 ('152', 'Entry', '2017-01-25 21:49:38', '2017-01-25 21:49:38', '079bab9b-d66b-4969-8f19-2d8f42b1020f'),
 ('156', 'Entry', '2017-01-26 19:45:53', '2017-01-26 19:45:53', '3f18383d-5018-4651-8210-47ec3340336e'),
 ('159', 'MatrixBlock', '2017-01-26 20:15:54', '2017-01-26 20:15:54', 'e28cd076-ee13-4f46-bde4-c6d5375df914'),
 ('160', 'MatrixBlock', '2017-01-26 23:13:17', '2017-01-26 23:13:17', '5a9a5ee3-2103-4b9a-8eef-029a009ac48c'),
 ('162', 'MatrixBlock', '2017-01-30 18:25:24', '2017-01-30 18:25:24', '9e690ee7-4bf0-4fc5-bd37-18d1022c0ff6'),
 ('163', 'Entry', '2017-01-30 18:38:13', '2017-01-30 18:38:13', '6921dd86-a50f-417e-b610-778df0185b6f');



DROP TABLE IF EXISTS `craft_fieldlayouttabs`;


--
-- Schema for table `craft_fieldlayouttabs`
--
CREATE TABLE `craft_fieldlayouttabs` (
  `id` int(11) NOT NULL AUTO_INCREMENT,
  `layoutId` int(11) NOT NULL,
  `name` varchar(255) COLLATE utf8_unicode_ci NOT NULL,
  `sortOrder` smallint(6) unsigned DEFAULT NULL,
  `dateCreated` datetime NOT NULL,
  `dateUpdated` datetime NOT NULL,
  `uid` char(36) COLLATE utf8_unicode_ci NOT NULL DEFAULT '0',
  PRIMARY KEY (`id`),
  KEY `craft_fieldlayouttabs_sortOrder_idx` (`sortOrder`),
  KEY `craft_fieldlayouttabs_layoutId_fk` (`layoutId`)
) ENGINE=InnoDB AUTO_INCREMENT=155 DEFAULT CHARSET=utf8 COLLATE=utf8_unicode_ci;

--
-- Data for table `craft_fieldlayouttabs`
--

INSERT INTO `craft_fieldlayouttabs` (`id`, `layoutId`, `name`, `sortOrder`, `dateCreated`, `dateUpdated`, `uid`) VALUES
 ('3', '11', 'Content', '1', '2016-10-10 21:49:12', '2016-10-10 21:49:12', '918017f8-0b8d-4bcb-8991-e6d2f0c360eb'),
 ('109', '125', 'Content', '1', '2017-01-09 23:18:20', '2017-01-09 23:18:20', '3bef3d06-8ea4-46c5-af5d-297cf8ab4cc1'),
 ('110', '125', 'SEO', '2', '2017-01-09 23:18:20', '2017-01-09 23:18:20', '86cefd34-1288-44fb-90f0-1a58aa729280'),
 ('115', '132', 'Page Sections', '1', '2017-01-17 20:49:44', '2017-01-17 20:49:44', 'dbcec19e-39f6-4294-bc8b-0e9a951e2bff'),
 ('121', '138', 'Page Sections', '1', '2017-01-17 23:10:49', '2017-01-17 23:10:49', '66a5f7c0-87d8-42bf-96a9-aeea94dbd0fd'),
 ('126', '143', 'Default', '1', '2017-01-23 22:12:48', '2017-01-23 22:12:48', '736017a0-73ec-4fdb-a7bd-fe1ee46f5d94'),
 ('127', '144', 'Default', '1', '2017-01-23 22:13:35', '2017-01-23 22:13:35', '93a54b89-9237-40a1-b6d2-e2d5b621b560'),
 ('128', '145', 'Content', '1', '2017-01-24 17:52:19', '2017-01-24 17:52:19', '0f6a42ee-7d01-4d8e-b508-a4f105bcf070'),
 ('129', '146', 'Content', '1', '2017-01-24 20:09:04', '2017-01-24 20:09:04', '8103fb54-2f02-43ed-a32c-01df01e46c1e'),
 ('130', '147', 'Content', '1', '2017-01-25 18:35:23', '2017-01-25 18:35:23', '10644fdb-04e1-4b23-8039-cad82a7de49e'),
 ('133', '149', 'Content', '1', '2017-01-25 20:09:23', '2017-01-25 20:09:23', 'f14a1b72-74aa-4181-8992-f53fb1888491'),
 ('134', '150', 'Content', '1', '2017-01-25 20:10:52', '2017-01-25 20:10:52', '2cc26320-715d-4f80-9fa6-408c9666bde9'),
 ('137', '152', 'Tab 1', '1', '2017-01-25 21:49:38', '2017-01-25 21:49:38', '80863821-146f-46aa-a644-dc848be57497'),
 ('138', '152', 'SEO', '2', '2017-01-25 21:49:38', '2017-01-25 21:49:38', 'd7c16137-d86f-4253-91dc-d0618d8cf047'),
 ('144', '156', 'Who We Are', '1', '2017-01-26 19:45:53', '2017-01-26 19:45:53', '016c49f6-27e1-4f8b-b0bc-285be1c412ef'),
 ('145', '156', 'SEO', '2', '2017-01-26 19:45:53', '2017-01-26 19:45:53', 'b9cdd006-7c9d-47e7-9321-ecdf3f2c709c'),
 ('148', '159', 'Content', '1', '2017-01-26 20:15:54', '2017-01-26 20:15:54', '5b06aaa9-48f4-4e92-9723-171062e288c5'),
 ('149', '160', 'Content', '1', '2017-01-26 23:13:17', '2017-01-26 23:13:17', 'be134a2a-0aa1-47b7-b97f-c5c08cdce290'),
 ('152', '162', 'Content', '1', '2017-01-30 18:25:24', '2017-01-30 18:25:24', '720d64b7-62e4-49f6-a3e7-f9f4e9d728bf'),
 ('153', '163', 'Default', '1', '2017-01-30 18:38:13', '2017-01-30 18:38:13', 'fe00e596-aa98-48f9-8024-1d99d9bd7b89'),
 ('154', '163', 'SEO', '2', '2017-01-30 18:38:13', '2017-01-30 18:38:13', '5c231033-ec81-461b-ba2a-9bef9de03ec5');



DROP TABLE IF EXISTS `craft_fields`;


--
-- Schema for table `craft_fields`
--
CREATE TABLE `craft_fields` (
  `id` int(11) NOT NULL AUTO_INCREMENT,
  `groupId` int(11) DEFAULT NULL,
  `name` varchar(255) COLLATE utf8_unicode_ci NOT NULL,
  `handle` varchar(58) COLLATE utf8_unicode_ci NOT NULL,
  `context` varchar(255) COLLATE utf8_unicode_ci NOT NULL DEFAULT 'global',
  `instructions` text COLLATE utf8_unicode_ci,
  `translatable` tinyint(1) unsigned NOT NULL DEFAULT '0',
  `type` varchar(150) COLLATE utf8_unicode_ci NOT NULL,
  `settings` text COLLATE utf8_unicode_ci,
  `dateCreated` datetime NOT NULL,
  `dateUpdated` datetime NOT NULL,
  `uid` char(36) COLLATE utf8_unicode_ci NOT NULL DEFAULT '0',
  PRIMARY KEY (`id`),
  UNIQUE KEY `craft_fields_handle_context_unq_idx` (`handle`,`context`),
  KEY `craft_fields_context_idx` (`context`),
  KEY `craft_fields_groupId_fk` (`groupId`)
) ENGINE=InnoDB AUTO_INCREMENT=82 DEFAULT CHARSET=utf8 COLLATE=utf8_unicode_ci;

--
-- Data for table `craft_fields`
--

INSERT INTO `craft_fields` (`id`, `groupId`, `name`, `handle`, `context`, `instructions`, `translatable`, `type`, `settings`, `dateCreated`, `dateUpdated`, `uid`) VALUES
 ('2', '1', 'Tags', 'tags', 'global', NULL, '0', 'Tags', '{\"source\":\"taggroup:1\"}', '2016-10-10 20:59:13', '2016-10-10 20:59:13', '646c04f6-c01d-49af-91e5-ff5d90479af4'),
 ('6', '4', 'SEO Title', 'seoTitle', 'global', 'Custom title override to improve SEO', '0', 'PlainText', '{\"placeholder\":\"\",\"maxLength\":\"69\",\"multiline\":\"\",\"initialRows\":\"4\"}', '2016-10-10 21:41:34', '2016-10-12 16:33:04', '7a978b7f-cab5-448c-88dc-d4e1a9d281cf'),
 ('7', '4', 'SEO Description', 'seoDescription', 'global', 'Used for meta description to improve SEO', '0', 'PlainText', '{\"placeholder\":\"\",\"maxLength\":\"155\",\"multiline\":\"1\",\"initialRows\":\"4\"}', '2016-10-10 21:42:52', '2016-10-12 16:32:57', '8dd0581c-6902-4a9c-8ddd-e11ce7656351'),
 ('36', '8', 'People', 'people', 'global', '', '0', 'Matrix', '{\"maxBlocks\":null}', '2016-12-13 22:24:13', '2017-01-30 18:25:24', 'f68bd23e-cdef-4a93-bc69-d799858a5e37'),
 ('37', NULL, 'Person Name', 'personName', 'matrixBlockType:5', '', '0', 'PlainText', '{\"placeholder\":\"\",\"maxLength\":\"\",\"multiline\":\"\",\"initialRows\":\"4\"}', '2016-12-13 22:24:13', '2017-01-30 18:25:24', '0a33cf4a-e767-459d-80ad-67047568db1e'),
 ('38', NULL, 'Person Title', 'personTitle', 'matrixBlockType:5', '', '0', 'PlainText', '{\"placeholder\":\"\",\"maxLength\":\"\",\"multiline\":\"\",\"initialRows\":\"4\"}', '2016-12-13 22:24:13', '2017-01-30 18:25:24', 'e7d409d4-2f29-4388-9755-f6ab096c7c7f'),
 ('40', NULL, 'Person Description', 'personDescription', 'matrixBlockType:5', '', '1', 'RichText', '{\"configFile\":\"Standard.json\",\"availableAssetSources\":\"\",\"availableTransforms\":\"\",\"cleanupHtml\":\"1\",\"purifyHtml\":\"1\",\"columnType\":\"text\"}', '2016-12-13 22:24:13', '2017-01-30 18:25:24', '8c2775de-f70f-4f07-b5c3-161c0f83715a'),
 ('41', NULL, 'Person Image', 'personImage', 'matrixBlockType:5', '', '0', 'Assets', '{\"useSingleFolder\":\"1\",\"sources\":\"*\",\"defaultUploadLocationSource\":\"2\",\"defaultUploadLocationSubpath\":\"\",\"singleUploadLocationSource\":\"2\",\"singleUploadLocationSubpath\":\"\",\"restrictFiles\":\"1\",\"allowedKinds\":[\"image\"],\"targetLocale\":\"\",\"limit\":\"1\",\"viewMode\":\"large\",\"selectionLabel\":\"\"}', '2016-12-13 22:29:27', '2017-01-30 18:25:24', '8f7d6df0-566a-4c34-b6da-6d9850f19621'),
 ('44', '8', 'Principles', 'principles', 'global', '', '0', 'Matrix', '{\"maxBlocks\":null}', '2016-12-20 21:44:46', '2017-01-26 20:15:54', '26ba242a-7632-4143-8293-8c66f2ce96bb'),
 ('45', NULL, 'Principle Icon', 'principleIcon', 'matrixBlockType:6', 'The svg icon associated with the principle', '0', 'Assets', '{\"useSingleFolder\":\"1\",\"sources\":\"*\",\"defaultUploadLocationSource\":\"2\",\"defaultUploadLocationSubpath\":\"\",\"singleUploadLocationSource\":\"6\",\"singleUploadLocationSubpath\":\"{owner.slug}\",\"restrictFiles\":\"\",\"targetLocale\":\"\",\"limit\":\"1\",\"viewMode\":\"large\",\"selectionLabel\":\"\"}', '2016-12-20 21:44:46', '2017-01-26 20:15:54', 'f91a780c-2d3f-4e61-992a-a374c9ec2761'),
 ('46', NULL, 'Principle Label', 'principleLabel', 'matrixBlockType:6', '', '1', 'PlainText', '{\"placeholder\":\"\",\"maxLength\":\"\",\"multiline\":\"\",\"initialRows\":\"4\"}', '2016-12-20 21:44:46', '2017-01-26 20:15:54', '920975d9-9e93-4ddc-a0b7-88731ac66117'),
 ('47', NULL, 'Principle Description', 'principleDescription', 'matrixBlockType:6', '', '1', 'PlainText', '{\"placeholder\":\"\",\"maxLength\":\"\",\"multiline\":\"\",\"initialRows\":\"4\"}', '2016-12-20 21:44:46', '2017-01-26 20:15:54', 'cc643937-5162-43e6-bd97-5b5cf67471d3'),
 ('48', '1', 'Page Description', 'pageDescription', 'global', 'The big descriptive text at the top of the page', '1', 'PlainText', '{\"placeholder\":\"Page description\",\"maxLength\":\"\",\"multiline\":\"1\",\"initialRows\":\"4\"}', '2017-01-03 16:58:46', '2017-01-24 19:44:01', '32044766-4b09-4e5c-a620-b18d4dbe3ffb'),
 ('49', '1', 'Body', 'body', 'global', 'The body copy', '0', 'RichText', '{\"configFile\":\"\",\"availableAssetSources\":\"*\",\"availableTransforms\":\"\",\"cleanupHtml\":\"1\",\"purifyHtml\":\"1\",\"columnType\":\"text\"}', '2017-01-03 21:26:11', '2017-01-03 21:26:11', 'b16265b0-cb4e-4558-8cc7-36917aa93b69'),
 ('50', '1', 'Banner Image', 'bannerImage', 'global', 'The main page banner image.', '0', 'Assets', '{\"useSingleFolder\":\"1\",\"sources\":\"*\",\"defaultUploadLocationSource\":\"2\",\"defaultUploadLocationSubpath\":\"\",\"singleUploadLocationSource\":\"6\",\"singleUploadLocationSubpath\":\"{slug}\\/\",\"restrictFiles\":\"1\",\"allowedKinds\":[\"image\"],\"targetLocale\":\"\",\"limit\":\"1\",\"viewMode\":\"large\",\"selectionLabel\":\"Choose banner image\"}', '2017-01-04 21:52:48', '2017-01-05 18:08:33', '60fb224d-1163-4fda-8ccc-ec5f35830998'),
 ('51', '9', 'User Paths', 'userPaths', 'global', '', '1', 'Matrix', '{\"maxBlocks\":\"2\"}', '2017-01-05 16:00:40', '2017-01-24 20:09:04', '85a1f5ab-b896-40e8-a681-884f3bc63023'),
 ('52', NULL, 'Path Title', 'pathTitle', 'matrixBlockType:7', 'Example: \'For Employers\'', '1', 'PlainText', '{\"placeholder\":\"\",\"maxLength\":\"\",\"multiline\":\"1\",\"initialRows\":\"2\"}', '2017-01-05 16:00:41', '2017-01-24 20:09:04', '2b29443f-f11c-4c40-bde9-bd0217ec66e8'),
 ('53', NULL, 'Path Link Text', 'pathLinkText', 'matrixBlockType:7', 'Example: \'Invest in your greatest asset — your people\'', '1', 'PlainText', '{\"placeholder\":\"\",\"maxLength\":\"\",\"multiline\":\"1\",\"initialRows\":\"1\"}', '2017-01-05 16:00:41', '2017-01-24 20:09:04', 'd9044559-ef04-48f0-b273-1761b6f2bd18'),
 ('54', NULL, 'Path Page', 'pathPage', 'matrixBlockType:7', '', '1', 'Entries', '{\"sources\":[\"section:13\",\"section:14\",\"singles\",\"section:9\"],\"targetLocale\":\"\",\"limit\":\"1\",\"selectionLabel\":\"\"}', '2017-01-05 16:00:41', '2017-01-24 20:09:04', '587383f8-60df-49ec-8d23-b1f190d45809'),
 ('55', NULL, 'Path Image', 'pathImage', 'matrixBlockType:7', '', '0', 'Assets', '{\"useSingleFolder\":\"1\",\"sources\":\"*\",\"defaultUploadLocationSource\":\"6\",\"defaultUploadLocationSubpath\":\"{owner.slug}\\/\",\"singleUploadLocationSource\":\"6\",\"singleUploadLocationSubpath\":\"{owner.slug}\\/\",\"restrictFiles\":\"1\",\"allowedKinds\":[\"image\"],\"targetLocale\":\"\",\"limit\":\"1\",\"viewMode\":\"large\",\"selectionLabel\":\"\"}', '2017-01-05 16:00:41', '2017-01-24 20:09:04', '20863674-2dde-47c7-b0ac-be13bb21ea04'),
 ('58', '1', 'Linked Page', 'linkedPage', 'global', '', '1', 'Entries', '{\"sources\":[\"section:12\",\"section:11\",\"singles\",\"section:9\"],\"targetLocale\":\"\",\"limit\":\"1\",\"selectionLabel\":\"\"}', '2017-01-11 15:46:31', '2017-01-11 15:46:31', '336d107a-c242-4b41-9ff4-0e806bb1a98f'),
 ('59', '10', 'Path Page Sections', 'pathPageSections', 'global', '', '0', 'Matrix', '{\"maxBlocks\":null}', '2017-01-11 18:25:37', '2017-01-24 17:52:19', '95bacb17-5214-40d3-9d5c-e3afb4dd9dde'),
 ('61', NULL, 'Section Image', 'sectionImage', 'matrixBlockType:8', '', '0', 'Assets', '{\"useSingleFolder\":\"1\",\"sources\":\"*\",\"defaultUploadLocationSource\":\"2\",\"defaultUploadLocationSubpath\":\"\",\"singleUploadLocationSource\":\"6\",\"singleUploadLocationSubpath\":\"user-paths\",\"restrictFiles\":\"1\",\"allowedKinds\":[\"image\"],\"targetLocale\":\"\",\"limit\":\"1\",\"viewMode\":\"large\",\"selectionLabel\":\"\"}', '2017-01-11 18:25:37', '2017-01-24 17:52:19', '05e9eca6-65b2-4480-83d1-7749087481b1'),
 ('62', NULL, 'Section Text', 'sectionText', 'matrixBlockType:8', '', '1', 'PlainText', '{\"placeholder\":\"\",\"maxLength\":\"\",\"multiline\":\"1\",\"initialRows\":\"4\"}', '2017-01-11 18:25:37', '2017-01-24 17:52:19', '5199233a-d5b5-493d-af74-c1e7105a289a'),
 ('63', NULL, 'Section Links', 'sectionLinks', 'matrixBlockType:8', '', '0', 'RichText', '{\"configFile\":\"Standard.json\",\"availableAssetSources\":\"*\",\"availableTransforms\":\"*\",\"cleanupHtml\":\"1\",\"purifyHtml\":\"1\",\"columnType\":\"text\"}', '2017-01-11 18:25:37', '2017-01-24 17:52:19', '7ff6920a-ec74-4679-a3e3-5de49c962233'),
 ('64', NULL, 'Section Color', 'sectionColor', 'matrixBlockType:8', 'The background color of the section', '0', 'Dropdown', '{\"options\":[{\"label\":\"Gray\",\"value\":\"background-gray\",\"default\":\"1\"},{\"label\":\"Blue\",\"value\":\"background-blue\",\"default\":\"\"},{\"label\":\"Yellow\",\"value\":\"background-yellow\",\"default\":\"\"},{\"label\":\"Green\",\"value\":\"background-green\",\"default\":\"\"},{\"label\":\"Orange\",\"value\":\"background-orange\",\"default\":\"\"}]}', '2017-01-17 21:20:00', '2017-01-24 17:52:19', '9f3c7190-2c8d-4b2e-bd3e-5e8ddfa5015f'),
 ('65', NULL, 'Section Title', 'sectionTitle', 'matrixBlockType:8', '', '1', 'PlainText', '{\"placeholder\":\"\",\"maxLength\":\"\",\"multiline\":\"1\",\"initialRows\":\"3\"}', '2017-01-17 22:03:49', '2017-01-24 17:52:19', '0b40c815-a2aa-4735-9ed4-9d4aa3c4b607'),
 ('66', NULL, 'Section Title Style', 'sectionTitleStyle', 'matrixBlockType:8', '', '0', 'Dropdown', '{\"options\":[{\"label\":\"Regular\",\"value\":\"regular\",\"default\":\"1\"},{\"label\":\"Large Numeral\",\"value\":\"largeNumeral\",\"default\":\"1\"},{\"label\":\"Quote\",\"value\":\"quote\",\"default\":\"1\"}]}', '2017-01-20 15:28:21', '2017-01-24 17:52:19', '94a642d8-2005-4fab-98e4-94735603dc3c'),
 ('67', '10', 'User Path Tagline', 'userPathTagline', 'global', 'The tagline that appears above each section title (ex: \"For Employers\")', '1', 'PlainText', '{\"placeholder\":\"\",\"maxLength\":\"\",\"multiline\":\"\",\"initialRows\":\"4\"}', '2017-01-23 22:12:09', '2017-01-23 22:12:09', '3012eec6-1aeb-4830-86b4-2b073df51093'),
 ('68', '11', 'Our Navigators', 'ourNavigators', 'global', '', '1', 'Matrix', '{\"maxBlocks\":null}', '2017-01-25 18:35:23', '2017-01-25 18:35:23', 'cab006ad-ca17-4fb9-8992-5843f87d1477'),
 ('69', NULL, 'Section Title', 'sectionTitle', 'matrixBlockType:9', '', '1', 'PlainText', '{\"placeholder\":\"\",\"maxLength\":\"\",\"multiline\":\"\",\"initialRows\":\"4\"}', '2017-01-25 18:35:23', '2017-01-25 18:35:23', '8a240c1d-8064-4bfa-bd90-6f676e0a6406'),
 ('70', NULL, 'Section Content', 'sectionContent', 'matrixBlockType:9', '', '1', 'RichText', '{\"configFile\":\"\",\"availableAssetSources\":\"\",\"availableTransforms\":\"\",\"cleanupHtml\":\"1\",\"purifyHtml\":\"1\",\"columnType\":\"text\"}', '2017-01-25 18:35:23', '2017-01-25 18:35:23', '1038647a-11c7-45e2-9a42-99a6df338b11'),
 ('71', '11', 'Our Knowledge', 'knowledge', 'global', '', '1', 'Matrix', '{\"maxBlocks\":null}', '2017-01-25 20:09:23', '2017-01-25 20:09:23', '4ff032c1-a872-4d02-93f9-dfeaefe198fe'),
 ('72', NULL, 'Section Title', 'sectionTitle', 'matrixBlockType:10', '', '1', 'PlainText', '{\"placeholder\":\"\",\"maxLength\":\"\",\"multiline\":\"1\",\"initialRows\":\"2\"}', '2017-01-25 20:09:23', '2017-01-25 20:09:23', '8b6e338c-6267-45e7-9523-e319e87213dc'),
 ('73', NULL, 'Section Content', 'sectionContent', 'matrixBlockType:10', '', '1', 'RichText', '{\"configFile\":\"\",\"availableAssetSources\":\"\",\"availableTransforms\":\"\",\"cleanupHtml\":\"1\",\"purifyHtml\":\"1\",\"columnType\":\"text\"}', '2017-01-25 20:09:23', '2017-01-25 20:09:23', '758fb4e2-a135-44cf-911e-bb691953d0ad'),
 ('74', '11', 'Our Approach', 'ourApproach', 'global', '', '1', 'Matrix', '{\"maxBlocks\":null}', '2017-01-25 20:10:52', '2017-01-25 20:10:52', 'ed4e7985-d384-4104-b9b7-17a01c7add34'),
 ('75', NULL, 'Step Title', 'stepTitle', 'matrixBlockType:11', '', '1', 'PlainText', '{\"placeholder\":\"\",\"maxLength\":\"\",\"multiline\":\"1\",\"initialRows\":\"1\"}', '2017-01-25 20:10:52', '2017-01-25 20:10:52', 'a431d242-3d1f-4d45-9daa-4ddadba482a8'),
 ('76', NULL, 'Step Content', 'stepContent', 'matrixBlockType:11', '', '1', 'RichText', '{\"configFile\":\"Simple.json\",\"availableAssetSources\":\"\",\"availableTransforms\":\"\",\"cleanupHtml\":\"1\",\"purifyHtml\":\"1\",\"columnType\":\"text\"}', '2017-01-25 20:10:52', '2017-01-25 20:10:52', 'b7a4c141-49bc-4543-88e0-9545224e9e89'),
 ('77', '1', 'Learn More Links', 'learnMoreLinks', 'global', 'Links to resources at the bottom of the page (each on a new line)', '1', 'RichText', '{\"configFile\":\"\",\"availableAssetSources\":\"*\",\"availableTransforms\":\"*\",\"cleanupHtml\":\"1\",\"purifyHtml\":\"1\",\"columnType\":\"text\"}', '2017-01-25 21:49:21', '2017-01-26 19:45:38', '41ce7bea-1347-4000-9ca1-da80645d25fa'),
 ('78', '1', 'Intro Sections', 'introSections', 'global', 'Sections that appear in the page intro underneath the page description', '1', 'Matrix', '{\"maxBlocks\":null}', '2017-01-26 19:44:43', '2017-01-26 23:13:17', '15eeedeb-4db5-4499-b869-f35d749fa2c5'),
 ('79', NULL, 'Section Title', 'sectionTitle', 'matrixBlockType:12', '', '1', 'PlainText', '{\"placeholder\":\"\",\"maxLength\":\"\",\"multiline\":\"1\",\"initialRows\":\"1\"}', '2017-01-26 19:44:44', '2017-01-26 23:13:17', '2afcb311-2eb9-4815-aa4f-f2b64ec68e58'),
 ('80', NULL, 'Section Content', 'sectionContent', 'matrixBlockType:12', '', '1', 'RichText', '{\"configFile\":\"\",\"availableAssetSources\":\"\",\"availableTransforms\":\"\",\"cleanupHtml\":\"1\",\"purifyHtml\":\"1\",\"columnType\":\"text\"}', '2017-01-26 19:44:44', '2017-01-26 23:13:17', '7fd2d5fc-5eb7-4da7-ae38-e5451a68b129'),
 ('81', '8', 'People Section Label', 'peopleSectionLabel', 'global', '', '1', 'PlainText', '{\"placeholder\":\"\",\"maxLength\":\"\",\"multiline\":\"\",\"initialRows\":\"4\"}', '2017-01-30 18:28:22', '2017-01-30 18:28:22', 'a480320b-7e79-4243-b471-7ecba3d54940');



DROP TABLE IF EXISTS `craft_globalsets`;


--
-- Schema for table `craft_globalsets`
--
CREATE TABLE `craft_globalsets` (
  `id` int(11) NOT NULL,
  `name` varchar(255) COLLATE utf8_unicode_ci NOT NULL,
  `handle` varchar(255) COLLATE utf8_unicode_ci NOT NULL,
  `fieldLayoutId` int(10) DEFAULT NULL,
  `dateCreated` datetime NOT NULL,
  `dateUpdated` datetime NOT NULL,
  `uid` char(36) COLLATE utf8_unicode_ci NOT NULL DEFAULT '0',
  PRIMARY KEY (`id`),
  UNIQUE KEY `craft_globalsets_name_unq_idx` (`name`),
  UNIQUE KEY `craft_globalsets_handle_unq_idx` (`handle`),
  KEY `craft_globalsets_fieldLayoutId_fk` (`fieldLayoutId`)
) ENGINE=InnoDB DEFAULT CHARSET=utf8 COLLATE=utf8_unicode_ci;

--
-- Data for table `craft_globalsets`
--

INSERT INTO `craft_globalsets` (`id`, `name`, `handle`, `fieldLayoutId`, `dateCreated`, `dateUpdated`, `uid`) VALUES
 ('4', 'Global SEO', 'globalSeo', '11', '2016-10-10 21:49:00', '2016-10-10 21:49:12', '8fc0cbd3-030c-4cb9-82a1-d56ba14715ef');



DROP TABLE IF EXISTS `craft_import_entries`;


--
-- Schema for table `craft_import_entries`
--
CREATE TABLE `craft_import_entries` (
  `id` int(11) NOT NULL AUTO_INCREMENT,
  `historyId` int(11) DEFAULT NULL,
  `entryId` int(11) DEFAULT NULL,
  `dateCreated` datetime NOT NULL,
  `dateUpdated` datetime NOT NULL,
  `uid` char(36) COLLATE utf8_unicode_ci NOT NULL DEFAULT '0',
  PRIMARY KEY (`id`),
  KEY `craft_import_entries_historyId_fk` (`historyId`),
  KEY `craft_import_entries_entryId_fk` (`entryId`)
) ENGINE=InnoDB DEFAULT CHARSET=utf8 COLLATE=utf8_unicode_ci;

DROP TABLE IF EXISTS `craft_import_history`;


--
-- Schema for table `craft_import_history`
--
CREATE TABLE `craft_import_history` (
  `id` int(11) NOT NULL AUTO_INCREMENT,
  `userId` int(11) DEFAULT NULL,
  `type` varchar(255) COLLATE utf8_unicode_ci DEFAULT NULL,
  `file` varchar(255) COLLATE utf8_unicode_ci DEFAULT NULL,
  `rows` int(10) DEFAULT NULL,
  `behavior` enum('append','replace','delete') COLLATE utf8_unicode_ci DEFAULT NULL,
  `status` enum('started','finished','reverted') COLLATE utf8_unicode_ci DEFAULT NULL,
  `dateCreated` datetime NOT NULL,
  `dateUpdated` datetime NOT NULL,
  `uid` char(36) COLLATE utf8_unicode_ci NOT NULL DEFAULT '0',
  PRIMARY KEY (`id`),
  KEY `craft_import_history_userId_fk` (`userId`)
) ENGINE=InnoDB AUTO_INCREMENT=8 DEFAULT CHARSET=utf8 COLLATE=utf8_unicode_ci;

--
-- Data for table `craft_import_history`
--

INSERT INTO `craft_import_history` (`id`, `userId`, `type`, `file`, `rows`, `behavior`, `status`, `dateCreated`, `dateUpdated`, `uid`) VALUES
 ('1', '1', 'Entry', '84', '1', 'append', 'finished', '2016-12-16 20:00:29', '2016-12-16 20:00:31', 'a6d28602-6ebd-4e21-8a60-e033d9bfdfaa'),
 ('2', '1', 'Entry', '86', '5', 'append', 'finished', '2016-12-16 20:11:02', '2016-12-16 20:11:03', '8691b63d-bf55-461f-a714-4524f7f72d04'),
 ('3', '1', 'Entry', '87', '5', 'append', 'finished', '2016-12-16 20:12:20', '2016-12-16 20:12:20', '107a8827-c712-4853-a4e0-7083c3267bea'),
 ('4', '1', 'Entry', '88', '1', 'append', 'finished', '2016-12-16 20:23:12', '2016-12-16 20:23:13', '46681b87-1bbd-4590-9b7d-a419898416f6'),
 ('5', '1', 'Entry', '90', '41', 'append', 'finished', '2016-12-16 21:17:28', '2016-12-16 21:17:31', 'c8ffcec4-76a2-4fc8-94ec-8eee6573f0f0'),
 ('6', '1', 'Entry', '91', '41', 'replace', 'finished', '2016-12-16 21:20:32', '2016-12-16 21:20:34', 'ab46e9a5-8631-4f88-b3ed-141adcdc6658'),
 ('7', '1', 'Entry', '92', '41', 'append', 'finished', '2016-12-16 21:22:24', '2016-12-16 21:22:27', '4a8d5906-9b98-4fa6-a7f2-9adb29eb2efa');



DROP TABLE IF EXISTS `craft_import_log`;


--
-- Schema for table `craft_import_log`
--
CREATE TABLE `craft_import_log` (
  `id` int(11) NOT NULL AUTO_INCREMENT,
  `historyId` int(11) DEFAULT NULL,
  `line` int(10) DEFAULT NULL,
  `errors` text COLLATE utf8_unicode_ci,
  `dateCreated` datetime NOT NULL,
  `dateUpdated` datetime NOT NULL,
  `uid` char(36) COLLATE utf8_unicode_ci NOT NULL DEFAULT '0',
  PRIMARY KEY (`id`),
  KEY `craft_import_log_historyId_fk` (`historyId`)
) ENGINE=InnoDB AUTO_INCREMENT=51 DEFAULT CHARSET=utf8 COLLATE=utf8_unicode_ci;

--
-- Data for table `craft_import_log`
--

INSERT INTO `craft_import_log` (`id`, `historyId`, `line`, `errors`, `dateCreated`, `dateUpdated`, `uid`) VALUES
 ('1', '2', '2', '[[\"Columns and data did not match, could be due to malformed CSV row.\"]]', '2016-12-16 20:11:03', '2016-12-16 20:11:03', '7e138088-7fd4-4ada-8b74-dd56a988c195'),
 ('2', '2', '3', '[[\"Columns and data did not match, could be due to malformed CSV row.\"]]', '2016-12-16 20:11:03', '2016-12-16 20:11:03', '8b72367a-3f23-464a-8d94-62684223ffc0'),
 ('3', '2', '4', '[[\"Columns and data did not match, could be due to malformed CSV row.\"]]', '2016-12-16 20:11:03', '2016-12-16 20:11:03', 'a1393e99-c24a-4705-b80f-8eb56542dea6'),
 ('4', '2', '5', '[[\"Columns and data did not match, could be due to malformed CSV row.\"]]', '2016-12-16 20:11:03', '2016-12-16 20:11:03', '3be2880e-7ffa-4062-b153-6b07d4c0bd52'),
 ('5', '2', '6', '[[\"Columns and data did not match, could be due to malformed CSV row.\"]]', '2016-12-16 20:11:03', '2016-12-16 20:11:03', '37f1c102-db31-4068-b927-4f03c46514e2'),
 ('6', '3', '2', '[[\"Columns and data did not match, could be due to malformed CSV row.\"]]', '2016-12-16 20:12:20', '2016-12-16 20:12:20', 'c5545985-a0d3-4a1b-8c18-a865626806f1'),
 ('7', '3', '3', '[[\"Columns and data did not match, could be due to malformed CSV row.\"]]', '2016-12-16 20:12:20', '2016-12-16 20:12:20', '6b7e4f53-0f11-4713-b7d1-9cb42e16d547'),
 ('8', '3', '4', '[[\"Columns and data did not match, could be due to malformed CSV row.\"]]', '2016-12-16 20:12:20', '2016-12-16 20:12:20', '93e82851-e5d2-456c-87f3-6f7e167beaf9'),
 ('9', '3', '5', '[[\"Columns and data did not match, could be due to malformed CSV row.\"]]', '2016-12-16 20:12:20', '2016-12-16 20:12:20', 'ca1d7630-04ac-44a1-b6bb-4c518456f0ab'),
 ('10', '3', '6', '[[\"Columns and data did not match, could be due to malformed CSV row.\"]]', '2016-12-16 20:12:20', '2016-12-16 20:12:20', '2e1ba84e-2a8d-4fd0-be57-bd151f1a9ab6'),
 ('11', '5', '2', '{\"exception\":[\"No entry exists with the ID \\u201c1\\u201d.\"]}', '2016-12-16 21:17:30', '2016-12-16 21:17:30', '0edbd5af-a0b9-4a20-92c5-ce0788d6e4aa'),
 ('12', '5', '3', '{\"exception\":[\"No entry exists with the ID \\u201c3\\u201d.\"]}', '2016-12-16 21:17:30', '2016-12-16 21:17:30', '8810d17a-e8a5-429e-9239-c3e9cf9fb829'),
 ('13', '5', '4', '{\"exception\":[\"No entry exists with the ID \\u201c5\\u201d.\"]}', '2016-12-16 21:17:30', '2016-12-16 21:17:30', 'f139c37f-4a30-4d43-945c-79d1e105bfe0'),
 ('14', '5', '5', '{\"exception\":[\"No entry exists with the ID \\u201c11\\u201d.\"]}', '2016-12-16 21:17:30', '2016-12-16 21:17:30', '08cf0a9d-2b1b-492a-982c-81dd22527335'),
 ('15', '5', '6', '{\"exception\":[\"No entry exists with the ID \\u201c22\\u201d.\"]}', '2016-12-16 21:17:30', '2016-12-16 21:17:30', '6dbf74a5-dc8e-4d4a-99ef-ac2a847c4f19'),
 ('16', '5', '7', '{\"exception\":[\"No entry exists with the ID \\u201c23\\u201d.\"]}', '2016-12-16 21:17:30', '2016-12-16 21:17:30', 'f7b980de-0f0e-4b2e-b79f-e8c94f3018f9'),
 ('17', '5', '8', '{\"exception\":[\"No entry exists with the ID \\u201c24\\u201d.\"]}', '2016-12-16 21:17:30', '2016-12-16 21:17:30', '7533689b-87bd-4e67-98d8-b6618e0b37a9'),
 ('18', '5', '9', '{\"exception\":[\"No entry exists with the ID \\u201c37\\u201d.\"]}', '2016-12-16 21:17:30', '2016-12-16 21:17:30', 'a6d85e37-1bc9-466c-9290-ee5fb800b141'),
 ('19', '5', '10', '{\"exception\":[\"No entry exists with the ID \\u201c39\\u201d.\"]}', '2016-12-16 21:17:30', '2016-12-16 21:17:30', '1cdcdaab-ddb6-42ab-9322-037ddcdaa237'),
 ('20', '5', '11', '{\"exception\":[\"No entry exists with the ID \\u201c40\\u201d.\"]}', '2016-12-16 21:17:30', '2016-12-16 21:17:30', 'fa512657-a2bd-440f-9999-9edff9f6f760'),
 ('21', '5', '12', '{\"exception\":[\"No entry exists with the ID \\u201c43\\u201d.\"]}', '2016-12-16 21:17:30', '2016-12-16 21:17:30', '27222e5c-51d8-4873-ba03-592c3c1405ef'),
 ('22', '5', '14', '{\"exception\":[\"No entry exists with the ID \\u201c45\\u201d.\"]}', '2016-12-16 21:17:31', '2016-12-16 21:17:31', 'e03a2533-35c1-49be-820e-23185622272e'),
 ('23', '5', '15', '{\"exception\":[\"No entry exists with the ID \\u201c47\\u201d.\"]}', '2016-12-16 21:17:31', '2016-12-16 21:17:31', '0a34aecf-0cc3-4f3b-a239-849d943dbdb9'),
 ('24', '5', '16', '{\"exception\":[\"No entry exists with the ID \\u201c49\\u201d.\"]}', '2016-12-16 21:17:31', '2016-12-16 21:17:31', 'e7f4aa5f-2db8-4be4-9f5c-ed53f4f18ec0'),
 ('25', '5', '17', '{\"exception\":[\"No entry exists with the ID \\u201c50\\u201d.\"]}', '2016-12-16 21:17:31', '2016-12-16 21:17:31', '6a33b0f4-a3f0-4b74-a3c8-05711ad991e4'),
 ('26', '5', '18', '{\"exception\":[\"No entry exists with the ID \\u201c55\\u201d.\"]}', '2016-12-16 21:17:31', '2016-12-16 21:17:31', '6e52b95f-e8b5-4753-90a1-e89f6afbddbe'),
 ('27', '5', '19', '{\"exception\":[\"No entry exists with the ID \\u201c56\\u201d.\"]}', '2016-12-16 21:17:31', '2016-12-16 21:17:31', '9fce6ade-e370-4418-9576-e168f218fbb4'),
 ('28', '5', '20', '{\"exception\":[\"No entry exists with the ID \\u201c57\\u201d.\"]}', '2016-12-16 21:17:31', '2016-12-16 21:17:31', 'aefde3ba-a076-4679-92ca-f43a48083470'),
 ('29', '5', '21', '{\"exception\":[\"No entry exists with the ID \\u201c59\\u201d.\"]}', '2016-12-16 21:17:31', '2016-12-16 21:17:31', '2f0cbebc-53e5-4e81-97bd-17146e2b5722'),
 ('30', '5', '22', '{\"exception\":[\"No entry exists with the ID \\u201c62\\u201d.\"]}', '2016-12-16 21:17:31', '2016-12-16 21:17:31', '68d764ce-a88e-4c75-ada3-bedd434d8b0e'),
 ('31', '5', '23', '{\"exception\":[\"No entry exists with the ID \\u201c63\\u201d.\"]}', '2016-12-16 21:17:31', '2016-12-16 21:17:31', 'f0bbd389-6db1-4c79-89ee-2cd62f17f16c'),
 ('32', '5', '24', '{\"exception\":[\"No entry exists with the ID \\u201c64\\u201d.\"]}', '2016-12-16 21:17:31', '2016-12-16 21:17:31', '1b3f16e3-9009-4cf7-acb6-4a849840cbd4'),
 ('33', '5', '25', '{\"exception\":[\"No entry exists with the ID \\u201c65\\u201d.\"]}', '2016-12-16 21:17:31', '2016-12-16 21:17:31', 'e869b5f2-46ef-4b32-a928-66d8905a0bc3'),
 ('34', '5', '26', '{\"exception\":[\"No entry exists with the ID \\u201c66\\u201d.\"]}', '2016-12-16 21:17:31', '2016-12-16 21:17:31', '66d9d8e5-82ab-4ffb-a7bb-916f4ea3bb70'),
 ('35', '5', '27', '{\"exception\":[\"No entry exists with the ID \\u201c67\\u201d.\"]}', '2016-12-16 21:17:31', '2016-12-16 21:17:31', 'a1f097b2-a5bf-4cb2-b3ee-9b522adf49c0'),
 ('36', '5', '28', '{\"exception\":[\"No entry exists with the ID \\u201c68\\u201d.\"]}', '2016-12-16 21:17:31', '2016-12-16 21:17:31', '1801c423-3cc2-4ad5-81c0-d719e3f34f44'),
 ('37', '5', '29', '{\"exception\":[\"No entry exists with the ID \\u201c69\\u201d.\"]}', '2016-12-16 21:17:31', '2016-12-16 21:17:31', 'f3a8bf34-d345-40a3-bd4a-b433b5915da9'),
 ('38', '5', '30', '{\"exception\":[\"No entry exists with the ID \\u201c70\\u201d.\"]}', '2016-12-16 21:17:31', '2016-12-16 21:17:31', 'e6dfb11e-ab9a-4485-a0ac-8a2880efad2a'),
 ('39', '5', '31', '{\"exception\":[\"No entry exists with the ID \\u201c71\\u201d.\"]}', '2016-12-16 21:17:31', '2016-12-16 21:17:31', 'eda09963-2bf5-45d8-a846-f16656623050'),
 ('40', '5', '32', '{\"exception\":[\"No entry exists with the ID \\u201c72\\u201d.\"]}', '2016-12-16 21:17:31', '2016-12-16 21:17:31', '04a31a92-edc4-4ba6-9164-31b61dffcd03'),
 ('41', '5', '33', '{\"exception\":[\"No entry exists with the ID \\u201c73\\u201d.\"]}', '2016-12-16 21:17:31', '2016-12-16 21:17:31', '69d247c1-36de-4b6a-9d67-4c75c0b1cdab'),
 ('42', '5', '34', '{\"exception\":[\"No entry exists with the ID \\u201c74\\u201d.\"]}', '2016-12-16 21:17:31', '2016-12-16 21:17:31', '69ab25a4-c77d-4ada-9357-fe179b45f2dd'),
 ('43', '5', '35', '{\"exception\":[\"No entry exists with the ID \\u201c75\\u201d.\"]}', '2016-12-16 21:17:31', '2016-12-16 21:17:31', 'fa39de49-2fe9-4c6e-a32d-6d04aa1787fb'),
 ('44', '5', '36', '{\"exception\":[\"No entry exists with the ID \\u201c76\\u201d.\"]}', '2016-12-16 21:17:31', '2016-12-16 21:17:31', '933d7a61-da77-461a-ab24-cbfba0c0ece5'),
 ('45', '5', '37', '{\"exception\":[\"No entry exists with the ID \\u201c77\\u201d.\"]}', '2016-12-16 21:17:31', '2016-12-16 21:17:31', '31c02714-8639-483e-ac0a-609d6e5cac53'),
 ('46', '5', '38', '{\"exception\":[\"No entry exists with the ID \\u201c78\\u201d.\"]}', '2016-12-16 21:17:31', '2016-12-16 21:17:31', 'acd97a83-b4bc-46ce-941c-de5188390cd6'),
 ('47', '5', '39', '{\"exception\":[\"No entry exists with the ID \\u201c79\\u201d.\"]}', '2016-12-16 21:17:31', '2016-12-16 21:17:31', '9420db34-51a6-4b69-ba9a-dfb2915a88f5'),
 ('48', '5', '40', '{\"exception\":[\"No entry exists with the ID \\u201c82\\u201d.\"]}', '2016-12-16 21:17:31', '2016-12-16 21:17:31', 'a26cb697-fc71-4f04-a671-edbfadea39dd'),
 ('49', '5', '41', '{\"exception\":[\"No entry exists with the ID \\u201c85\\u201d.\"]}', '2016-12-16 21:17:31', '2016-12-16 21:17:31', 'afc202bf-922b-47ec-b770-a57e0f5bc41d'),
 ('50', '5', '42', '{\"exception\":[\"No entry exists with the ID \\u201c86\\u201d.\"]}', '2016-12-16 21:17:31', '2016-12-16 21:17:31', 'daaddc6e-cd65-4b1b-ad0c-c0318053f6b5');



DROP TABLE IF EXISTS `craft_info`;


--
-- Schema for table `craft_info`
--
CREATE TABLE `craft_info` (
  `id` int(11) NOT NULL AUTO_INCREMENT,
  `version` varchar(50) COLLATE utf8_unicode_ci NOT NULL,
  `schemaVersion` varchar(15) COLLATE utf8_unicode_ci NOT NULL,
  `edition` tinyint(1) unsigned NOT NULL DEFAULT '0',
  `siteName` varchar(100) COLLATE utf8_unicode_ci NOT NULL,
  `siteUrl` varchar(255) COLLATE utf8_unicode_ci NOT NULL,
  `timezone` varchar(30) COLLATE utf8_unicode_ci DEFAULT NULL,
  `on` tinyint(1) unsigned NOT NULL DEFAULT '0',
  `maintenance` tinyint(1) unsigned NOT NULL DEFAULT '0',
  `dateCreated` datetime NOT NULL,
  `dateUpdated` datetime NOT NULL,
  `uid` char(36) COLLATE utf8_unicode_ci NOT NULL DEFAULT '0',
  PRIMARY KEY (`id`)
) ENGINE=InnoDB AUTO_INCREMENT=2 DEFAULT CHARSET=utf8 COLLATE=utf8_unicode_ci;

--
-- Data for table `craft_info`
--

INSERT INTO `craft_info` (`id`, `version`, `schemaVersion`, `edition`, `siteName`, `siteUrl`, `timezone`, `on`, `maintenance`, `dateCreated`, `dateUpdated`, `uid`) VALUES
 ('1', '2.6.2957', '2.6.9', '2', 'EdNavigator', 'http://ednavigator.dev', 'UTC', '1', '1', '2016-10-10 20:59:12', '2017-02-02 17:59:48', '7459c730-ac1c-46c6-9fbf-f0b0eadf4090');



DROP TABLE IF EXISTS `craft_locales`;


--
-- Schema for table `craft_locales`
--
CREATE TABLE `craft_locales` (
  `locale` char(12) COLLATE utf8_unicode_ci NOT NULL,
  `sortOrder` smallint(6) unsigned DEFAULT NULL,
  `dateCreated` datetime NOT NULL,
  `dateUpdated` datetime NOT NULL,
  `uid` char(36) COLLATE utf8_unicode_ci NOT NULL DEFAULT '0',
  PRIMARY KEY (`locale`),
  KEY `craft_locales_sortOrder_idx` (`sortOrder`)
) ENGINE=InnoDB DEFAULT CHARSET=utf8 COLLATE=utf8_unicode_ci;

--
-- Data for table `craft_locales`
--

INSERT INTO `craft_locales` (`locale`, `sortOrder`, `dateCreated`, `dateUpdated`, `uid`) VALUES
 ('en_us', '1', '2016-10-10 20:59:12', '2016-10-10 20:59:12', '2cc28313-c1f0-4ff3-8176-2188d5d0ac93'),
 ('es_us', '2', '2017-01-03 21:39:49', '2017-01-03 21:39:49', '0eb8121d-71e2-4f2f-b059-396db410312c');



DROP TABLE IF EXISTS `craft_matrixblocks`;


--
-- Schema for table `craft_matrixblocks`
--
CREATE TABLE `craft_matrixblocks` (
  `id` int(11) NOT NULL,
  `ownerId` int(11) NOT NULL,
  `fieldId` int(11) NOT NULL,
  `typeId` int(11) DEFAULT NULL,
  `sortOrder` smallint(6) unsigned DEFAULT NULL,
  `ownerLocale` char(12) COLLATE utf8_unicode_ci DEFAULT NULL,
  `dateCreated` datetime NOT NULL,
  `dateUpdated` datetime NOT NULL,
  `uid` char(36) COLLATE utf8_unicode_ci NOT NULL DEFAULT '0',
  PRIMARY KEY (`id`),
  KEY `craft_matrixblocks_ownerId_idx` (`ownerId`),
  KEY `craft_matrixblocks_fieldId_idx` (`fieldId`),
  KEY `craft_matrixblocks_typeId_idx` (`typeId`),
  KEY `craft_matrixblocks_sortOrder_idx` (`sortOrder`),
  KEY `craft_matrixblocks_ownerLocale_fk` (`ownerLocale`)
) ENGINE=InnoDB DEFAULT CHARSET=utf8 COLLATE=utf8_unicode_ci;

--
-- Data for table `craft_matrixblocks`
--

INSERT INTO `craft_matrixblocks` (`id`, `ownerId`, `fieldId`, `typeId`, `sortOrder`, `ownerLocale`, `dateCreated`, `dateUpdated`, `uid`) VALUES
 ('2846', '2845', '36', '5', '1', NULL, '2016-12-20 22:40:44', '2017-01-30 22:23:15', '2a26619d-a276-4453-bcc4-a62dd625f189'),
 ('2847', '2845', '36', '5', '2', NULL, '2016-12-20 22:40:44', '2017-01-30 22:23:15', '2a4b4bfb-d4a7-4f36-a865-1c19cd08e55a'),
 ('2848', '2845', '36', '5', '3', NULL, '2016-12-20 22:40:44', '2017-01-30 22:23:15', 'deb1410f-d793-4b05-b545-a4f328043742'),
 ('2849', '2845', '36', '5', '4', NULL, '2016-12-20 22:40:44', '2017-01-30 22:23:15', '5b33eb35-150b-4f1c-b413-206d51792dc5'),
 ('2851', '2850', '36', '5', '1', NULL, '2016-12-20 22:49:44', '2017-01-30 23:19:39', '3ca9776d-94f4-494c-a551-e8e6763d7770'),
 ('2852', '2850', '36', '5', '2', NULL, '2016-12-20 22:49:44', '2017-01-30 23:19:39', '782fa353-2844-4d84-99c9-c6a384621b74'),
 ('2853', '2850', '36', '5', '3', NULL, '2016-12-20 22:49:44', '2017-01-30 23:19:39', '40e6bf11-8e84-4b5d-98f4-de9f758c340b'),
 ('2854', '2850', '36', '5', '4', NULL, '2016-12-20 22:49:44', '2017-01-30 23:19:39', '7ffdf843-61bf-4719-9a6e-159047f6bfc9'),
 ('2857', '2856', '36', '5', '1', NULL, '2016-12-20 23:04:45', '2017-01-30 23:19:24', '5a280070-02ef-4a72-83cb-79878cff9297'),
 ('2858', '2856', '36', '5', '2', NULL, '2016-12-20 23:04:45', '2017-01-30 23:19:24', 'c0729af3-c2fa-4880-9766-2522686e0fb1'),
 ('2859', '2856', '36', '5', '3', NULL, '2016-12-20 23:04:45', '2017-01-30 23:19:24', '1813e05e-3426-4010-8f65-c7ae4ce53488'),
 ('2860', '2856', '36', '5', '4', NULL, '2016-12-20 23:04:45', '2017-01-30 23:19:24', 'bae73286-244e-4bee-a576-68dce65d641d'),
 ('2861', '2856', '36', '5', '5', NULL, '2016-12-20 23:04:45', '2017-01-30 23:19:24', '9cfa784c-711d-485a-ae35-2bc2851e8c0d'),
 ('2862', '2856', '36', '5', '6', NULL, '2016-12-20 23:04:45', '2017-01-30 23:19:24', '7788677f-bcf9-42cb-8917-e330d22697d3'),
 ('2863', '2856', '36', '5', '7', NULL, '2016-12-20 23:04:45', '2017-01-30 23:19:24', '5e8e9192-c028-4821-a8b2-cb9d803bcafe'),
 ('2868', '2', '51', '7', '1', 'en_us', '2017-01-05 16:42:04', '2017-01-26 16:52:05', '7e05f869-2337-4db2-9b48-4060c9a783d6'),
 ('2869', '2', '51', '7', '2', 'en_us', '2017-01-05 16:42:04', '2017-01-26 16:52:05', '3b764204-1eff-43b7-8cde-ccaa8d14d339'),
 ('2881', '2880', '59', '8', '1', NULL, '2017-01-17 20:42:53', '2017-01-24 19:56:25', '8b1a5259-00d3-4c3c-bf5f-e6ffc822907f'),
 ('2886', '2885', '59', '8', '1', NULL, '2017-01-17 22:45:59', '2017-01-23 23:06:07', '476b4e51-d8a9-430b-a440-464c6cab15bc'),
 ('2891', '2890', '59', '8', '1', NULL, '2017-01-17 23:12:01', '2017-01-17 23:12:01', '930c0644-6d03-43f0-bb74-b7c35da10dc8'),
 ('2896', '2895', '59', '8', '1', NULL, '2017-01-17 23:35:21', '2017-01-17 23:35:21', 'dcf68c04-dd7d-4e8b-bc30-b256f24f992c'),
 ('2899', '2897', '59', '8', '1', NULL, '2017-01-18 15:27:16', '2017-01-20 15:28:57', '1af67a36-bf10-4450-8089-bda1448d89a7'),
 ('2901', '2897', '59', '8', '2', NULL, '2017-01-18 15:29:06', '2017-01-20 15:28:57', '1a289414-7466-49ca-8e5c-a25e7acc9981'),
 ('2903', '2902', '59', '8', '1', NULL, '2017-01-18 15:30:09', '2017-01-18 15:30:09', '6f1cbe85-8f5d-4dfa-ac9c-7880618ad086'),
 ('2906', '2905', '59', '8', '1', NULL, '2017-01-18 16:44:06', '2017-01-20 16:29:46', 'ca3e9214-a4cb-479a-a806-733f2171d1a8'),
 ('2907', '2905', '59', '8', '2', NULL, '2017-01-18 16:44:06', '2017-01-20 16:29:46', 'c70fb30c-c59c-4cf1-98bf-efae9409f90f'),
 ('2908', '2905', '59', '8', '3', NULL, '2017-01-20 16:29:46', '2017-01-20 16:29:46', '88968965-c9fe-4fbe-a56c-7e96576e6f86'),
 ('2909', '2885', '59', '8', '2', NULL, '2017-01-23 23:06:07', '2017-01-23 23:06:07', 'ff360edd-04b1-4c15-9cc6-69394e6affc0'),
 ('2912', '2911', '59', '8', '1', NULL, '2017-01-24 17:25:49', '2017-01-24 18:04:49', 'e5f01186-b288-4e9e-8b63-1471da7e3a7c'),
 ('2913', '2911', '59', '8', '2', NULL, '2017-01-24 17:25:49', '2017-01-24 18:04:49', 'dd76a668-d182-4fa2-9caf-40b7dcb662a0'),
 ('2914', '2', '51', '7', '1', 'es_us', '2017-01-24 18:08:41', '2017-01-24 20:49:12', '59299628-313c-4c6a-bbe3-a1d581502fe4'),
 ('2915', '2', '51', '7', '2', 'es_us', '2017-01-24 18:08:41', '2017-01-24 20:49:13', '56fc89a3-aba4-43c0-9fbc-3b8d24eb143c'),
 ('2916', '2831', '68', '9', '1', 'en_us', '2017-01-25 20:35:32', '2017-01-26 16:38:33', 'c744e8b7-97c0-4592-ad27-ae4852d53f2e'),
 ('2917', '2831', '68', '9', '2', 'en_us', '2017-01-25 20:35:32', '2017-01-26 16:38:33', '3e4374c5-358a-43e2-b5ef-2530a801ce56'),
 ('2918', '2831', '74', '11', '1', 'en_us', '2017-01-25 20:35:32', '2017-01-26 16:38:33', 'c4cbd0d6-e677-49be-826a-2141614d533e'),
 ('2919', '2831', '74', '11', '2', 'en_us', '2017-01-25 20:35:32', '2017-01-26 16:38:33', 'c61b7f86-d390-448f-a736-e3157bb0d023'),
 ('2920', '2831', '74', '11', '3', 'en_us', '2017-01-25 20:35:32', '2017-01-26 16:38:33', '187102d5-9f89-4a0b-be1e-b7c7c2fbc2e6'),
 ('2921', '2831', '74', '11', '4', 'en_us', '2017-01-25 20:35:32', '2017-01-26 16:38:33', '5b24aeca-876f-431d-b54f-d567ac83a293'),
 ('2922', '2831', '74', '11', '5', 'en_us', '2017-01-25 20:35:32', '2017-01-26 16:38:33', 'e3e34c77-fc4d-490b-b481-7e6f86e1138c'),
 ('2923', '2831', '71', '10', '1', 'en_us', '2017-01-25 20:35:32', '2017-01-26 16:38:33', '75d151a4-1277-4e7a-848b-10e22aba31d7'),
 ('2924', '2831', '71', '10', '2', 'en_us', '2017-01-25 20:35:32', '2017-01-26 16:38:33', '459453f6-646e-4cca-a6f8-cf6a4c8b62d5'),
 ('2926', '2830', '78', '12', '1', 'en_us', '2017-01-26 20:12:10', '2017-01-26 23:47:39', '6358b3b7-f7d8-468b-8593-fcc202056f02'),
 ('2927', '2830', '78', '12', '2', 'en_us', '2017-01-26 20:12:10', '2017-01-26 23:47:39', '00691bb3-2437-40f0-89c3-8e0f509c929f'),
 ('2929', '2830', '44', '6', '1', NULL, '2017-01-26 20:14:15', '2017-01-26 23:47:39', 'e239035a-b1f5-4b8c-9cba-fc906f5c8b8f'),
 ('2931', '2830', '44', '6', '2', NULL, '2017-01-26 20:22:20', '2017-01-26 23:47:39', '12667a86-f370-4587-927f-bc79ca517442'),
 ('2937', '2830', '44', '6', '3', NULL, '2017-01-26 23:47:39', '2017-01-26 23:47:39', '3b98b45f-7591-4a5c-801a-7cf216c38b0c'),
 ('2938', '2830', '44', '6', '4', NULL, '2017-01-26 23:47:39', '2017-01-26 23:47:39', 'e265fb2d-2451-46db-8b24-9391672d9415'),
 ('2939', '2830', '44', '6', '5', NULL, '2017-01-26 23:47:39', '2017-01-26 23:47:39', '4430ede1-d44f-4169-8ead-aa9aabb47490'),
 ('2940', '2830', '44', '6', '6', NULL, '2017-01-26 23:47:39', '2017-01-26 23:47:39', 'd5ed5fbd-69ef-4e68-9ce9-d760d955a5e0');



DROP TABLE IF EXISTS `craft_matrixblocktypes`;


--
-- Schema for table `craft_matrixblocktypes`
--
CREATE TABLE `craft_matrixblocktypes` (
  `id` int(11) NOT NULL AUTO_INCREMENT,
  `fieldId` int(11) NOT NULL,
  `fieldLayoutId` int(11) DEFAULT NULL,
  `name` varchar(255) COLLATE utf8_unicode_ci NOT NULL,
  `handle` varchar(255) COLLATE utf8_unicode_ci NOT NULL,
  `sortOrder` smallint(6) unsigned DEFAULT NULL,
  `dateCreated` datetime NOT NULL,
  `dateUpdated` datetime NOT NULL,
  `uid` char(36) COLLATE utf8_unicode_ci NOT NULL DEFAULT '0',
  PRIMARY KEY (`id`),
  UNIQUE KEY `craft_matrixblocktypes_name_fieldId_unq_idx` (`name`,`fieldId`),
  UNIQUE KEY `craft_matrixblocktypes_handle_fieldId_unq_idx` (`handle`,`fieldId`),
  KEY `craft_matrixblocktypes_fieldId_fk` (`fieldId`),
  KEY `craft_matrixblocktypes_fieldLayoutId_fk` (`fieldLayoutId`)
) ENGINE=InnoDB AUTO_INCREMENT=13 DEFAULT CHARSET=utf8 COLLATE=utf8_unicode_ci;

--
-- Data for table `craft_matrixblocktypes`
--

INSERT INTO `craft_matrixblocktypes` (`id`, `fieldId`, `fieldLayoutId`, `name`, `handle`, `sortOrder`, `dateCreated`, `dateUpdated`, `uid`) VALUES
 ('5', '36', '162', 'Person', 'person', '1', '2016-12-13 22:24:13', '2017-01-30 18:25:24', 'cf03b594-7ac1-4637-ad23-9ff57745cc34'),
 ('6', '44', '159', 'Principle', 'principle', '1', '2016-12-20 21:44:46', '2017-01-26 20:15:54', '89b9c8ac-1960-498e-897f-4362ed7ab567'),
 ('7', '51', '146', 'User Path', 'userPath', '1', '2017-01-05 16:00:41', '2017-01-24 20:09:04', 'f8d80839-5b49-46de-bbc6-2b18f6d64b70'),
 ('8', '59', '145', 'Page Section', 'pageSection', '1', '2017-01-11 18:25:37', '2017-01-24 17:52:19', 'd1629a19-dcd2-4f80-9fa4-28a03b863b9a'),
 ('9', '68', '147', 'Navigators Info Section', 'navigatorsInfoSection', '1', '2017-01-25 18:35:23', '2017-01-25 18:35:23', '3ebdc14e-af26-4d24-89cd-4eba754c9966'),
 ('10', '71', '149', 'Content Section', 'contentSection', '1', '2017-01-25 20:09:23', '2017-01-25 20:09:23', 'ba278dd0-3536-463d-87c7-6cb7dbc9c7ce'),
 ('11', '74', '150', 'Step', 'step', '1', '2017-01-25 20:10:52', '2017-01-25 20:10:53', '74ebaf99-febe-40b8-9eda-00ff1cb224f2'),
 ('12', '78', '160', 'Intro Section', 'introSection', '1', '2017-01-26 19:44:44', '2017-01-26 23:13:17', '2127e56d-32d9-4894-9bd7-1f3a6dd97729');



DROP TABLE IF EXISTS `craft_matrixcontent_introsections`;


--
-- Schema for table `craft_matrixcontent_introsections`
--
CREATE TABLE `craft_matrixcontent_introsections` (
  `id` int(11) NOT NULL AUTO_INCREMENT,
  `elementId` int(11) NOT NULL,
  `locale` char(12) COLLATE utf8_unicode_ci NOT NULL,
  `field_introSection_sectionTitle` text COLLATE utf8_unicode_ci,
  `field_introSection_sectionContent` text COLLATE utf8_unicode_ci,
  `dateCreated` datetime NOT NULL,
  `dateUpdated` datetime NOT NULL,
  `uid` char(36) COLLATE utf8_unicode_ci NOT NULL DEFAULT '0',
  PRIMARY KEY (`id`),
  UNIQUE KEY `craft_matrixcontent_introsections_elementId_locale_unq_idx` (`elementId`,`locale`),
  KEY `craft_matrixcontent_introsections_locale_fk` (`locale`)
) ENGINE=InnoDB AUTO_INCREMENT=3 DEFAULT CHARSET=utf8 COLLATE=utf8_unicode_ci;

--
-- Data for table `craft_matrixcontent_introsections`
--

INSERT INTO `craft_matrixcontent_introsections` (`id`, `elementId`, `locale`, `field_introSection_sectionTitle`, `field_introSection_sectionContent`, `dateCreated`, `dateUpdated`, `uid`) VALUES
 ('1', '2926', 'en_us', 'Who are we?', '<p>We’re teachers. We’re principals. We’re counselors and coaches. We’re policy experts and data analysts and community anchors. Most of all, we’re moms and dads who know how hard it can be to figure out schools and keep kids on track, no matter who you are or where you live. </p>', '2017-01-26 20:12:10', '2017-01-26 23:47:39', 'ef94a60b-2a0c-47af-8044-14197ae2fe5c'),
 ('2', '2927', 'en_us', 'Our Mission', '<p>We founded EdNavigator because we believe that education is the path to a better life. But navigating schools and education systems isn’t easy. The stakes are high, and there are so many questions, deadlines, and decisions along the way. That’s why we’re here—so you don’t have to do it all alone.</p>', '2017-01-26 20:12:10', '2017-01-26 23:47:39', 'a23e38b8-1976-44af-9dcd-ca56622a94b8');



DROP TABLE IF EXISTS `craft_matrixcontent_knowledge`;


--
-- Schema for table `craft_matrixcontent_knowledge`
--
CREATE TABLE `craft_matrixcontent_knowledge` (
  `id` int(11) NOT NULL AUTO_INCREMENT,
  `elementId` int(11) NOT NULL,
  `locale` char(12) COLLATE utf8_unicode_ci NOT NULL,
  `field_contentSection_sectionTitle` text COLLATE utf8_unicode_ci,
  `field_contentSection_sectionContent` text COLLATE utf8_unicode_ci,
  `dateCreated` datetime NOT NULL,
  `dateUpdated` datetime NOT NULL,
  `uid` char(36) COLLATE utf8_unicode_ci NOT NULL DEFAULT '0',
  PRIMARY KEY (`id`),
  UNIQUE KEY `craft_matrixcontent_knowledge_elementId_locale_unq_idx` (`elementId`,`locale`),
  KEY `craft_matrixcontent_knowledge_locale_fk` (`locale`)
) ENGINE=InnoDB AUTO_INCREMENT=3 DEFAULT CHARSET=utf8 COLLATE=utf8_unicode_ci;

--
-- Data for table `craft_matrixcontent_knowledge`
--

INSERT INTO `craft_matrixcontent_knowledge` (`id`, `elementId`, `locale`, `field_contentSection_sectionTitle`, `field_contentSection_sectionContent`, `dateCreated`, `dateUpdated`, `uid`) VALUES
 ('1', '2923', 'en_us', 'Stronger Schools,\r\nStronger Communities', '<p>Our priority is helping you get the education you want for yourself and your family. Through our work, we also strive to strengthen local schools and communities in a way that benefits everyone. </p>', '2017-01-25 20:35:32', '2017-01-26 16:38:33', 'db66cd5e-b240-4579-adfe-4a3a2ce7c8d6'),
 ('2', '2924', 'en_us', 'Shining a Spotlight \r\non Family Needs', '<p>We’re always sharing new information and resources that help families stay on track while encouraging schools to be more responsive to student and parent needs. <a href=\"{entry:2830:url}\">Read more about what we’re learning</a>.</p>', '2017-01-25 20:35:32', '2017-01-26 16:38:33', '5605e04e-6f22-48f2-9e66-feb302566db1');



DROP TABLE IF EXISTS `craft_matrixcontent_ourapproach`;


--
-- Schema for table `craft_matrixcontent_ourapproach`
--
CREATE TABLE `craft_matrixcontent_ourapproach` (
  `id` int(11) NOT NULL AUTO_INCREMENT,
  `elementId` int(11) NOT NULL,
  `locale` char(12) COLLATE utf8_unicode_ci NOT NULL,
  `field_step_stepTitle` text COLLATE utf8_unicode_ci,
  `field_step_stepContent` text COLLATE utf8_unicode_ci,
  `dateCreated` datetime NOT NULL,
  `dateUpdated` datetime NOT NULL,
  `uid` char(36) COLLATE utf8_unicode_ci NOT NULL DEFAULT '0',
  PRIMARY KEY (`id`),
  UNIQUE KEY `craft_matrixcontent_ourapproach_elementId_locale_unq_idx` (`elementId`,`locale`),
  KEY `craft_matrixcontent_ourapproach_locale_fk` (`locale`)
) ENGINE=InnoDB AUTO_INCREMENT=6 DEFAULT CHARSET=utf8 COLLATE=utf8_unicode_ci;

--
-- Data for table `craft_matrixcontent_ourapproach`
--

INSERT INTO `craft_matrixcontent_ourapproach` (`id`, `elementId`, `locale`, `field_step_stepTitle`, `field_step_stepContent`, `dateCreated`, `dateUpdated`, `uid`) VALUES
 ('1', '2918', 'en_us', 'Sign Up', '<p>You can register to become an EdNavigator member through your employer, a participating community organization, or our website. Members can receive help with their child’s education or with their own learning goals.</p>', '2017-01-25 20:35:32', '2017-01-26 16:38:33', '49ee6eab-88d4-4e43-a72d-4f0985cf7b11'),
 ('2', '2919', 'en_us', 'Review Records', '<p>After registering, you’ll be connected to a Navigator—if you’re a parent, we’ll work together to create a path to success for your child. If you’re an adult learner, we’ll get to work helping you further your education.</p>', '2017-01-25 20:35:32', '2017-01-26 16:38:33', '0c005e9a-2bd3-4ee3-b8eb-5fdbd5dd115b'),
 ('3', '2920', 'en_us', 'Make a Plan', '<p>Your Navigator will help you set clear short- and long-term goals, from getting your child into college to helping you get a degree while balancing work and life. Then together, you’ll create a concrete plan for achieving those goals.</p>', '2017-01-25 20:35:32', '2017-01-26 16:38:33', '7067ba26-8ed5-4a98-aa1e-c3f0f4efb504'),
 ('4', '2921', 'en_us', 'Take Action', '<p>Your Navigator will offer direct, hands-on assistance to help you turn your plans into reality—that may include going with you to school meetings, teaching effective study habits, or connecting you to available community resources.</p>', '2017-01-25 20:35:32', '2017-01-26 16:38:33', 'e59f90c5-6325-4ead-b2f7-8eebe118783b'),
 ('5', '2922', 'en_us', 'Stay on Track', '<p>As students progress, EdNavigator will be there every step of the way—whatever new challenges or opportunities arise, we’re here to support and keep our member families on track to reach their goals.</p>', '2017-01-25 20:35:32', '2017-01-26 16:38:33', 'eff221c5-fddf-4e28-828c-d21edd3d2736');



DROP TABLE IF EXISTS `craft_matrixcontent_ournavigators`;


--
-- Schema for table `craft_matrixcontent_ournavigators`
--
CREATE TABLE `craft_matrixcontent_ournavigators` (
  `id` int(11) NOT NULL AUTO_INCREMENT,
  `elementId` int(11) NOT NULL,
  `locale` char(12) COLLATE utf8_unicode_ci NOT NULL,
  `field_navigatorsInfoSection_sectionTitle` text COLLATE utf8_unicode_ci,
  `field_navigatorsInfoSection_sectionContent` text COLLATE utf8_unicode_ci,
  `dateCreated` datetime NOT NULL,
  `dateUpdated` datetime NOT NULL,
  `uid` char(36) COLLATE utf8_unicode_ci NOT NULL DEFAULT '0',
  PRIMARY KEY (`id`),
  UNIQUE KEY `craft_matrixcontent_ournavigators_elementId_locale_unq_idx` (`elementId`,`locale`),
  KEY `craft_matrixcontent_ournavigators_locale_fk` (`locale`)
) ENGINE=InnoDB AUTO_INCREMENT=3 DEFAULT CHARSET=utf8 COLLATE=utf8_unicode_ci;

--
-- Data for table `craft_matrixcontent_ournavigators`
--

INSERT INTO `craft_matrixcontent_ournavigators` (`id`, `elementId`, `locale`, `field_navigatorsInfoSection_sectionTitle`, `field_navigatorsInfoSection_sectionContent`, `dateCreated`, `dateUpdated`, `uid`) VALUES
 ('1', '2916', 'en_us', 'Personal, Professional Guidance', '<p>Our Navigators combine expert knowledge of schools with a deep understanding of our communities. Most are accomplished former teachers, school leaders, or counselors, and all have passed a background check, received privacy training and adhere to a strict code of confidentiality. </p>\n<p>They’re like pediatricians for your educational health, and they’re always looking out for your best interests.</p>', '2017-01-25 20:35:32', '2017-01-26 16:38:33', '4ec20940-3b9b-450b-bafe-f4e6fd71ae8f'),
 ('2', '2917', 'en_us', 'Help that Finds You', '<p>Your Navigator will meet with you at your worksite—or wherever is most convenient for you—to develop a customized educational plan. They’ll help: </p>\n<ul><li>Set clear learning goals</li><li>Choose the right school and explore financial options</li><li>Communicate with teachers and administrators</li><li>Analyze grades and progress</li><li>Answer your questions via phone, text, or email whenever you need advice</li></ul>', '2017-01-25 20:35:32', '2017-01-26 16:38:33', '567c5b08-1aae-45ec-a3bc-2085e2e1fd52');



DROP TABLE IF EXISTS `craft_matrixcontent_pathpagesections`;


--
-- Schema for table `craft_matrixcontent_pathpagesections`
--
CREATE TABLE `craft_matrixcontent_pathpagesections` (
  `id` int(11) NOT NULL AUTO_INCREMENT,
  `elementId` int(11) NOT NULL,
  `locale` char(12) COLLATE utf8_unicode_ci NOT NULL,
  `field_pageSection_sectionText` text COLLATE utf8_unicode_ci,
  `field_pageSection_sectionLinks` text COLLATE utf8_unicode_ci,
  `field_pageSection_sectionColor` varchar(255) COLLATE utf8_unicode_ci DEFAULT 'background-gray',
  `field_pageSection_sectionTitle` text COLLATE utf8_unicode_ci,
  `field_pageSection_sectionTitleStyle` varchar(255) COLLATE utf8_unicode_ci DEFAULT 'regular',
  `dateCreated` datetime NOT NULL,
  `dateUpdated` datetime NOT NULL,
  `uid` char(36) COLLATE utf8_unicode_ci NOT NULL DEFAULT '0',
  PRIMARY KEY (`id`),
  UNIQUE KEY `craft_matrixcontent_pathpagesections_elementId_locale_unq_idx` (`elementId`,`locale`),
  KEY `craft_matrixcontent_pathpagesections_locale_fk` (`locale`)
) ENGINE=InnoDB AUTO_INCREMENT=29 DEFAULT CHARSET=utf8 COLLATE=utf8_unicode_ci;

--
-- Data for table `craft_matrixcontent_pathpagesections`
--

INSERT INTO `craft_matrixcontent_pathpagesections` (`id`, `elementId`, `locale`, `field_pageSection_sectionText`, `field_pageSection_sectionLinks`, `field_pageSection_sectionColor`, `field_pageSection_sectionTitle`, `field_pageSection_sectionTitleStyle`, `dateCreated`, `dateUpdated`, `uid`) VALUES
 ('1', '2881', 'en_us', 'Whether you are guiding a child through school or working towards your own educational goals, you can count on us to provide expert advice and personalized, hands-on support \r\nevery step of the way.', '<p><a href=\"{entry:2830:url}\">Learn more about Who We Are</a></p>', 'background-blue', 'Find your\r\npath.', 'regular', '2017-01-17 20:42:53', '2017-01-24 23:19:24', '324da5f9-6ffa-4ffd-aff3-d7398eaeb012'),
 ('2', '2881', 'es_us', 'Testing', '<p><a href=\"{entry:2830:url}\">Learn more about Who We Are</a></p>', 'background-blue', 'Español!', 'regular', '2017-01-17 20:42:53', '2017-01-24 23:19:24', '49382db5-e099-4f56-a4c8-8be5f102180d'),
 ('3', '2886', 'en_us', 'Our expert Navigators work with you to set clear goals, create a concrete plan, and take action. We can help you choose the right school, review and analyze academic progress, support learning at home and stand up for students’ needs in the classroom.', '<p><a href=\"{entry:2831:url}\">Learn more about How We Help</a></p>', 'background-gray', 'The help you\r\nneed, when you\r\nneed it.', 'regular', '2017-01-17 22:45:59', '2017-01-24 23:19:24', 'd6b1070b-b02e-4049-aca1-5869380c5980'),
 ('4', '2886', 'es_us', 'Our expert Navigators work with you to set clear goals, create a concrete plan, and take action. We can help you choose the right school, review and analyze academic progress, support learning at home and stand up for students’ needs in the classroom.', '<p><a href=\"{entry:2831:url}\">Learn more about How We Help</a></p>', 'background-gray', 'The help you need, when you need it.', 'regular', '2017-01-17 22:45:59', '2017-01-24 23:19:24', '167a5efe-91f9-42d0-95d1-7ce09eb49a5f'),
 ('5', '2891', 'en_us', 'An investment in your employees’ future is an investment in your business and community. EdNavigator offers employers an innovative way to boost employee morale, reduce turnover, and cut costs while improving educational outcomes for students and helping families, schools, and communities thrive.', '', 'background-gray', 'Invest in your \r\ngreatest asset \r\n— your people.', 'regular', '2017-01-17 23:12:01', '2017-01-24 23:19:24', 'd2e71021-f30d-410c-9bab-2be67ac081b9'),
 ('6', '2891', 'es_us', 'An investment in your employees’ future is an investment in your business and community. EdNavigator offers employers an innovative way to boost employee morale, reduce turnover, and cut costs while improving educational outcomes for students and helping families, schools, and communities thrive.', '', 'background-gray', 'Invest in your \r\ngreatest asset \r\n— your people.', 'regular', '2017-01-17 23:12:01', '2017-01-24 23:19:24', 'bdf5003b-f575-4f28-96da-6b4da81124f0'),
 ('7', '2896', 'en_us', 'Our Employer Partners bring EdNavigator support to the workplace as a benefit for employees. Our expert Navigators help parents keep students on track in school and adult learners in pursuit of their own educational dreams.', '<p><a href=\"{entry:2831:url}\">See how it works</a></p>', 'background-gold', 'Give back with \r\noutstanding \r\nsupport.', 'regular', '2017-01-17 23:35:21', '2017-01-24 23:19:24', 'f1271e99-d423-49db-9b57-ebdff7db46ba'),
 ('8', '2896', 'es_us', 'Our Employer Partners bring EdNavigator support to the workplace as a benefit for employees. Our expert Navigators help parents keep students on track in school and adult learners in pursuit of their own educational dreams.', '<p><a href=\"{entry:2831:url}\">See how it works</a></p>', 'background-gold', 'Give back with \r\noutstanding \r\nsupport.', 'regular', '2017-01-17 23:35:21', '2017-01-24 23:19:24', '24fbc6e9-3276-4503-9c70-62ad9d0fdcb2'),
 ('9', '2899', 'en_us', 'say having EdNavigator makes them \r\nmore likely to keep working for their \r\ncurrent employer', '<p>Find out why EdNavigator\nis good for business</p>', 'background-green', '96%', 'largeNumeral', '2017-01-18 15:27:16', '2017-01-24 23:19:24', '71433d2e-b6cf-418e-a38a-4919bdf20dbe'),
 ('10', '2899', 'es_us', 'say having EdNavigator makes them \r\nmore likely to keep working for their \r\ncurrent employer', '<p>Find out why EdNavigator\nis good for business</p>', 'background-green', '96%', 'largeNumeral', '2017-01-18 15:27:16', '2017-01-24 23:19:24', '410b2e08-c498-4549-a25b-559375366518'),
 ('13', '2901', 'en_us', 'Donec sed odio dui. Nullam quis risus eget urna mollis ornare vel eu leo. Aenean lacinia bibendum nulla sed consectetur.', '<p><a href=\"{entry:2831:url}\">Slide Link</a></p>', 'background-green', 'Slide \r\nTwo.', 'largeNumeral', '2017-01-18 15:29:06', '2017-01-24 23:19:24', '382c9161-5f26-400c-b1ca-283f428d3aab'),
 ('14', '2901', 'es_us', 'Donec sed odio dui. Nullam quis risus eget urna mollis ornare vel eu leo. Aenean lacinia bibendum nulla sed consectetur.', '<p><a href=\"{entry:2831:url}\">Slide Link</a></p>', 'background-green', 'Slide \r\nTwo.', 'largeNumeral', '2017-01-18 15:29:06', '2017-01-24 23:19:24', '5cab2fca-42c1-4386-bc32-d979826f50d0'),
 ('15', '2903', 'en_us', 'We use a shared cost model to maximize reach and minimize costs for your employees. Your contribution as an employer partner will be supplemented by our philanthropic funders. ', '<p><a href=\"{entry:2831:url}\">Our Partners</a></p>', 'background-blue', 'Shared costs, \r\nuniversal \r\nbenefits.', 'regular', '2017-01-18 15:30:09', '2017-01-24 23:19:24', '15b7c806-0683-40fb-8a93-753a09dd3fe3'),
 ('16', '2903', 'es_us', 'We use a shared cost model to maximize reach and minimize costs for your employees. Your contribution as an employer partner will be supplemented by our philanthropic funders. ', '<p><a href=\"{entry:2831:url}\">Our Partners</a></p>', 'background-blue', 'Shared costs, \r\nuniversal \r\nbenefits.', 'regular', '2017-01-18 15:30:09', '2017-01-24 23:19:24', '36cd8571-b47b-4ca7-a335-a6032f298e48'),
 ('17', '2906', 'en_us', 'Sean Cummings, \r\nOwner, International House Hotel, New Orleans', '<p><a href=\"{entry:2831:url}\">Read the full story</a></p>', 'background-gray', ' EdNavigator \r\npays for itself \r\nmore than 3:1.', 'quote', '2017-01-18 16:44:06', '2017-01-24 23:19:25', '3b6b8649-46d4-41af-99e5-c82242b468b6'),
 ('18', '2906', 'es_us', 'Sean Cummings, \r\nOwner, International House Hotel, New Orleans', '<p><a href=\"{entry:2831:url}\">Read the full story</a></p>', 'background-gray', ' “EdNavigator \r\npays for itself \r\nmore than 3:1.”', 'quote', '2017-01-18 16:44:06', '2017-01-24 23:19:25', 'ddfe06e7-7beb-4fc4-8900-4a829850980b'),
 ('19', '2907', 'en_us', 'Etiam porta sem malesuada magna mollis euismod. Fusce dapibus, tellus ac cursus commodo, tortor mauris condimentum nibh, ut fermentum massa justo sit amet risus. Lorem ipsum dolor sit amet, consectetur adipiscing elit. Nullam quis risus eget urna mollis ornare vel eu leo. Vestibulum id ligula porta felis euismod semper.', '<p><a href=\"{entry:2831:url}\">Read the full story</a></p>', 'background-green', 'Story \r\nnumber two.', 'regular', '2017-01-18 16:44:06', '2017-01-24 23:19:25', 'fbf0d62c-fc3a-4e51-8d5a-3092016aa14b'),
 ('20', '2907', 'es_us', 'Etiam porta sem malesuada magna mollis euismod. Fusce dapibus, tellus ac cursus commodo, tortor mauris condimentum nibh, ut fermentum massa justo sit amet risus. Lorem ipsum dolor sit amet, consectetur adipiscing elit. Nullam quis risus eget urna mollis ornare vel eu leo. Vestibulum id ligula porta felis euismod semper.', '<p><a href=\"{entry:2831:url}\">Read the full story</a></p>', 'background-green', 'Story \r\nnumber two.', 'regular', '2017-01-18 16:44:06', '2017-01-24 23:19:25', 'a722351b-fe06-4c5b-bf38-947bf186e4bd'),
 ('21', '2908', 'en_us', 'Lorem ipsum dolor sit amet, consectetur adipiscing elit. Duis mollis, est non commodo luctus, nisi erat porttitor ligula, eget lacinia odio sem nec elit. Vivamus sagittis lacus vel augue laoreet rutrum faucibus dolor auctor. Cum sociis natoque penatibus et magnis dis parturient montes, nascetur ridiculus mus.', '<p><a href=\"{entry:2831:url}\">Link one</a></p><p><a href=\"{entry:2:url}\">Link Two</a></p>', 'background-gray', 'A story \r\nlike no \r\nother.', 'quote', '2017-01-20 16:29:46', '2017-01-24 23:19:25', '1d437327-7f25-473d-90b7-c855f73bbd5b'),
 ('22', '2908', 'es_us', 'Lorem ipsum dolor sit amet, consectetur adipiscing elit. Duis mollis, est non commodo luctus, nisi erat porttitor ligula, eget lacinia odio sem nec elit. Vivamus sagittis lacus vel augue laoreet rutrum faucibus dolor auctor. Cum sociis natoque penatibus et magnis dis parturient montes, nascetur ridiculus mus.', '<p><a href=\"{entry:2831:url}\">Link one</a></p><p><a href=\"{entry:2:url}\">Link Two</a></p>', 'background-gray', 'A story \r\nlike no \r\nother.', 'quote', '2017-01-20 16:29:46', '2017-01-24 23:19:25', '015bb368-7538-44dc-90fa-728c94352832'),
 ('23', '2909', 'en_us', 'Sed posuere consectetur est at lobortis. Nulla vitae elit libero, a pharetra augue. Duis mollis, est non commodo luctus, nisi erat porttitor ligula, eget lacinia odio sem nec elit. Maecenas faucibus mollis interdum. Morbi leo risus, porta ac consectetur ac, vestibulum at eros.', '<p><a href=\"{entry:2831:url}\">Test Link</a></p>', 'background-gray', 'Second \r\nSlide.', 'regular', '2017-01-23 23:06:07', '2017-01-24 23:19:25', '4949f169-8340-4a9f-a08a-70fa51ae22a0'),
 ('24', '2909', 'es_us', 'Sed posuere consectetur est at lobortis. Nulla vitae elit libero, a pharetra augue. Duis mollis, est non commodo luctus, nisi erat porttitor ligula, eget lacinia odio sem nec elit. Maecenas faucibus mollis interdum. Morbi leo risus, porta ac consectetur ac, vestibulum at eros.', '<p><a href=\"{entry:2831:url}\">Test Link</a></p>', 'background-gray', 'Second \r\nSlide.', 'regular', '2017-01-23 23:06:07', '2017-01-24 23:19:25', '75e08eed-5fad-4e30-bb26-11f6bf77e911'),
 ('25', '2912', 'en_us', '', '<p><a href=\"{entry:2831:url}\">Read the full story</a></p>', 'background-orange', 'We helped \r\nKanitra’s \r\ndaughters get \r\nback on track \r\nin school.', 'regular', '2017-01-24 17:25:49', '2017-01-24 23:19:25', '38eb03c2-90a1-40d6-a763-529896ee80b0'),
 ('26', '2912', 'es_us', '', '<p><a href=\"{entry:2831:url}\">Read the full story</a></p>', 'background-orange', 'We helped \r\nKanitra’s \r\ndaughters get \r\nback on track \r\nin school.', 'regular', '2017-01-24 17:25:49', '2017-01-24 23:19:25', '7731ce96-0e32-42b0-a202-0e5a28db8beb'),
 ('27', '2913', 'en_us', '', '<p><a href=\"{entry:2831:url}\">Read the full story</a></p>', 'background-orange', 'Another \r\nstory of \r\ntriumph.', 'regular', '2017-01-24 17:25:49', '2017-01-24 23:19:25', '71080c11-0b95-4765-b388-10db40112752'),
 ('28', '2913', 'es_us', '', '<p><a href=\"{entry:2831:url}\">Read the full story</a></p>', 'background-orange', 'Another \r\nstory of \r\ntriumph.', 'regular', '2017-01-24 17:25:49', '2017-01-24 23:19:25', 'bd7e885e-a330-48b0-a4fd-fe27328c0385');



DROP TABLE IF EXISTS `craft_matrixcontent_people`;


--
-- Schema for table `craft_matrixcontent_people`
--
CREATE TABLE `craft_matrixcontent_people` (
  `id` int(11) NOT NULL AUTO_INCREMENT,
  `elementId` int(11) NOT NULL,
  `locale` char(12) COLLATE utf8_unicode_ci NOT NULL,
  `field_person_personName` text COLLATE utf8_unicode_ci,
  `field_person_personTitle` text COLLATE utf8_unicode_ci,
  `field_person_personDescription` text COLLATE utf8_unicode_ci,
  `dateCreated` datetime NOT NULL,
  `dateUpdated` datetime NOT NULL,
  `uid` char(36) COLLATE utf8_unicode_ci NOT NULL DEFAULT '0',
  PRIMARY KEY (`id`),
  UNIQUE KEY `craft_matrixcontent_people_elementId_locale_unq_idx` (`elementId`,`locale`),
  KEY `craft_matrixcontent_people_locale_fk` (`locale`)
) ENGINE=InnoDB AUTO_INCREMENT=43 DEFAULT CHARSET=utf8 COLLATE=utf8_unicode_ci;

--
-- Data for table `craft_matrixcontent_people`
--

INSERT INTO `craft_matrixcontent_people` (`id`, `elementId`, `locale`, `field_person_personName`, `field_person_personTitle`, `field_person_personDescription`, `dateCreated`, `dateUpdated`, `uid`) VALUES
 ('13', '2846', 'en_us', 'Timothy Daly', 'Founding Partner', '<p>Tim brings 17 years of experience in public education to EdNavigator, including service as an urban school teacher, organizational leader, and policy expert. Prior to founding EdNavigator, he served alongside Ariela Rozman as President of TNTP, a leading education nonprofit organization that partners with school systems and states to ensure that all students get excellent teachers. During his eight years in that role, TNTP became a leading source of innovative research and a respected independent voice on teacher quality issues. Before joining TNTP in 2001, Tim taught social studies at Northeast Middle School in Baltimore. He holds a MA in Teaching from Johns Hopkins University and a BA in American Studies from Northwestern University. He lives in Chicago with his wife and two children.</p>', '2016-12-20 22:40:44', '2017-01-30 22:23:15', '01f973fb-1b26-44ec-975c-d0dbe5f9ab43'),
 ('14', '2847', 'en_us', 'Whitney Henderson', 'Navigator-in-chief', '<p>A native of East St. Louis, IL, Whitney brings to her work 10 years of experience as an award-winning teacher, school principal and instructional expert. Her career in education began in New Orleans, where she moved after Hurricane Katrina to become a founding teacher and eventually 7th-9th grade principal at KIPP Central City Academy. Her extraordinary success with students earned her the 2011 Fishman Prize, a $25,000 award given annually to just four teachers nationwide. Whitney holds a BA in English and Modern Foreign Languages from Jackson State University, a MA in Organizational Leadership from Teacher’s College at Columbia University, and a Master’s in Education Policy and Management from the Harvard Graduate School of Education. She lives in New Orleans, LA. </p>', '2016-12-20 22:40:44', '2017-01-30 22:23:15', '09ec2bbe-d747-404f-8808-a604bdf1b306'),
 ('15', '2848', 'en_us', 'David Keeling', 'Founding Partner', '<p>David Keeling has 16 years of experience in strategic communications and public education. Over the last decade and a half, his words have appeared in teacher recruitment ads in the New York City subway, in news outlets from Education Week to The New York Times, and in the remarks and messages of some of the nation’s most prominent education leaders. Before EdNavigator, he served for six years as Vice President of Communications for TNTP, leading the organization’s communications, marketing and publications strategy and advising TNTP staff, state education agencies and urban school systems nationwide on communicating with teachers, parents, school leaders, and other stakeholders.  He holds a BA in English from Middlebury College and lives with his wife and two children in Chicago.</p>', '2016-12-20 22:40:44', '2017-01-30 22:23:15', 'a299d1e7-dd11-42e4-9eef-b16653c57ae4'),
 ('16', '2849', 'en_us', 'Ariela Rozman', 'Founding Partner', '<p>Before founding EdNavigator, Ariela Rozman served for eight years as Chief Executive Officer of TNTP. Under her tenure as CEO, TNTP tripled in size, growing to a staff of 370 full-time employees across 41 states and an annual budget of more than $60 million.  Today, TNTP has a presence in more than 50 cities and states, including most of the country’s largest urban areas. In 2012, she and then-TNTP President Tim Daly received the Harold W. McGraw, Jr. Prize in Education for their leadership. Prior to joining TNTP in 2001, Ariela worked in consulting for Bain &amp; Company and helped launch and grow the e-commerce site PlanetRx.com. She holds a BA in Political and Social Thought from the University of Virginia and lives in Brooklyn, NY with her husband and two children.</p>', '2016-12-20 22:40:44', '2017-01-30 22:23:15', 'fe7f02c7-20cb-4f40-9c18-bdf27d064f4c'),
 ('17', '2851', 'en_us', 'Kriste Dragon', 'Co-founder and Chief Executive Officer, Citizens of the World Charter Schools', '', '2016-12-20 22:49:44', '2017-01-30 23:19:39', '21e6614c-3466-4163-9f46-17bba659c0c5'),
 ('18', '2852', 'en_us', 'Kaya Henderson', 'Former Chancellor,  DC Public Schools', '', '2016-12-20 22:49:44', '2017-01-30 23:19:39', '7661d7da-ef2f-4e34-94c4-b03553b3dccd'),
 ('19', '2853', 'en_us', 'Ryan Smith', 'Executive Director,  Education Trust-West', '', '2016-12-20 22:49:44', '2017-01-30 23:19:39', '9e1d7647-ed8c-4729-ae8a-c52ae5990138'),
 ('20', '2854', 'en_us', 'Chris Stewart', 'Director of Outreach and External Affairs, Education Post', '', '2016-12-20 22:49:44', '2017-01-30 23:19:39', '102d84f0-b28d-4716-8c74-75aa7ec27e5f'),
 ('21', '2857', 'en_us', 'International House Hotel', 'Anchor Partner', '<p>International House Hotel is a luxury boutique hotel located in downtown New Orleans, with 117 rooms. EdNavigator support is available to any eligible employee who is interested. </p>', '2016-12-20 23:04:45', '2017-01-30 23:19:24', 'fae92c88-93a0-47de-bdcf-4c65127a55be'),
 ('22', '2858', 'en_us', 'The New Orleans marriott', '', '<p>Located on Canal Street, the New Orleans Marriott is the city’s second-largest hotel, with 1,330 rooms.</p>', '2016-12-20 23:04:45', '2017-01-30 23:19:24', 'f18d166d-ac4f-48ef-aa77-5a8911fcd6f8'),
 ('23', '2859', 'en_us', 'The Hyatt Regency New Orleans', '', '', '2016-12-20 23:04:45', '2017-01-30 23:19:24', '9ed1c920-ca3c-4a19-be59-c76ce6fcca85'),
 ('24', '2860', 'en_us', 'The JW Marriott New Orleans', '', '', '2016-12-20 23:04:45', '2017-01-30 23:19:24', '1b64829b-2023-4a9f-a346-c37e79f1f92d'),
 ('25', '2861', 'en_us', 'The Ritz-Carlton New Orleans', '', '', '2016-12-20 23:04:45', '2017-01-30 23:19:24', '64b71fc8-b613-4f6c-ae38-00515024b962'),
 ('26', '2862', 'en_us', 'The Residence Inn New Orleans Downtwon', '', '', '2016-12-20 23:04:45', '2017-01-30 23:19:24', '133e7ed5-be33-4fd2-9913-d61f2653b367'),
 ('27', '2863', 'en_us', 'The New Orleans Marriott At The Convention Center', '', '', '2016-12-20 23:04:45', '2017-01-30 23:19:24', '76471bfe-9e2a-4c53-9d68-8f429d9bc7f2'),
 ('28', '2846', 'es_us', 'Timothy Daly', 'Founding Partner', '', '2017-01-30 17:43:59', '2017-01-30 22:23:15', 'dc31f450-b0c7-4033-9b52-d5086b68490b'),
 ('29', '2847', 'es_us', 'Whitney Henderson', 'Navigator-in-chief', '', '2017-01-30 17:43:59', '2017-01-30 22:23:15', '89d4286c-317d-4e25-9f59-545ec6d5d6e6'),
 ('30', '2848', 'es_us', 'David Keeling', 'Founding Partner', '', '2017-01-30 17:43:59', '2017-01-30 22:23:15', '4bf0b049-6b70-46f3-ae11-27c84b332cde'),
 ('31', '2849', 'es_us', 'Ariela Rozman', 'Founding Partner', '', '2017-01-30 17:43:59', '2017-01-30 22:23:15', '2236cbb8-d1c5-4776-8f81-846962f7c3eb'),
 ('32', '2851', 'es_us', 'Kriste Dragon', 'Co-founder and Chief Executive Officer, Citizens of the World Charter Schools', '', '2017-01-30 23:17:17', '2017-01-30 23:19:39', 'e865addd-5efd-4869-a296-965ccb95c771'),
 ('33', '2852', 'es_us', 'Kaya Henderson', 'Former Chancellor,  DC Public Schools', '', '2017-01-30 23:17:17', '2017-01-30 23:19:39', 'f271d6f3-7f00-4a8e-9f08-2674509fcaed'),
 ('34', '2853', 'es_us', 'Ryan Smith', 'Executive Director,  Education Trust-West', '', '2017-01-30 23:17:17', '2017-01-30 23:19:39', '1706859f-719c-4c7b-9aef-d83028acda84'),
 ('35', '2854', 'es_us', 'Chris Stewart', 'Director of Outreach and External Affairs, Education Post', '', '2017-01-30 23:17:17', '2017-01-30 23:19:39', '26d1d9cd-5cb4-4652-892e-6a7eed9c1198'),
 ('36', '2857', 'es_us', 'International House Hotel', 'Anchor Partner', '<p>International House Hotel is a luxury boutique hotel located in downtown New Orleans, with 117 rooms. EdNavigator support is available to any eligible employee who is interested. </p>', '2017-01-30 23:19:24', '2017-01-30 23:19:24', 'f00761b3-9b48-42e0-af7b-4a62d157ce1b'),
 ('37', '2858', 'es_us', 'The New Orleans marriott', '', '<p>Located on Canal Street, the New Orleans Marriott is the city’s second-largest hotel, with 1,330 rooms.</p>', '2017-01-30 23:19:24', '2017-01-30 23:19:24', '5aa93682-4098-4934-8648-2a097a7b465c'),
 ('38', '2859', 'es_us', 'The Hyatt Regency New Orleans', '', '', '2017-01-30 23:19:24', '2017-01-30 23:19:24', 'a29bd7c5-b009-4c62-9911-f0f8ebdf3fee'),
 ('39', '2860', 'es_us', 'The JW Marriott New Orleans', '', '', '2017-01-30 23:19:24', '2017-01-30 23:19:24', 'ed9b4479-5288-41a0-96d4-b6e1834867ab'),
 ('40', '2861', 'es_us', 'The Ritz-Carlton New Orleans', '', '', '2017-01-30 23:19:24', '2017-01-30 23:19:24', '0f065af9-7eee-4616-801b-62ea7b8000af'),
 ('41', '2862', 'es_us', 'The Residence Inn New Orleans Downtwon', '', '', '2017-01-30 23:19:24', '2017-01-30 23:19:24', '0e73dafe-7c51-4b96-831a-c70024f485b6'),
 ('42', '2863', 'es_us', 'The New Orleans Marriott At The Convention Center', '', '', '2017-01-30 23:19:24', '2017-01-30 23:19:24', '46e985c1-8829-4857-a1b4-48d73755cd1b');



DROP TABLE IF EXISTS `craft_matrixcontent_principles`;


--
-- Schema for table `craft_matrixcontent_principles`
--
CREATE TABLE `craft_matrixcontent_principles` (
  `id` int(11) NOT NULL AUTO_INCREMENT,
  `elementId` int(11) NOT NULL,
  `locale` char(12) COLLATE utf8_unicode_ci NOT NULL,
  `field_principle_principleLabel` text COLLATE utf8_unicode_ci,
  `field_principle_principleDescription` text COLLATE utf8_unicode_ci,
  `dateCreated` datetime NOT NULL,
  `dateUpdated` datetime NOT NULL,
  `uid` char(36) COLLATE utf8_unicode_ci NOT NULL DEFAULT '0',
  PRIMARY KEY (`id`),
  UNIQUE KEY `craft_matrixcontent_principles_elementId_locale_unq_idx` (`elementId`,`locale`),
  KEY `craft_matrixcontent_principles_locale_idx` (`locale`)
) ENGINE=InnoDB AUTO_INCREMENT=15 DEFAULT CHARSET=utf8 COLLATE=utf8_unicode_ci;

--
-- Data for table `craft_matrixcontent_principles`
--

INSERT INTO `craft_matrixcontent_principles` (`id`, `elementId`, `locale`, `field_principle_principleLabel`, `field_principle_principleDescription`, `dateCreated`, `dateUpdated`, `uid`) VALUES
 ('1', '2929', 'en_us', 'You always come first', 'We always put the needs of families and students first. We represent no one’s interests but yours. Ever', '2017-01-26 20:14:15', '2017-01-26 23:47:39', 'ab25d968-b7b5-4247-aeac-5226fda9295d'),
 ('2', '2929', 'es_us', 'You always come first', 'We always put the needs of families and students first. We represent no one’s interests but yours. Ever', '2017-01-26 20:14:15', '2017-01-26 20:14:15', '1db228c4-3854-42bb-8301-1e3c6a087fc0'),
 ('3', '2931', 'en_us', 'We put you in charge', 'We provide guidance and honest advice, but you set the course. We never act without your permission or make choices for you. Our job is to help you get what you want. ', '2017-01-26 20:22:20', '2017-01-26 23:47:39', 'ffd67360-ef42-4ab5-a281-4f0ab21c4189'),
 ('4', '2931', 'es_us', 'We put you in charge', 'We provide guidance and honest advice, but you set the course. We never act without your permission or make choices for you. Our job is to help you get what you want. ', '2017-01-26 20:22:20', '2017-01-26 20:22:20', '2e4358ed-db43-4df0-806f-17cc5e5918e6'),
 ('7', '2937', 'en_us', 'We treat you like family', 'We share your sense of urgency. We respond quickly, take your concerns seriously, and always treat you with dignity and respect. Your problems are our problems.', '2017-01-26 23:47:39', '2017-01-26 23:47:39', '320b1270-0eaf-495c-a800-31b4955d94fe'),
 ('8', '2937', 'es_us', 'We treat you like family', 'We share your sense of urgency. We respond quickly, take your concerns seriously, and always treat you with dignity and respect. Your problems are our problems.', '2017-01-26 23:47:39', '2017-01-26 23:47:39', '9caae165-0aea-4171-b893-81a1f5b2fe02'),
 ('9', '2938', 'en_us', 'We find a way', 'We don’t let systems, processes, paperwork or unwritten rules get in the way of doing right by a family or student. We find a way to make it happen.', '2017-01-26 23:47:39', '2017-01-26 23:47:39', '35a20bf4-8b91-4db6-9c62-166c43cc1d33'),
 ('10', '2938', 'es_us', 'We find a way', 'We don’t let systems, processes, paperwork or unwritten rules get in the way of doing right by a family or student. We find a way to make it happen.', '2017-01-26 23:47:39', '2017-01-26 23:47:39', 'e3430ad0-abdc-440c-98b5-44377be9da3b'),
 ('11', '2939', 'en_us', 'We protect your privacy', 'We maintain best-in-class privacy controls to protect you. We never share information about you or your children without your consent. ', '2017-01-26 23:47:39', '2017-01-26 23:47:39', '406c9bb2-7aa8-4809-9c81-1fb122386f3c'),
 ('12', '2939', 'es_us', 'We protect your privacy', 'We maintain best-in-class privacy controls to protect you. We never share information about you or your children without your consent. ', '2017-01-26 23:47:39', '2017-01-26 23:47:39', '3701e132-7861-4427-be85-050789d2d2d0'),
 ('13', '2940', 'en_us', 'We level the playing field', 'We champion the right of all families to an excellent education, especially those who have faced disadvantages in the past.', '2017-01-26 23:47:39', '2017-01-26 23:47:39', 'd03702c0-aa8e-4a6b-b12d-26edbc387042'),
 ('14', '2940', 'es_us', 'We level the playing field', 'We champion the right of all families to an excellent education, especially those who have faced disadvantages in the past.', '2017-01-26 23:47:39', '2017-01-26 23:47:39', 'edddbe5e-0996-4b85-9b09-4c081437a806');



DROP TABLE IF EXISTS `craft_matrixcontent_userpaths`;


--
-- Schema for table `craft_matrixcontent_userpaths`
--
CREATE TABLE `craft_matrixcontent_userpaths` (
  `id` int(11) NOT NULL AUTO_INCREMENT,
  `elementId` int(11) NOT NULL,
  `locale` char(12) COLLATE utf8_unicode_ci NOT NULL,
  `field_userPath_pathTitle` text COLLATE utf8_unicode_ci,
  `field_userPath_pathLinkText` text COLLATE utf8_unicode_ci,
  `dateCreated` datetime NOT NULL,
  `dateUpdated` datetime NOT NULL,
  `uid` char(36) COLLATE utf8_unicode_ci NOT NULL DEFAULT '0',
  PRIMARY KEY (`id`),
  UNIQUE KEY `craft_matrixcontent_userpaths_elementId_locale_unq_idx` (`elementId`,`locale`),
  KEY `craft_matrixcontent_userpaths_locale_fk` (`locale`)
) ENGINE=InnoDB AUTO_INCREMENT=5 DEFAULT CHARSET=utf8 COLLATE=utf8_unicode_ci;

--
-- Data for table `craft_matrixcontent_userpaths`
--

INSERT INTO `craft_matrixcontent_userpaths` (`id`, `elementId`, `locale`, `field_userPath_pathTitle`, `field_userPath_pathLinkText`, `dateCreated`, `dateUpdated`, `uid`) VALUES
 ('1', '2868', 'en_us', 'For\r\nEmployers', 'Invest in your greatest \r\nasset — your people.', '2017-01-05 16:42:03', '2017-01-26 16:52:05', '97f4ba05-d36c-414d-b648-a71f08644bbf'),
 ('2', '2869', 'en_us', 'For Families\r\n& Students', 'Find your path.', '2017-01-05 16:42:04', '2017-01-26 16:52:05', '2126789a-9aae-4dd3-a25d-840b33ae9edc'),
 ('3', '2914', 'es_us', 'Para \r\nEmpleyadores', 'Invertir en su \r\nmayor activo — \r\nsu gente.', '2017-01-24 18:08:41', '2017-01-24 20:49:12', '33697754-d045-4847-8039-afce25de63fa'),
 ('4', '2915', 'es_us', 'Para \r\nFamilias & \r\nEstudiantes', 'Encuentra \r\ntu camino.', '2017-01-24 18:08:41', '2017-01-24 20:49:12', '5a7cda8d-2a6e-441c-b68e-1fde429a20a2');



DROP TABLE IF EXISTS `craft_migrations`;


--
-- Schema for table `craft_migrations`
--
CREATE TABLE `craft_migrations` (
  `id` int(11) NOT NULL AUTO_INCREMENT,
  `pluginId` int(11) DEFAULT NULL,
  `version` varchar(255) COLLATE utf8_unicode_ci NOT NULL,
  `applyTime` datetime NOT NULL,
  `dateCreated` datetime NOT NULL,
  `dateUpdated` datetime NOT NULL,
  `uid` char(36) COLLATE utf8_unicode_ci NOT NULL DEFAULT '0',
  PRIMARY KEY (`id`),
  UNIQUE KEY `craft_migrations_version_unq_idx` (`version`),
  KEY `craft_migrations_pluginId_fk` (`pluginId`)
) ENGINE=InnoDB AUTO_INCREMENT=46 DEFAULT CHARSET=utf8 COLLATE=utf8_unicode_ci;

--
-- Data for table `craft_migrations`
--

INSERT INTO `craft_migrations` (`id`, `pluginId`, `version`, `applyTime`, `dateCreated`, `dateUpdated`, `uid`) VALUES
 ('1', NULL, 'm000000_000000_base', '2016-10-10 20:59:12', '2016-10-10 20:59:12', '2016-10-10 20:59:12', '13765fc8-b276-414e-92f6-7cd9858fddfe'),
 ('2', NULL, 'm140730_000001_add_filename_and_format_to_transformindex', '2016-10-10 20:59:12', '2016-10-10 20:59:12', '2016-10-10 20:59:12', 'b02c120a-cd9b-4e04-82ca-0742cbe2d2c7'),
 ('3', NULL, 'm140815_000001_add_format_to_transforms', '2016-10-10 20:59:12', '2016-10-10 20:59:12', '2016-10-10 20:59:12', '591e485d-babd-492f-b8b1-cf46f90d4af3'),
 ('4', NULL, 'm140822_000001_allow_more_than_128_items_per_field', '2016-10-10 20:59:12', '2016-10-10 20:59:12', '2016-10-10 20:59:12', '6e8dc42d-f1a8-4878-8f2d-e3e6f6b04bf1'),
 ('5', NULL, 'm140829_000001_single_title_formats', '2016-10-10 20:59:12', '2016-10-10 20:59:12', '2016-10-10 20:59:12', 'fed7c635-3282-42ee-b3ff-4b4251021ea1'),
 ('6', NULL, 'm140831_000001_extended_cache_keys', '2016-10-10 20:59:12', '2016-10-10 20:59:12', '2016-10-10 20:59:12', '79459758-8ff2-4db1-b88d-716b2beb4ac4'),
 ('7', NULL, 'm140922_000001_delete_orphaned_matrix_blocks', '2016-10-10 20:59:12', '2016-10-10 20:59:12', '2016-10-10 20:59:12', '02660a7b-288e-42b6-bc72-6f51bd9349c7'),
 ('8', NULL, 'm141008_000001_elements_index_tune', '2016-10-10 20:59:12', '2016-10-10 20:59:12', '2016-10-10 20:59:12', 'a9bf7f1d-49a0-434b-83ae-44f314c5fba4'),
 ('9', NULL, 'm141009_000001_assets_source_handle', '2016-10-10 20:59:12', '2016-10-10 20:59:12', '2016-10-10 20:59:12', '85ee644f-be83-4775-9248-015a08ab00a8'),
 ('10', NULL, 'm141024_000001_field_layout_tabs', '2016-10-10 20:59:12', '2016-10-10 20:59:12', '2016-10-10 20:59:12', '6acca276-faf0-4172-9bbe-0e50d3243eb2'),
 ('11', NULL, 'm141030_000000_plugin_schema_versions', '2016-10-10 20:59:12', '2016-10-10 20:59:12', '2016-10-10 20:59:12', 'b88e0df3-8138-4078-bafc-b583d985d9cc'),
 ('12', NULL, 'm141030_000001_drop_structure_move_permission', '2016-10-10 20:59:12', '2016-10-10 20:59:12', '2016-10-10 20:59:12', 'd2a14ac6-a86f-4ea4-b18c-0a1a8feffbf2'),
 ('13', NULL, 'm141103_000001_tag_titles', '2016-10-10 20:59:12', '2016-10-10 20:59:12', '2016-10-10 20:59:12', '017c43c6-3b5c-4841-a382-d47619e02e60'),
 ('14', NULL, 'm141109_000001_user_status_shuffle', '2016-10-10 20:59:12', '2016-10-10 20:59:12', '2016-10-10 20:59:12', '425b570d-93a9-4fe9-986d-c9c365f86b4c'),
 ('15', NULL, 'm141126_000001_user_week_start_day', '2016-10-10 20:59:12', '2016-10-10 20:59:12', '2016-10-10 20:59:12', '1c74d547-f1d8-4902-85f6-64b359ee3f73'),
 ('16', NULL, 'm150210_000001_adjust_user_photo_size', '2016-10-10 20:59:12', '2016-10-10 20:59:12', '2016-10-10 20:59:12', '6ecb28fa-1fea-4045-9449-ce6cb177b238'),
 ('17', NULL, 'm150724_000001_adjust_quality_settings', '2016-10-10 20:59:12', '2016-10-10 20:59:12', '2016-10-10 20:59:12', '7d177cfb-e4db-4bcf-8124-8f77a2b1f336'),
 ('18', NULL, 'm150827_000000_element_index_settings', '2016-10-10 20:59:12', '2016-10-10 20:59:12', '2016-10-10 20:59:12', '6d9efcf7-76ea-4484-8488-cfcbeedfb16b'),
 ('19', NULL, 'm150918_000001_add_colspan_to_widgets', '2016-10-10 20:59:12', '2016-10-10 20:59:12', '2016-10-10 20:59:12', 'db6b15ec-5faa-48f1-a300-fe8f3c4749c4'),
 ('20', NULL, 'm151007_000000_clear_asset_caches', '2016-10-10 20:59:12', '2016-10-10 20:59:12', '2016-10-10 20:59:12', '214be692-f79c-4c20-96a3-66a56b419536'),
 ('21', NULL, 'm151109_000000_text_url_formats', '2016-10-10 20:59:12', '2016-10-10 20:59:12', '2016-10-10 20:59:12', 'f6300cd9-3314-4b35-8e6a-57916453d480'),
 ('22', NULL, 'm151110_000000_move_logo', '2016-10-10 20:59:12', '2016-10-10 20:59:12', '2016-10-10 20:59:12', 'e316fedf-f12d-4b99-97ac-b77dadc9d13e'),
 ('23', NULL, 'm151117_000000_adjust_image_widthheight', '2016-10-10 20:59:12', '2016-10-10 20:59:12', '2016-10-10 20:59:12', 'e561faef-536c-4692-922d-e34cb30e30c3'),
 ('24', NULL, 'm151127_000000_clear_license_key_status', '2016-10-10 20:59:12', '2016-10-10 20:59:12', '2016-10-10 20:59:12', 'f62fe69c-e0e9-4abd-b6bb-4aace6e10534'),
 ('25', NULL, 'm151127_000000_plugin_license_keys', '2016-10-10 20:59:12', '2016-10-10 20:59:12', '2016-10-10 20:59:12', '7d0182c6-3e99-45d8-8789-8188febdbdd9'),
 ('26', NULL, 'm151130_000000_update_pt_widget_feeds', '2016-10-10 20:59:12', '2016-10-10 20:59:12', '2016-10-10 20:59:12', 'df20204f-e388-41db-a7e1-996d88500b27'),
 ('27', NULL, 'm160114_000000_asset_sources_public_url_default_true', '2016-10-10 20:59:12', '2016-10-10 20:59:12', '2016-10-10 20:59:12', '306a939e-b1d0-4ed8-b3aa-ab557333b7be'),
 ('28', NULL, 'm160223_000000_sortorder_to_smallint', '2016-10-10 20:59:12', '2016-10-10 20:59:12', '2016-10-10 20:59:12', 'ba9f71c8-d127-4088-aaea-5ddda5ec8eaf'),
 ('29', NULL, 'm160229_000000_set_default_entry_statuses', '2016-10-10 20:59:12', '2016-10-10 20:59:12', '2016-10-10 20:59:12', 'ad98ae6f-8faf-4fba-be1b-8b9e3b9da015'),
 ('30', NULL, 'm160304_000000_client_permissions', '2016-10-10 20:59:12', '2016-10-10 20:59:12', '2016-10-10 20:59:12', '87a0828a-e445-450c-881f-61efa0963891'),
 ('31', NULL, 'm160322_000000_asset_filesize', '2016-10-10 20:59:12', '2016-10-10 20:59:12', '2016-10-10 20:59:12', '0c5fce02-c7a4-4fd2-af02-a0634424c7d3'),
 ('32', NULL, 'm160503_000000_orphaned_fieldlayouts', '2016-10-10 20:59:12', '2016-10-10 20:59:12', '2016-10-10 20:59:12', 'fc8bb2fe-457f-4adc-8339-802f9191361b'),
 ('33', NULL, 'm160510_000000_tasksettings', '2016-10-10 20:59:12', '2016-10-10 20:59:12', '2016-10-10 20:59:12', 'b5024bef-7214-43fd-9292-cc94ca21f81f'),
 ('34', NULL, 'm160829_000000_pending_user_content_cleanup', '2016-10-10 20:59:12', '2016-10-10 20:59:12', '2016-10-10 20:59:12', '6cf75b4f-0210-4ec6-b8f5-ac394ce9fb02'),
 ('35', NULL, 'm160830_000000_asset_index_uri_increase', '2016-10-10 20:59:12', '2016-10-10 20:59:12', '2016-10-10 20:59:12', '6c629f5b-d2bc-4225-a716-5924579a103b'),
 ('36', NULL, 'm160919_000000_usergroup_handle_title_unique', '2016-10-10 20:59:12', '2016-10-10 20:59:12', '2016-10-10 20:59:12', '9f80c981-76aa-4ff1-bf82-b121e725b46f'),
 ('37', '1', 'm140430_122214_import_ImportHistory', '2016-12-12 18:11:41', '2016-12-12 18:11:41', '2016-12-12 18:11:41', 'b8f000dd-b8fa-41df-91c6-309b608178eb'),
 ('38', '1', 'm140616_080724_import_saveEntryIdAndVersion', '2016-12-12 18:11:41', '2016-12-12 18:11:41', '2016-12-12 18:11:41', '318332ae-59a9-4d84-b993-93708a5222ea'),
 ('39', '1', 'm140903_075432_import_ImportElements', '2016-12-12 18:11:41', '2016-12-12 18:11:41', '2016-12-12 18:11:41', '6d594032-5a98-420b-ab2c-6042a2a2bd62'),
 ('40', NULL, 'm161108_000000_new_version_format', '2016-12-12 20:27:04', '2016-12-12 20:27:04', '2016-12-12 20:27:04', 'fef75201-d7c4-42cc-bd17-9948a669f3b4'),
 ('41', NULL, 'm161109_000000_index_shuffle', '2016-12-12 20:27:04', '2016-12-12 20:27:04', '2016-12-12 20:27:04', '1c844454-c81a-4b33-ae61-a4b032063bd4'),
 ('42', '3', 'm150212_145000_AmNav_renamePagesToNodes', '2017-01-11 16:03:32', '2017-01-11 16:03:32', '2017-01-11 16:03:32', 'd52febdf-addf-4d0b-a7ab-e31956626e82'),
 ('43', '3', 'm150217_112800_AmNav_expandPageData', '2017-01-11 16:03:32', '2017-01-11 16:03:32', '2017-01-11 16:03:32', '3eed48a1-cb97-40a6-926e-45375022ace2'),
 ('44', '3', 'm150403_093000_AmNav_nodesWithElements', '2017-01-11 16:03:32', '2017-01-11 16:03:32', '2017-01-11 16:03:32', 'a6af2a4b-7edf-47a6-9b50-41b7b3a44577'),
 ('45', '3', 'm150512_105600_AmNav_addOptionalClass', '2017-01-11 16:03:32', '2017-01-11 16:03:32', '2017-01-11 16:03:32', 'd745004c-354f-4462-a6e7-1227d6c08603');



DROP TABLE IF EXISTS `craft_plugins`;


--
-- Schema for table `craft_plugins`
--
CREATE TABLE `craft_plugins` (
  `id` int(11) NOT NULL AUTO_INCREMENT,
  `class` varchar(150) COLLATE utf8_unicode_ci NOT NULL,
  `version` varchar(15) COLLATE utf8_unicode_ci NOT NULL,
  `schemaVersion` varchar(15) COLLATE utf8_unicode_ci DEFAULT NULL,
  `licenseKey` char(24) COLLATE utf8_unicode_ci DEFAULT NULL,
  `licenseKeyStatus` enum('valid','invalid','mismatched','unknown') COLLATE utf8_unicode_ci NOT NULL DEFAULT 'unknown',
  `enabled` tinyint(1) unsigned NOT NULL DEFAULT '0',
  `settings` text COLLATE utf8_unicode_ci,
  `installDate` datetime NOT NULL,
  `dateCreated` datetime NOT NULL,
  `dateUpdated` datetime NOT NULL,
  `uid` char(36) COLLATE utf8_unicode_ci NOT NULL DEFAULT '0',
  PRIMARY KEY (`id`)
) ENGINE=InnoDB AUTO_INCREMENT=5 DEFAULT CHARSET=utf8 COLLATE=utf8_unicode_ci;

--
-- Data for table `craft_plugins`
--

INSERT INTO `craft_plugins` (`id`, `class`, `version`, `schemaVersion`, `licenseKey`, `licenseKeyStatus`, `enabled`, `settings`, `installDate`, `dateCreated`, `dateUpdated`, `uid`) VALUES
 ('1', 'Import', '0.8.33', NULL, NULL, 'unknown', '1', NULL, '2016-12-12 18:11:41', '2016-12-12 18:11:41', '2017-02-02 17:59:46', '355bd228-64b4-4ebc-890d-7f5fd11c5686'),
 ('2', 'AssetRev', '4.0.1', NULL, NULL, 'unknown', '1', NULL, '2016-12-12 18:11:43', '2016-12-12 18:11:43', '2017-02-02 17:59:46', '8748769e-7387-4e96-814e-c512968cfd5c'),
 ('3', 'AmNav', '1.7.4', '1.7.4', NULL, 'unknown', '1', '{\"pluginName\":\"Site Navigation\",\"canDoActions\":\"1\",\"quietErrors\":\"\"}', '2017-01-11 16:03:32', '2017-01-11 16:03:32', '2017-02-02 17:59:46', 'd001d86f-a22b-4393-bec2-d15d28853485'),
 ('4', 'Imager', '1.3.0', '1.0.0', NULL, 'unknown', '1', NULL, '2017-01-31 16:18:13', '2017-01-31 16:18:13', '2017-02-02 17:59:46', 'fd599b84-10cd-4a9b-a27c-8be9115ddb5b');



DROP TABLE IF EXISTS `craft_rackspaceaccess`;


--
-- Schema for table `craft_rackspaceaccess`
--
CREATE TABLE `craft_rackspaceaccess` (
  `id` int(11) NOT NULL AUTO_INCREMENT,
  `connectionKey` varchar(255) COLLATE utf8_unicode_ci NOT NULL,
  `token` varchar(255) COLLATE utf8_unicode_ci NOT NULL,
  `storageUrl` varchar(255) COLLATE utf8_unicode_ci NOT NULL,
  `cdnUrl` varchar(255) COLLATE utf8_unicode_ci NOT NULL,
  `dateCreated` datetime NOT NULL,
  `dateUpdated` datetime NOT NULL,
  `uid` char(36) COLLATE utf8_unicode_ci NOT NULL DEFAULT '0',
  PRIMARY KEY (`id`),
  UNIQUE KEY `craft_rackspaceaccess_connectionKey_unq_idx` (`connectionKey`)
) ENGINE=InnoDB DEFAULT CHARSET=utf8 COLLATE=utf8_unicode_ci;

DROP TABLE IF EXISTS `craft_relations`;


--
-- Schema for table `craft_relations`
--
CREATE TABLE `craft_relations` (
  `id` int(11) NOT NULL AUTO_INCREMENT,
  `fieldId` int(11) NOT NULL,
  `sourceId` int(11) NOT NULL,
  `sourceLocale` char(12) COLLATE utf8_unicode_ci DEFAULT NULL,
  `targetId` int(11) NOT NULL,
  `sortOrder` smallint(6) DEFAULT NULL,
  `dateCreated` datetime NOT NULL,
  `dateUpdated` datetime NOT NULL,
  `uid` char(36) COLLATE utf8_unicode_ci NOT NULL DEFAULT '0',
  PRIMARY KEY (`id`),
  UNIQUE KEY `craft_relations_fieldId_sourceId_sourceLocale_targetId_unq_idx` (`fieldId`,`sourceId`,`sourceLocale`,`targetId`),
  KEY `craft_relations_sourceId_fk` (`sourceId`),
  KEY `craft_relations_sourceLocale_fk` (`sourceLocale`),
  KEY `craft_relations_targetId_fk` (`targetId`)
) ENGINE=InnoDB AUTO_INCREMENT=174 DEFAULT CHARSET=utf8 COLLATE=utf8_unicode_ci;

--
-- Data for table `craft_relations`
--

INSERT INTO `craft_relations` (`id`, `fieldId`, `sourceId`, `sourceLocale`, `targetId`, `sortOrder`, `dateCreated`, `dateUpdated`, `uid`) VALUES
 ('65', '61', '2891', NULL, '2889', '1', '2017-01-17 23:12:01', '2017-01-17 23:12:01', 'f8b8a4fc-c06e-443e-be5e-5c7987148337'),
 ('71', '61', '2896', NULL, '2894', '1', '2017-01-17 23:35:21', '2017-01-17 23:35:21', 'c8f235e6-3248-4c99-9164-69fccf321cd3'),
 ('76', '61', '2903', NULL, '2898', '1', '2017-01-18 15:30:09', '2017-01-18 15:30:09', '97e68e4f-6b18-4571-8790-ad69057401c3'),
 ('83', '61', '2899', NULL, '2888', '1', '2017-01-20 15:28:57', '2017-01-20 15:28:57', 'b5ad4194-24e0-4b3e-99b4-0e829a76a738'),
 ('84', '61', '2901', NULL, '2898', '1', '2017-01-20 15:28:57', '2017-01-20 15:28:57', 'c3adb3fd-d966-4f5b-b57a-1bbafdf054cd'),
 ('87', '61', '2906', NULL, '2904', '1', '2017-01-20 16:29:46', '2017-01-20 16:29:46', '7f103cb4-8f1f-4ea3-a679-ac5dedfdf3bc'),
 ('88', '61', '2907', NULL, '2887', '1', '2017-01-20 16:29:46', '2017-01-20 16:29:46', 'beb426d1-dc18-45c3-b5a1-fe88b9142f74'),
 ('89', '61', '2908', NULL, '2889', '1', '2017-01-20 16:29:46', '2017-01-20 16:29:46', '8b436c24-6f72-497a-81d6-995d2a474811'),
 ('90', '61', '2886', NULL, '2888', '1', '2017-01-23 23:06:07', '2017-01-23 23:06:07', 'eb78cf89-cdd0-488e-894a-8db458747bdf'),
 ('91', '61', '2909', NULL, '2898', '1', '2017-01-23 23:06:07', '2017-01-23 23:06:07', 'ef04ddd1-4b2c-437c-9fac-44afa0abe2b8'),
 ('94', '61', '2912', NULL, '2910', '1', '2017-01-24 18:04:49', '2017-01-24 18:04:49', 'e15c00d2-e72d-4512-ba46-3a7dfe82bfaa'),
 ('95', '61', '2913', NULL, '2904', '1', '2017-01-24 18:04:49', '2017-01-24 18:04:49', 'f73ffa41-6355-42d3-abd4-10580d2a03cd'),
 ('126', '61', '2881', NULL, '2887', '1', '2017-01-24 19:56:24', '2017-01-24 19:56:24', '08b3d7a0-1b7c-48fd-ab58-11d45325a172'),
 ('128', '54', '2914', 'en_us', '2893', '1', '2017-01-24 20:07:16', '2017-01-24 20:09:04', '94dbf7e9-09b9-40a7-aa21-4b7f06e13c12'),
 ('130', '54', '2915', 'en_us', '2880', '1', '2017-01-24 20:07:16', '2017-01-24 20:09:04', 'ace8558d-9c64-4631-854a-63f5b4006349'),
 ('132', '54', '2868', 'es_us', '2893', '1', '2017-01-24 20:09:04', '2017-01-24 20:09:04', 'beedb962-b873-41b0-bab9-094be9496f93'),
 ('133', '54', '2869', 'es_us', '2892', '1', '2017-01-24 20:09:04', '2017-01-24 20:09:04', 'cdce4c5b-e8a5-4c81-acd7-7164d9168837'),
 ('151', '54', '2914', 'es_us', '2893', '1', '2017-01-24 20:49:12', '2017-01-24 20:49:12', '143232e2-796a-4b47-955e-9b15fc41ebb5'),
 ('152', '55', '2914', NULL, '2866', '1', '2017-01-24 20:49:12', '2017-01-24 20:49:12', 'b3f1c0b8-31eb-4736-89dd-bebd955d665b'),
 ('153', '54', '2915', 'es_us', '2892', '1', '2017-01-24 20:49:13', '2017-01-24 20:49:13', '8be15454-d3c6-4206-b398-a5fabb8f8681'),
 ('154', '55', '2915', NULL, '2867', '1', '2017-01-24 20:49:13', '2017-01-24 20:49:13', 'a980c119-d14c-4f17-91be-e6f715f43bd6'),
 ('155', '50', '2', NULL, '2871', '1', '2017-01-26 16:52:05', '2017-01-26 16:52:05', 'f64a71ec-5abc-4f6b-8119-0ee87d4a22e7'),
 ('156', '54', '2868', 'en_us', '2893', '1', '2017-01-26 16:52:05', '2017-01-26 16:52:05', 'd1456e87-db69-495e-b4e0-8a65d24e51d7'),
 ('157', '55', '2868', NULL, '2866', '1', '2017-01-26 16:52:05', '2017-01-26 16:52:05', '61dea9b8-86a9-4731-ab32-4f59ea54f9b3'),
 ('158', '54', '2869', 'en_us', '2892', '1', '2017-01-26 16:52:05', '2017-01-26 16:52:05', '8da5ed16-d7b0-4dcb-b1f0-30f34c6071bf'),
 ('159', '55', '2869', NULL, '2867', '1', '2017-01-26 16:52:05', '2017-01-26 16:52:05', 'b72f37a9-28a3-4ac7-b421-d862cd10a78c'),
 ('167', '45', '2929', NULL, '2925', '1', '2017-01-26 23:47:39', '2017-01-26 23:47:39', '86d15a0d-d971-40d4-9f55-327830c5aed0'),
 ('168', '45', '2931', NULL, '2930', '1', '2017-01-26 23:47:39', '2017-01-26 23:47:39', '2c4397ea-1047-448d-ba57-b7249f952503'),
 ('169', '45', '2937', NULL, '2933', '1', '2017-01-26 23:47:39', '2017-01-26 23:47:39', '5de1d261-5a79-4392-bfdc-69844f8e1326'),
 ('170', '45', '2938', NULL, '2934', '1', '2017-01-26 23:47:39', '2017-01-26 23:47:39', 'a30b9f2a-75ba-498c-b6bb-69335ac6a288'),
 ('171', '45', '2939', NULL, '2935', '1', '2017-01-26 23:47:39', '2017-01-26 23:47:39', '86db4154-b0ec-4b9e-be76-28ab42ff35e2'),
 ('172', '45', '2940', NULL, '2936', '1', '2017-01-26 23:47:39', '2017-01-26 23:47:39', '39160b00-51ab-400f-addc-6616d1e09484'),
 ('173', '41', '2846', NULL, '2941', '1', '2017-01-30 22:23:15', '2017-01-30 22:23:15', '6475c471-a2d0-4803-bad0-2395fb3fda58');



DROP TABLE IF EXISTS `craft_routes`;


--
-- Schema for table `craft_routes`
--
CREATE TABLE `craft_routes` (
  `id` int(11) NOT NULL AUTO_INCREMENT,
  `locale` char(12) COLLATE utf8_unicode_ci DEFAULT NULL,
  `urlParts` varchar(255) COLLATE utf8_unicode_ci NOT NULL,
  `urlPattern` varchar(255) COLLATE utf8_unicode_ci NOT NULL,
  `template` varchar(255) COLLATE utf8_unicode_ci NOT NULL,
  `sortOrder` smallint(6) unsigned DEFAULT NULL,
  `dateCreated` datetime NOT NULL,
  `dateUpdated` datetime NOT NULL,
  `uid` char(36) COLLATE utf8_unicode_ci NOT NULL DEFAULT '0',
  PRIMARY KEY (`id`),
  UNIQUE KEY `craft_routes_urlPattern_unq_idx` (`urlPattern`),
  KEY `craft_routes_locale_idx` (`locale`)
) ENGINE=InnoDB DEFAULT CHARSET=utf8 COLLATE=utf8_unicode_ci;

DROP TABLE IF EXISTS `craft_searchindex`;


--
-- Schema for table `craft_searchindex`
--
CREATE TABLE `craft_searchindex` (
  `elementId` int(11) NOT NULL,
  `attribute` varchar(25) COLLATE utf8_unicode_ci NOT NULL,
  `fieldId` int(11) NOT NULL,
  `locale` char(12) COLLATE utf8_unicode_ci NOT NULL,
  `keywords` text COLLATE utf8_unicode_ci NOT NULL,
  PRIMARY KEY (`elementId`,`attribute`,`fieldId`,`locale`),
  FULLTEXT KEY `craft_searchindex_keywords_idx` (`keywords`)
) ENGINE=MyISAM DEFAULT CHARSET=utf8 COLLATE=utf8_unicode_ci;

--
-- Data for table `craft_searchindex`
--

INSERT INTO `craft_searchindex` (`elementId`, `attribute`, `fieldId`, `locale`, `keywords`) VALUES
 ('1', 'username', '0', 'en_us', ' fbdev '),
 ('1', 'firstname', '0', 'en_us', ''),
 ('1', 'lastname', '0', 'en_us', ''),
 ('1', 'fullname', '0', 'en_us', ''),
 ('1', 'email', '0', 'en_us', ' nate firebellydesign com '),
 ('1', 'slug', '0', 'en_us', ''),
 ('2', 'slug', '0', 'en_us', ' homepage '),
 ('2', 'title', '0', 'en_us', ' homepage '),
 ('2', 'field', '1', 'en_us', ' currently unused just redirects to work '),
 ('2891', 'field', '62', 'en_us', ' an investment in your employees future is an investment in your business and community ednavigator offers employers an innovative way to boost employee morale reduce turnover and cut costs while improving educational outcomes for students and helping families schools and communities thrive '),
 ('2862', 'field', '37', 'es_us', ' the residence inn new orleans downtwon '),
 ('2862', 'field', '38', 'es_us', ''),
 ('2862', 'field', '40', 'es_us', ''),
 ('2862', 'field', '41', 'es_us', ''),
 ('2863', 'field', '37', 'es_us', ' the new orleans marriott at the convention center '),
 ('2863', 'field', '38', 'es_us', ''),
 ('2863', 'field', '40', 'es_us', ''),
 ('2863', 'field', '41', 'es_us', ''),
 ('2891', 'field', '65', 'en_us', ' invest in your greatest asset your people '),
 ('4', 'slug', '0', 'en_us', ''),
 ('4', 'field', '6', 'en_us', ''),
 ('4', 'field', '7', 'en_us', ''),
 ('19', 'name', '0', 'en_us', ' brand strategy '),
 ('19', 'slug', '0', 'en_us', ' brand strategy '),
 ('19', 'title', '0', 'en_us', ' brand strategy '),
 ('20', 'name', '0', 'en_us', ' digital experience '),
 ('20', 'slug', '0', 'en_us', ' digital experience '),
 ('20', 'title', '0', 'en_us', ' digital experience '),
 ('2836', 'title', '0', 'en_us', ' in the news '),
 ('2836', 'slug', '0', 'en_us', ' in the news '),
 ('2834', 'slug', '0', 'en_us', ' parent teacher conferences '),
 ('2834', 'title', '0', 'en_us', ' parent teacher conferences '),
 ('2835', 'slug', '0', 'en_us', ' report cards '),
 ('2835', 'title', '0', 'en_us', ' report cards '),
 ('2837', 'slug', '0', 'en_us', ' what were learning '),
 ('2837', 'title', '0', 'en_us', ' what we re learning '),
 ('2838', 'slug', '0', 'en_us', ' insight '),
 ('2838', 'title', '0', 'en_us', ' insight '),
 ('2841', 'slug', '0', 'en_us', ' navigators '),
 ('2841', 'title', '0', 'en_us', ' who we are '),
 ('2842', 'field', '44', 'en_us', ''),
 ('2842', 'field', '7', 'en_us', ''),
 ('2842', 'field', '6', 'en_us', ''),
 ('2842', 'slug', '0', 'en_us', ' navigators '),
 ('2842', 'title', '0', 'en_us', ' who we are '),
 ('2843', 'field', '44', 'en_us', ''),
 ('2843', 'field', '7', 'en_us', ''),
 ('2843', 'field', '6', 'en_us', ''),
 ('2843', 'slug', '0', 'en_us', ' navigators '),
 ('2843', 'title', '0', 'en_us', ' navigators '),
 ('2843', 'field', '36', 'en_us', ''),
 ('2843', 'field', '2', 'en_us', ''),
 ('2861', 'field', '38', 'es_us', ''),
 ('2861', 'field', '40', 'es_us', ''),
 ('2861', 'field', '41', 'es_us', ''),
 ('2860', 'field', '40', 'es_us', ''),
 ('2860', 'field', '41', 'es_us', ''),
 ('2861', 'field', '37', 'es_us', ' the ritz carlton new orleans '),
 ('2850', 'field', '81', 'en_us', ' board of directors '),
 ('2851', 'field', '37', 'es_us', ' kriste dragon '),
 ('2851', 'field', '38', 'es_us', ' co founder and chief executive officer citizens of the world charter schools '),
 ('2851', 'field', '40', 'es_us', ''),
 ('2851', 'field', '41', 'es_us', ''),
 ('2852', 'field', '37', 'es_us', ' kaya henderson '),
 ('2852', 'field', '38', 'es_us', ' former chancellor dc public schools '),
 ('2852', 'field', '40', 'es_us', ''),
 ('2852', 'field', '41', 'es_us', ''),
 ('2853', 'field', '37', 'es_us', ' ryan smith '),
 ('2853', 'field', '38', 'es_us', ' executive director education trust west '),
 ('2853', 'field', '40', 'es_us', ''),
 ('2853', 'field', '41', 'es_us', ''),
 ('2854', 'field', '37', 'es_us', ' chris stewart '),
 ('2854', 'field', '38', 'es_us', ' director of outreach and external affairs education post '),
 ('2854', 'field', '40', 'es_us', ''),
 ('2850', 'field', '48', 'en_us', ' our board of directors broadens our perspective while helping us keep our eyes on the ball '),
 ('2854', 'field', '41', 'es_us', ''),
 ('2856', 'field', '48', 'en_us', ' we re proud to partner with leading businesses to help hard working people give their children a great education and achieve their own educational goals '),
 ('2856', 'field', '81', 'en_us', ' our partners '),
 ('2857', 'field', '37', 'es_us', ' international house hotel '),
 ('2857', 'field', '38', 'es_us', ' anchor partner '),
 ('2857', 'field', '40', 'es_us', ' international house hotel is a luxury boutique hotel located in downtown new orleans with 117 rooms ednavigator support is available to any eligible employee who is interested   '),
 ('2857', 'field', '41', 'es_us', ''),
 ('2858', 'field', '37', 'es_us', ' the new orleans marriott '),
 ('2858', 'field', '38', 'es_us', ''),
 ('2858', 'field', '40', 'es_us', ' located on canal street the new orleans marriott is the city s second largest hotel with 1 330 rooms '),
 ('2858', 'field', '41', 'es_us', ''),
 ('2859', 'field', '37', 'es_us', ' the hyatt regency new orleans '),
 ('2859', 'field', '38', 'es_us', ''),
 ('2859', 'field', '40', 'es_us', ''),
 ('2859', 'field', '41', 'es_us', ''),
 ('2860', 'field', '37', 'es_us', ' the jw marriott new orleans '),
 ('2860', 'field', '38', 'es_us', ''),
 ('2856', 'field', '36', 'en_us', ' international house hotel is a luxury boutique hotel located in downtown new orleans with 117 rooms ednavigator support is available to any eligible employee who is interested   international house hotel anchor partner located on canal street the new orleans marriott is the city s second largest hotel with 1 330 rooms the new orleans marriott the hyatt regency new orleans the jw marriott new orleans the ritz carlton new orleans the residence inn new orleans downtwon the new orleans marriott at the convention center '),
 ('2855', 'title', '0', 'en_us', ' our partners '),
 ('2855', 'slug', '0', 'en_us', ' our partners '),
 ('2855', 'field', '6', 'en_us', ''),
 ('2855', 'field', '7', 'en_us', ''),
 ('2855', 'field', '2', 'en_us', ''),
 ('2854', 'field', '41', 'en_us', ''),
 ('2854', 'slug', '0', 'en_us', '');
INSERT INTO `craft_searchindex` (`elementId`, `attribute`, `fieldId`, `locale`, `keywords`) VALUES
 ('2855', 'field', '36', 'en_us', ' international house hotel is a luxury boutique hotel located in downtown new orleans with 117 rooms ednavigator support is available to any eligible employee who is interested   international house hotel anchor partner located on canal street the new orleans marriott is the city s second largest hotel with 1 330 rooms the new orleans marriott the hyatt regency new orleans the jw marriott new orleans the ritz carlton new orleans the residence inn new orleans downtwon the new orleans marriott at the convention center '),
 ('2831', 'slug', '0', 'en_us', ' how we help '),
 ('2831', 'title', '0', 'en_us', ' how we help '),
 ('2830', 'title', '0', 'en_us', ' who we are '),
 ('2830', 'slug', '0', 'en_us', ' who we are '),
 ('2941', 'title', '0', 'es_us', ' navigator timothy daly '),
 ('2941', 'slug', '0', 'es_us', ' navigator timothy daly '),
 ('2941', 'kind', '0', 'es_us', ' image '),
 ('2941', 'extension', '0', 'es_us', ' jpg '),
 ('2941', 'filename', '0', 'es_us', ' navigator timothy daly jpg '),
 ('2941', 'slug', '0', 'en_us', ' navigator timothy daly '),
 ('2941', 'title', '0', 'en_us', ' navigator timothy daly '),
 ('2941', 'kind', '0', 'en_us', ' image '),
 ('2941', 'extension', '0', 'en_us', ' jpg '),
 ('2941', 'filename', '0', 'en_us', ' navigator timothy daly jpg '),
 ('2845', 'field', '81', 'en_us', ' our leadership team '),
 ('2849', 'field', '41', 'es_us', ''),
 ('2849', 'field', '40', 'es_us', ''),
 ('2849', 'field', '38', 'es_us', ' founding partner '),
 ('2849', 'field', '37', 'es_us', ' ariela rozman '),
 ('2848', 'field', '41', 'es_us', ''),
 ('2848', 'field', '40', 'es_us', ''),
 ('2848', 'field', '38', 'es_us', ' founding partner '),
 ('2848', 'field', '37', 'es_us', ' david keeling '),
 ('2847', 'field', '41', 'es_us', ''),
 ('2847', 'field', '40', 'es_us', ''),
 ('2847', 'field', '38', 'es_us', ' navigator in chief '),
 ('2847', 'field', '37', 'es_us', ' whitney henderson '),
 ('2846', 'field', '41', 'es_us', ''),
 ('2846', 'field', '40', 'es_us', ''),
 ('2846', 'field', '38', 'es_us', ' founding partner '),
 ('2846', 'field', '37', 'es_us', ' timothy daly '),
 ('2845', 'field', '48', 'en_us', ' our leadership team has nearly 60 years of combined experience in education at all levels from leading classrooms to shaping federal policy '),
 ('2940', 'slug', '0', 'es_us', ''),
 ('2940', 'field', '47', 'es_us', ' we champion the right of all families to an excellent education especially those who have faced disadvantages in the past '),
 ('2940', 'field', '46', 'es_us', ' we level the playing field '),
 ('2940', 'field', '45', 'es_us', ' icon principle 6 '),
 ('2940', 'slug', '0', 'en_us', ''),
 ('2940', 'field', '47', 'en_us', ' we champion the right of all families to an excellent education especially those who have faced disadvantages in the past '),
 ('2940', 'field', '46', 'en_us', ' we level the playing field '),
 ('2940', 'field', '45', 'en_us', ' icon principle 6 '),
 ('2939', 'slug', '0', 'es_us', ''),
 ('2939', 'field', '47', 'es_us', ' we maintain best in class privacy controls to protect you we never share information about you or your children without your consent '),
 ('2939', 'field', '46', 'es_us', ' we protect your privacy '),
 ('2939', 'field', '45', 'es_us', ' icon principle 5 '),
 ('2939', 'slug', '0', 'en_us', ''),
 ('2939', 'field', '47', 'en_us', ' we maintain best in class privacy controls to protect you we never share information about you or your children without your consent '),
 ('2939', 'field', '46', 'en_us', ' we protect your privacy '),
 ('2939', 'field', '45', 'en_us', ' icon principle 5 '),
 ('2938', 'slug', '0', 'es_us', ''),
 ('2938', 'field', '47', 'es_us', ' we don t let systems processes paperwork or unwritten rules get in the way of doing right by a family or student we find a way to make it happen '),
 ('2938', 'field', '46', 'es_us', ' we find a way '),
 ('2938', 'field', '45', 'es_us', ' icon principle 4 '),
 ('2938', 'slug', '0', 'en_us', ''),
 ('2938', 'field', '47', 'en_us', ' we don t let systems processes paperwork or unwritten rules get in the way of doing right by a family or student we find a way to make it happen '),
 ('2938', 'field', '46', 'en_us', ' we find a way '),
 ('2938', 'field', '45', 'en_us', ' icon principle 4 '),
 ('2937', 'slug', '0', 'es_us', ''),
 ('2937', 'field', '47', 'es_us', ' we share your sense of urgency we respond quickly take your concerns seriously and always treat you with dignity and respect your problems are our problems '),
 ('2937', 'field', '46', 'es_us', ' we treat you like family '),
 ('2937', 'field', '45', 'es_us', ' icon principle 3 '),
 ('2937', 'slug', '0', 'en_us', ''),
 ('2937', 'field', '47', 'en_us', ' we share your sense of urgency we respond quickly take your concerns seriously and always treat you with dignity and respect your problems are our problems '),
 ('2937', 'field', '46', 'en_us', ' we treat you like family '),
 ('2937', 'field', '45', 'en_us', ' icon principle 3 '),
 ('2936', 'title', '0', 'es_us', ' icon principle 6 '),
 ('2936', 'slug', '0', 'es_us', ' icon principle 6 '),
 ('2936', 'kind', '0', 'es_us', ' image '),
 ('2936', 'extension', '0', 'es_us', ' svg '),
 ('2936', 'filename', '0', 'es_us', ' icon principle 6 svg '),
 ('2936', 'title', '0', 'en_us', ' icon principle 6 '),
 ('2936', 'slug', '0', 'en_us', ' icon principle 6 '),
 ('2936', 'kind', '0', 'en_us', ' image '),
 ('2936', 'extension', '0', 'en_us', ' svg '),
 ('2936', 'filename', '0', 'en_us', ' icon principle 6 svg '),
 ('2935', 'title', '0', 'es_us', ' icon principle 5 '),
 ('2935', 'slug', '0', 'es_us', ' icon principle 5 '),
 ('2935', 'kind', '0', 'es_us', ' image '),
 ('2935', 'extension', '0', 'es_us', ' svg '),
 ('2935', 'filename', '0', 'es_us', ' icon principle 5 svg '),
 ('2935', 'title', '0', 'en_us', ' icon principle 5 '),
 ('2935', 'slug', '0', 'en_us', ' icon principle 5 '),
 ('2935', 'kind', '0', 'en_us', ' image '),
 ('2935', 'extension', '0', 'en_us', ' svg '),
 ('2935', 'filename', '0', 'en_us', ' icon principle 5 svg '),
 ('2934', 'title', '0', 'es_us', ' icon principle 4 '),
 ('2934', 'slug', '0', 'es_us', ' icon principle 4 '),
 ('2934', 'kind', '0', 'es_us', ' image '),
 ('2934', 'extension', '0', 'es_us', ' svg '),
 ('2934', 'filename', '0', 'es_us', ' icon principle 4 svg '),
 ('2934', 'title', '0', 'en_us', ' icon principle 4 '),
 ('2934', 'slug', '0', 'en_us', ' icon principle 4 '),
 ('2934', 'kind', '0', 'en_us', ' image '),
 ('2934', 'extension', '0', 'en_us', ' svg '),
 ('2934', 'filename', '0', 'en_us', ' icon principle 4 svg '),
 ('2933', 'title', '0', 'es_us', ' icon principle 3 '),
 ('2933', 'slug', '0', 'es_us', ' icon principle 3 '),
 ('2933', 'kind', '0', 'es_us', ' image '),
 ('2933', 'extension', '0', 'es_us', ' svg '),
 ('2933', 'filename', '0', 'es_us', ' icon principle 3 svg ');
INSERT INTO `craft_searchindex` (`elementId`, `attribute`, `fieldId`, `locale`, `keywords`) VALUES
 ('2933', 'filename', '0', 'en_us', ' icon principle 3 svg '),
 ('2933', 'extension', '0', 'en_us', ' svg '),
 ('2933', 'kind', '0', 'en_us', ' image '),
 ('2933', 'slug', '0', 'en_us', ' icon principle 3 '),
 ('2933', 'title', '0', 'en_us', ' icon principle 3 '),
 ('2931', 'slug', '0', 'es_us', ''),
 ('2931', 'field', '47', 'es_us', ' we provide guidance and honest advice but you set the course we never act without your permission or make choices for you our job is to help you get what you want '),
 ('2931', 'field', '46', 'es_us', ' we put you in charge '),
 ('2931', 'field', '45', 'es_us', ' icon principle 2 '),
 ('2931', 'slug', '0', 'en_us', ''),
 ('2931', 'field', '47', 'en_us', ' we provide guidance and honest advice but you set the course we never act without your permission or make choices for you our job is to help you get what you want '),
 ('2931', 'field', '46', 'en_us', ' we put you in charge '),
 ('2931', 'field', '45', 'en_us', ' icon principle 2 '),
 ('2930', 'title', '0', 'es_us', ' icon principle 2 '),
 ('2930', 'slug', '0', 'es_us', ' icon principle 2 '),
 ('2930', 'kind', '0', 'es_us', ' image '),
 ('2930', 'extension', '0', 'es_us', ' svg '),
 ('2930', 'filename', '0', 'es_us', ' icon principle 2 svg '),
 ('2930', 'title', '0', 'en_us', ' icon principle 2 '),
 ('2930', 'slug', '0', 'en_us', ' icon principle 2 '),
 ('2930', 'kind', '0', 'en_us', ' image '),
 ('2930', 'extension', '0', 'en_us', ' svg '),
 ('2930', 'filename', '0', 'en_us', ' icon principle 2 svg '),
 ('2929', 'slug', '0', 'es_us', ''),
 ('2929', 'field', '47', 'es_us', ' we always put the needs of families and students first we represent no one s interests but yours ever '),
 ('2929', 'field', '45', 'en_us', ' icon principle 1 '),
 ('2929', 'field', '46', 'en_us', ' you always come first '),
 ('2929', 'field', '47', 'en_us', ' we always put the needs of families and students first we represent no one s interests but yours ever '),
 ('2929', 'slug', '0', 'en_us', ''),
 ('2929', 'field', '45', 'es_us', ' icon principle 1 '),
 ('2929', 'field', '46', 'es_us', ' you always come first '),
 ('2927', 'slug', '0', 'en_us', ''),
 ('2927', 'field', '80', 'en_us', ' we founded ednavigator because we believe that education is the path to a better life but navigating schools and education systems isn t easy the stakes are high and there are so many questions deadlines and decisions along the way that s why we re here so you don t have to do it all alone '),
 ('2927', 'field', '79', 'en_us', ' our mission '),
 ('2926', 'slug', '0', 'en_us', ''),
 ('2926', 'field', '80', 'en_us', ' we re teachers we re principals we re counselors and coaches we re policy experts and data analysts and community anchors most of all we re moms and dads who know how hard it can be to figure out schools and keep kids on track no matter who you are or where you live   '),
 ('2926', 'field', '79', 'en_us', ' who are we '),
 ('2830', 'field', '77', 'en_us', ''),
 ('2830', 'field', '78', 'en_us', ' we re teachers we re principals we re counselors and coaches we re policy experts and data analysts and community anchors most of all we re moms and dads who know how hard it can be to figure out schools and keep kids on track no matter who you are or where you live   who are we we founded ednavigator because we believe that education is the path to a better life but navigating schools and education systems isn t easy the stakes are high and there are so many questions deadlines and decisions along the way that s why we re here so you don t have to do it all alone our mission '),
 ('2830', 'field', '48', 'en_us', ' we re a nonprofit organization working to help busy families and students achieve their educational dreams '),
 ('2925', 'title', '0', 'es_us', ' icon principle 1 '),
 ('2925', 'slug', '0', 'es_us', ' icon principle 1 '),
 ('2925', 'kind', '0', 'es_us', ' image '),
 ('2925', 'extension', '0', 'es_us', ' svg '),
 ('2925', 'filename', '0', 'es_us', ' icon principle 1 svg '),
 ('2925', 'title', '0', 'en_us', ' icon principle 1 '),
 ('2925', 'slug', '0', 'en_us', ' icon principle 1 '),
 ('2925', 'kind', '0', 'en_us', ' image '),
 ('2925', 'extension', '0', 'en_us', ' svg '),
 ('2925', 'filename', '0', 'en_us', ' icon principle 1 svg '),
 ('2831', 'field', '77', 'en_us', ' resources for familiesresources for employers '),
 ('2924', 'slug', '0', 'en_us', ''),
 ('2924', 'field', '73', 'en_us', ' we re always sharing new information and resources that help families stay on track while encouraging schools to be more responsive to student and parent needs read more about what we re learning '),
 ('2924', 'field', '72', 'en_us', ' shining a spotlight on family needs '),
 ('2923', 'slug', '0', 'en_us', ''),
 ('2923', 'field', '73', 'en_us', ' our priority is helping you get the education you want for yourself and your family through our work we also strive to strengthen local schools and communities in a way that benefits everyone   '),
 ('2923', 'field', '72', 'en_us', ' stronger schools stronger communities '),
 ('2922', 'slug', '0', 'en_us', ''),
 ('2922', 'field', '76', 'en_us', ' as students progress ednavigator will be there every step of the way whatever new challenges or opportunities arise we re here to support and keep our member families on track to reach their goals '),
 ('2922', 'field', '75', 'en_us', ' stay on track '),
 ('2921', 'slug', '0', 'en_us', ''),
 ('2921', 'field', '76', 'en_us', ' your navigator will offer direct hands on assistance to help you turn your plans into reality that may include going with you to school meetings teaching effective study habits or connecting you to available community resources '),
 ('2921', 'field', '75', 'en_us', ' take action '),
 ('2920', 'slug', '0', 'en_us', ''),
 ('2920', 'field', '76', 'en_us', ' your navigator will help you set clear short and long term goals from getting your child into college to helping you get a degree while balancing work and life then together you ll create a concrete plan for achieving those goals '),
 ('2920', 'field', '75', 'en_us', ' make a plan '),
 ('2919', 'slug', '0', 'en_us', ''),
 ('2919', 'field', '76', 'en_us', ' after registering you ll be connected to a navigator if you re a parent we ll work together to create a path to success for your child if you re an adult learner we ll get to work helping you further your education '),
 ('2919', 'field', '75', 'en_us', ' review records '),
 ('2918', 'slug', '0', 'en_us', ''),
 ('2918', 'field', '76', 'en_us', ' you can register to become an ednavigator member through your employer a participating community organization or our website members can receive help with their child s education or with their own learning goals '),
 ('2918', 'field', '75', 'en_us', ' sign up '),
 ('2917', 'slug', '0', 'en_us', ''),
 ('2917', 'field', '70', 'en_us', ' your navigator will meet with you at your worksite or wherever is most convenient for you to develop a customized educational plan they ll help   set clear learning goalschoose the right school and explore financial optionscommunicate with teachers and administratorsanalyze grades and progressanswer your questions via phone text or email whenever you need advice '),
 ('2917', 'field', '69', 'en_us', ' help that finds you '),
 ('2916', 'slug', '0', 'en_us', ''),
 ('2916', 'field', '70', 'en_us', ' our navigators combine expert knowledge of schools with a deep understanding of our communities most are accomplished former teachers school leaders or counselors and all have passed a background check received privacy training and adhere to a strict code of confidentiality   they re like pediatricians for your educational health and they re always looking out for your best interests '),
 ('2916', 'field', '69', 'en_us', ' personal professional guidance '),
 ('2831', 'field', '71', 'en_us', ' our priority is helping you get the education you want for yourself and your family through our work we also strive to strengthen local schools and communities in a way that benefits everyone   stronger schools stronger communities we re always sharing new information and resources that help families stay on track while encouraging schools to be more responsive to student and parent needs read more about what we re learning shining a spotlight on family needs '),
 ('2831', 'field', '74', 'en_us', ' you can register to become an ednavigator member through your employer a participating community organization or our website members can receive help with their child s education or with their own learning goals sign up after registering you ll be connected to a navigator if you re a parent we ll work together to create a path to success for your child if you re an adult learner we ll get to work helping you further your education review records your navigator will help you set clear short and long term goals from getting your child into college to helping you get a degree while balancing work and life then together you ll create a concrete plan for achieving those goals make a plan your navigator will offer direct hands on assistance to help you turn your plans into reality that may include going with you to school meetings teaching effective study habits or connecting you to available community resources take action as students progress ednavigator will be there every step of the way whatever new challenges or opportunities arise we re here to support and keep our member families on track to reach their goals stay on track '),
 ('2831', 'field', '68', 'en_us', ' our navigators combine expert knowledge of schools with a deep understanding of our communities most are accomplished former teachers school leaders or counselors and all have passed a background check received privacy training and adhere to a strict code of confidentiality   they re like pediatricians for your educational health and they re always looking out for your best interests personal professional guidance your navigator will meet with you at your worksite or wherever is most convenient for you to develop a customized educational plan they ll help   set clear learning goalschoose the right school and explore financial optionscommunicate with teachers and administratorsanalyze grades and progressanswer your questions via phone text or email whenever you need advice help that finds you '),
 ('2831', 'field', '6', 'es_us', ''),
 ('2831', 'field', '7', 'es_us', ''),
 ('2831', 'field', '48', 'es_us', ' we give hard working families personalized ongoing support along the path from preschool to college '),
 ('2830', 'title', '0', 'es_us', ' who we are '),
 ('2830', 'slug', '0', 'es_us', ' quines somos '),
 ('2856', 'field', '6', 'es_us', ''),
 ('2856', 'field', '7', 'es_us', ''),
 ('2856', 'field', '2', 'es_us', ''),
 ('2856', 'field', '36', 'es_us', ''),
 ('2850', 'field', '6', 'es_us', ''),
 ('2850', 'field', '7', 'es_us', ''),
 ('2850', 'field', '2', 'es_us', ''),
 ('2850', 'field', '36', 'es_us', ''),
 ('2845', 'field', '6', 'es_us', ''),
 ('2845', 'field', '7', 'es_us', ''),
 ('2845', 'field', '2', 'es_us', ''),
 ('2845', 'field', '36', 'es_us', ''),
 ('2843', 'field', '6', 'es_us', ''),
 ('2843', 'field', '7', 'es_us', '');
INSERT INTO `craft_searchindex` (`elementId`, `attribute`, `fieldId`, `locale`, `keywords`) VALUES
 ('2843', 'field', '2', 'es_us', ''),
 ('2843', 'field', '36', 'es_us', ''),
 ('2830', 'field', '6', 'es_us', ''),
 ('2830', 'field', '7', 'es_us', ''),
 ('2830', 'field', '44', 'es_us', ''),
 ('2903', 'field', '66', 'es_us', ' regular '),
 ('2903', 'field', '66', 'en_us', ' regular '),
 ('2896', 'field', '66', 'es_us', ' regular '),
 ('2896', 'field', '66', 'en_us', ' regular '),
 ('2891', 'field', '66', 'es_us', ' regular '),
 ('2891', 'field', '66', 'en_us', ' regular '),
 ('4', 'field', '7', 'es', ''),
 ('4', 'field', '6', 'es', ''),
 ('2892', 'field', '67', 'es_us', ' para familias estudiantes '),
 ('2881', 'field', '66', 'es_us', ' regular '),
 ('2881', 'field', '65', 'es_us', ' espanol '),
 ('2915', 'slug', '0', 'es_us', ''),
 ('2915', 'field', '55', 'es_us', ' 649404 '),
 ('2915', 'field', '54', 'es_us', ' para familias '),
 ('2915', 'field', '53', 'es_us', ' encuentra tu camino '),
 ('2915', 'field', '52', 'es_us', ' para familias estudiantes '),
 ('2914', 'slug', '0', 'es_us', ''),
 ('2914', 'field', '55', 'es_us', ' ed nav 330 2 '),
 ('2914', 'field', '54', 'es_us', ' for employers '),
 ('2914', 'field', '53', 'es_us', ' invertir en su mayor activo su gente '),
 ('2914', 'field', '52', 'es_us', ' para empleyadores '),
 ('2', 'title', '0', 'es_us', ' homepage '),
 ('2', 'slug', '0', 'es_us', ' homepage '),
 ('2', 'field', '51', 'es_us', ' ed nav 330 2 invertir en su mayor activo su gente for employers para empleyadores 649404 encuentra tu camino para familias para familias estudiantes '),
 ('2', 'field', '50', 'es_us', ' 841683 '),
 ('2913', 'slug', '0', 'es_us', ''),
 ('2913', 'field', '61', 'es_us', ' ed nav 330 2 '),
 ('2913', 'field', '64', 'es_us', ' background orange '),
 ('2913', 'field', '63', 'es_us', ' read the full story '),
 ('2913', 'field', '62', 'es_us', ''),
 ('2913', 'field', '66', 'es_us', ' regular '),
 ('2913', 'field', '65', 'es_us', ' another story of triumph '),
 ('2913', 'slug', '0', 'en_us', ''),
 ('2913', 'field', '61', 'en_us', ' ed nav 330 2 '),
 ('2913', 'field', '64', 'en_us', ' background orange '),
 ('2913', 'field', '63', 'en_us', ' read the full story '),
 ('2913', 'field', '62', 'en_us', ''),
 ('2913', 'field', '66', 'en_us', ' regular '),
 ('2913', 'field', '65', 'en_us', ' another story of triumph '),
 ('2912', 'slug', '0', 'es_us', ''),
 ('2912', 'field', '61', 'es_us', ' amy mikler 01 '),
 ('2912', 'field', '64', 'es_us', ' background orange '),
 ('2912', 'field', '63', 'es_us', ' read the full story '),
 ('2912', 'field', '62', 'es_us', ''),
 ('2912', 'field', '66', 'es_us', ' regular '),
 ('2912', 'field', '65', 'es_us', ' we helped kanitra s daughters get back on track in school '),
 ('2912', 'slug', '0', 'en_us', ''),
 ('2912', 'field', '61', 'en_us', ' amy mikler 01 '),
 ('2912', 'field', '64', 'en_us', ' background orange '),
 ('2912', 'field', '63', 'en_us', ' read the full story '),
 ('2912', 'field', '62', 'en_us', ''),
 ('2912', 'field', '66', 'en_us', ' regular '),
 ('2912', 'field', '65', 'en_us', ' we helped kanitra s daughters get back on track in school '),
 ('2911', 'title', '0', 'es_us', ' stories '),
 ('2911', 'slug', '0', 'es_us', ' stories '),
 ('2911', 'field', '59', 'es_us', ' background gold amy mikler 01 read the full story we helped kanitra s daughters get back on track in school regular background gray ed nav 330 2 read the full story another story of triumph regular '),
 ('2911', 'title', '0', 'en_us', ' stories '),
 ('2911', 'slug', '0', 'en_us', ' stories '),
 ('2911', 'field', '59', 'en_us', ' background orange amy mikler 01 read the full story we helped kanitra s daughters get back on track in school regular background orange ed nav 330 2 read the full story another story of triumph regular '),
 ('2910', 'title', '0', 'es_us', ' amy mikler 01 '),
 ('2910', 'slug', '0', 'es_us', ' amy mikler 01 '),
 ('2910', 'kind', '0', 'es_us', ' image '),
 ('2910', 'extension', '0', 'es_us', ' png '),
 ('2910', 'filename', '0', 'es_us', ' amy mikler 01 png '),
 ('2910', 'title', '0', 'en_us', ' amy mikler 01 '),
 ('2910', 'slug', '0', 'en_us', ' amy mikler 01 '),
 ('2910', 'kind', '0', 'en_us', ' image '),
 ('2910', 'extension', '0', 'en_us', ' png '),
 ('2910', 'filename', '0', 'en_us', ' amy mikler 01 png '),
 ('2909', 'slug', '0', 'es_us', ''),
 ('2909', 'field', '61', 'es_us', ' uoregon0670 '),
 ('2909', 'field', '64', 'es_us', ' background gray '),
 ('2909', 'field', '63', 'es_us', ' test link '),
 ('2909', 'field', '62', 'es_us', ' sed posuere consectetur est at lobortis nulla vitae elit libero a pharetra augue duis mollis est non commodo luctus nisi erat porttitor ligula eget lacinia odio sem nec elit maecenas faucibus mollis interdum morbi leo risus porta ac consectetur ac vestibulum at eros '),
 ('2909', 'field', '66', 'es_us', ' regular '),
 ('2909', 'field', '65', 'es_us', ' second slide '),
 ('2909', 'slug', '0', 'en_us', ''),
 ('2909', 'field', '61', 'en_us', ' uoregon0670 '),
 ('2909', 'field', '64', 'en_us', ' background gray '),
 ('2909', 'field', '63', 'en_us', ' test link '),
 ('2909', 'field', '62', 'en_us', ' sed posuere consectetur est at lobortis nulla vitae elit libero a pharetra augue duis mollis est non commodo luctus nisi erat porttitor ligula eget lacinia odio sem nec elit maecenas faucibus mollis interdum morbi leo risus porta ac consectetur ac vestibulum at eros '),
 ('2909', 'field', '66', 'en_us', ' regular '),
 ('2909', 'field', '65', 'en_us', ' second slide '),
 ('2886', 'field', '66', 'es_us', ' regular '),
 ('2886', 'field', '66', 'en_us', ' regular '),
 ('2892', 'field', '67', 'en_us', ' for families students '),
 ('2893', 'field', '67', 'en_us', ' for employers '),
 ('2908', 'slug', '0', 'es_us', ''),
 ('2908', 'field', '61', 'es_us', ' 826629 '),
 ('2908', 'field', '64', 'es_us', ' background gray '),
 ('2908', 'field', '63', 'es_us', ' link onelink two '),
 ('2908', 'field', '62', 'es_us', ' lorem ipsum dolor sit amet consectetur adipiscing elit duis mollis est non commodo luctus nisi erat porttitor ligula eget lacinia odio sem nec elit vivamus sagittis lacus vel augue laoreet rutrum faucibus dolor auctor cum sociis natoque penatibus et magnis dis parturient montes nascetur ridiculus mus '),
 ('2908', 'field', '66', 'es_us', ' quote '),
 ('2908', 'field', '65', 'es_us', ' a story like no other '),
 ('2908', 'slug', '0', 'en_us', '');
INSERT INTO `craft_searchindex` (`elementId`, `attribute`, `fieldId`, `locale`, `keywords`) VALUES
 ('2908', 'field', '61', 'en_us', ' 826629 '),
 ('2908', 'field', '64', 'en_us', ' background gray '),
 ('2908', 'field', '63', 'en_us', ' link onelink two '),
 ('2908', 'field', '62', 'en_us', ' lorem ipsum dolor sit amet consectetur adipiscing elit duis mollis est non commodo luctus nisi erat porttitor ligula eget lacinia odio sem nec elit vivamus sagittis lacus vel augue laoreet rutrum faucibus dolor auctor cum sociis natoque penatibus et magnis dis parturient montes nascetur ridiculus mus '),
 ('2908', 'field', '66', 'en_us', ' quote '),
 ('2908', 'field', '65', 'en_us', ' a story like no other '),
 ('2907', 'field', '66', 'es_us', ' regular '),
 ('2907', 'field', '66', 'en_us', ' regular '),
 ('2906', 'field', '66', 'es_us', ' quote '),
 ('2906', 'field', '66', 'en_us', ' quote '),
 ('2901', 'field', '66', 'es_us', ' largenumeral '),
 ('2901', 'field', '66', 'en_us', ' largenumeral '),
 ('2899', 'field', '66', 'es_us', ' largenumeral '),
 ('2899', 'field', '66', 'en_us', ' largenumeral '),
 ('2907', 'slug', '0', 'es_us', ''),
 ('2907', 'field', '61', 'es_us', ' 649404 2 '),
 ('2907', 'field', '64', 'es_us', ' background green '),
 ('2907', 'field', '63', 'es_us', ' read the full story '),
 ('2907', 'field', '62', 'es_us', ' etiam porta sem malesuada magna mollis euismod fusce dapibus tellus ac cursus commodo tortor mauris condimentum nibh ut fermentum massa justo sit amet risus lorem ipsum dolor sit amet consectetur adipiscing elit nullam quis risus eget urna mollis ornare vel eu leo vestibulum id ligula porta felis euismod semper '),
 ('2907', 'field', '65', 'es_us', ' story number two '),
 ('2907', 'slug', '0', 'en_us', ''),
 ('2907', 'field', '61', 'en_us', ' 649404 2 '),
 ('2907', 'field', '64', 'en_us', ' background green '),
 ('2907', 'field', '63', 'en_us', ' read the full story '),
 ('2907', 'field', '62', 'en_us', ' etiam porta sem malesuada magna mollis euismod fusce dapibus tellus ac cursus commodo tortor mauris condimentum nibh ut fermentum massa justo sit amet risus lorem ipsum dolor sit amet consectetur adipiscing elit nullam quis risus eget urna mollis ornare vel eu leo vestibulum id ligula porta felis euismod semper '),
 ('2907', 'field', '65', 'en_us', ' story number two '),
 ('2906', 'slug', '0', 'es_us', ''),
 ('2906', 'field', '61', 'es_us', ' ed nav 330 2 '),
 ('2906', 'field', '64', 'es_us', ' background gray '),
 ('2906', 'field', '63', 'es_us', ' read the full story '),
 ('2906', 'field', '62', 'es_us', ' sean cummings owner international house hotel new orleans '),
 ('2906', 'field', '65', 'es_us', ' ednavigator pays for itself more than 3 1 '),
 ('2906', 'slug', '0', 'en_us', ''),
 ('2906', 'field', '61', 'en_us', ' ed nav 330 2 '),
 ('2906', 'field', '64', 'en_us', ' background gray '),
 ('2906', 'field', '63', 'en_us', ' read the full story '),
 ('2906', 'field', '62', 'en_us', ' sean cummings owner international house hotel new orleans '),
 ('2906', 'field', '65', 'en_us', ' ednavigator pays for itself more than 3 1 '),
 ('2905', 'title', '0', 'es_us', ' stories slideshow '),
 ('2905', 'slug', '0', 'es_us', ' stories slideshow '),
 ('2905', 'field', '59', 'es_us', ' background gray ed nav 330 2 read the full story sean cummings owner international house hotel new orleans ednavigator pays for itself more than 3 1 background green 649404 2 read the full story etiam porta sem malesuada magna mollis euismod fusce dapibus tellus ac cursus commodo tortor mauris condimentum nibh ut fermentum massa justo sit amet risus lorem ipsum dolor sit amet consectetur adipiscing elit nullam quis risus eget urna mollis ornare vel eu leo vestibulum id ligula porta felis euismod semper story number two '),
 ('2905', 'title', '0', 'en_us', ' stories slideshow '),
 ('2905', 'slug', '0', 'en_us', ' stories slideshow '),
 ('2905', 'field', '59', 'en_us', ' background gray ed nav 330 2 read the full story sean cummings owner international house hotel new orleans ednavigator pays for itself more than 3 1 quote background green 649404 2 read the full story etiam porta sem malesuada magna mollis euismod fusce dapibus tellus ac cursus commodo tortor mauris condimentum nibh ut fermentum massa justo sit amet risus lorem ipsum dolor sit amet consectetur adipiscing elit nullam quis risus eget urna mollis ornare vel eu leo vestibulum id ligula porta felis euismod semper story number two regular background gray 826629 link onelink two lorem ipsum dolor sit amet consectetur adipiscing elit duis mollis est non commodo luctus nisi erat porttitor ligula eget lacinia odio sem nec elit vivamus sagittis lacus vel augue laoreet rutrum faucibus dolor auctor cum sociis natoque penatibus et magnis dis parturient montes nascetur ridiculus mus a story like no other quote '),
 ('2904', 'title', '0', 'es_us', ' ed nav 330 2 '),
 ('2904', 'slug', '0', 'es_us', ' ed nav 330 2 '),
 ('2904', 'kind', '0', 'es_us', ' image '),
 ('2904', 'extension', '0', 'es_us', ' jpg '),
 ('2904', 'filename', '0', 'es_us', ' ednav_330 2 jpg '),
 ('2904', 'title', '0', 'en_us', ' ed nav 330 2 '),
 ('2904', 'slug', '0', 'en_us', ' ed nav 330 2 '),
 ('2904', 'kind', '0', 'en_us', ' image '),
 ('2904', 'extension', '0', 'en_us', ' jpg '),
 ('2904', 'filename', '0', 'en_us', ' ednav_330 2 jpg '),
 ('2903', 'slug', '0', 'es_us', ''),
 ('2903', 'field', '61', 'es_us', ' uoregon0670 '),
 ('2903', 'field', '64', 'es_us', ' background blue '),
 ('2903', 'field', '63', 'es_us', ' our partners '),
 ('2903', 'field', '62', 'es_us', ' we use a shared cost model to maximize reach and minimize costs for your employees your contribution as an employer partner will be supplemented by our philanthropic funders '),
 ('2903', 'field', '65', 'es_us', ' shared costs universal benefits '),
 ('2903', 'slug', '0', 'en_us', ''),
 ('2903', 'field', '61', 'en_us', ' uoregon0670 '),
 ('2901', 'slug', '0', 'es_us', ''),
 ('2901', 'field', '61', 'es_us', ' uoregon0670 '),
 ('2901', 'field', '64', 'es_us', ' background green '),
 ('2901', 'field', '63', 'es_us', ' slide link '),
 ('2901', 'field', '62', 'es_us', ' donec sed odio dui nullam quis risus eget urna mollis ornare vel eu leo aenean lacinia bibendum nulla sed consectetur '),
 ('2901', 'field', '65', 'es_us', ' slide two '),
 ('2901', 'slug', '0', 'en_us', ''),
 ('2901', 'field', '61', 'en_us', ' uoregon0670 '),
 ('2901', 'field', '64', 'en_us', ' background green '),
 ('2901', 'field', '63', 'en_us', ' slide link '),
 ('2902', 'field', '59', 'en_us', ' background blue uoregon0670 our partners we use a shared cost model to maximize reach and minimize costs for your employees your contribution as an employer partner will be supplemented by our philanthropic funders shared costs universal benefits regular '),
 ('2902', 'title', '0', 'en_us', ' shared costs '),
 ('2902', 'field', '59', 'es_us', ' background blue uoregon0670 our partners we use a shared cost model to maximize reach and minimize costs for your employees your contribution as an employer partner will be supplemented by our philanthropic funders shared costs universal benefits '),
 ('2902', 'slug', '0', 'es_us', ' shared costs '),
 ('2902', 'title', '0', 'es_us', ' shared costs '),
 ('2903', 'field', '65', 'en_us', ' shared costs universal benefits '),
 ('2903', 'field', '62', 'en_us', ' we use a shared cost model to maximize reach and minimize costs for your employees your contribution as an employer partner will be supplemented by our philanthropic funders '),
 ('2903', 'field', '63', 'en_us', ' our partners '),
 ('2903', 'field', '64', 'en_us', ' background blue '),
 ('2902', 'slug', '0', 'en_us', ' shared costs '),
 ('2899', 'slug', '0', 'es_us', ''),
 ('2899', 'field', '61', 'es_us', ' 826621 '),
 ('2899', 'field', '64', 'es_us', ' background green '),
 ('2899', 'field', '63', 'es_us', ' find out why ednavigator is good for business '),
 ('2899', 'field', '62', 'es_us', ' say having ednavigator makes them more likely to keep working for their current employer '),
 ('2899', 'field', '65', 'es_us', ' 96% '),
 ('2899', 'slug', '0', 'en_us', ''),
 ('2899', 'field', '61', 'en_us', ' 826621 '),
 ('2899', 'field', '64', 'en_us', ' background green '),
 ('2899', 'field', '63', 'en_us', ' find out why ednavigator is good for business '),
 ('2899', 'field', '62', 'en_us', ' say having ednavigator makes them more likely to keep working for their current employer '),
 ('2899', 'field', '65', 'en_us', ' 96% '),
 ('2901', 'field', '65', 'en_us', ' slide two '),
 ('2901', 'field', '62', 'en_us', ' donec sed odio dui nullam quis risus eget urna mollis ornare vel eu leo aenean lacinia bibendum nulla sed consectetur '),
 ('2898', 'title', '0', 'es_us', ' uoregon0670 '),
 ('2898', 'slug', '0', 'es_us', ' uoregon0670 '),
 ('2898', 'kind', '0', 'es_us', ' image '),
 ('2898', 'extension', '0', 'es_us', ' jpg ');
INSERT INTO `craft_searchindex` (`elementId`, `attribute`, `fieldId`, `locale`, `keywords`) VALUES
 ('2898', 'filename', '0', 'es_us', ' uoregon0670 jpg '),
 ('2898', 'title', '0', 'en_us', ' uoregon0670 '),
 ('2898', 'slug', '0', 'en_us', ' uoregon0670 '),
 ('2898', 'kind', '0', 'en_us', ' image '),
 ('2898', 'extension', '0', 'en_us', ' jpg '),
 ('2898', 'filename', '0', 'en_us', ' uoregon0670 jpg '),
 ('2897', 'title', '0', 'es_us', ' third '),
 ('2897', 'slug', '0', 'es_us', ' third '),
 ('2897', 'field', '59', 'es_us', ''),
 ('2897', 'title', '0', 'en_us', ' third section slideshow '),
 ('2897', 'slug', '0', 'en_us', ' third '),
 ('2897', 'field', '59', 'en_us', ' background green 826621 find out why ednavigator is good for business say having ednavigator makes them more likely to keep working for their current employer 96% largenumeral background green uoregon0670 slide link donec sed odio dui nullam quis risus eget urna mollis ornare vel eu leo aenean lacinia bibendum nulla sed consectetur slide two largenumeral '),
 ('2896', 'slug', '0', 'es_us', ''),
 ('2896', 'field', '61', 'es_us', ' uoregon0473 '),
 ('2896', 'field', '64', 'es_us', ' background gold '),
 ('2896', 'field', '63', 'es_us', ' see how it works '),
 ('2896', 'field', '62', 'es_us', ' our employer partners bring ednavigator support to the workplace as a benefit for employees our expert navigators help parents keep students on track in school and adult learners in pursuit of their own educational dreams '),
 ('2896', 'field', '65', 'es_us', ' give back with outstanding support '),
 ('2896', 'slug', '0', 'en_us', ''),
 ('2896', 'field', '61', 'en_us', ' uoregon0473 '),
 ('2896', 'field', '64', 'en_us', ' background gold '),
 ('2896', 'field', '63', 'en_us', ' see how it works '),
 ('2896', 'field', '62', 'en_us', ' our employer partners bring ednavigator support to the workplace as a benefit for employees our expert navigators help parents keep students on track in school and adult learners in pursuit of their own educational dreams '),
 ('2896', 'field', '65', 'en_us', ' give back with outstanding support '),
 ('2895', 'title', '0', 'es_us', ' give back '),
 ('2895', 'slug', '0', 'es_us', ' give back '),
 ('2895', 'field', '59', 'es_us', ' background gold uoregon0473 see how it works our employer partners bring ednavigator support to the workplace as a benefit for employees our expert navigators help parents keep students on track in school and adult learners in pursuit of their own educational dreams give back with outstanding support '),
 ('2895', 'title', '0', 'en_us', ' give back '),
 ('2895', 'slug', '0', 'en_us', ' give back '),
 ('2895', 'field', '59', 'en_us', ' background gold uoregon0473 see how it works our employer partners bring ednavigator support to the workplace as a benefit for employees our expert navigators help parents keep students on track in school and adult learners in pursuit of their own educational dreams give back with outstanding support regular '),
 ('2894', 'title', '0', 'es_us', ' uoregon0473 '),
 ('2894', 'slug', '0', 'es_us', ' uoregon0473 '),
 ('2894', 'kind', '0', 'es_us', ' image '),
 ('2894', 'extension', '0', 'es_us', ' jpg '),
 ('2894', 'filename', '0', 'es_us', ' uoregon0473 jpg '),
 ('2894', 'title', '0', 'en_us', ' uoregon0473 '),
 ('2894', 'slug', '0', 'en_us', ' uoregon0473 '),
 ('2894', 'kind', '0', 'en_us', ' image '),
 ('2894', 'extension', '0', 'en_us', ' jpg '),
 ('2894', 'filename', '0', 'en_us', ' uoregon0473 jpg '),
 ('2893', 'title', '0', 'es_us', ' for employers '),
 ('2893', 'slug', '0', 'es_us', ' employers '),
 ('2893', 'field', '59', 'es_us', ''),
 ('2893', 'title', '0', 'en_us', ' for employers '),
 ('2893', 'slug', '0', 'en_us', ' employers '),
 ('2893', 'field', '59', 'en_us', ''),
 ('2892', 'title', '0', 'es_us', ' para familias '),
 ('2892', 'slug', '0', 'es_us', ' familias '),
 ('2892', 'field', '59', 'es_us', ''),
 ('2892', 'title', '0', 'en_us', ' for families '),
 ('2892', 'slug', '0', 'en_us', ' families '),
 ('2892', 'field', '59', 'en_us', ''),
 ('2891', 'slug', '0', 'es_us', ''),
 ('2891', 'field', '61', 'es_us', ' 826629 '),
 ('2891', 'field', '64', 'es_us', ' background gray '),
 ('2891', 'field', '63', 'es_us', ''),
 ('2891', 'field', '62', 'es_us', ' an investment in your employees future is an investment in your business and community ednavigator offers employers an innovative way to boost employee morale reduce turnover and cut costs while improving educational outcomes for students and helping families schools and communities thrive '),
 ('2891', 'field', '65', 'es_us', ' invest in your greatest asset your people '),
 ('2891', 'slug', '0', 'en_us', ''),
 ('2891', 'field', '61', 'en_us', ' 826629 '),
 ('2891', 'field', '64', 'en_us', ' background gray '),
 ('2891', 'field', '63', 'en_us', ''),
 ('2598', 'name', '0', 'en_us', ' community development '),
 ('2598', 'slug', '0', 'en_us', ' community development '),
 ('2598', 'title', '0', 'en_us', ' community development '),
 ('2689', 'name', '0', 'en_us', ' social design '),
 ('2689', 'slug', '0', 'en_us', ' social design '),
 ('2689', 'title', '0', 'en_us', ' social design '),
 ('2747', 'name', '0', 'en_us', ' firebelly family '),
 ('2747', 'slug', '0', 'en_us', ' firebelly family '),
 ('2747', 'title', '0', 'en_us', ' firebelly family '),
 ('2890', 'title', '0', 'es_us', ' invest in your greatest asset '),
 ('2890', 'slug', '0', 'es_us', ' invest in your greatest asset '),
 ('2890', 'field', '59', 'es_us', ' background gray 826629 an investment in your employees future is an investment in your business and community ednavigator offers employers an innovative way to boost employee morale reduce turnover and cut costs while improving educational outcomes for students and helping families schools and communities thrive invest in your greatest asset your people '),
 ('2890', 'title', '0', 'en_us', ' invest in your greatest asset '),
 ('2890', 'slug', '0', 'en_us', ' invest in your greatest asset '),
 ('2890', 'field', '59', 'en_us', ' background gray 826629 an investment in your employees future is an investment in your business and community ednavigator offers employers an innovative way to boost employee morale reduce turnover and cut costs while improving educational outcomes for students and helping families schools and communities thrive invest in your greatest asset your people regular '),
 ('2889', 'title', '0', 'es_us', ' 826629 '),
 ('2889', 'slug', '0', 'es_us', ' 826629 '),
 ('2889', 'kind', '0', 'es_us', ' image '),
 ('2889', 'extension', '0', 'es_us', ' jpg '),
 ('2888', 'title', '0', 'es_us', ' 826621 '),
 ('2888', 'slug', '0', 'es_us', ' 826621 '),
 ('2888', 'kind', '0', 'es_us', ' image '),
 ('2888', 'extension', '0', 'es_us', ' jpg '),
 ('2888', 'filename', '0', 'es_us', ' 826621 jpg '),
 ('2888', 'title', '0', 'en_us', ' 826621 '),
 ('2888', 'slug', '0', 'en_us', ' 826621 '),
 ('2887', 'title', '0', 'es_us', ' 649404 2 '),
 ('2887', 'slug', '0', 'es_us', ' 649404 2 '),
 ('2887', 'kind', '0', 'es_us', ' image '),
 ('2887', 'extension', '0', 'es_us', ' jpg '),
 ('2887', 'filename', '0', 'es_us', ' 649404 2 jpg '),
 ('2887', 'title', '0', 'en_us', ' 649404 2 '),
 ('2887', 'slug', '0', 'en_us', ' 649404 2 '),
 ('2887', 'kind', '0', 'en_us', ' image '),
 ('2887', 'extension', '0', 'en_us', ' jpg '),
 ('2887', 'filename', '0', 'en_us', ' 649404 2 jpg '),
 ('2886', 'slug', '0', 'es_us', ''),
 ('2886', 'field', '61', 'es_us', ' 2001 a space odyssey screenshot 1920x1080 9 ');
INSERT INTO `craft_searchindex` (`elementId`, `attribute`, `fieldId`, `locale`, `keywords`) VALUES
 ('2886', 'field', '64', 'es_us', ' background gray '),
 ('2886', 'field', '63', 'es_us', ' learn more about how we help '),
 ('2886', 'field', '62', 'es_us', ' our expert navigators work with you to set clear goals create a concrete plan and take action we can help you choose the right school review and analyze academic progress support learning at home and stand up for students needs in the classroom '),
 ('2886', 'field', '65', 'es_us', ' the help you need when you need it '),
 ('2886', 'slug', '0', 'en_us', ''),
 ('2889', 'title', '0', 'en_us', ' 826629 '),
 ('2886', 'field', '61', 'en_us', ' 826621 '),
 ('2886', 'field', '64', 'en_us', ' background gray '),
 ('2886', 'field', '63', 'en_us', ' learn more about how we help '),
 ('2886', 'field', '62', 'en_us', ' our expert navigators work with you to set clear goals create a concrete plan and take action we can help you choose the right school review and analyze academic progress support learning at home and stand up for students needs in the classroom '),
 ('2886', 'field', '65', 'en_us', ' the help you need when you need it '),
 ('2885', 'title', '0', 'es_us', ' the help you need '),
 ('2885', 'slug', '0', 'es_us', ' the help you need '),
 ('2888', 'extension', '0', 'en_us', ' jpg '),
 ('2881', 'field', '65', 'en_us', ' find your path '),
 ('2885', 'field', '59', 'en_us', ' background gray 826621 learn more about how we help our expert navigators work with you to set clear goals create a concrete plan and take action we can help you choose the right school review and analyze academic progress support learning at home and stand up for students needs in the classroom the help you need when you need it regular background gray uoregon0670 test link sed posuere consectetur est at lobortis nulla vitae elit libero a pharetra augue duis mollis est non commodo luctus nisi erat porttitor ligula eget lacinia odio sem nec elit maecenas faucibus mollis interdum morbi leo risus porta ac consectetur ac vestibulum at eros second slide regular '),
 ('2889', 'filename', '0', 'es_us', ' 826629 jpg '),
 ('2885', 'slug', '0', 'en_us', ' the help you need '),
 ('2885', 'title', '0', 'en_us', ' section two carousel '),
 ('2885', 'field', '59', 'es_us', ' background gray 2001 a space odyssey screenshot 1920x1080 9 learn more about how we help our expert navigators work with you to set clear goals create a concrete plan and take action we can help you choose the right school review and analyze academic progress support learning at home and stand up for students needs in the classroom the help you need when you need it '),
 ('2883', 'title', '0', 'es_us', ' 2001 a space odyssey screenshot 1920x1080 9 '),
 ('2883', 'slug', '0', 'es_us', ' 2001 a space odyssey screenshot 1920x1080 9 '),
 ('2883', 'kind', '0', 'es_us', ' image '),
 ('2883', 'extension', '0', 'es_us', ' jpg '),
 ('2883', 'filename', '0', 'es_us', ' 2001 a space odyssey screenshot 1920x1080 9 jpg '),
 ('2883', 'title', '0', 'en_us', ' 2001 a space odyssey screenshot 1920x1080 9 '),
 ('2883', 'slug', '0', 'en_us', ' 2001 a space odyssey screenshot 1920x1080 9 '),
 ('2883', 'kind', '0', 'en_us', ' image '),
 ('2883', 'extension', '0', 'en_us', ' jpg '),
 ('2883', 'filename', '0', 'en_us', ' 2001 a space odyssey screenshot 1920x1080 9 jpg '),
 ('2881', 'field', '64', 'es_us', ' background blue '),
 ('2881', 'field', '64', 'en_us', ' background blue '),
 ('2882', 'title', '0', 'es_us', ' 2001 a space odyssey screenshot 1920x1080 9 '),
 ('2882', 'slug', '0', 'es_us', ' 2001 a space odyssey screenshot 1920x1080 9 '),
 ('2882', 'kind', '0', 'es_us', ' image '),
 ('2882', 'extension', '0', 'es_us', ' jpg '),
 ('2882', 'filename', '0', 'es_us', ' 2001 a space odyssey screenshot 1920x1080 9 jpg '),
 ('2882', 'title', '0', 'en_us', ' 2001 a space odyssey screenshot 1920x1080 9 '),
 ('2882', 'slug', '0', 'en_us', ' 2001 a space odyssey screenshot 1920x1080 9 '),
 ('2882', 'kind', '0', 'en_us', ' image '),
 ('2882', 'extension', '0', 'en_us', ' jpg '),
 ('2882', 'filename', '0', 'en_us', ' 2001 a space odyssey screenshot 1920x1080 9 jpg '),
 ('2881', 'slug', '0', 'es_us', ''),
 ('2881', 'field', '63', 'es_us', ' learn more about who we are '),
 ('2881', 'field', '62', 'es_us', ' testing '),
 ('2881', 'field', '66', 'en_us', ' regular '),
 ('2881', 'field', '61', 'es_us', ' 649404 2 '),
 ('2881', 'field', '60', 'es_us', ' test '),
 ('2881', 'slug', '0', 'en_us', ''),
 ('2881', 'field', '63', 'en_us', ' learn more about who we are '),
 ('2881', 'field', '62', 'en_us', ' whether you are guiding a child through school or working towards your own educational goals you can count on us to provide expert advice and personalized hands on support every step of the way '),
 ('2888', 'filename', '0', 'en_us', ' 826621 jpg '),
 ('2881', 'field', '61', 'en_us', ' 649404 2 '),
 ('2881', 'field', '60', 'en_us', ' find your path '),
 ('2880', 'title', '0', 'es_us', ' for families '),
 ('2880', 'slug', '0', 'es_us', ' test '),
 ('2880', 'field', '59', 'es_us', ' background blue 649404 2 learn more about who we are testing espanol regular '),
 ('2880', 'slug', '0', 'en_us', ' find your path '),
 ('2880', 'title', '0', 'en_us', ' find your path '),
 ('2789', 'name', '0', 'en_us', ' reason to give '),
 ('2789', 'slug', '0', 'en_us', ' reason to give '),
 ('2789', 'title', '0', 'en_us', ' reason to give '),
 ('2790', 'name', '0', 'en_us', ' change the world '),
 ('2790', 'slug', '0', 'en_us', ' change the world '),
 ('2790', 'title', '0', 'en_us', ' change the world '),
 ('2880', 'field', '59', 'en_us', ' background blue 649404 2 learn more about who we are whether you are guiding a child through school or working towards your own educational goals you can count on us to provide expert advice and personalized hands on support every step of the way find your path regular '),
 ('2879', 'title', '0', 'en_us', ' for families '),
 ('2793', 'name', '0', 'en_us', ' chicago design '),
 ('2793', 'slug', '0', 'en_us', ' chicago design '),
 ('2793', 'title', '0', 'en_us', ' chicago design '),
 ('2794', 'name', '0', 'en_us', ' typography '),
 ('2794', 'slug', '0', 'en_us', ' typography '),
 ('2794', 'title', '0', 'en_us', ' typography '),
 ('2879', 'slug', '0', 'en_us', ' for families test '),
 ('2877', 'slug', '0', 'en_us', ' for families '),
 ('2877', 'title', '0', 'en_us', ' for families '),
 ('2878', 'field', '59', 'en_us', ' 2001 a space odyssey screenshot 1920x1080 9 test testing testing '),
 ('2878', 'slug', '0', 'en_us', ' for families test '),
 ('2878', 'title', '0', 'en_us', ' for families '),
 ('2879', 'field', '59', 'en_us', ' 2001 a space odyssey screenshot 1920x1080 9 test testing testing '),
 ('2877', 'field', '59', 'en_us', ' 2001 a space odyssey screenshot 1920x1080 9 test testing testing '),
 ('2876', 'filename', '0', 'en_us', ' 2001 a space odyssey screenshot 1920x1080 9 jpg '),
 ('2876', 'extension', '0', 'en_us', ' jpg '),
 ('2876', 'kind', '0', 'en_us', ' image '),
 ('2876', 'slug', '0', 'en_us', ' 2001 a space odyssey screenshot 1920x1080 9 '),
 ('2876', 'title', '0', 'en_us', ' 2001 a space odyssey screenshot 1920x1080 9 '),
 ('2876', 'filename', '0', 'es_us', ' 2001 a space odyssey screenshot 1920x1080 9 jpg '),
 ('2856', 'field', '2', 'en_us', ''),
 ('2856', 'field', '7', 'en_us', ''),
 ('2856', 'field', '6', 'en_us', ''),
 ('2856', 'slug', '0', 'en_us', ' our partners '),
 ('2856', 'title', '0', 'en_us', ' our partners '),
 ('2857', 'field', '37', 'en_us', ' international house hotel '),
 ('2857', 'field', '38', 'en_us', ' anchor partner '),
 ('2857', 'field', '40', 'en_us', ' international house hotel is a luxury boutique hotel located in downtown new orleans with 117 rooms ednavigator support is available to any eligible employee who is interested   '),
 ('2857', 'field', '41', 'en_us', ''),
 ('2857', 'slug', '0', 'en_us', ''),
 ('2858', 'field', '37', 'en_us', ' the new orleans marriott '),
 ('2858', 'field', '38', 'en_us', ''),
 ('2858', 'field', '40', 'en_us', ' located on canal street the new orleans marriott is the city s second largest hotel with 1 330 rooms ');
INSERT INTO `craft_searchindex` (`elementId`, `attribute`, `fieldId`, `locale`, `keywords`) VALUES
 ('2858', 'field', '41', 'en_us', ''),
 ('2858', 'slug', '0', 'en_us', ''),
 ('2859', 'field', '37', 'en_us', ' the hyatt regency new orleans '),
 ('2859', 'field', '38', 'en_us', ''),
 ('2859', 'field', '40', 'en_us', ''),
 ('2859', 'field', '41', 'en_us', ''),
 ('2859', 'slug', '0', 'en_us', ''),
 ('2860', 'field', '37', 'en_us', ' the jw marriott new orleans '),
 ('2860', 'field', '38', 'en_us', ''),
 ('2860', 'field', '40', 'en_us', ''),
 ('2860', 'field', '41', 'en_us', ''),
 ('2860', 'slug', '0', 'en_us', ''),
 ('2861', 'field', '37', 'en_us', ' the ritz carlton new orleans '),
 ('2861', 'field', '38', 'en_us', ''),
 ('2861', 'field', '40', 'en_us', ''),
 ('2861', 'field', '41', 'en_us', ''),
 ('2861', 'slug', '0', 'en_us', ''),
 ('2862', 'field', '37', 'en_us', ' the residence inn new orleans downtwon '),
 ('2862', 'field', '38', 'en_us', ''),
 ('2862', 'field', '40', 'en_us', ''),
 ('2862', 'field', '41', 'en_us', ''),
 ('2862', 'slug', '0', 'en_us', ''),
 ('2863', 'field', '37', 'en_us', ' the new orleans marriott at the convention center '),
 ('2863', 'field', '38', 'en_us', ''),
 ('2863', 'field', '40', 'en_us', ''),
 ('2863', 'field', '41', 'en_us', ''),
 ('2863', 'slug', '0', 'en_us', ''),
 ('2831', 'field', '48', 'en_us', ' we give hard working families personalized ongoing support along the path from preschool to college '),
 ('2831', 'field', '7', 'en_us', ''),
 ('2831', 'field', '6', 'en_us', ''),
 ('2830', 'field', '44', 'en_us', ' we always put the needs of families and students first we represent no one s interests but yours ever icon principle 1 you always come first we provide guidance and honest advice but you set the course we never act without your permission or make choices for you our job is to help you get what you want icon principle 2 we put you in charge we share your sense of urgency we respond quickly take your concerns seriously and always treat you with dignity and respect your problems are our problems icon principle 3 we treat you like family we don t let systems processes paperwork or unwritten rules get in the way of doing right by a family or student we find a way to make it happen icon principle 4 we find a way we maintain best in class privacy controls to protect you we never share information about you or your children without your consent icon principle 5 we protect your privacy we champion the right of all families to an excellent education especially those who have faced disadvantages in the past icon principle 6 we level the playing field '),
 ('2830', 'field', '7', 'en_us', ''),
 ('2830', 'field', '6', 'en_us', ''),
 ('4', 'field', '6', 'es_us', ''),
 ('4', 'field', '7', 'es_us', ''),
 ('2889', 'slug', '0', 'en_us', ' 826629 '),
 ('2889', 'extension', '0', 'en_us', ' jpg '),
 ('2889', 'kind', '0', 'en_us', ' image '),
 ('2889', 'filename', '0', 'en_us', ' 826629 jpg '),
 ('2888', 'kind', '0', 'en_us', ' image '),
 ('2866', 'filename', '0', 'en_us', ' ednav_330 2 jpg '),
 ('2866', 'extension', '0', 'en_us', ' jpg '),
 ('2866', 'kind', '0', 'en_us', ' image '),
 ('2866', 'slug', '0', 'en_us', ' ed nav 330 2 '),
 ('2866', 'title', '0', 'en_us', ' ed nav 330 2 '),
 ('2866', 'filename', '0', 'es_us', ' ednav_330 2 jpg '),
 ('2866', 'extension', '0', 'es_us', ' jpg '),
 ('2866', 'kind', '0', 'es_us', ' image '),
 ('2866', 'slug', '0', 'es_us', ' ed nav 330 2 '),
 ('2866', 'title', '0', 'es_us', ' ed nav 330 2 '),
 ('2867', 'filename', '0', 'en_us', ' 649404 jpg '),
 ('2867', 'extension', '0', 'en_us', ' jpg '),
 ('2867', 'kind', '0', 'en_us', ' image '),
 ('2867', 'slug', '0', 'en_us', ' 649404 '),
 ('2867', 'title', '0', 'en_us', ' 649404 '),
 ('2867', 'filename', '0', 'es_us', ' 649404 jpg '),
 ('2867', 'extension', '0', 'es_us', ' jpg '),
 ('2867', 'kind', '0', 'es_us', ' image '),
 ('2867', 'slug', '0', 'es_us', ' 649404 '),
 ('2867', 'title', '0', 'es_us', ' 649404 '),
 ('2', 'field', '50', 'en_us', ' 841683 '),
 ('2', 'field', '48', 'en_us', ' education is the path to a better life '),
 ('2', 'field', '49', 'en_us', ' we partner with leading businesses to help hard working families find a path to success in school and beyond '),
 ('2', 'field', '51', 'en_us', ' ed nav 330 2 invest in your greatest asset your people for employers for employers 649404 find your path for families for families students '),
 ('2', 'field', '7', 'en_us', ''),
 ('2', 'field', '6', 'en_us', ''),
 ('2', 'field', '48', 'es_us', ' la educacion es el camino hacia una vida mejor '),
 ('2', 'field', '49', 'es_us', ' we partner with leading businesses to help hard working families find a path to success in school and beyond '),
 ('2', 'field', '7', 'es_us', ''),
 ('2', 'field', '6', 'es_us', ''),
 ('2868', 'field', '52', 'en_us', ' for employers '),
 ('2868', 'field', '53', 'en_us', ' invest in your greatest asset your people '),
 ('2868', 'field', '54', 'en_us', ' for employers '),
 ('2868', 'field', '55', 'en_us', ' ed nav 330 2 '),
 ('2868', 'slug', '0', 'en_us', ''),
 ('2869', 'field', '52', 'en_us', ' for families students '),
 ('2869', 'field', '53', 'en_us', ' find your path '),
 ('2869', 'field', '54', 'en_us', ' for families '),
 ('2869', 'field', '55', 'en_us', ' 649404 '),
 ('2869', 'slug', '0', 'en_us', ''),
 ('2870', 'filename', '0', 'en_us', ' 841683 jpg '),
 ('2870', 'extension', '0', 'en_us', ' jpg '),
 ('2870', 'kind', '0', 'en_us', ' image '),
 ('2870', 'slug', '0', 'en_us', ' 841683 '),
 ('2870', 'title', '0', 'en_us', ' 841683 '),
 ('2870', 'filename', '0', 'es_us', ' 841683 jpg '),
 ('2870', 'extension', '0', 'es_us', ' jpg '),
 ('2870', 'kind', '0', 'es_us', ' image '),
 ('2870', 'slug', '0', 'es_us', ' 841683 '),
 ('2870', 'title', '0', 'es_us', ' 841683 '),
 ('2871', 'filename', '0', 'en_us', ' 841683 jpg '),
 ('2871', 'extension', '0', 'en_us', ' jpg '),
 ('2871', 'kind', '0', 'en_us', ' image '),
 ('2871', 'slug', '0', 'en_us', ' 841683 '),
 ('2871', 'title', '0', 'en_us', ' 841683 '),
 ('2871', 'filename', '0', 'es_us', ' 841683 jpg '),
 ('2871', 'extension', '0', 'es_us', ' jpg '),
 ('2871', 'kind', '0', 'es_us', ' image '),
 ('2871', 'slug', '0', 'es_us', ' 841683 '),
 ('2871', 'title', '0', 'es_us', ' 841683 ');
INSERT INTO `craft_searchindex` (`elementId`, `attribute`, `fieldId`, `locale`, `keywords`) VALUES
 ('2', 'field', '36', 'en_us', ''),
 ('2876', 'title', '0', 'es_us', ' 2001 a space odyssey screenshot 1920x1080 9 '),
 ('2876', 'slug', '0', 'es_us', ' 2001 a space odyssey screenshot 1920x1080 9 '),
 ('2876', 'kind', '0', 'es_us', ' image '),
 ('2876', 'extension', '0', 'es_us', ' jpg '),
 ('2802', 'name', '0', 'en_us', ' socially responsible '),
 ('2802', 'slug', '0', 'en_us', ' socially responsible '),
 ('2802', 'title', '0', 'en_us', ' socially responsible '),
 ('2804', 'name', '0', 'en_us', ' writing for the web '),
 ('2804', 'slug', '0', 'en_us', ' writing for the web lunch n learn '),
 ('2804', 'title', '0', 'en_us', ' writing for the web '),
 ('2805', 'name', '0', 'en_us', ' lunch n learn '),
 ('2805', 'slug', '0', 'en_us', ' lunch n learn '),
 ('2805', 'title', '0', 'en_us', ' lunch n learn '),
 ('2808', 'name', '0', 'en_us', ' field trip '),
 ('2808', 'slug', '0', 'en_us', ' field trip '),
 ('2808', 'title', '0', 'en_us', ' field trip '),
 ('2811', 'name', '0', 'en_us', ' girls garage '),
 ('2811', 'slug', '0', 'en_us', ' girls garage '),
 ('2811', 'title', '0', 'en_us', ' girls garage '),
 ('2854', 'field', '40', 'en_us', ''),
 ('2854', 'field', '38', 'en_us', ' director of outreach and external affairs education post '),
 ('2854', 'field', '37', 'en_us', ' chris stewart '),
 ('2853', 'slug', '0', 'en_us', ''),
 ('2853', 'field', '41', 'en_us', ''),
 ('2853', 'field', '40', 'en_us', ''),
 ('2853', 'field', '38', 'en_us', ' executive director education trust west '),
 ('2853', 'field', '37', 'en_us', ' ryan smith '),
 ('2852', 'slug', '0', 'en_us', ''),
 ('2852', 'field', '40', 'en_us', ''),
 ('2852', 'field', '41', 'en_us', ''),
 ('2852', 'field', '38', 'en_us', ' former chancellor dc public schools '),
 ('2852', 'field', '37', 'en_us', ' kaya henderson '),
 ('2851', 'slug', '0', 'en_us', ''),
 ('2851', 'field', '41', 'en_us', ''),
 ('2851', 'field', '40', 'en_us', ''),
 ('2851', 'field', '38', 'en_us', ' co founder and chief executive officer citizens of the world charter schools '),
 ('2851', 'field', '37', 'en_us', ' kriste dragon '),
 ('2850', 'title', '0', 'en_us', ' board of directors '),
 ('2850', 'slug', '0', 'en_us', ' board of directors '),
 ('2850', 'field', '7', 'en_us', ''),
 ('2850', 'field', '6', 'en_us', ''),
 ('2850', 'field', '2', 'en_us', ''),
 ('2850', 'field', '36', 'en_us', ' kriste dragon co founder and chief executive officer citizens of the world charter schools kaya henderson former chancellor dc public schools ryan smith executive director education trust west chris stewart director of outreach and external affairs education post '),
 ('2849', 'slug', '0', 'en_us', ''),
 ('2849', 'field', '41', 'en_us', ''),
 ('2849', 'field', '40', 'en_us', ' before founding ednavigator ariela rozman served for eight years as chief executive officer of tntp under her tenure as ceo tntp tripled in size growing to a staff of 370 full time employees across 41 states and an annual budget of more than $60 million   today tntp has a presence in more than 50 cities and states including most of the country s largest urban areas in 2012 she and then tntp president tim daly received the harold w mcgraw jr prize in education for their leadership prior to joining tntp in 2001 ariela worked in consulting for bain company and helped launch and grow the e commerce site planetrx com she holds a ba in political and social thought from the university of virginia and lives in brooklyn ny with her husband and two children '),
 ('2849', 'field', '38', 'en_us', ' founding partner '),
 ('2849', 'field', '37', 'en_us', ' ariela rozman '),
 ('2848', 'slug', '0', 'en_us', ''),
 ('2848', 'field', '41', 'en_us', ''),
 ('2848', 'field', '40', 'en_us', ' david keeling has 16 years of experience in strategic communications and public education over the last decade and a half his words have appeared in teacher recruitment ads in the new york city subway in news outlets from education week to the new york times and in the remarks and messages of some of the nation s most prominent education leaders before ednavigator he served for six years as vice president of communications for tntp leading the organization s communications marketing and publications strategy and advising tntp staff state education agencies and urban school systems nationwide on communicating with teachers parents school leaders and other stakeholders   he holds a ba in english from middlebury college and lives with his wife and two children in chicago '),
 ('2848', 'field', '38', 'en_us', ' founding partner '),
 ('2847', 'slug', '0', 'en_us', ''),
 ('2848', 'field', '37', 'en_us', ' david keeling '),
 ('2847', 'field', '41', 'en_us', ''),
 ('2847', 'field', '40', 'en_us', ' a native of east st louis il whitney brings to her work 10 years of experience as an award winning teacher school principal and instructional expert her career in education began in new orleans where she moved after hurricane katrina to become a founding teacher and eventually 7th 9th grade principal at kipp central city academy her extraordinary success with students earned her the 2011 fishman prize a $25 000 award given annually to just four teachers nationwide whitney holds a ba in english and modern foreign languages from jackson state university a ma in organizational leadership from teacher s college at columbia university and a master s in education policy and management from the harvard graduate school of education she lives in new orleans la   '),
 ('2847', 'field', '38', 'en_us', ' navigator in chief '),
 ('2847', 'field', '37', 'en_us', ' whitney henderson '),
 ('2844', 'field', '36', 'en_us', ' timothy daly founding partner whitney henderson navigator in chief david keeling founding partner ariela rozman founding partner '),
 ('2844', 'field', '2', 'en_us', ''),
 ('2844', 'field', '7', 'en_us', ''),
 ('2844', 'field', '6', 'en_us', ''),
 ('2844', 'slug', '0', 'en_us', ' leadership '),
 ('2844', 'title', '0', 'en_us', ' leadership '),
 ('2845', 'field', '36', 'en_us', ' tim brings 17 years of experience in public education to ednavigator including service as an urban school teacher organizational leader and policy expert prior to founding ednavigator he served alongside ariela rozman as president of tntp a leading education nonprofit organization that partners with school systems and states to ensure that all students get excellent teachers during his eight years in that role tntp became a leading source of innovative research and a respected independent voice on teacher quality issues before joining tntp in 2001 tim taught social studies at northeast middle school in baltimore he holds a ma in teaching from johns hopkins university and a ba in american studies from northwestern university he lives in chicago with his wife and two children navigator timothy daly timothy daly founding partner a native of east st louis il whitney brings to her work 10 years of experience as an award winning teacher school principal and instructional expert her career in education began in new orleans where she moved after hurricane katrina to become a founding teacher and eventually 7th 9th grade principal at kipp central city academy her extraordinary success with students earned her the 2011 fishman prize a $25 000 award given annually to just four teachers nationwide whitney holds a ba in english and modern foreign languages from jackson state university a ma in organizational leadership from teacher s college at columbia university and a master s in education policy and management from the harvard graduate school of education she lives in new orleans la   whitney henderson navigator in chief david keeling has 16 years of experience in strategic communications and public education over the last decade and a half his words have appeared in teacher recruitment ads in the new york city subway in news outlets from education week to the new york times and in the remarks and messages of some of the nation s most prominent education leaders before ednavigator he served for six years as vice president of communications for tntp leading the organization s communications marketing and publications strategy and advising tntp staff state education agencies and urban school systems nationwide on communicating with teachers parents school leaders and other stakeholders   he holds a ba in english from middlebury college and lives with his wife and two children in chicago david keeling founding partner before founding ednavigator ariela rozman served for eight years as chief executive officer of tntp under her tenure as ceo tntp tripled in size growing to a staff of 370 full time employees across 41 states and an annual budget of more than $60 million   today tntp has a presence in more than 50 cities and states including most of the country s largest urban areas in 2012 she and then tntp president tim daly received the harold w mcgraw jr prize in education for their leadership prior to joining tntp in 2001 ariela worked in consulting for bain company and helped launch and grow the e commerce site planetrx com she holds a ba in political and social thought from the university of virginia and lives in brooklyn ny with her husband and two children ariela rozman founding partner '),
 ('2845', 'field', '2', 'en_us', ''),
 ('2845', 'field', '7', 'en_us', ''),
 ('2845', 'field', '6', 'en_us', ''),
 ('2845', 'slug', '0', 'en_us', ' leadership '),
 ('2845', 'title', '0', 'en_us', ' leadership '),
 ('2846', 'field', '37', 'en_us', ' timothy daly '),
 ('2846', 'field', '38', 'en_us', ' founding partner '),
 ('2846', 'field', '40', 'en_us', ' tim brings 17 years of experience in public education to ednavigator including service as an urban school teacher organizational leader and policy expert prior to founding ednavigator he served alongside ariela rozman as president of tntp a leading education nonprofit organization that partners with school systems and states to ensure that all students get excellent teachers during his eight years in that role tntp became a leading source of innovative research and a respected independent voice on teacher quality issues before joining tntp in 2001 tim taught social studies at northeast middle school in baltimore he holds a ma in teaching from johns hopkins university and a ba in american studies from northwestern university he lives in chicago with his wife and two children '),
 ('2846', 'field', '41', 'en_us', ' navigator timothy daly '),
 ('2846', 'slug', '0', 'en_us', '');



DROP TABLE IF EXISTS `craft_sections`;


--
-- Schema for table `craft_sections`
--
CREATE TABLE `craft_sections` (
  `id` int(11) NOT NULL AUTO_INCREMENT,
  `structureId` int(11) DEFAULT NULL,
  `name` varchar(255) COLLATE utf8_unicode_ci NOT NULL,
  `handle` varchar(255) COLLATE utf8_unicode_ci NOT NULL,
  `type` enum('single','channel','structure') COLLATE utf8_unicode_ci NOT NULL DEFAULT 'channel',
  `hasUrls` tinyint(1) unsigned NOT NULL DEFAULT '1',
  `template` varchar(500) COLLATE utf8_unicode_ci DEFAULT NULL,
  `enableVersioning` tinyint(1) unsigned NOT NULL DEFAULT '0',
  `dateCreated` datetime NOT NULL,
  `dateUpdated` datetime NOT NULL,
  `uid` char(36) COLLATE utf8_unicode_ci NOT NULL DEFAULT '0',
  PRIMARY KEY (`id`),
  UNIQUE KEY `craft_sections_name_unq_idx` (`name`),
  UNIQUE KEY `craft_sections_handle_unq_idx` (`handle`),
  KEY `craft_sections_structureId_fk` (`structureId`)
) ENGINE=InnoDB AUTO_INCREMENT=15 DEFAULT CHARSET=utf8 COLLATE=utf8_unicode_ci;

--
-- Data for table `craft_sections`
--

INSERT INTO `craft_sections` (`id`, `structureId`, `name`, `handle`, `type`, `hasUrls`, `template`, `enableVersioning`, `dateCreated`, `dateUpdated`, `uid`) VALUES
 ('1', NULL, 'Homepage', 'homepage', 'single', '1', 'index', '1', '2016-10-10 20:59:13', '2017-01-03 22:07:47', 'cd633440-efa8-44c2-af6d-c74c19378f79'),
 ('9', '9', 'Who We Are', 'whoWeAre', 'structure', '1', 'who-we-are', '1', '2016-12-20 19:41:20', '2017-01-25 17:10:33', 'bbc987b8-a57f-4ea5-9a26-913ec9199524'),
 ('10', NULL, 'How We Help', 'howWeHelp', 'single', '1', 'how-we-help', '1', '2016-12-20 19:42:21', '2017-01-25 17:15:13', 'd834f44a-1ff7-4e43-88e5-7fb1bf17b13c'),
 ('11', NULL, 'Resources', 'resources', 'channel', '1', 'resources/_entry', '1', '2016-12-20 19:48:02', '2017-01-25 17:36:38', 'b04c9ca0-ec19-4957-9463-e561c6cbe987'),
 ('12', NULL, 'Blog', 'blog', 'channel', '1', 'blog/_entry', '1', '2016-12-20 19:54:02', '2017-01-25 17:37:08', '524ea879-0552-4149-97b5-1c910292a200'),
 ('13', '14', 'For Employers', 'employers', 'structure', '1', 'user-paths', '1', '2017-01-04 23:32:41', '2017-01-23 22:50:13', 'ef211a7b-498f-4758-bd9d-cfe0f34fc470'),
 ('14', '15', 'For Families', 'families', 'structure', '1', 'user-paths.html', '1', '2017-01-04 23:33:20', '2017-01-24 20:47:20', '1cdcce43-6cd2-44ac-aca6-0268ce4da2fe');



DROP TABLE IF EXISTS `craft_sections_i18n`;


--
-- Schema for table `craft_sections_i18n`
--
CREATE TABLE `craft_sections_i18n` (
  `id` int(11) NOT NULL AUTO_INCREMENT,
  `sectionId` int(11) NOT NULL,
  `locale` char(12) COLLATE utf8_unicode_ci NOT NULL,
  `enabledByDefault` tinyint(1) unsigned NOT NULL DEFAULT '1',
  `urlFormat` text COLLATE utf8_unicode_ci,
  `nestedUrlFormat` text COLLATE utf8_unicode_ci,
  `dateCreated` datetime NOT NULL,
  `dateUpdated` datetime NOT NULL,
  `uid` char(36) COLLATE utf8_unicode_ci NOT NULL DEFAULT '0',
  PRIMARY KEY (`id`),
  UNIQUE KEY `craft_sections_i18n_sectionId_locale_unq_idx` (`sectionId`,`locale`),
  KEY `craft_sections_i18n_locale_fk` (`locale`)
) ENGINE=InnoDB AUTO_INCREMENT=22 DEFAULT CHARSET=utf8 COLLATE=utf8_unicode_ci;

--
-- Data for table `craft_sections_i18n`
--

INSERT INTO `craft_sections_i18n` (`id`, `sectionId`, `locale`, `enabledByDefault`, `urlFormat`, `nestedUrlFormat`, `dateCreated`, `dateUpdated`, `uid`) VALUES
 ('1', '1', 'en_us', '1', '__home__', NULL, '2016-10-10 20:59:13', '2016-10-10 20:59:13', '8cf04716-d4cb-4fec-9785-fae6377e3f0e'),
 ('9', '9', 'en_us', '1', 'who-we-are', '{parent.uri}/{slug}', '2016-12-20 19:41:20', '2016-12-20 20:52:31', '874eb9fa-cd83-44ef-abc4-05e7af68709c'),
 ('10', '10', 'en_us', '1', 'how-we-help', NULL, '2016-12-20 19:42:21', '2016-12-20 19:42:21', '97b4bf3d-e22c-422c-8dfc-5ed5e3ee1532'),
 ('11', '11', 'en_us', '1', 'resources/{slug}', NULL, '2016-12-20 19:48:02', '2016-12-20 19:48:02', 'cfdc2262-4bed-46fb-a803-72dc7219afbe'),
 ('12', '12', 'en_us', '1', 'blog/{slug}', NULL, '2016-12-20 19:54:02', '2016-12-20 19:54:02', '069afb23-3db3-4857-8692-a834fa3f1b7c'),
 ('13', '1', 'es_us', '1', '__home__', NULL, '2017-01-03 22:07:47', '2017-01-03 22:07:47', '2d914d66-1646-492d-8e3a-d7b3d88bc832'),
 ('14', '13', 'en_us', '1', '{slug}', '{parent.uri}/{slug}', '2017-01-04 23:32:41', '2017-01-17 23:10:29', '8d6ddf67-ae97-4543-bec5-ee167d121dc4'),
 ('15', '13', 'es_us', '1', '{slug}', '{parent.uri}/{slug}', '2017-01-04 23:32:41', '2017-01-17 23:10:29', 'c60c233d-1667-485d-ab6c-10cdf02c9998'),
 ('16', '14', 'en_us', '1', '{slug}', '{parent}/slug', '2017-01-04 23:33:20', '2017-01-24 20:19:44', 'aa0461eb-a7d2-45b5-9432-1f0c6f31e208'),
 ('17', '14', 'es_us', '1', '{slug}', '{parent}/slug', '2017-01-04 23:33:20', '2017-01-24 20:47:20', '1278311b-e5a7-4602-b781-bb5ac88c6875'),
 ('18', '9', 'es_us', '1', 'quienes-somos', '{parent.uri}/{slug}', '2017-01-25 17:10:33', '2017-01-25 17:10:33', '0e288f87-a2fc-4d5d-ab13-173b276d692b'),
 ('19', '10', 'es_us', '1', 'como-ayudamos', NULL, '2017-01-25 17:15:13', '2017-01-25 17:15:13', '5bb97797-6455-4ce2-953e-cc47bc315531'),
 ('20', '11', 'es_us', '1', 'recursos/{slug}', NULL, '2017-01-25 17:36:38', '2017-01-25 17:36:38', 'b9565a7e-350d-49fe-ab68-0ade8fe399ff'),
 ('21', '12', 'es_us', '1', 'blog/{slug}', NULL, '2017-01-25 17:37:08', '2017-01-25 17:37:08', '923ddf2c-5ebf-438d-937d-fd62c34bb248');



DROP TABLE IF EXISTS `craft_sessions`;


--
-- Schema for table `craft_sessions`
--
CREATE TABLE `craft_sessions` (
  `id` int(11) NOT NULL AUTO_INCREMENT,
  `userId` int(11) NOT NULL,
  `token` char(100) COLLATE utf8_unicode_ci NOT NULL,
  `dateCreated` datetime NOT NULL,
  `dateUpdated` datetime NOT NULL,
  `uid` char(36) COLLATE utf8_unicode_ci NOT NULL DEFAULT '0',
  PRIMARY KEY (`id`),
  KEY `craft_sessions_uid_idx` (`uid`),
  KEY `craft_sessions_token_idx` (`token`),
  KEY `craft_sessions_dateUpdated_idx` (`dateUpdated`),
  KEY `craft_sessions_userId_fk` (`userId`)
) ENGINE=InnoDB AUTO_INCREMENT=62 DEFAULT CHARSET=utf8 COLLATE=utf8_unicode_ci;

DROP TABLE IF EXISTS `craft_shunnedmessages`;


--
-- Schema for table `craft_shunnedmessages`
--
CREATE TABLE `craft_shunnedmessages` (
  `id` int(11) NOT NULL AUTO_INCREMENT,
  `userId` int(11) NOT NULL,
  `message` varchar(255) COLLATE utf8_unicode_ci NOT NULL,
  `expiryDate` datetime DEFAULT NULL,
  `dateCreated` datetime NOT NULL,
  `dateUpdated` datetime NOT NULL,
  `uid` char(36) COLLATE utf8_unicode_ci NOT NULL DEFAULT '0',
  PRIMARY KEY (`id`),
  UNIQUE KEY `craft_shunnedmessages_userId_message_unq_idx` (`userId`,`message`)
) ENGINE=InnoDB DEFAULT CHARSET=utf8 COLLATE=utf8_unicode_ci;

DROP TABLE IF EXISTS `craft_structureelements`;


--
-- Schema for table `craft_structureelements`
--
CREATE TABLE `craft_structureelements` (
  `id` int(11) NOT NULL AUTO_INCREMENT,
  `structureId` int(11) NOT NULL,
  `elementId` int(11) DEFAULT NULL,
  `root` int(11) unsigned DEFAULT NULL,
  `lft` int(11) unsigned NOT NULL,
  `rgt` int(11) unsigned NOT NULL,
  `level` smallint(6) unsigned NOT NULL,
  `dateCreated` datetime NOT NULL,
  `dateUpdated` datetime NOT NULL,
  `uid` char(36) COLLATE utf8_unicode_ci NOT NULL DEFAULT '0',
  PRIMARY KEY (`id`),
  UNIQUE KEY `craft_structureelements_structureId_elementId_unq_idx` (`structureId`,`elementId`),
  KEY `craft_structureelements_root_idx` (`root`),
  KEY `craft_structureelements_lft_idx` (`lft`),
  KEY `craft_structureelements_rgt_idx` (`rgt`),
  KEY `craft_structureelements_level_idx` (`level`),
  KEY `craft_structureelements_elementId_fk` (`elementId`)
) ENGINE=InnoDB AUTO_INCREMENT=105 DEFAULT CHARSET=utf8 COLLATE=utf8_unicode_ci;

--
-- Data for table `craft_structureelements`
--

INSERT INTO `craft_structureelements` (`id`, `structureId`, `elementId`, `root`, `lft`, `rgt`, `level`, `dateCreated`, `dateUpdated`, `uid`) VALUES
 ('1', '1', NULL, '1', '1', '2', '0', '2016-10-10 22:14:30', '2016-10-10 22:14:30', '45a87c6b-ac80-48bb-b33d-4825a4226026'),
 ('67', '6', NULL, '67', '1', '8', '0', '2016-12-20 20:12:32', '2016-12-20 20:12:32', '7bede3f5-7485-4a36-a6bb-22a1816f6039'),
 ('69', '7', NULL, '69', '1', '6', '0', '2016-12-20 20:13:25', '2016-12-20 20:13:25', '3a6b3312-2792-4395-8ebe-ed25bf0c1aa6'),
 ('70', '7', '2834', '69', '2', '3', '1', '2016-12-20 20:13:25', '2016-12-20 20:13:25', '72473c2b-54b1-478d-a646-7dde6b98fd88'),
 ('71', '7', '2835', '69', '4', '5', '1', '2016-12-20 20:14:01', '2016-12-20 20:14:01', '1132cb76-296b-41ed-9ea3-cc89b10f9bbe'),
 ('72', '6', '2836', '67', '2', '3', '1', '2016-12-20 20:17:06', '2016-12-20 20:17:06', 'e1b06767-9b47-4ec0-a334-ed351e1f0ae4'),
 ('73', '6', '2837', '67', '4', '5', '1', '2016-12-20 20:17:23', '2016-12-20 20:17:23', '56a6588c-a0f8-4919-a34a-fbac44d601fe'),
 ('74', '6', '2838', '67', '6', '7', '1', '2016-12-20 20:17:41', '2016-12-20 20:17:41', '9152a5ad-7f27-4c8f-aefc-a87123d7a898'),
 ('75', '9', NULL, '75', '1', '12', '0', '2016-12-20 20:52:31', '2016-12-20 20:52:31', '8de4bb25-02a1-4060-a608-1a7cb38c3207'),
 ('76', '9', '2830', '75', '2', '11', '1', '2016-12-20 20:52:31', '2016-12-20 20:52:31', '7d3b89d8-e11c-4152-980f-1c64ebc95e49'),
 ('78', '9', '2843', '75', '3', '4', '2', '2016-12-20 22:01:56', '2016-12-20 22:01:56', 'f64fa343-7539-4c10-bc8d-b99ea06c4258'),
 ('79', '9', '2845', '75', '5', '6', '2', '2016-12-20 22:40:44', '2016-12-20 22:40:44', '163c913e-f231-4b40-97e8-ac227127a97d'),
 ('80', '9', '2850', '75', '7', '8', '2', '2016-12-20 22:49:44', '2016-12-20 22:49:44', 'b8331134-fa4d-4dae-8042-bdd6a568e8bd'),
 ('81', '9', '2856', '75', '9', '10', '2', '2016-12-20 23:04:45', '2016-12-20 23:04:45', '19674e92-6ebc-4862-91fc-d2e3730ee1f3'),
 ('91', '14', NULL, '91', '1', '14', '0', '2017-01-11 18:13:06', '2017-01-11 18:13:06', '723d03cf-50a3-4c4c-bf46-19607fc9fdbe'),
 ('93', '15', NULL, '93', '1', '10', '0', '2017-01-11 18:13:19', '2017-01-11 18:13:19', 'dc2c4731-2266-416b-b93e-4e1cb3f0593f'),
 ('95', '15', '2880', '93', '4', '5', '1', '2017-01-17 20:42:53', '2017-01-17 20:42:53', '7f153e3b-edb9-4610-b7b8-3b15cf8f4855'),
 ('96', '15', '2885', '93', '6', '7', '1', '2017-01-17 22:45:59', '2017-01-17 22:45:59', '6bc5624d-28d1-4338-93e3-72787975549e'),
 ('97', '14', '2890', '91', '4', '5', '1', '2017-01-17 23:12:01', '2017-01-17 23:12:01', '467a3298-2711-4d3b-9990-988c4b5cc16a'),
 ('98', '15', '2892', '93', '2', '3', '1', '2017-01-17 23:21:22', '2017-01-17 23:21:22', 'cf68a3bb-7f53-4ddb-813b-1717c213daab'),
 ('99', '14', '2893', '91', '2', '3', '1', '2017-01-17 23:21:44', '2017-01-17 23:21:44', 'd05ed55b-25d9-479d-b9fc-6722969a0ced'),
 ('100', '14', '2895', '91', '6', '7', '1', '2017-01-17 23:35:21', '2017-01-17 23:35:21', '9a98b30c-72c8-4bc2-983f-ddc418f44d22'),
 ('101', '14', '2897', '91', '8', '9', '1', '2017-01-18 15:23:58', '2017-01-18 15:23:58', '039921ce-db18-4a00-bf87-2a8d890b7561'),
 ('102', '14', '2902', '91', '10', '11', '1', '2017-01-18 15:30:09', '2017-01-18 15:30:09', 'b2418144-345c-4694-b169-0f5b5a73b265'),
 ('103', '14', '2905', '91', '12', '13', '1', '2017-01-18 16:44:06', '2017-01-18 16:44:06', 'c684da0c-cf06-45ba-ac12-21df4cd31c20'),
 ('104', '15', '2911', '93', '8', '9', '1', '2017-01-24 17:25:49', '2017-01-24 17:25:49', '6bd86026-a0ef-4ef0-acee-e7d49e587265');



DROP TABLE IF EXISTS `craft_structures`;


--
-- Schema for table `craft_structures`
--
CREATE TABLE `craft_structures` (
  `id` int(11) NOT NULL AUTO_INCREMENT,
  `maxLevels` smallint(6) unsigned DEFAULT NULL,
  `dateCreated` datetime NOT NULL,
  `dateUpdated` datetime NOT NULL,
  `uid` char(36) COLLATE utf8_unicode_ci NOT NULL DEFAULT '0',
  PRIMARY KEY (`id`)
) ENGINE=InnoDB AUTO_INCREMENT=16 DEFAULT CHARSET=utf8 COLLATE=utf8_unicode_ci;

--
-- Data for table `craft_structures`
--

INSERT INTO `craft_structures` (`id`, `maxLevels`, `dateCreated`, `dateUpdated`, `uid`) VALUES
 ('1', NULL, '2016-10-10 22:13:52', '2016-10-10 22:13:52', '4509c77b-c431-4044-9371-7de8f39524de'),
 ('4', '1', '2016-10-12 16:40:27', '2016-10-12 16:40:27', 'a0c83000-56da-473e-b193-cb45852c639b'),
 ('5', NULL, '2016-12-20 20:07:11', '2016-12-20 20:07:11', 'e7ce13de-0fc0-4f93-9ccd-c4b5317fdf83'),
 ('6', NULL, '2016-12-20 20:07:46', '2016-12-20 20:07:46', '43070767-1687-4312-991d-57f6651c8a22'),
 ('7', NULL, '2016-12-20 20:08:03', '2016-12-20 20:08:03', 'f69d10d4-a4a9-44f4-8ff8-e7ac741b7339'),
 ('9', NULL, '2016-12-20 20:52:31', '2017-01-25 17:10:33', '344355f6-b139-4be7-8695-0380a4b83d75'),
 ('14', NULL, '2017-01-11 18:13:06', '2017-01-23 22:50:13', 'ce127626-aca5-4f7a-9d1e-1ab6109f14e7'),
 ('15', NULL, '2017-01-11 18:13:19', '2017-01-24 20:47:20', 'cbcbd494-5670-4d09-ad7a-eb61432d5805');



DROP TABLE IF EXISTS `craft_systemsettings`;


--
-- Schema for table `craft_systemsettings`
--
CREATE TABLE `craft_systemsettings` (
  `id` int(11) NOT NULL AUTO_INCREMENT,
  `category` varchar(15) COLLATE utf8_unicode_ci NOT NULL,
  `settings` text COLLATE utf8_unicode_ci,
  `dateCreated` datetime NOT NULL,
  `dateUpdated` datetime NOT NULL,
  `uid` char(36) COLLATE utf8_unicode_ci NOT NULL DEFAULT '0',
  PRIMARY KEY (`id`),
  UNIQUE KEY `craft_systemsettings_category_unq_idx` (`category`)
) ENGINE=InnoDB AUTO_INCREMENT=2 DEFAULT CHARSET=utf8 COLLATE=utf8_unicode_ci;

--
-- Data for table `craft_systemsettings`
--

INSERT INTO `craft_systemsettings` (`id`, `category`, `settings`, `dateCreated`, `dateUpdated`, `uid`) VALUES
 ('1', 'email', '{\"protocol\":\"php\",\"emailAddress\":\"nate@firebellydesign.com\",\"senderName\":\"Firebelly Design\"}', '2016-10-10 20:59:13', '2016-10-10 20:59:13', 'a05fc666-ce35-4111-be6a-580265b582de');



DROP TABLE IF EXISTS `craft_taggroups`;


--
-- Schema for table `craft_taggroups`
--
CREATE TABLE `craft_taggroups` (
  `id` int(11) NOT NULL AUTO_INCREMENT,
  `name` varchar(255) COLLATE utf8_unicode_ci NOT NULL,
  `handle` varchar(255) COLLATE utf8_unicode_ci NOT NULL,
  `fieldLayoutId` int(10) DEFAULT NULL,
  `dateCreated` datetime NOT NULL,
  `dateUpdated` datetime NOT NULL,
  `uid` char(36) COLLATE utf8_unicode_ci NOT NULL DEFAULT '0',
  PRIMARY KEY (`id`),
  UNIQUE KEY `craft_taggroups_name_unq_idx` (`name`),
  UNIQUE KEY `craft_taggroups_handle_unq_idx` (`handle`),
  KEY `craft_taggroups_fieldLayoutId_fk` (`fieldLayoutId`)
) ENGINE=InnoDB AUTO_INCREMENT=3 DEFAULT CHARSET=utf8 COLLATE=utf8_unicode_ci;

--
-- Data for table `craft_taggroups`
--

INSERT INTO `craft_taggroups` (`id`, `name`, `handle`, `fieldLayoutId`, `dateCreated`, `dateUpdated`, `uid`) VALUES
 ('1', 'Default', 'default', '1', '2016-10-10 20:59:13', '2016-10-10 20:59:13', 'd4b18616-df80-4087-b64c-b941f7c6b109'),
 ('2', 'Services', 'services', '21', '2016-10-12 16:41:25', '2016-10-12 16:41:25', '23af138f-e299-4c1f-bf04-9c6c14430637');



DROP TABLE IF EXISTS `craft_tags`;


--
-- Schema for table `craft_tags`
--
CREATE TABLE `craft_tags` (
  `id` int(11) NOT NULL,
  `groupId` int(11) NOT NULL,
  `dateCreated` datetime NOT NULL,
  `dateUpdated` datetime NOT NULL,
  `uid` char(36) COLLATE utf8_unicode_ci NOT NULL DEFAULT '0',
  PRIMARY KEY (`id`),
  KEY `craft_tags_groupId_fk` (`groupId`)
) ENGINE=InnoDB DEFAULT CHARSET=utf8 COLLATE=utf8_unicode_ci;

--
-- Data for table `craft_tags`
--

INSERT INTO `craft_tags` (`id`, `groupId`, `dateCreated`, `dateUpdated`, `uid`) VALUES
 ('19', '2', '2016-10-17 22:37:51', '2016-10-17 22:37:51', 'b4156e84-d645-4cdc-9ce4-42419bae0870'),
 ('20', '2', '2016-10-17 22:37:59', '2016-10-17 22:37:59', '0b3a8c86-a52c-4f3c-aead-01e50667a7ad'),
 ('2598', '2', '2016-12-19 08:58:32', '2016-12-19 08:58:32', 'a8fa5733-2a17-4057-a3fb-9206433ac5c1'),
 ('2689', '2', '2016-12-19 10:20:06', '2016-12-19 10:20:06', '70a43601-b2c3-4c0c-adcf-9124a1dab778'),
 ('2747', '1', '2016-12-19 11:41:38', '2016-12-19 11:41:38', '1f37e19d-f5cb-4bd4-8e0e-e18a5a922f6a'),
 ('2789', '1', '2016-12-19 12:01:51', '2016-12-19 12:01:51', '55c1bd29-6d97-4766-b464-6c33720ed7de'),
 ('2790', '1', '2016-12-19 12:01:56', '2016-12-19 12:01:56', '860c7ebe-0802-48d8-8e93-e93b1a452f5f'),
 ('2793', '1', '2016-12-19 12:08:10', '2016-12-19 12:16:30', '6bd591bf-4ee9-4971-a74b-8ed71ef7a6d8'),
 ('2794', '1', '2016-12-19 12:08:15', '2016-12-19 12:08:15', 'ed8b5712-b15a-4e24-bb0c-62b5b84b65f4'),
 ('2802', '1', '2016-12-19 12:16:44', '2016-12-19 12:16:44', '18154982-909c-4ae1-80db-4d1c476d7462'),
 ('2804', '1', '2016-12-19 12:19:48', '2016-12-19 12:20:02', '712865e5-ee41-4b14-aea9-32f4bd104d45'),
 ('2805', '1', '2016-12-19 12:20:13', '2016-12-19 12:20:13', '200cba34-c878-4410-b70b-38cbb86eebe6'),
 ('2808', '1', '2016-12-19 12:24:40', '2016-12-19 12:24:40', '07df80df-a1ad-4d44-81fd-24260a449d9e'),
 ('2811', '1', '2016-12-19 12:32:32', '2016-12-19 12:32:32', '9f5fb76d-45c3-4d59-9864-a54eb140d8ef');



DROP TABLE IF EXISTS `craft_tasks`;


--
-- Schema for table `craft_tasks`
--
CREATE TABLE `craft_tasks` (
  `id` int(11) NOT NULL AUTO_INCREMENT,
  `root` int(11) unsigned DEFAULT NULL,
  `lft` int(11) unsigned NOT NULL,
  `rgt` int(11) unsigned NOT NULL,
  `level` smallint(6) unsigned NOT NULL,
  `currentStep` int(11) unsigned DEFAULT NULL,
  `totalSteps` int(11) unsigned DEFAULT NULL,
  `status` enum('pending','error','running') COLLATE utf8_unicode_ci DEFAULT NULL,
  `type` varchar(150) COLLATE utf8_unicode_ci NOT NULL,
  `description` varchar(255) COLLATE utf8_unicode_ci DEFAULT NULL,
  `settings` mediumtext COLLATE utf8_unicode_ci,
  `dateCreated` datetime NOT NULL,
  `dateUpdated` datetime NOT NULL,
  `uid` char(36) COLLATE utf8_unicode_ci NOT NULL DEFAULT '0',
  PRIMARY KEY (`id`),
  KEY `craft_tasks_root_idx` (`root`),
  KEY `craft_tasks_lft_idx` (`lft`),
  KEY `craft_tasks_rgt_idx` (`rgt`),
  KEY `craft_tasks_level_idx` (`level`)
) ENGINE=InnoDB DEFAULT CHARSET=utf8 COLLATE=utf8_unicode_ci;

DROP TABLE IF EXISTS `craft_templatecachecriteria`;


--
-- Schema for table `craft_templatecachecriteria`
--
CREATE TABLE `craft_templatecachecriteria` (
  `id` int(11) NOT NULL AUTO_INCREMENT,
  `cacheId` int(11) NOT NULL,
  `type` varchar(150) COLLATE utf8_unicode_ci NOT NULL,
  `criteria` text COLLATE utf8_unicode_ci NOT NULL,
  PRIMARY KEY (`id`),
  KEY `craft_templatecachecriteria_cacheId_fk` (`cacheId`),
  KEY `craft_templatecachecriteria_type_idx` (`type`)
) ENGINE=InnoDB DEFAULT CHARSET=utf8 COLLATE=utf8_unicode_ci;

DROP TABLE IF EXISTS `craft_templatecacheelements`;


--
-- Schema for table `craft_templatecacheelements`
--
CREATE TABLE `craft_templatecacheelements` (
  `cacheId` int(11) NOT NULL,
  `elementId` int(11) NOT NULL,
  KEY `craft_templatecacheelements_cacheId_fk` (`cacheId`),
  KEY `craft_templatecacheelements_elementId_fk` (`elementId`)
) ENGINE=InnoDB DEFAULT CHARSET=utf8 COLLATE=utf8_unicode_ci;

DROP TABLE IF EXISTS `craft_templatecaches`;


--
-- Schema for table `craft_templatecaches`
--
CREATE TABLE `craft_templatecaches` (
  `id` int(11) NOT NULL AUTO_INCREMENT,
  `cacheKey` varchar(255) COLLATE utf8_unicode_ci NOT NULL,
  `locale` char(12) COLLATE utf8_unicode_ci NOT NULL,
  `path` varchar(255) COLLATE utf8_unicode_ci DEFAULT NULL,
  `expiryDate` datetime NOT NULL,
  `body` mediumtext COLLATE utf8_unicode_ci NOT NULL,
  PRIMARY KEY (`id`),
  KEY `craft_templatecaches_locale_cacheKey_path_expiryDate_idx` (`locale`,`cacheKey`,`path`,`expiryDate`)
) ENGINE=InnoDB DEFAULT CHARSET=utf8 COLLATE=utf8_unicode_ci;

DROP TABLE IF EXISTS `craft_tokens`;


--
-- Schema for table `craft_tokens`
--
CREATE TABLE `craft_tokens` (
  `id` int(11) NOT NULL AUTO_INCREMENT,
  `token` char(32) COLLATE utf8_unicode_ci NOT NULL,
  `route` text COLLATE utf8_unicode_ci,
  `usageLimit` tinyint(3) unsigned DEFAULT NULL,
  `usageCount` tinyint(3) unsigned DEFAULT NULL,
  `expiryDate` datetime NOT NULL,
  `dateCreated` datetime NOT NULL,
  `dateUpdated` datetime NOT NULL,
  `uid` char(36) COLLATE utf8_unicode_ci NOT NULL DEFAULT '0',
  PRIMARY KEY (`id`),
  UNIQUE KEY `craft_tokens_token_unq_idx` (`token`),
  KEY `craft_tokens_expiryDate_idx` (`expiryDate`)
) ENGINE=InnoDB DEFAULT CHARSET=utf8 COLLATE=utf8_unicode_ci;

DROP TABLE IF EXISTS `craft_usergroups`;


--
-- Schema for table `craft_usergroups`
--
CREATE TABLE `craft_usergroups` (
  `id` int(11) NOT NULL AUTO_INCREMENT,
  `name` varchar(255) COLLATE utf8_unicode_ci NOT NULL,
  `handle` varchar(255) COLLATE utf8_unicode_ci NOT NULL,
  `dateCreated` datetime NOT NULL,
  `dateUpdated` datetime NOT NULL,
  `uid` char(36) COLLATE utf8_unicode_ci NOT NULL DEFAULT '0',
  PRIMARY KEY (`id`),
  UNIQUE KEY `craft_usergroups_name_unq_idx` (`name`),
  UNIQUE KEY `craft_usergroups_handle_unq_idx` (`handle`)
) ENGINE=InnoDB DEFAULT CHARSET=utf8 COLLATE=utf8_unicode_ci;

DROP TABLE IF EXISTS `craft_usergroups_users`;


--
-- Schema for table `craft_usergroups_users`
--
CREATE TABLE `craft_usergroups_users` (
  `id` int(11) NOT NULL AUTO_INCREMENT,
  `groupId` int(11) NOT NULL,
  `userId` int(11) NOT NULL,
  `dateCreated` datetime NOT NULL,
  `dateUpdated` datetime NOT NULL,
  `uid` char(36) COLLATE utf8_unicode_ci NOT NULL DEFAULT '0',
  PRIMARY KEY (`id`),
  UNIQUE KEY `craft_usergroups_users_groupId_userId_unq_idx` (`groupId`,`userId`),
  KEY `craft_usergroups_users_userId_fk` (`userId`)
) ENGINE=InnoDB DEFAULT CHARSET=utf8 COLLATE=utf8_unicode_ci;

DROP TABLE IF EXISTS `craft_userpermissions`;


--
-- Schema for table `craft_userpermissions`
--
CREATE TABLE `craft_userpermissions` (
  `id` int(11) NOT NULL AUTO_INCREMENT,
  `name` varchar(255) COLLATE utf8_unicode_ci NOT NULL,
  `dateCreated` datetime NOT NULL,
  `dateUpdated` datetime NOT NULL,
  `uid` char(36) COLLATE utf8_unicode_ci NOT NULL DEFAULT '0',
  PRIMARY KEY (`id`),
  UNIQUE KEY `craft_userpermissions_name_unq_idx` (`name`)
) ENGINE=InnoDB DEFAULT CHARSET=utf8 COLLATE=utf8_unicode_ci;

DROP TABLE IF EXISTS `craft_userpermissions_usergroups`;


--
-- Schema for table `craft_userpermissions_usergroups`
--
CREATE TABLE `craft_userpermissions_usergroups` (
  `id` int(11) NOT NULL AUTO_INCREMENT,
  `permissionId` int(11) NOT NULL,
  `groupId` int(11) NOT NULL,
  `dateCreated` datetime NOT NULL,
  `dateUpdated` datetime NOT NULL,
  `uid` char(36) COLLATE utf8_unicode_ci NOT NULL DEFAULT '0',
  PRIMARY KEY (`id`),
  UNIQUE KEY `craft_userpermissions_usergroups_permissionId_groupId_unq_idx` (`permissionId`,`groupId`),
  KEY `craft_userpermissions_usergroups_groupId_fk` (`groupId`)
) ENGINE=InnoDB DEFAULT CHARSET=utf8 COLLATE=utf8_unicode_ci;

DROP TABLE IF EXISTS `craft_userpermissions_users`;


--
-- Schema for table `craft_userpermissions_users`
--
CREATE TABLE `craft_userpermissions_users` (
  `id` int(11) NOT NULL AUTO_INCREMENT,
  `permissionId` int(11) NOT NULL,
  `userId` int(11) NOT NULL,
  `dateCreated` datetime NOT NULL,
  `dateUpdated` datetime NOT NULL,
  `uid` char(36) COLLATE utf8_unicode_ci NOT NULL DEFAULT '0',
  PRIMARY KEY (`id`),
  UNIQUE KEY `craft_userpermissions_users_permissionId_userId_unq_idx` (`permissionId`,`userId`),
  KEY `craft_userpermissions_users_userId_fk` (`userId`)
) ENGINE=InnoDB DEFAULT CHARSET=utf8 COLLATE=utf8_unicode_ci;

DROP TABLE IF EXISTS `craft_users`;


--
-- Schema for table `craft_users`
--
CREATE TABLE `craft_users` (
  `id` int(11) NOT NULL,
  `username` varchar(100) COLLATE utf8_unicode_ci NOT NULL,
  `photo` varchar(100) COLLATE utf8_unicode_ci DEFAULT NULL,
  `firstName` varchar(100) COLLATE utf8_unicode_ci DEFAULT NULL,
  `lastName` varchar(100) COLLATE utf8_unicode_ci DEFAULT NULL,
  `email` varchar(255) COLLATE utf8_unicode_ci NOT NULL,
  `password` char(255) COLLATE utf8_unicode_ci DEFAULT NULL,
  `preferredLocale` char(12) COLLATE utf8_unicode_ci DEFAULT NULL,
  `weekStartDay` tinyint(1) unsigned NOT NULL DEFAULT '0',
  `admin` tinyint(1) unsigned NOT NULL DEFAULT '0',
  `client` tinyint(1) unsigned NOT NULL DEFAULT '0',
  `locked` tinyint(1) unsigned NOT NULL DEFAULT '0',
  `suspended` tinyint(1) unsigned NOT NULL DEFAULT '0',
  `pending` tinyint(1) unsigned NOT NULL DEFAULT '0',
  `archived` tinyint(1) unsigned NOT NULL DEFAULT '0',
  `lastLoginDate` datetime DEFAULT NULL,
  `lastLoginAttemptIPAddress` varchar(45) COLLATE utf8_unicode_ci DEFAULT NULL,
  `invalidLoginWindowStart` datetime DEFAULT NULL,
  `invalidLoginCount` tinyint(4) unsigned DEFAULT NULL,
  `lastInvalidLoginDate` datetime DEFAULT NULL,
  `lockoutDate` datetime DEFAULT NULL,
  `verificationCode` char(100) COLLATE utf8_unicode_ci DEFAULT NULL,
  `verificationCodeIssuedDate` datetime DEFAULT NULL,
  `unverifiedEmail` varchar(255) COLLATE utf8_unicode_ci DEFAULT NULL,
  `passwordResetRequired` tinyint(1) unsigned NOT NULL DEFAULT '0',
  `lastPasswordChangeDate` datetime DEFAULT NULL,
  `dateCreated` datetime NOT NULL,
  `dateUpdated` datetime NOT NULL,
  `uid` char(36) COLLATE utf8_unicode_ci NOT NULL DEFAULT '0',
  PRIMARY KEY (`id`),
  UNIQUE KEY `craft_users_username_unq_idx` (`username`),
  UNIQUE KEY `craft_users_email_unq_idx` (`email`),
  KEY `craft_users_verificationCode_idx` (`verificationCode`),
  KEY `craft_users_uid_idx` (`uid`),
  KEY `craft_users_preferredLocale_fk` (`preferredLocale`)
) ENGINE=InnoDB DEFAULT CHARSET=utf8 COLLATE=utf8_unicode_ci;

--
-- Data for table `craft_users`
--

INSERT INTO `craft_users` (`id`, `username`, `photo`, `firstName`, `lastName`, `email`, `password`, `preferredLocale`, `weekStartDay`, `admin`, `client`, `locked`, `suspended`, `pending`, `archived`, `lastLoginDate`, `lastLoginAttemptIPAddress`, `invalidLoginWindowStart`, `invalidLoginCount`, `lastInvalidLoginDate`, `lockoutDate`, `verificationCode`, `verificationCodeIssuedDate`, `unverifiedEmail`, `passwordResetRequired`, `lastPasswordChangeDate`, `dateCreated`, `dateUpdated`, `uid`) VALUES
 ('1', 'fbdev', NULL, NULL, NULL, 'nate@firebellydesign.com', '$2y$13$G.rM3OkwNcK4o04g6B6y3utSUi9IBLhyE1a69RtWRUP655vGlG19W', NULL, '0', '1', '0', '0', '0', '0', '0', '2017-02-02 17:44:15', '127.0.0.1', NULL, NULL, '2017-01-09 20:52:18', NULL, NULL, NULL, NULL, '0', '2016-10-10 20:59:13', '2016-10-10 20:59:13', '2017-02-02 17:44:15', 'a11bf4ec-b7fb-4f2e-8351-822f7bdeda91');



DROP TABLE IF EXISTS `craft_widgets`;


--
-- Schema for table `craft_widgets`
--
CREATE TABLE `craft_widgets` (
  `id` int(11) NOT NULL AUTO_INCREMENT,
  `userId` int(11) NOT NULL,
  `type` varchar(150) COLLATE utf8_unicode_ci NOT NULL,
  `sortOrder` smallint(6) unsigned DEFAULT NULL,
  `colspan` tinyint(4) unsigned DEFAULT NULL,
  `settings` text COLLATE utf8_unicode_ci,
  `enabled` tinyint(1) unsigned NOT NULL DEFAULT '1',
  `dateCreated` datetime NOT NULL,
  `dateUpdated` datetime NOT NULL,
  `uid` char(36) COLLATE utf8_unicode_ci NOT NULL DEFAULT '0',
  PRIMARY KEY (`id`),
  KEY `craft_widgets_userId_fk` (`userId`)
) ENGINE=InnoDB AUTO_INCREMENT=5 DEFAULT CHARSET=utf8 COLLATE=utf8_unicode_ci;

--
-- Data for table `craft_widgets`
--

INSERT INTO `craft_widgets` (`id`, `userId`, `type`, `sortOrder`, `colspan`, `settings`, `enabled`, `dateCreated`, `dateUpdated`, `uid`) VALUES
 ('1', '1', 'RecentEntries', '1', NULL, NULL, '1', '2016-10-10 20:59:15', '2016-10-10 20:59:15', 'ca02355d-8a1e-45e1-a1a2-9171c474064c'),
 ('2', '1', 'GetHelp', '2', NULL, NULL, '1', '2016-10-10 20:59:15', '2016-10-10 20:59:15', 'd1be0d54-4c79-4bf2-a833-182119279a6d'),
 ('3', '1', 'Updates', '3', NULL, NULL, '1', '2016-10-10 20:59:15', '2016-10-10 20:59:15', 'f2dde0cc-b38d-42bd-a695-143ae7b4f38e'),
 ('4', '1', 'Feed', '4', NULL, '{\"url\":\"https:\\/\\/craftcms.com\\/news.rss\",\"title\":\"Craft News\"}', '0', '2016-10-10 20:59:15', '2016-12-20 20:48:27', 'b9b888a7-9a3b-40e6-837f-9b3b287f3c1f');


--
-- Constraints for tables
--


--
-- Constraints for table `craft_assetfiles`
--
ALTER TABLE `craft_assetfiles`
	ADD CONSTRAINT `craft_assetfiles_folderId_fk` FOREIGN KEY (`folderId`) REFERENCES `craft_assetfolders` (`id`) ON DELETE CASCADE,
	ADD CONSTRAINT `craft_assetfiles_id_fk` FOREIGN KEY (`id`) REFERENCES `craft_elements` (`id`) ON DELETE CASCADE,
	ADD CONSTRAINT `craft_assetfiles_sourceId_fk` FOREIGN KEY (`sourceId`) REFERENCES `craft_assetsources` (`id`) ON DELETE CASCADE;

--
-- Constraints for table `craft_assetfolders`
--
ALTER TABLE `craft_assetfolders`
	ADD CONSTRAINT `craft_assetfolders_parentId_fk` FOREIGN KEY (`parentId`) REFERENCES `craft_assetfolders` (`id`) ON DELETE CASCADE,
	ADD CONSTRAINT `craft_assetfolders_sourceId_fk` FOREIGN KEY (`sourceId`) REFERENCES `craft_assetsources` (`id`) ON DELETE CASCADE;

--
-- Constraints for table `craft_assetindexdata`
--
ALTER TABLE `craft_assetindexdata`
	ADD CONSTRAINT `craft_assetindexdata_sourceId_fk` FOREIGN KEY (`sourceId`) REFERENCES `craft_assetsources` (`id`) ON DELETE CASCADE;

--
-- Constraints for table `craft_assetsources`
--
ALTER TABLE `craft_assetsources`
	ADD CONSTRAINT `craft_assetsources_fieldLayoutId_fk` FOREIGN KEY (`fieldLayoutId`) REFERENCES `craft_fieldlayouts` (`id`) ON DELETE SET NULL;

--
-- Constraints for table `craft_categories`
--
ALTER TABLE `craft_categories`
	ADD CONSTRAINT `craft_categories_groupId_fk` FOREIGN KEY (`groupId`) REFERENCES `craft_categorygroups` (`id`) ON DELETE CASCADE,
	ADD CONSTRAINT `craft_categories_id_fk` FOREIGN KEY (`id`) REFERENCES `craft_elements` (`id`) ON DELETE CASCADE;

--
-- Constraints for table `craft_categorygroups`
--
ALTER TABLE `craft_categorygroups`
	ADD CONSTRAINT `craft_categorygroups_fieldLayoutId_fk` FOREIGN KEY (`fieldLayoutId`) REFERENCES `craft_fieldlayouts` (`id`) ON DELETE SET NULL,
	ADD CONSTRAINT `craft_categorygroups_structureId_fk` FOREIGN KEY (`structureId`) REFERENCES `craft_structures` (`id`) ON DELETE CASCADE;

--
-- Constraints for table `craft_categorygroups_i18n`
--
ALTER TABLE `craft_categorygroups_i18n`
	ADD CONSTRAINT `craft_categorygroups_i18n_groupId_fk` FOREIGN KEY (`groupId`) REFERENCES `craft_categorygroups` (`id`) ON DELETE CASCADE,
	ADD CONSTRAINT `craft_categorygroups_i18n_locale_fk` FOREIGN KEY (`locale`) REFERENCES `craft_locales` (`locale`) ON DELETE CASCADE ON UPDATE CASCADE;

--
-- Constraints for table `craft_content`
--
ALTER TABLE `craft_content`
	ADD CONSTRAINT `craft_content_elementId_fk` FOREIGN KEY (`elementId`) REFERENCES `craft_elements` (`id`) ON DELETE CASCADE,
	ADD CONSTRAINT `craft_content_locale_fk` FOREIGN KEY (`locale`) REFERENCES `craft_locales` (`locale`) ON DELETE CASCADE ON UPDATE CASCADE;

--
-- Constraints for table `craft_elements_i18n`
--
ALTER TABLE `craft_elements_i18n`
	ADD CONSTRAINT `craft_elements_i18n_elementId_fk` FOREIGN KEY (`elementId`) REFERENCES `craft_elements` (`id`) ON DELETE CASCADE,
	ADD CONSTRAINT `craft_elements_i18n_locale_fk` FOREIGN KEY (`locale`) REFERENCES `craft_locales` (`locale`) ON DELETE CASCADE ON UPDATE CASCADE;

--
-- Constraints for table `craft_emailmessages`
--
ALTER TABLE `craft_emailmessages`
	ADD CONSTRAINT `craft_emailmessages_locale_fk` FOREIGN KEY (`locale`) REFERENCES `craft_locales` (`locale`) ON DELETE CASCADE ON UPDATE CASCADE;

--
-- Constraints for table `craft_entries`
--
ALTER TABLE `craft_entries`
	ADD CONSTRAINT `craft_entries_authorId_fk` FOREIGN KEY (`authorId`) REFERENCES `craft_users` (`id`) ON DELETE CASCADE,
	ADD CONSTRAINT `craft_entries_id_fk` FOREIGN KEY (`id`) REFERENCES `craft_elements` (`id`) ON DELETE CASCADE,
	ADD CONSTRAINT `craft_entries_sectionId_fk` FOREIGN KEY (`sectionId`) REFERENCES `craft_sections` (`id`) ON DELETE CASCADE,
	ADD CONSTRAINT `craft_entries_typeId_fk` FOREIGN KEY (`typeId`) REFERENCES `craft_entrytypes` (`id`) ON DELETE CASCADE;

--
-- Constraints for table `craft_entrydrafts`
--
ALTER TABLE `craft_entrydrafts`
	ADD CONSTRAINT `craft_entrydrafts_creatorId_fk` FOREIGN KEY (`creatorId`) REFERENCES `craft_users` (`id`) ON DELETE CASCADE,
	ADD CONSTRAINT `craft_entrydrafts_entryId_fk` FOREIGN KEY (`entryId`) REFERENCES `craft_entries` (`id`) ON DELETE CASCADE,
	ADD CONSTRAINT `craft_entrydrafts_locale_fk` FOREIGN KEY (`locale`) REFERENCES `craft_locales` (`locale`) ON DELETE CASCADE ON UPDATE CASCADE,
	ADD CONSTRAINT `craft_entrydrafts_sectionId_fk` FOREIGN KEY (`sectionId`) REFERENCES `craft_sections` (`id`) ON DELETE CASCADE;

--
-- Constraints for table `craft_entrytypes`
--
ALTER TABLE `craft_entrytypes`
	ADD CONSTRAINT `craft_entrytypes_fieldLayoutId_fk` FOREIGN KEY (`fieldLayoutId`) REFERENCES `craft_fieldlayouts` (`id`) ON DELETE SET NULL,
	ADD CONSTRAINT `craft_entrytypes_sectionId_fk` FOREIGN KEY (`sectionId`) REFERENCES `craft_sections` (`id`) ON DELETE CASCADE;

--
-- Constraints for table `craft_entryversions`
--
ALTER TABLE `craft_entryversions`
	ADD CONSTRAINT `craft_entryversions_creatorId_fk` FOREIGN KEY (`creatorId`) REFERENCES `craft_users` (`id`) ON DELETE SET NULL,
	ADD CONSTRAINT `craft_entryversions_entryId_fk` FOREIGN KEY (`entryId`) REFERENCES `craft_entries` (`id`) ON DELETE CASCADE,
	ADD CONSTRAINT `craft_entryversions_locale_fk` FOREIGN KEY (`locale`) REFERENCES `craft_locales` (`locale`) ON DELETE CASCADE ON UPDATE CASCADE,
	ADD CONSTRAINT `craft_entryversions_sectionId_fk` FOREIGN KEY (`sectionId`) REFERENCES `craft_sections` (`id`) ON DELETE CASCADE;

--
-- Constraints for table `craft_fieldlayoutfields`
--
ALTER TABLE `craft_fieldlayoutfields`
	ADD CONSTRAINT `craft_fieldlayoutfields_fieldId_fk` FOREIGN KEY (`fieldId`) REFERENCES `craft_fields` (`id`) ON DELETE CASCADE,
	ADD CONSTRAINT `craft_fieldlayoutfields_layoutId_fk` FOREIGN KEY (`layoutId`) REFERENCES `craft_fieldlayouts` (`id`) ON DELETE CASCADE,
	ADD CONSTRAINT `craft_fieldlayoutfields_tabId_fk` FOREIGN KEY (`tabId`) REFERENCES `craft_fieldlayouttabs` (`id`) ON DELETE CASCADE;

--
-- Constraints for table `craft_fieldlayouttabs`
--
ALTER TABLE `craft_fieldlayouttabs`
	ADD CONSTRAINT `craft_fieldlayouttabs_layoutId_fk` FOREIGN KEY (`layoutId`) REFERENCES `craft_fieldlayouts` (`id`) ON DELETE CASCADE;

--
-- Constraints for table `craft_fields`
--
ALTER TABLE `craft_fields`
	ADD CONSTRAINT `craft_fields_groupId_fk` FOREIGN KEY (`groupId`) REFERENCES `craft_fieldgroups` (`id`) ON DELETE CASCADE;

--
-- Constraints for table `craft_globalsets`
--
ALTER TABLE `craft_globalsets`
	ADD CONSTRAINT `craft_globalsets_fieldLayoutId_fk` FOREIGN KEY (`fieldLayoutId`) REFERENCES `craft_fieldlayouts` (`id`) ON DELETE SET NULL,
	ADD CONSTRAINT `craft_globalsets_id_fk` FOREIGN KEY (`id`) REFERENCES `craft_elements` (`id`) ON DELETE CASCADE;

--
-- Constraints for table `craft_import_entries`
--
ALTER TABLE `craft_import_entries`
	ADD CONSTRAINT `craft_import_entries_entryId_fk` FOREIGN KEY (`entryId`) REFERENCES `craft_entries` (`id`) ON DELETE CASCADE,
	ADD CONSTRAINT `craft_import_entries_historyId_fk` FOREIGN KEY (`historyId`) REFERENCES `craft_import_history` (`id`) ON DELETE SET NULL;

--
-- Constraints for table `craft_import_history`
--
ALTER TABLE `craft_import_history`
	ADD CONSTRAINT `craft_import_history_userId_fk` FOREIGN KEY (`userId`) REFERENCES `craft_users` (`id`) ON DELETE CASCADE;

--
-- Constraints for table `craft_import_log`
--
ALTER TABLE `craft_import_log`
	ADD CONSTRAINT `craft_import_log_historyId_fk` FOREIGN KEY (`historyId`) REFERENCES `craft_import_history` (`id`) ON DELETE SET NULL;

--
-- Constraints for table `craft_matrixblocks`
--
ALTER TABLE `craft_matrixblocks`
	ADD CONSTRAINT `craft_matrixblocks_fieldId_fk` FOREIGN KEY (`fieldId`) REFERENCES `craft_fields` (`id`) ON DELETE CASCADE,
	ADD CONSTRAINT `craft_matrixblocks_id_fk` FOREIGN KEY (`id`) REFERENCES `craft_elements` (`id`) ON DELETE CASCADE,
	ADD CONSTRAINT `craft_matrixblocks_ownerId_fk` FOREIGN KEY (`ownerId`) REFERENCES `craft_elements` (`id`) ON DELETE CASCADE,
	ADD CONSTRAINT `craft_matrixblocks_ownerLocale_fk` FOREIGN KEY (`ownerLocale`) REFERENCES `craft_locales` (`locale`) ON DELETE CASCADE ON UPDATE CASCADE,
	ADD CONSTRAINT `craft_matrixblocks_typeId_fk` FOREIGN KEY (`typeId`) REFERENCES `craft_matrixblocktypes` (`id`) ON DELETE CASCADE;

--
-- Constraints for table `craft_matrixblocktypes`
--
ALTER TABLE `craft_matrixblocktypes`
	ADD CONSTRAINT `craft_matrixblocktypes_fieldId_fk` FOREIGN KEY (`fieldId`) REFERENCES `craft_fields` (`id`) ON DELETE CASCADE,
	ADD CONSTRAINT `craft_matrixblocktypes_fieldLayoutId_fk` FOREIGN KEY (`fieldLayoutId`) REFERENCES `craft_fieldlayouts` (`id`) ON DELETE SET NULL;

--
-- Constraints for table `craft_matrixcontent_introsections`
--
ALTER TABLE `craft_matrixcontent_introsections`
	ADD CONSTRAINT `craft_matrixcontent_introsections_elementId_fk` FOREIGN KEY (`elementId`) REFERENCES `craft_elements` (`id`) ON DELETE CASCADE,
	ADD CONSTRAINT `craft_matrixcontent_introsections_locale_fk` FOREIGN KEY (`locale`) REFERENCES `craft_locales` (`locale`) ON DELETE CASCADE ON UPDATE CASCADE;

--
-- Constraints for table `craft_matrixcontent_knowledge`
--
ALTER TABLE `craft_matrixcontent_knowledge`
	ADD CONSTRAINT `craft_matrixcontent_knowledge_elementId_fk` FOREIGN KEY (`elementId`) REFERENCES `craft_elements` (`id`) ON DELETE CASCADE,
	ADD CONSTRAINT `craft_matrixcontent_knowledge_locale_fk` FOREIGN KEY (`locale`) REFERENCES `craft_locales` (`locale`) ON DELETE CASCADE ON UPDATE CASCADE;

--
-- Constraints for table `craft_matrixcontent_ourapproach`
--
ALTER TABLE `craft_matrixcontent_ourapproach`
	ADD CONSTRAINT `craft_matrixcontent_ourapproach_elementId_fk` FOREIGN KEY (`elementId`) REFERENCES `craft_elements` (`id`) ON DELETE CASCADE,
	ADD CONSTRAINT `craft_matrixcontent_ourapproach_locale_fk` FOREIGN KEY (`locale`) REFERENCES `craft_locales` (`locale`) ON DELETE CASCADE ON UPDATE CASCADE;

--
-- Constraints for table `craft_matrixcontent_ournavigators`
--
ALTER TABLE `craft_matrixcontent_ournavigators`
	ADD CONSTRAINT `craft_matrixcontent_ournavigators_elementId_fk` FOREIGN KEY (`elementId`) REFERENCES `craft_elements` (`id`) ON DELETE CASCADE,
	ADD CONSTRAINT `craft_matrixcontent_ournavigators_locale_fk` FOREIGN KEY (`locale`) REFERENCES `craft_locales` (`locale`) ON DELETE CASCADE ON UPDATE CASCADE;

--
-- Constraints for table `craft_matrixcontent_pathpagesections`
--
ALTER TABLE `craft_matrixcontent_pathpagesections`
	ADD CONSTRAINT `craft_matrixcontent_pathpagesections_elementId_fk` FOREIGN KEY (`elementId`) REFERENCES `craft_elements` (`id`) ON DELETE CASCADE,
	ADD CONSTRAINT `craft_matrixcontent_pathpagesections_locale_fk` FOREIGN KEY (`locale`) REFERENCES `craft_locales` (`locale`) ON DELETE CASCADE ON UPDATE CASCADE;

--
-- Constraints for table `craft_matrixcontent_people`
--
ALTER TABLE `craft_matrixcontent_people`
	ADD CONSTRAINT `craft_matrixcontent_people_elementId_fk` FOREIGN KEY (`elementId`) REFERENCES `craft_elements` (`id`) ON DELETE CASCADE,
	ADD CONSTRAINT `craft_matrixcontent_people_locale_fk` FOREIGN KEY (`locale`) REFERENCES `craft_locales` (`locale`) ON DELETE CASCADE ON UPDATE CASCADE;

--
-- Constraints for table `craft_matrixcontent_principles`
--
ALTER TABLE `craft_matrixcontent_principles`
	ADD CONSTRAINT `craft_matrixcontent_principles_elementId_fk` FOREIGN KEY (`elementId`) REFERENCES `craft_elements` (`id`) ON DELETE CASCADE,
	ADD CONSTRAINT `craft_matrixcontent_principles_locale_fk` FOREIGN KEY (`locale`) REFERENCES `craft_locales` (`locale`) ON DELETE CASCADE ON UPDATE CASCADE;

--
-- Constraints for table `craft_matrixcontent_userpaths`
--
ALTER TABLE `craft_matrixcontent_userpaths`
	ADD CONSTRAINT `craft_matrixcontent_userpaths_elementId_fk` FOREIGN KEY (`elementId`) REFERENCES `craft_elements` (`id`) ON DELETE CASCADE,
	ADD CONSTRAINT `craft_matrixcontent_userpaths_locale_fk` FOREIGN KEY (`locale`) REFERENCES `craft_locales` (`locale`) ON DELETE CASCADE ON UPDATE CASCADE;

--
-- Constraints for table `craft_migrations`
--
ALTER TABLE `craft_migrations`
	ADD CONSTRAINT `craft_migrations_pluginId_fk` FOREIGN KEY (`pluginId`) REFERENCES `craft_plugins` (`id`) ON DELETE CASCADE;

--
-- Constraints for table `craft_relations`
--
ALTER TABLE `craft_relations`
	ADD CONSTRAINT `craft_relations_fieldId_fk` FOREIGN KEY (`fieldId`) REFERENCES `craft_fields` (`id`) ON DELETE CASCADE,
	ADD CONSTRAINT `craft_relations_sourceId_fk` FOREIGN KEY (`sourceId`) REFERENCES `craft_elements` (`id`) ON DELETE CASCADE,
	ADD CONSTRAINT `craft_relations_sourceLocale_fk` FOREIGN KEY (`sourceLocale`) REFERENCES `craft_locales` (`locale`) ON DELETE CASCADE ON UPDATE CASCADE,
	ADD CONSTRAINT `craft_relations_targetId_fk` FOREIGN KEY (`targetId`) REFERENCES `craft_elements` (`id`) ON DELETE CASCADE;

--
-- Constraints for table `craft_routes`
--
ALTER TABLE `craft_routes`
	ADD CONSTRAINT `craft_routes_locale_fk` FOREIGN KEY (`locale`) REFERENCES `craft_locales` (`locale`) ON DELETE CASCADE ON UPDATE CASCADE;

--
-- Constraints for table `craft_sections`
--
ALTER TABLE `craft_sections`
	ADD CONSTRAINT `craft_sections_structureId_fk` FOREIGN KEY (`structureId`) REFERENCES `craft_structures` (`id`) ON DELETE SET NULL;

--
-- Constraints for table `craft_sections_i18n`
--
ALTER TABLE `craft_sections_i18n`
	ADD CONSTRAINT `craft_sections_i18n_locale_fk` FOREIGN KEY (`locale`) REFERENCES `craft_locales` (`locale`) ON DELETE CASCADE ON UPDATE CASCADE,
	ADD CONSTRAINT `craft_sections_i18n_sectionId_fk` FOREIGN KEY (`sectionId`) REFERENCES `craft_sections` (`id`) ON DELETE CASCADE;

--
-- Constraints for table `craft_sessions`
--
ALTER TABLE `craft_sessions`
	ADD CONSTRAINT `craft_sessions_userId_fk` FOREIGN KEY (`userId`) REFERENCES `craft_users` (`id`) ON DELETE CASCADE;

--
-- Constraints for table `craft_shunnedmessages`
--
ALTER TABLE `craft_shunnedmessages`
	ADD CONSTRAINT `craft_shunnedmessages_userId_fk` FOREIGN KEY (`userId`) REFERENCES `craft_users` (`id`) ON DELETE CASCADE;

--
-- Constraints for table `craft_structureelements`
--
ALTER TABLE `craft_structureelements`
	ADD CONSTRAINT `craft_structureelements_elementId_fk` FOREIGN KEY (`elementId`) REFERENCES `craft_elements` (`id`) ON DELETE CASCADE,
	ADD CONSTRAINT `craft_structureelements_structureId_fk` FOREIGN KEY (`structureId`) REFERENCES `craft_structures` (`id`) ON DELETE CASCADE;

--
-- Constraints for table `craft_taggroups`
--
ALTER TABLE `craft_taggroups`
	ADD CONSTRAINT `craft_taggroups_fieldLayoutId_fk` FOREIGN KEY (`fieldLayoutId`) REFERENCES `craft_fieldlayouts` (`id`) ON DELETE SET NULL;

--
-- Constraints for table `craft_tags`
--
ALTER TABLE `craft_tags`
	ADD CONSTRAINT `craft_tags_groupId_fk` FOREIGN KEY (`groupId`) REFERENCES `craft_taggroups` (`id`) ON DELETE CASCADE,
	ADD CONSTRAINT `craft_tags_id_fk` FOREIGN KEY (`id`) REFERENCES `craft_elements` (`id`) ON DELETE CASCADE;

--
-- Constraints for table `craft_templatecachecriteria`
--
ALTER TABLE `craft_templatecachecriteria`
	ADD CONSTRAINT `craft_templatecachecriteria_cacheId_fk` FOREIGN KEY (`cacheId`) REFERENCES `craft_templatecaches` (`id`) ON DELETE CASCADE;

--
-- Constraints for table `craft_templatecacheelements`
--
ALTER TABLE `craft_templatecacheelements`
	ADD CONSTRAINT `craft_templatecacheelements_cacheId_fk` FOREIGN KEY (`cacheId`) REFERENCES `craft_templatecaches` (`id`) ON DELETE CASCADE,
	ADD CONSTRAINT `craft_templatecacheelements_elementId_fk` FOREIGN KEY (`elementId`) REFERENCES `craft_elements` (`id`) ON DELETE CASCADE;

--
-- Constraints for table `craft_templatecaches`
--
ALTER TABLE `craft_templatecaches`
	ADD CONSTRAINT `craft_templatecaches_locale_fk` FOREIGN KEY (`locale`) REFERENCES `craft_locales` (`locale`) ON DELETE CASCADE ON UPDATE CASCADE;

--
-- Constraints for table `craft_usergroups_users`
--
ALTER TABLE `craft_usergroups_users`
	ADD CONSTRAINT `craft_usergroups_users_groupId_fk` FOREIGN KEY (`groupId`) REFERENCES `craft_usergroups` (`id`) ON DELETE CASCADE,
	ADD CONSTRAINT `craft_usergroups_users_userId_fk` FOREIGN KEY (`userId`) REFERENCES `craft_users` (`id`) ON DELETE CASCADE;

--
-- Constraints for table `craft_userpermissions_usergroups`
--
ALTER TABLE `craft_userpermissions_usergroups`
	ADD CONSTRAINT `craft_userpermissions_usergroups_groupId_fk` FOREIGN KEY (`groupId`) REFERENCES `craft_usergroups` (`id`) ON DELETE CASCADE,
	ADD CONSTRAINT `craft_userpermissions_usergroups_permissionId_fk` FOREIGN KEY (`permissionId`) REFERENCES `craft_userpermissions` (`id`) ON DELETE CASCADE;

--
-- Constraints for table `craft_userpermissions_users`
--
ALTER TABLE `craft_userpermissions_users`
	ADD CONSTRAINT `craft_userpermissions_users_permissionId_fk` FOREIGN KEY (`permissionId`) REFERENCES `craft_userpermissions` (`id`) ON DELETE CASCADE,
	ADD CONSTRAINT `craft_userpermissions_users_userId_fk` FOREIGN KEY (`userId`) REFERENCES `craft_users` (`id`) ON DELETE CASCADE;

--
-- Constraints for table `craft_users`
--
ALTER TABLE `craft_users`
	ADD CONSTRAINT `craft_users_id_fk` FOREIGN KEY (`id`) REFERENCES `craft_elements` (`id`) ON DELETE CASCADE,
	ADD CONSTRAINT `craft_users_preferredLocale_fk` FOREIGN KEY (`preferredLocale`) REFERENCES `craft_locales` (`locale`) ON DELETE SET NULL ON UPDATE CASCADE;

--
-- Constraints for table `craft_widgets`
--
ALTER TABLE `craft_widgets`
	ADD CONSTRAINT `craft_widgets_userId_fk` FOREIGN KEY (`userId`) REFERENCES `craft_users` (`id`) ON DELETE CASCADE;

SET FOREIGN_KEY_CHECKS = 1;
