-- Generated by Craft v2.6.2959 on Feb 17, 2017, 6:46:39 PM.

--
-- Disable foreign key checks and autocommit.
--

SET FOREIGN_KEY_CHECKS = 0;
SET SQL_MODE = "NO_AUTO_VALUE_ON_ZERO";
SET AUTOCOMMIT = 0;
SET NAMES utf8;


DROP TABLE IF EXISTS `craft_amnav_navs`;


--
-- Schema for table `craft_amnav_navs`
--
CREATE TABLE `craft_amnav_navs` (
  `id` int(11) NOT NULL AUTO_INCREMENT,
  `name` varchar(255) COLLATE utf8_unicode_ci NOT NULL,
  `handle` varchar(255) COLLATE utf8_unicode_ci NOT NULL,
  `settings` text COLLATE utf8_unicode_ci,
  `dateCreated` datetime NOT NULL,
  `dateUpdated` datetime NOT NULL,
  `uid` char(36) COLLATE utf8_unicode_ci NOT NULL DEFAULT '0',
  PRIMARY KEY (`id`),
  UNIQUE KEY `craft_amnav_navs_handle_unq_idx` (`handle`)
) ENGINE=InnoDB AUTO_INCREMENT=2 DEFAULT CHARSET=utf8 COLLATE=utf8_unicode_ci;

--
-- Data for table `craft_amnav_navs`
--

INSERT INTO `craft_amnav_navs` (`id`, `name`, `handle`, `settings`, `dateCreated`, `dateUpdated`, `uid`) VALUES
 ('1', 'Main Nav', 'mainNav', '{\"entrySources\":\"*\",\"maxLevels\":\"1\",\"canMoveFromLevel\":\"\",\"canDeleteFromLevel\":\"\"}', '2017-01-11 16:07:43', '2017-01-11 16:12:55', '24d23a3c-543e-4273-be7c-3953eec73b99');



DROP TABLE IF EXISTS `craft_amnav_nodes`;


--
-- Schema for table `craft_amnav_nodes`
--
CREATE TABLE `craft_amnav_nodes` (
  `id` int(11) NOT NULL AUTO_INCREMENT,
  `navId` int(10) NOT NULL,
  `parentId` int(10) DEFAULT NULL,
  `order` int(10) DEFAULT '0',
  `name` varchar(255) COLLATE utf8_unicode_ci NOT NULL,
  `url` varchar(255) COLLATE utf8_unicode_ci DEFAULT NULL,
  `listClass` varchar(255) COLLATE utf8_unicode_ci DEFAULT NULL,
  `blank` tinyint(1) unsigned NOT NULL DEFAULT '0',
  `enabled` tinyint(1) unsigned NOT NULL DEFAULT '1',
  `elementId` int(10) DEFAULT NULL,
  `elementType` varchar(255) COLLATE utf8_unicode_ci DEFAULT NULL,
  `locale` char(12) COLLATE utf8_unicode_ci DEFAULT NULL,
  `dateCreated` datetime NOT NULL,
  `dateUpdated` datetime NOT NULL,
  `uid` char(36) COLLATE utf8_unicode_ci NOT NULL DEFAULT '0',
  PRIMARY KEY (`id`),
  KEY `craft_amnav_nodes_elementId_elementType_locale_idx` (`elementId`,`elementType`,`locale`)
) ENGINE=InnoDB AUTO_INCREMENT=15 DEFAULT CHARSET=utf8 COLLATE=utf8_unicode_ci;

--
-- Data for table `craft_amnav_nodes`
--

INSERT INTO `craft_amnav_nodes` (`id`, `navId`, `parentId`, `order`, `name`, `url`, `listClass`, `blank`, `enabled`, `elementId`, `elementType`, `locale`, `dateCreated`, `dateUpdated`, `uid`) VALUES
 ('1', '1', '0', '0', 'Who We Are', NULL, NULL, '0', '1', '2830', 'Entry', 'en_us', '2017-01-11 16:08:12', '2017-02-08 23:21:10', '70155fc3-bc0b-4af6-8d5e-484a0147a3d3'),
 ('2', '1', '0', '1', 'How We Help', NULL, NULL, '0', '1', '2831', 'Entry', 'en_us', '2017-01-11 16:08:23', '2017-02-08 23:21:10', '7624299e-1f7d-43fa-8136-7c36d0a4ffb1'),
 ('7', '1', '0', '0', 'Quienes Somos', NULL, '', '0', '1', '2830', 'Entry', 'es_us', '2017-01-25 17:24:40', '2017-02-16 16:31:34', 'bf1344fc-fbab-44e4-a684-abd5f9215ebf'),
 ('8', '1', '0', '1', 'Como Ayudamos', NULL, '', '0', '1', '2831', 'Entry', 'es_us', '2017-01-25 17:25:32', '2017-02-16 16:31:34', 'bbd82b00-19fd-4ed6-9d0a-c8b9a4712daa'),
 ('11', '1', '0', '3', 'Blog', NULL, NULL, '0', '1', '2958', 'Entry', 'en_us', '2017-02-02 23:43:10', '2017-02-08 23:21:10', 'b97ff6eb-ee93-4442-bf16-709e1a3a0d31'),
 ('12', '1', '0', '2', 'Resources', NULL, NULL, '0', '1', '2969', 'Entry', 'en_us', '2017-02-08 23:21:06', '2017-02-08 23:21:10', 'd72e836a-1f4f-44fe-b351-405e02cac4d9'),
 ('13', '1', '0', '2', 'Resources', NULL, NULL, '0', '1', '2969', 'Entry', 'es_us', '2017-02-16 16:31:09', '2017-02-16 16:31:34', '1177d751-fdad-43fc-84e7-512a8ad7773b'),
 ('14', '1', '0', '3', 'Blog', NULL, NULL, '0', '1', '2958', 'Entry', 'es_us', '2017-02-16 16:31:26', '2017-02-16 16:31:34', '69d0e9ab-a03d-4aa8-82b4-90df5aa5a8fb');



DROP TABLE IF EXISTS `craft_assetfiles`;


--
-- Schema for table `craft_assetfiles`
--
CREATE TABLE `craft_assetfiles` (
  `id` int(11) NOT NULL,
  `sourceId` int(11) DEFAULT NULL,
  `folderId` int(11) NOT NULL,
  `filename` varchar(255) COLLATE utf8_unicode_ci NOT NULL,
  `kind` varchar(50) COLLATE utf8_unicode_ci NOT NULL DEFAULT 'unknown',
  `width` int(11) unsigned DEFAULT NULL,
  `height` int(11) unsigned DEFAULT NULL,
  `size` bigint(20) unsigned DEFAULT NULL,
  `dateModified` datetime DEFAULT NULL,
  `dateCreated` datetime NOT NULL,
  `dateUpdated` datetime NOT NULL,
  `uid` char(36) COLLATE utf8_unicode_ci NOT NULL DEFAULT '0',
  PRIMARY KEY (`id`),
  UNIQUE KEY `craft_assetfiles_filename_folderId_unq_idx` (`filename`,`folderId`),
  KEY `craft_assetfiles_sourceId_fk` (`sourceId`),
  KEY `craft_assetfiles_folderId_fk` (`folderId`)
) ENGINE=InnoDB DEFAULT CHARSET=utf8 COLLATE=utf8_unicode_ci;

--
-- Data for table `craft_assetfiles`
--

INSERT INTO `craft_assetfiles` (`id`, `sourceId`, `folderId`, `filename`, `kind`, `width`, `height`, `size`, `dateModified`, `dateCreated`, `dateUpdated`, `uid`) VALUES
 ('2866', '6', '55', 'EdNav_330-2.jpg', 'image', '1817', '1601', '317083', '2017-01-05 16:38:20', '2017-01-05 16:38:20', '2017-01-05 16:42:04', 'f7353f8b-a502-4a88-80dd-0e014dce8550'),
 ('2867', '6', '55', '649404.jpg', 'image', '800', '534', '82051', '2017-01-05 16:41:56', '2017-01-05 16:41:56', '2017-01-05 16:42:04', 'd21d0e4a-11cc-4bbd-9cb9-0e2d5aebd358'),
 ('2870', '6', '58', '841683.jpg', 'image', '800', '534', '112073', '2017-01-05 17:48:09', '2017-01-05 17:48:09', '2017-01-05 17:48:24', '84d1ca58-932e-4568-b213-45e9341e7b04'),
 ('2871', '6', '55', '841683.jpg', 'image', '800', '534', '112073', '2017-01-05 18:10:18', '2017-01-05 18:10:18', '2017-01-05 18:10:18', '8bf80e87-443b-4aee-aa62-005a2ef235ac'),
 ('2876', '2', '61', '2001-a-space-odyssey-screenshot-1920x1080-9.jpg', 'image', '1920', '1080', '224744', '2017-01-12 23:13:57', '2017-01-12 23:13:57', '2017-01-17 20:57:16', 'e65b723f-ce6e-48ea-9c0a-27a686fd81bc'),
 ('2882', '6', '62', '2001-a-space-odyssey-screenshot-1920x1080-9.jpg', 'image', '1920', '1080', '224744', '2017-01-17 21:11:18', '2017-01-17 21:11:19', '2017-01-17 21:11:22', '0d6c7939-f160-4fc6-819c-742d3dec1f0a'),
 ('2883', '6', '63', '2001-a-space-odyssey-screenshot-1920x1080-9.jpg', 'image', '1920', '1080', '224744', '2017-01-17 22:02:31', '2017-01-17 22:00:14', '2017-01-17 22:02:34', '1343288f-8cbf-45c1-9ed0-dfd64ee2cdaa'),
 ('2887', '6', '63', '649404-2.jpg', 'image', '800', '534', '224911', '2017-01-17 23:03:35', '2017-01-17 23:03:35', '2017-01-17 23:03:35', '018c993b-2c93-49f8-b791-3ca404d4c1c3'),
 ('2888', '6', '63', '826621.jpg', 'image', '800', '534', '286479', '2017-01-17 23:03:50', '2017-01-17 23:03:50', '2017-01-17 23:03:50', '6f8d4379-064a-451f-bed1-603211c10789'),
 ('2889', '6', '63', '826629.jpg', 'image', '800', '534', '54156', '2017-01-17 23:11:54', '2017-01-17 23:11:54', '2017-01-17 23:11:54', '1bdacae4-2f2e-4d8b-b202-2926ab552bd8'),
 ('2894', '6', '63', 'UOregon0473.jpg', 'image', '1500', '1000', '522799', '2017-01-17 23:35:16', '2017-01-17 23:35:16', '2017-01-17 23:35:16', 'cb332427-67b7-4009-ad9f-57e5c3cd550d'),
 ('2898', '6', '63', 'UOregon0670.jpg', 'image', '1500', '1000', '423132', '2017-01-18 15:27:06', '2017-01-18 15:27:06', '2017-01-18 15:27:06', '2ed45b39-6fa9-4c26-918f-0efaa09c0257'),
 ('2904', '6', '63', 'EdNav_330-2.jpg', 'image', '2400', '1602', '2239822', '2017-01-18 16:43:18', '2017-01-18 16:43:19', '2017-01-18 16:43:19', '0631fc22-8e4c-4991-9350-a5e558d5ca25'),
 ('2910', '6', '63', 'Amy-Mikler-01.png', 'image', '1286', '852', '1499923', '2017-01-24 17:22:36', '2017-01-24 17:22:36', '2017-01-24 17:22:36', 'ec1b007b-0cd8-4d81-b582-593346f3c64c'),
 ('2925', '6', '65', 'icon-principle-1.svg', 'image', '100', '100', '892', '2017-01-26 20:13:46', '2017-01-26 20:08:37', '2017-01-26 20:14:15', 'a9156ae0-e1a4-43ac-bf41-16998dd38f44'),
 ('2930', '6', '65', 'icon-principle-2.svg', 'image', '100', '100', '1496', '2017-01-26 20:22:14', '2017-01-26 20:22:14', '2017-01-26 20:22:14', '7a696b29-4175-4c7d-b389-83f0633d2894'),
 ('2933', '6', '65', 'icon-principle-3.svg', 'image', '100', '100', '1667', '2017-01-26 23:40:03', '2017-01-26 23:40:04', '2017-01-26 23:40:04', 'f1295e14-3532-435a-a7b6-efad8ba01854'),
 ('2934', '6', '65', 'icon-principle-4.svg', 'image', '100', '100', '1254', '2017-01-26 23:40:04', '2017-01-26 23:40:04', '2017-01-26 23:40:04', '205dc6fb-93c8-44b1-b3e2-318e3066274a'),
 ('2935', '6', '65', 'icon-principle-5.svg', 'image', '100', '100', '980', '2017-01-26 23:40:04', '2017-01-26 23:40:04', '2017-01-26 23:40:04', '297543bf-fad0-4a71-8a4f-a987f3c49aa2'),
 ('2936', '6', '65', 'icon-principle-6.svg', 'image', '100', '100', '1086', '2017-01-26 23:40:04', '2017-01-26 23:40:04', '2017-01-26 23:40:04', 'c9f698e4-8e68-462f-af77-179d160b02e6'),
 ('2941', '2', '2', 'navigator-timothy-daly.jpg', 'image', '152', '152', '6151', '2017-01-30 22:23:09', '2017-01-30 22:23:09', '2017-01-30 22:23:09', '8178991e-cafd-4179-b74b-b82694c581a2'),
 ('2943', '2', '2', 'navigator-2.jpg', 'image', '136', '136', '4288', '2017-02-02 18:28:15', '2017-02-02 18:28:15', '2017-02-02 18:28:15', 'c4013a7e-2952-40fb-8d89-db98d425a495'),
 ('2945', '2', '2', 'International-House.png', 'image', '174', '172', '7661', '2017-02-02 19:16:19', '2017-02-02 19:16:19', '2017-02-02 19:16:19', '40ad55c3-e871-4a62-9bee-1162a79db169'),
 ('2946', '2', '2', 'Marriott-NOLA.png', 'image', '319', '180', '14474', '2017-02-02 20:58:40', '2017-02-02 20:58:41', '2017-02-02 20:58:41', '3c439cff-3693-426b-93ff-29f34af15897'),
 ('2947', '2', '2', 'hyatt-regency.png', 'image', '176', '152', '22686', '2017-02-02 21:03:45', '2017-02-02 21:03:45', '2017-02-02 21:03:45', 'ec65935b-29f6-4ddd-b630-f3791cc83a0b'),
 ('2948', '2', '2', 'JW-Marriott-New-Orleans.png', 'image', '300', '151', '31182', '2017-02-02 21:05:24', '2017-02-02 21:05:24', '2017-02-02 21:05:24', '7e3a1b15-cdc9-467b-9a3b-e9ba7111ac39'),
 ('2949', '2', '2', 'ritz-carlton.png', 'image', '392', '200', '34366', '2017-02-02 21:06:20', '2017-02-02 21:06:20', '2017-02-02 21:06:20', 'c3d19ea3-7cad-4311-ae9e-fdf7caa024ca'),
 ('2952', '6', '66', 'UOregon0473.jpg', 'image', '1500', '1000', '483201', '2017-02-02 21:27:34', '2017-02-02 21:27:34', '2017-02-02 21:28:49', '5ad3a5c7-b9e3-4ba2-8d35-f4db96909002'),
 ('2954', '6', '67', '826629.jpg', 'image', '800', '534', '57458', '2017-02-02 22:20:49', '2017-02-02 22:20:49', '2017-02-02 22:21:26', 'a22e601a-f05a-4fde-a3f7-a08bad82dd5d'),
 ('2971', '6', '68', 'Screen-Shot-2016-11-16-at-3.52.09-PM.jpg', 'image', '1327', '812', '252269', '2017-02-03 20:54:42', '2017-02-03 20:54:42', '2017-02-03 20:54:48', '34ae16ec-83fe-47f9-a638-b9153342c45b'),
 ('2976', '6', '69', 'Amy-Mikler-01.png', 'image', '1286', '852', '1444392', '2017-02-06 20:37:41', '2017-02-06 20:37:41', '2017-02-06 20:37:48', '1569a8d1-9ede-45c4-8e9d-d59fcf111b20'),
 ('2977', '6', '70', '826621.jpg', 'image', '800', '534', '272449', '2017-02-06 21:26:49', '2017-02-06 21:26:49', '2017-02-06 21:28:02', '72d97497-85cc-40ad-9714-1bcdbb9373d5'),
 ('2980', '6', '71', '649404-2.jpg', 'image', '800', '534', '211249', '2017-02-06 22:15:16', '2017-02-06 22:15:17', '2017-02-06 22:16:22', 'bf0bb833-fdb4-482c-8e5d-ae3476460dc0'),
 ('2982', '6', '72', 'UOregon0473.jpg', 'image', '1500', '1000', '483201', '2017-02-06 22:59:37', '2017-02-06 22:59:37', '2017-02-06 23:00:54', '4343b92e-38ae-4128-9213-cb3dc7830624'),
 ('2994', '6', '73', '649404-2.jpg', 'image', '800', '534', '211249', '2017-02-09 15:13:34', '2017-02-09 15:13:34', '2017-02-09 15:18:13', '393e2d42-8152-4efd-add5-6a3a0bbea6f0'),
 ('2996', '7', '74', '649404-2.jpg', 'image', '800', '534', '211249', '2017-02-09 16:11:55', '2017-02-09 16:11:55', '2017-02-09 16:11:55', '3de6c471-65e5-49e1-9362-e38991ae6178'),
 ('2997', '7', '74', '826629.jpg', 'image', '800', '534', '57458', '2017-02-09 16:54:02', '2017-02-09 16:54:02', '2017-02-09 16:54:02', '64df517e-edd0-4692-8edb-ccfe31e31940'),
 ('2998', '8', '75', '649404-2.jpg', 'image', '800', '534', '211249', '2017-02-10 20:52:07', '2017-02-10 20:52:07', '2017-02-10 20:52:07', 'b46d2dd7-f900-489a-b7d5-a88329d49850'),
 ('3003', '7', '74', 'blog-7.jpg', 'image', '1200', '801', '203155', '2017-02-17 17:38:41', '2017-02-17 17:38:41', '2017-02-17 17:38:41', 'd13f1fa7-4a84-43d7-a883-44b53af7752b'),
 ('3004', '7', '74', 'blog-8_1.png', 'image', '600', '280', '72215', '2017-02-17 17:43:30', '2017-02-17 17:43:30', '2017-02-17 17:43:30', 'a7db4f8d-8355-4a2d-9944-b2f249f9ec9a'),
 ('3005', '7', '74', 'blog-8_2.jpg', 'image', '851', '315', '115247', '2017-02-17 17:43:30', '2017-02-17 17:43:30', '2017-02-17 17:43:30', '8b2b1d5b-193a-482a-81de-0558f1ae660f');



DROP TABLE IF EXISTS `craft_assetfolders`;


--
-- Schema for table `craft_assetfolders`
--
CREATE TABLE `craft_assetfolders` (
  `id` int(11) NOT NULL AUTO_INCREMENT,
  `parentId` int(11) DEFAULT NULL,
  `sourceId` int(11) DEFAULT NULL,
  `name` varchar(255) COLLATE utf8_unicode_ci NOT NULL,
  `path` varchar(255) COLLATE utf8_unicode_ci DEFAULT NULL,
  `dateCreated` datetime NOT NULL,
  `dateUpdated` datetime NOT NULL,
  `uid` char(36) COLLATE utf8_unicode_ci NOT NULL DEFAULT '0',
  PRIMARY KEY (`id`),
  UNIQUE KEY `craft_assetfolders_name_parentId_sourceId_unq_idx` (`name`,`parentId`,`sourceId`),
  KEY `craft_assetfolders_parentId_fk` (`parentId`),
  KEY `craft_assetfolders_sourceId_fk` (`sourceId`)
) ENGINE=InnoDB AUTO_INCREMENT=78 DEFAULT CHARSET=utf8 COLLATE=utf8_unicode_ci;

--
-- Data for table `craft_assetfolders`
--

INSERT INTO `craft_assetfolders` (`id`, `parentId`, `sourceId`, `name`, `path`, `dateCreated`, `dateUpdated`, `uid`) VALUES
 ('2', NULL, '2', 'People', '', '2016-10-10 21:05:45', '2016-10-10 21:05:45', '1fefd76c-53d4-4ecf-aef2-6e1796117a97'),
 ('5', NULL, NULL, 'Temporary source', NULL, '2016-10-17 22:31:21', '2016-10-17 22:31:21', '49f672a9-27e1-4d37-9f3a-e430978c1d03'),
 ('6', '5', NULL, 'user_1', NULL, '2016-10-17 22:31:21', '2016-10-17 22:31:21', '7d46358b-4fc0-4ac2-97f3-4bff8bf4d814'),
 ('7', '6', NULL, 'field_27', 'field_27/', '2016-10-17 22:31:21', '2016-10-17 22:31:21', '24e84e57-b8db-4c7a-bbe6-8df9cb55ef1e'),
 ('9', '6', NULL, 'field_3', 'field_3/', '2016-12-14 15:57:03', '2016-12-14 15:57:03', '8f4aea57-144b-4e92-a46d-168b5717fd27'),
 ('10', '6', NULL, 'field_4', 'field_4/', '2016-12-14 15:57:03', '2016-12-14 15:57:03', 'ca753fa2-0135-459b-af65-9316ec57e751'),
 ('52', NULL, '5', 'Principals', '', '2016-12-20 21:42:45', '2016-12-20 21:42:45', 'b4c03f1f-c76b-414d-b34b-9754334eca30'),
 ('53', NULL, '6', 'Pages', '', '2017-01-04 22:04:13', '2017-01-05 18:08:21', 'ad4b0ad4-7f01-4ede-9fba-d0a9cb64c82d'),
 ('54', '6', NULL, 'field_55', 'field_55/', '2017-01-05 16:01:35', '2017-01-05 16:01:35', '38b6ead5-8acf-466e-b17c-27639f51d776'),
 ('55', '53', '6', 'homepage', 'homepage/', '2017-01-05 16:42:04', '2017-01-05 16:42:04', '73a25626-faa9-49e5-bd71-befe7019d81f'),
 ('56', '6', NULL, 'field_50', 'field_50/', '2017-01-05 17:47:55', '2017-01-05 17:47:55', 'b0d24a2c-6449-4302-9892-f74717686cb1'),
 ('57', '53', '6', 'uploads', 'uploads/', '2017-01-05 17:48:24', '2017-01-05 17:48:24', '5c3df5d1-7d68-4f0e-ba62-16eb43cf875c'),
 ('58', '57', '6', 'homepage', 'uploads/homepage/', '2017-01-05 17:48:24', '2017-01-05 17:48:24', 'e2a27813-85fc-4a18-8539-abf28c9d729d'),
 ('59', '6', NULL, 'field_61', 'field_61/', '2017-01-11 18:58:37', '2017-01-11 18:58:37', 'af8045df-9e47-4ee9-9bb2-2ee440341273'),
 ('60', '2', '2', 'test', 'test/', '2017-01-17 20:42:53', '2017-01-17 20:42:53', '6c5c4f75-fba4-49e8-b4b9-864fdb7ef576'),
 ('61', '2', '2', 'find-your-path', 'find-your-path/', '2017-01-17 20:57:16', '2017-01-17 20:57:16', 'ce03464d-4462-451b-9f73-f085955f8c38'),
 ('62', '53', '6', 'find-your-path', 'find-your-path/', '2017-01-17 21:11:22', '2017-01-17 21:11:22', '0f81781f-f0e5-4015-8379-85d10355db41'),
 ('63', '53', '6', 'user-paths', 'user-paths/', '2017-01-17 22:02:10', '2017-01-17 22:02:10', '8824c8f7-078f-46f8-955d-84f21858c0c4'),
 ('64', '6', NULL, 'field_45', 'field_45/', '2017-01-26 20:04:19', '2017-01-26 20:04:19', '85f922f0-e1e5-4b18-8ddc-66f2f0e56011'),
 ('65', '53', '6', 'who-we-are', 'who-we-are/', '2017-01-26 20:14:15', '2017-01-26 20:14:15', 'd6485ca0-a7e9-4e11-8a76-558875d6c546'),
 ('66', '53', '6', 'how-to-make-parent-teacher-conferences-more-parent-friendly', 'how-to-make-parent-teacher-conferences-more-parent-friendly/', '2017-02-02 21:28:49', '2017-02-02 21:28:49', '47c87d64-be80-44de-a6d2-7367a0d4a58c'),
 ('67', '53', '6', 'louisiana-proposes-a-smarter-way-to-grade-schools', 'louisiana-proposes-a-smarter-way-to-grade-schools/', '2017-02-02 22:21:26', '2017-02-02 22:21:26', 'd6f9dbe0-04b7-41e4-ac39-01bcd3a623a2'),
 ('68', '53', '6', 'back-to-school', 'back-to-school/', '2017-02-03 20:54:48', '2017-02-03 20:54:48', '2e899cf5-bd41-4d8a-ac10-ed650f8effee'),
 ('69', '53', '6', 'summer-reading', 'summer-reading/', '2017-02-06 20:37:48', '2017-02-06 20:37:48', '4eb942d4-e798-4d07-aeec-84c1cb569c1a'),
 ('70', '53', '6', '10-common-questions-about-oneapp-answered', '10-common-questions-about-oneapp-answered/', '2017-02-06 21:28:02', '2017-02-06 21:28:02', '70eb0dee-134e-4b95-8207-3c21b2128842'),
 ('71', '53', '6', 'the-ednavigator-guide-to-catholic-schools-in-new-orleans', 'the-ednavigator-guide-to-catholic-schools-in-new-orleans/', '2017-02-06 22:16:22', '2017-02-06 22:16:22', '4e629f2e-b23c-49eb-8e69-08e826e5ebb5'),
 ('72', '53', '6', 'a-surprising-new-look-at-school-spending-in-new-orleans', 'a-surprising-new-look-at-school-spending-in-new-orleans/', '2017-02-06 23:00:54', '2017-02-06 23:00:54', 'e0496444-74c7-4343-84fc-6bff8c2e501c'),
 ('73', '53', '6', 'blog-post-test', 'blog-post-test/', '2017-02-09 15:18:13', '2017-02-09 15:18:13', '7c2c6fa5-66c1-4bee-a834-66cb87c35293'),
 ('74', NULL, '7', 'Blog Posts', '', '2017-02-09 15:32:06', '2017-02-09 15:32:06', 'e35da6ed-983a-40c0-92c2-0c95c724f77d'),
 ('75', NULL, '8', 'Resources Posts', '', '2017-02-09 15:32:45', '2017-02-09 15:32:45', 'fa148233-9236-4e6f-9904-c62283442c26'),
 ('76', '6', NULL, 'field_89', 'field_89/', '2017-02-09 16:11:14', '2017-02-09 16:11:14', 'bfaa7686-5056-400c-8440-99b861fffb4f'),
 ('77', '6', NULL, 'field_90', 'field_90/', '2017-02-10 20:51:27', '2017-02-10 20:51:27', '54c1e7f3-eefd-4201-a9f5-86609536af14');



DROP TABLE IF EXISTS `craft_assetindexdata`;


--
-- Schema for table `craft_assetindexdata`
--
CREATE TABLE `craft_assetindexdata` (
  `id` int(11) NOT NULL AUTO_INCREMENT,
  `sessionId` varchar(36) COLLATE utf8_unicode_ci NOT NULL DEFAULT '',
  `sourceId` int(10) NOT NULL,
  `offset` int(10) NOT NULL,
  `uri` varchar(255) COLLATE utf8_unicode_ci DEFAULT NULL,
  `size` varchar(255) COLLATE utf8_unicode_ci DEFAULT NULL,
  `recordId` int(10) DEFAULT NULL,
  `dateCreated` datetime NOT NULL,
  `dateUpdated` datetime NOT NULL,
  `uid` char(36) COLLATE utf8_unicode_ci NOT NULL DEFAULT '0',
  PRIMARY KEY (`id`),
  UNIQUE KEY `craft_assetindexdata_sessionId_sourceId_offset_unq_idx` (`sessionId`,`sourceId`,`offset`),
  KEY `craft_assetindexdata_sourceId_fk` (`sourceId`)
) ENGINE=InnoDB DEFAULT CHARSET=utf8 COLLATE=utf8_unicode_ci;

DROP TABLE IF EXISTS `craft_assetsources`;


--
-- Schema for table `craft_assetsources`
--
CREATE TABLE `craft_assetsources` (
  `id` int(11) NOT NULL AUTO_INCREMENT,
  `name` varchar(255) COLLATE utf8_unicode_ci NOT NULL,
  `handle` varchar(255) COLLATE utf8_unicode_ci NOT NULL,
  `type` varchar(150) COLLATE utf8_unicode_ci NOT NULL,
  `settings` text COLLATE utf8_unicode_ci,
  `sortOrder` smallint(6) unsigned DEFAULT NULL,
  `fieldLayoutId` int(10) DEFAULT NULL,
  `dateCreated` datetime NOT NULL,
  `dateUpdated` datetime NOT NULL,
  `uid` char(36) COLLATE utf8_unicode_ci NOT NULL DEFAULT '0',
  PRIMARY KEY (`id`),
  UNIQUE KEY `craft_assetsources_name_unq_idx` (`name`),
  UNIQUE KEY `craft_assetsources_handle_unq_idx` (`handle`),
  KEY `craft_assetsources_fieldLayoutId_fk` (`fieldLayoutId`)
) ENGINE=InnoDB AUTO_INCREMENT=9 DEFAULT CHARSET=utf8 COLLATE=utf8_unicode_ci;

--
-- Data for table `craft_assetsources`
--

INSERT INTO `craft_assetsources` (`id`, `name`, `handle`, `type`, `settings`, `sortOrder`, `fieldLayoutId`, `dateCreated`, `dateUpdated`, `uid`) VALUES
 ('2', 'People', 'people', 'Local', '{\"path\":\"uploads\\/people\\/\",\"publicURLs\":\"1\",\"url\":\"\\/uploads\\/people\\/\"}', '2', '58', '2016-10-10 21:05:45', '2016-10-17 23:05:25', 'cd389634-6297-4886-ac1a-17f7ff2050c8'),
 ('5', 'Principals', 'principals', 'Local', '{\"path\":\"uploads\\/principals\\/\",\"publicURLs\":\"1\",\"url\":\"\\/uploads\\/principals\\/\"}', '5', '107', '2016-12-20 21:42:45', '2016-12-20 21:42:45', 'dbef2f54-301b-47da-b955-8b853381b632'),
 ('6', 'Pages', 'pages', 'Local', '{\"path\":\"uploads\\/pages\\/\",\"publicURLs\":\"1\",\"url\":\"\\/uploads\\/pages\\/\"}', '6', '120', '2017-01-04 22:04:13', '2017-01-05 18:08:21', '6c50eae1-ceb0-4b11-8e50-b8544c8cbc69'),
 ('7', 'Blog Posts', 'blogPosts', 'Local', '{\"path\":\"uploads\\/blog\\/\",\"publicURLs\":\"1\",\"url\":\"\\/uploads\\/blog\\/\"}', '7', '188', '2017-02-09 15:32:06', '2017-02-09 15:32:06', '6b3a49f8-4ed5-4a69-86eb-7b2fa0d422f6'),
 ('8', 'Resources Posts', 'resourcesPosts', 'Local', '{\"path\":\"uploads\\/resources\\/\",\"publicURLs\":\"1\",\"url\":\"\\/uploads\\/resources\\/\"}', '8', '189', '2017-02-09 15:32:45', '2017-02-09 15:32:45', '1e3bbacb-6818-4f7f-8516-ae22e47c8b82');



DROP TABLE IF EXISTS `craft_assettransformindex`;


--
-- Schema for table `craft_assettransformindex`
--
CREATE TABLE `craft_assettransformindex` (
  `id` int(11) NOT NULL AUTO_INCREMENT,
  `fileId` int(11) NOT NULL,
  `filename` varchar(255) COLLATE utf8_unicode_ci DEFAULT NULL,
  `format` varchar(255) COLLATE utf8_unicode_ci DEFAULT NULL,
  `location` varchar(255) COLLATE utf8_unicode_ci NOT NULL,
  `sourceId` int(11) DEFAULT NULL,
  `fileExists` tinyint(1) DEFAULT NULL,
  `inProgress` tinyint(1) DEFAULT NULL,
  `dateIndexed` datetime DEFAULT NULL,
  `dateCreated` datetime NOT NULL,
  `dateUpdated` datetime NOT NULL,
  `uid` char(36) COLLATE utf8_unicode_ci NOT NULL DEFAULT '0',
  PRIMARY KEY (`id`),
  KEY `craft_assettransformindex_sourceId_fileId_location_idx` (`sourceId`,`fileId`,`location`)
) ENGINE=InnoDB AUTO_INCREMENT=22 DEFAULT CHARSET=utf8 COLLATE=utf8_unicode_ci;

DROP TABLE IF EXISTS `craft_assettransforms`;


--
-- Schema for table `craft_assettransforms`
--
CREATE TABLE `craft_assettransforms` (
  `id` int(11) NOT NULL AUTO_INCREMENT,
  `name` varchar(255) COLLATE utf8_unicode_ci NOT NULL,
  `handle` varchar(255) COLLATE utf8_unicode_ci NOT NULL,
  `mode` enum('stretch','fit','crop') COLLATE utf8_unicode_ci NOT NULL DEFAULT 'crop',
  `position` enum('top-left','top-center','top-right','center-left','center-center','center-right','bottom-left','bottom-center','bottom-right') COLLATE utf8_unicode_ci NOT NULL DEFAULT 'center-center',
  `height` int(10) DEFAULT NULL,
  `width` int(10) DEFAULT NULL,
  `format` varchar(255) COLLATE utf8_unicode_ci DEFAULT NULL,
  `quality` int(10) DEFAULT NULL,
  `dimensionChangeTime` datetime DEFAULT NULL,
  `dateCreated` datetime NOT NULL,
  `dateUpdated` datetime NOT NULL,
  `uid` char(36) COLLATE utf8_unicode_ci NOT NULL DEFAULT '0',
  PRIMARY KEY (`id`),
  UNIQUE KEY `craft_assettransforms_name_unq_idx` (`name`),
  UNIQUE KEY `craft_assettransforms_handle_unq_idx` (`handle`)
) ENGINE=InnoDB AUTO_INCREMENT=5 DEFAULT CHARSET=utf8 COLLATE=utf8_unicode_ci;

--
-- Data for table `craft_assettransforms`
--

INSERT INTO `craft_assettransforms` (`id`, `name`, `handle`, `mode`, `position`, `height`, `width`, `format`, `quality`, `dimensionChangeTime`, `dateCreated`, `dateUpdated`, `uid`) VALUES
 ('1', 'Project Thumb', 'projectThumb', 'crop', 'center-center', '600', '800', NULL, NULL, '2016-10-10 21:10:33', '2016-10-10 21:10:33', '2016-10-10 21:10:33', 'ee0e3a10-8a6c-419f-884f-be44c8c3550f'),
 ('3', 'Hero', 'hero', 'fit', 'center-center', '1350', '1200', NULL, NULL, '2017-01-05 17:58:41', '2016-12-12 22:44:46', '2017-01-05 17:58:41', 'd13aab8e-a0af-4784-a02f-ba9b5c5a358e'),
 ('4', 'Project Thumb Small', 'projectThumbSmall', 'crop', 'center-center', '300', '400', NULL, NULL, '2016-12-13 23:42:37', '2016-12-13 23:42:37', '2016-12-13 23:42:37', 'fc75fc60-946d-4d8e-8ab6-5a530e440b2f');



DROP TABLE IF EXISTS `craft_categories`;


--
-- Schema for table `craft_categories`
--
CREATE TABLE `craft_categories` (
  `id` int(11) NOT NULL,
  `groupId` int(11) NOT NULL,
  `dateCreated` datetime NOT NULL,
  `dateUpdated` datetime NOT NULL,
  `uid` char(36) COLLATE utf8_unicode_ci NOT NULL DEFAULT '0',
  PRIMARY KEY (`id`),
  KEY `craft_categories_groupId_fk` (`groupId`)
) ENGINE=InnoDB DEFAULT CHARSET=utf8 COLLATE=utf8_unicode_ci;

--
-- Data for table `craft_categories`
--

INSERT INTO `craft_categories` (`id`, `groupId`, `dateCreated`, `dateUpdated`, `uid`) VALUES
 ('2834', '4', '2016-12-20 20:13:25', '2016-12-20 20:13:25', 'a692ed90-e56b-4b39-a0ec-495f26e96ce7'),
 ('2835', '4', '2016-12-20 20:14:01', '2016-12-20 20:14:01', 'b1c6e501-fab5-4c10-9691-2bd39bd36539'),
 ('2962', '3', '2017-02-03 15:31:39', '2017-02-03 15:31:39', '766a5753-c73f-43f2-8c56-4bdd4faf9149'),
 ('2963', '3', '2017-02-03 15:31:52', '2017-02-03 15:31:52', '3a9cf30b-ba68-4283-bcf9-eab21bc9b0cf'),
 ('2970', '5', '2017-02-03 20:41:37', '2017-02-16 15:53:47', 'e1d0a823-1141-492a-9087-c2a76475d1bf'),
 ('2972', '5', '2017-02-03 20:54:48', '2017-02-16 22:55:38', 'c8abf818-07f0-4a8b-9733-a72a52a1221d'),
 ('2987', '7', '2017-02-08 19:42:05', '2017-02-08 19:42:05', '9f81696d-ed2b-411c-8b07-14db37d640cb'),
 ('2988', '7', '2017-02-08 19:42:13', '2017-02-08 19:42:13', '06c04d96-3c6b-4de0-bf51-b0f9996e8b06'),
 ('2989', '7', '2017-02-08 19:42:23', '2017-02-08 19:42:23', '3018b371-c4f6-4053-a818-d08f37b5d621'),
 ('2990', '8', '2017-02-08 20:49:48', '2017-02-08 20:49:48', 'ad833063-9f72-4045-aefa-778a0d9206f6'),
 ('2991', '8', '2017-02-08 20:49:54', '2017-02-08 20:49:54', '9fdd7cc2-869e-456e-9fe9-50205c279c10'),
 ('2992', '8', '2017-02-08 20:50:01', '2017-02-08 20:50:01', 'ff473dbe-5c68-4458-bbd0-7e40cc87abb3'),
 ('2993', '6', '2017-02-08 21:34:53', '2017-02-08 21:34:53', 'f037ac08-7914-497f-a55d-58d92c15fac9');



DROP TABLE IF EXISTS `craft_categorygroups`;


--
-- Schema for table `craft_categorygroups`
--
CREATE TABLE `craft_categorygroups` (
  `id` int(11) NOT NULL AUTO_INCREMENT,
  `structureId` int(11) NOT NULL,
  `fieldLayoutId` int(11) DEFAULT NULL,
  `name` varchar(255) COLLATE utf8_unicode_ci NOT NULL,
  `handle` varchar(255) COLLATE utf8_unicode_ci NOT NULL,
  `hasUrls` tinyint(1) unsigned NOT NULL DEFAULT '1',
  `template` varchar(500) COLLATE utf8_unicode_ci DEFAULT NULL,
  `dateCreated` datetime NOT NULL,
  `dateUpdated` datetime NOT NULL,
  `uid` char(36) COLLATE utf8_unicode_ci NOT NULL DEFAULT '0',
  PRIMARY KEY (`id`),
  UNIQUE KEY `craft_categorygroups_name_unq_idx` (`name`),
  UNIQUE KEY `craft_categorygroups_handle_unq_idx` (`handle`),
  KEY `craft_categorygroups_structureId_fk` (`structureId`),
  KEY `craft_categorygroups_fieldLayoutId_fk` (`fieldLayoutId`)
) ENGINE=InnoDB AUTO_INCREMENT=9 DEFAULT CHARSET=utf8 COLLATE=utf8_unicode_ci;

--
-- Data for table `craft_categorygroups`
--

INSERT INTO `craft_categorygroups` (`id`, `structureId`, `fieldLayoutId`, `name`, `handle`, `hasUrls`, `template`, `dateCreated`, `dateUpdated`, `uid`) VALUES
 ('2', '5', '101', 'Topic', 'topic', '1', 'resources/topic', '2016-12-20 20:07:11', '2016-12-20 20:07:11', '78ac290e-3605-4feb-a012-f9becfd0b9d6'),
 ('3', '6', '196', 'Blog Categories', 'blogCategories', '1', 'blog/_category', '2016-12-20 20:07:46', '2017-02-16 21:26:54', 'c125af50-39b3-40f5-8f0d-178d4dfe0bbb'),
 ('4', '7', '103', 'Tag', 'tag', '1', 'blog/tag', '2016-12-20 20:08:03', '2016-12-20 20:08:03', '5c88aaf0-e532-4d15-b87a-a3e733acb847'),
 ('5', '16', '174', 'Resource Bundle', 'resourceBundle', '1', 'resources/_resource-bundle', '2017-02-03 20:39:53', '2017-02-03 20:40:49', 'c6992af6-05f1-4a94-87a2-063dfb5321e6'),
 ('6', '17', '176', 'Resources Topics', 'resourcesTopics', '1', 'resources/_resources-topics', '2017-02-03 21:12:28', '2017-02-03 21:12:28', '7f19df16-7584-4d94-a3f7-6aa14f45630b'),
 ('7', '18', '181', 'Blog Post Types', 'blogPostTypes', '1', 'blog/_type.html', '2017-02-08 19:41:40', '2017-02-08 19:41:40', 'd58b47a8-740d-47dc-aae0-9f694ae1cd49'),
 ('8', '19', '184', 'Resources Post Types', 'resourcesPostTypes', '1', 'resources/_type.html', '2017-02-08 20:28:43', '2017-02-08 20:31:08', '1d85a8c3-3dd3-4d6c-b832-0083e1d95c95');



DROP TABLE IF EXISTS `craft_categorygroups_i18n`;


--
-- Schema for table `craft_categorygroups_i18n`
--
CREATE TABLE `craft_categorygroups_i18n` (
  `id` int(11) NOT NULL AUTO_INCREMENT,
  `groupId` int(11) NOT NULL,
  `locale` char(12) COLLATE utf8_unicode_ci NOT NULL,
  `urlFormat` text COLLATE utf8_unicode_ci,
  `nestedUrlFormat` text COLLATE utf8_unicode_ci,
  `dateCreated` datetime NOT NULL,
  `dateUpdated` datetime NOT NULL,
  `uid` char(36) COLLATE utf8_unicode_ci NOT NULL DEFAULT '0',
  PRIMARY KEY (`id`),
  UNIQUE KEY `craft_categorygroups_i18n_groupId_locale_unq_idx` (`groupId`,`locale`),
  KEY `craft_categorygroups_i18n_locale_fk` (`locale`)
) ENGINE=InnoDB AUTO_INCREMENT=16 DEFAULT CHARSET=utf8 COLLATE=utf8_unicode_ci;

--
-- Data for table `craft_categorygroups_i18n`
--

INSERT INTO `craft_categorygroups_i18n` (`id`, `groupId`, `locale`, `urlFormat`, `nestedUrlFormat`, `dateCreated`, `dateUpdated`, `uid`) VALUES
 ('2', '2', 'en_us', 'resources/topic/{slug}', '{parent.uri}/{slug}', '2016-12-20 20:07:11', '2016-12-20 20:07:11', 'f270a75c-a93a-4fb8-bd1c-6fb5bdda6210'),
 ('3', '3', 'en_us', 'blog/category/{slug}', '{parent.uri}/{slug}', '2016-12-20 20:07:46', '2016-12-20 20:07:46', 'b2753c5d-3db8-44dd-9c5b-78b29d90c0e6'),
 ('4', '4', 'en_us', 'blog/tag/{slug}', '{parent.uri}/{slug}', '2016-12-20 20:08:03', '2016-12-20 20:08:03', '0e7331cd-cdfc-498e-ba54-f50c95bc2558'),
 ('5', '2', 'es_us', 'resources/topic/{slug}', '{parent.uri}/{slug}', '2017-01-03 21:39:49', '2017-01-03 21:39:49', 'f13b434c-8524-46ee-8403-23959edc50f1'),
 ('6', '3', 'es_us', 'blog/category/{slug}', '{parent.uri}/{slug}', '2017-01-03 21:39:49', '2017-01-03 21:39:49', '8024f5fb-dfdc-43f2-a932-c2702614e2b6'),
 ('7', '4', 'es_us', 'blog/tag/{slug}', '{parent.uri}/{slug}', '2017-01-03 21:39:49', '2017-01-03 21:39:49', '46e891b3-4adb-40c1-9316-3624d37e0d34'),
 ('8', '5', 'en_us', 'resource-bundle/{slug}', '{parent.uri}/{slug}', '2017-02-03 20:39:53', '2017-02-03 20:39:53', '25c49b91-4e59-4902-9041-731d28600a45'),
 ('9', '5', 'es_us', 'resource-bundle/{slug}', '{parent.uri}/{slug}', '2017-02-03 20:39:53', '2017-02-03 20:39:53', '85594545-0d21-4c55-901a-2b5e5d1c480a'),
 ('10', '6', 'en_us', 'resources-topics/{slug}', '{parent.uri}/{slug}', '2017-02-03 21:12:28', '2017-02-03 21:12:28', '1d331fd9-2ec5-4936-9ed4-69775d9b64f1'),
 ('11', '6', 'es_us', 'resources-topics/{slug}', '{parent.uri}/{slug}', '2017-02-03 21:12:28', '2017-02-03 21:12:28', 'eacd5bd9-8578-4982-9389-cf140d8fbe4f'),
 ('12', '7', 'en_us', 'type/{slug}', '{parent.uri}/{slug}', '2017-02-08 19:41:40', '2017-02-08 19:41:40', 'e2fafe88-0439-4418-9d3e-89525f083f65'),
 ('13', '7', 'es_us', 'tipo/{slug}', '{parent.uri}/{slug}', '2017-02-08 19:41:40', '2017-02-08 19:41:40', '65ded7bc-e54d-4e86-b8b5-bbf9a452c545'),
 ('14', '8', 'en_us', 'type/{slug}', '{parent.uri}/{slug}', '2017-02-08 20:28:43', '2017-02-08 20:28:43', '0c3a9782-211b-4202-8c10-113979cde7d0'),
 ('15', '8', 'es_us', 'tipo/{slug}', '{parent.uri}/{slug}', '2017-02-08 20:28:43', '2017-02-08 20:28:43', 'f72e3d0b-96aa-4971-be01-f84d47b563d2');



DROP TABLE IF EXISTS `craft_content`;


--
-- Schema for table `craft_content`
--
CREATE TABLE `craft_content` (
  `id` int(11) NOT NULL AUTO_INCREMENT,
  `elementId` int(11) NOT NULL,
  `locale` char(12) COLLATE utf8_unicode_ci NOT NULL,
  `title` varchar(255) COLLATE utf8_unicode_ci DEFAULT NULL,
  `field_seoTitle` varchar(69) COLLATE utf8_unicode_ci DEFAULT NULL,
  `field_seoDescription` varchar(155) COLLATE utf8_unicode_ci DEFAULT NULL,
  `field_pageDescription` text COLLATE utf8_unicode_ci,
  `field_body` text COLLATE utf8_unicode_ci,
  `field_userPathTagline` text COLLATE utf8_unicode_ci,
  `field_learnMoreLinks` text COLLATE utf8_unicode_ci,
  `field_peopleSectionLabel` text COLLATE utf8_unicode_ci,
  `field_excerpt` text COLLATE utf8_unicode_ci,
  `field_videoId` text COLLATE utf8_unicode_ci,
  `field_twitterUrl` text COLLATE utf8_unicode_ci,
  `field_facebookUrl` text COLLATE utf8_unicode_ci,
  `field_linkedinUrl` text COLLATE utf8_unicode_ci,
  `field_mediumUrl` text COLLATE utf8_unicode_ci,
  `dateCreated` datetime NOT NULL,
  `dateUpdated` datetime NOT NULL,
  `uid` char(36) COLLATE utf8_unicode_ci NOT NULL DEFAULT '0',
  PRIMARY KEY (`id`),
  UNIQUE KEY `craft_content_elementId_locale_unq_idx` (`elementId`,`locale`),
  KEY `craft_content_title_idx` (`title`),
  KEY `craft_content_locale_fk` (`locale`)
) ENGINE=InnoDB AUTO_INCREMENT=2916 DEFAULT CHARSET=utf8 COLLATE=utf8_unicode_ci;

--
-- Data for table `craft_content`
--

INSERT INTO `craft_content` (`id`, `elementId`, `locale`, `title`, `field_seoTitle`, `field_seoDescription`, `field_pageDescription`, `field_body`, `field_userPathTagline`, `field_learnMoreLinks`, `field_peopleSectionLabel`, `field_excerpt`, `field_videoId`, `field_twitterUrl`, `field_facebookUrl`, `field_linkedinUrl`, `field_mediumUrl`, `dateCreated`, `dateUpdated`, `uid`) VALUES
 ('1', '1', 'en_us', NULL, NULL, NULL, NULL, NULL, NULL, NULL, NULL, NULL, NULL, NULL, NULL, NULL, NULL, '2016-10-10 20:59:13', '2016-10-10 20:59:13', '99094cf8-2d10-4c1e-be6a-3783fd68f645'),
 ('2', '2', 'en_us', 'Homepage', '', '', 'Education is \r\nthe path to a better life', '<p>We partner with leading businesses to help hard-working families find a path \nto success in school and beyond.</p>', NULL, NULL, NULL, NULL, NULL, NULL, NULL, NULL, NULL, '2016-10-10 20:59:13', '2017-01-26 16:52:05', '99eb363d-2bcc-4899-8dcd-ea2bd2480804'),
 ('4', '4', 'en_us', NULL, NULL, NULL, NULL, NULL, NULL, NULL, NULL, NULL, NULL, NULL, NULL, NULL, NULL, '2016-10-10 21:49:00', '2017-01-24 23:19:24', '07066ed1-dc33-48ae-950a-951e458533e9'),
 ('2525', '2747', 'en_us', 'Firebelly Family', NULL, NULL, NULL, NULL, NULL, NULL, NULL, NULL, NULL, NULL, NULL, NULL, NULL, '2016-12-19 11:41:38', '2017-01-24 23:19:25', '35ffe502-c4c4-43d9-912b-60e75cfd9fcf'),
 ('2567', '2789', 'en_us', 'Reason To Give', NULL, NULL, NULL, NULL, NULL, NULL, NULL, NULL, NULL, NULL, NULL, NULL, NULL, '2016-12-19 12:01:51', '2017-01-24 23:19:25', '879e8a60-08fb-4397-8ccf-283fe470c02d'),
 ('2568', '2790', 'en_us', 'Change the World', NULL, NULL, NULL, NULL, NULL, NULL, NULL, NULL, NULL, NULL, NULL, NULL, NULL, '2016-12-19 12:01:56', '2017-01-24 23:19:25', '8767a2d6-c706-4f5f-a14f-49a8f10a125f'),
 ('2571', '2793', 'en_us', 'Chicago Design', NULL, NULL, NULL, NULL, NULL, NULL, NULL, NULL, NULL, NULL, NULL, NULL, NULL, '2016-12-19 12:08:10', '2017-01-24 23:19:25', '144f85c2-7937-43b0-9b3b-e7e2d2b60478'),
 ('2572', '2794', 'en_us', 'Typography', NULL, NULL, NULL, NULL, NULL, NULL, NULL, NULL, NULL, NULL, NULL, NULL, NULL, '2016-12-19 12:08:15', '2017-01-24 23:19:25', '0d2efbc3-7eef-4fc4-9e11-1416fc3e494a'),
 ('2580', '2802', 'en_us', 'Socially Responsible', NULL, NULL, NULL, NULL, NULL, NULL, NULL, NULL, NULL, NULL, NULL, NULL, NULL, '2016-12-19 12:16:44', '2017-01-24 23:19:25', 'fa65735c-e581-4c42-9586-34f92b359ca0'),
 ('2582', '2804', 'en_us', 'Writing for the Web', NULL, NULL, NULL, NULL, NULL, NULL, NULL, NULL, NULL, NULL, NULL, NULL, NULL, '2016-12-19 12:19:48', '2017-01-24 23:19:25', '3a2e43e8-9266-41c5-a0b8-82919eee3cba'),
 ('2583', '2805', 'en_us', 'Lunch-n-Learn', NULL, NULL, NULL, NULL, NULL, NULL, NULL, NULL, NULL, NULL, NULL, NULL, NULL, '2016-12-19 12:20:13', '2017-01-24 23:19:25', '1b57c050-fab5-4a55-81e4-8677a5437220'),
 ('2586', '2808', 'en_us', 'Field Trip', NULL, NULL, NULL, NULL, NULL, NULL, NULL, NULL, NULL, NULL, NULL, NULL, NULL, '2016-12-19 12:24:40', '2017-01-24 23:19:25', '8c39587a-8448-41dc-b8a6-d114d78d4698'),
 ('2589', '2811', 'en_us', 'Girls Garage', NULL, NULL, NULL, NULL, NULL, NULL, NULL, NULL, NULL, NULL, NULL, NULL, NULL, '2016-12-19 12:32:32', '2017-01-24 23:19:25', 'b670c3eb-bdd5-44aa-bf16-fc5470b981c8'),
 ('2608', '2830', 'en_us', 'Who We Are', '', '', 'We’re a nonprofit organization working to help busy families and students achieve their educational dreams. ', NULL, NULL, '', NULL, NULL, NULL, NULL, NULL, NULL, NULL, '2016-12-20 19:41:21', '2017-01-26 23:47:38', '0aaf533a-2019-4b6e-b8f1-a83094aa33f3'),
 ('2609', '2831', 'en_us', 'How We Help', '', '', 'We give hard-working families personalized, ongoing support along the path from preschool to college.', NULL, NULL, '<p><a href=\"/resources\">Resources for Families</a></p><p><a href=\"{entry:2893:url}\">Resources for Employers</a></p>', NULL, NULL, NULL, NULL, NULL, NULL, NULL, '2016-12-20 19:42:21', '2017-01-26 16:38:33', '2fce0b03-8869-49f0-ac11-267b040ad589'),
 ('2612', '2834', 'en_us', 'Parent-Teacher Conferences', NULL, NULL, NULL, NULL, NULL, NULL, NULL, NULL, NULL, NULL, NULL, NULL, NULL, '2016-12-20 20:13:25', '2017-01-24 23:19:23', '88237c47-a7fc-44a7-8201-ffd3f1c9fd03'),
 ('2613', '2835', 'en_us', 'Report Cards', NULL, NULL, NULL, NULL, NULL, NULL, NULL, NULL, NULL, NULL, NULL, NULL, NULL, '2016-12-20 20:14:01', '2017-01-24 23:19:23', 'f6487d7f-0413-4d52-9a5b-17f42ed83bf7'),
 ('2621', '2843', 'en_us', 'Navigators', '', '', 'Navigators bring to their work deep roots in their communities and an insider’s perspective on schools and school systems. ', NULL, NULL, NULL, 'Our Navigators', NULL, NULL, NULL, NULL, NULL, NULL, '2016-12-20 22:01:56', '2017-02-02 18:28:58', 'ad26935d-ccb3-42d6-85a9-478341a17aa1'),
 ('2623', '2845', 'en_us', 'Leadership', '', '', 'Our leadership team has nearly 60 years of combined experience in education at all levels, from leading classrooms to shaping federal policy.', NULL, NULL, NULL, 'Our Leadership Team', NULL, NULL, NULL, NULL, NULL, NULL, '2016-12-20 22:40:44', '2017-02-02 18:42:49', 'e42af163-06b4-4118-a4a6-8c21a652d718'),
 ('2624', '2850', 'en_us', 'Board of Directors', '', '', 'Our Board of Directors broadens our perspective while helping us keep our eyes on the ball.', NULL, NULL, NULL, 'Board of Directors', NULL, NULL, NULL, NULL, NULL, NULL, '2016-12-20 22:49:44', '2017-02-02 19:07:58', 'd98e4462-d18d-414a-bad7-edc0b0305812'),
 ('2626', '2856', 'en_us', 'Our Partners                 ', '', '', 'We’re proud to partner with leading businesses to help hard-working people give their children a great education and achieve their own educational goals.', NULL, NULL, NULL, 'Our Partners', NULL, NULL, NULL, NULL, NULL, NULL, '2016-12-20 23:04:45', '2017-02-02 21:07:12', 'ca5cedd0-485a-4b63-acd6-a383233ccf8f'),
 ('2638', '2834', 'es_us', 'Parent-Teacher Conferences', NULL, NULL, NULL, NULL, NULL, NULL, NULL, NULL, NULL, NULL, NULL, NULL, NULL, '2017-01-03 21:39:50', '2017-01-03 21:39:50', 'd63cbc7e-c2a4-4748-9816-7bb12ae2aefc'),
 ('2639', '2835', 'es_us', 'Report Cards', NULL, NULL, NULL, NULL, NULL, NULL, NULL, NULL, NULL, NULL, NULL, NULL, NULL, '2017-01-03 21:39:50', '2017-01-03 21:39:50', '73b6cdcc-d809-4bda-8d77-4a7850f66d7f'),
 ('2643', '4', 'es_us', NULL, NULL, NULL, NULL, NULL, NULL, NULL, NULL, NULL, NULL, NULL, NULL, NULL, NULL, '2017-01-03 21:39:50', '2017-01-24 23:19:24', 'baf05a34-5b30-46ab-9330-93e6451b832a'),
 ('2648', '2747', 'es_us', 'Firebelly Family', NULL, NULL, NULL, NULL, NULL, NULL, NULL, NULL, NULL, NULL, NULL, NULL, NULL, '2017-01-03 21:39:50', '2017-01-03 21:39:50', 'dbcde524-df5b-4fdf-a251-10dffcf08d3f'),
 ('2649', '2789', 'es_us', 'Reason To Give', NULL, NULL, NULL, NULL, NULL, NULL, NULL, NULL, NULL, NULL, NULL, NULL, NULL, '2017-01-03 21:39:50', '2017-01-03 21:39:50', 'dd477e6d-c276-4219-9812-8fe96c5bafaa'),
 ('2650', '2790', 'es_us', 'Change the World', NULL, NULL, NULL, NULL, NULL, NULL, NULL, NULL, NULL, NULL, NULL, NULL, NULL, '2017-01-03 21:39:50', '2017-01-03 21:39:50', 'aca77f6f-f735-45f3-b343-6d1fb4425510'),
 ('2651', '2793', 'es_us', 'Chicago Design', NULL, NULL, NULL, NULL, NULL, NULL, NULL, NULL, NULL, NULL, NULL, NULL, NULL, '2017-01-03 21:39:50', '2017-01-03 21:39:50', '51eadf15-b957-4469-88b7-2e38ab108a7e'),
 ('2652', '2794', 'es_us', 'Typography', NULL, NULL, NULL, NULL, NULL, NULL, NULL, NULL, NULL, NULL, NULL, NULL, NULL, '2017-01-03 21:39:50', '2017-01-03 21:39:50', 'f150bb29-33f5-44cb-b5bd-74fd78d85f6b'),
 ('2653', '2802', 'es_us', 'Socially Responsible', NULL, NULL, NULL, NULL, NULL, NULL, NULL, NULL, NULL, NULL, NULL, NULL, NULL, '2017-01-03 21:39:50', '2017-01-03 21:39:50', '7b8a4ac9-6176-489e-8345-d1a54cb077e1'),
 ('2654', '2804', 'es_us', 'Writing for the Web', NULL, NULL, NULL, NULL, NULL, NULL, NULL, NULL, NULL, NULL, NULL, NULL, NULL, '2017-01-03 21:39:50', '2017-01-03 21:39:50', '14e7bc99-642d-432b-be64-9b367e4efc9e'),
 ('2655', '2805', 'es_us', 'Lunch-n-Learn', NULL, NULL, NULL, NULL, NULL, NULL, NULL, NULL, NULL, NULL, NULL, NULL, NULL, '2017-01-03 21:39:50', '2017-01-03 21:39:50', 'cd815a0d-c4aa-4ad6-83b6-9b9ed05f0581'),
 ('2656', '2808', 'es_us', 'Field Trip', NULL, NULL, NULL, NULL, NULL, NULL, NULL, NULL, NULL, NULL, NULL, NULL, NULL, '2017-01-03 21:39:51', '2017-01-03 21:39:51', 'de6185e4-742c-4076-b829-5c7b3bab88d4'),
 ('2657', '2811', 'es_us', 'Girls Garage', NULL, NULL, NULL, NULL, NULL, NULL, NULL, NULL, NULL, NULL, NULL, NULL, NULL, '2017-01-03 21:39:51', '2017-01-03 21:39:51', 'c22dc250-ba52-4535-bf9e-573c6ce61424'),
 ('2658', '2', 'es_us', 'Homepage', '', '', 'La educación es\r\nEl camino hacia una vida mejor', '<p>We partner with leading businesses to help hard-working families find a path \nto success in school and beyond.</p>', NULL, NULL, NULL, NULL, NULL, NULL, NULL, NULL, NULL, '2017-01-03 22:07:47', '2017-01-26 16:52:05', '6c894a1f-b8ec-46a3-8abc-ddae79507d34'),
 ('2663', '2866', 'en_us', 'Ed Nav 330 2', NULL, NULL, NULL, NULL, NULL, NULL, NULL, NULL, NULL, NULL, NULL, NULL, NULL, '2017-01-05 16:38:20', '2017-01-24 23:19:22', 'b6dd69ae-61fc-462f-9195-08d099e6ff31'),
 ('2664', '2866', 'es_us', 'Ed Nav 330 2', NULL, NULL, NULL, NULL, NULL, NULL, NULL, NULL, NULL, NULL, NULL, NULL, NULL, '2017-01-05 16:38:20', '2017-01-05 16:38:20', '42a8b39a-7730-480b-a938-d22845f63d38'),
 ('2665', '2867', 'en_us', '649404', NULL, NULL, NULL, NULL, NULL, NULL, NULL, NULL, NULL, NULL, NULL, NULL, NULL, '2017-01-05 16:41:56', '2017-01-24 23:19:22', 'ad5f1349-2a3d-454a-b511-8b82b4456530'),
 ('2666', '2867', 'es_us', '649404', NULL, NULL, NULL, NULL, NULL, NULL, NULL, NULL, NULL, NULL, NULL, NULL, NULL, '2017-01-05 16:41:56', '2017-01-05 16:41:56', 'ddb17cfd-38e6-4fca-9b4b-e148469896da'),
 ('2667', '2870', 'en_us', '841683', NULL, NULL, NULL, NULL, NULL, NULL, NULL, NULL, NULL, NULL, NULL, NULL, NULL, '2017-01-05 17:48:09', '2017-01-24 23:19:23', '92c2b913-2aac-4104-833a-f02941fb87fb'),
 ('2668', '2870', 'es_us', '841683', NULL, NULL, NULL, NULL, NULL, NULL, NULL, NULL, NULL, NULL, NULL, NULL, NULL, '2017-01-05 17:48:09', '2017-01-05 17:48:09', '09a5fa92-dc1f-4f60-8e6d-7327a81e959a'),
 ('2669', '2871', 'en_us', '841683', NULL, NULL, NULL, NULL, NULL, NULL, NULL, NULL, NULL, NULL, NULL, NULL, NULL, '2017-01-05 18:10:18', '2017-01-24 23:19:23', '4f88f996-30a3-412a-92d5-8800375a0d17'),
 ('2670', '2871', 'es_us', '841683', NULL, NULL, NULL, NULL, NULL, NULL, NULL, NULL, NULL, NULL, NULL, NULL, NULL, '2017-01-05 18:10:18', '2017-01-05 18:10:18', 'b2482223-f7ef-448e-a78a-1340e002b433'),
 ('2679', '2876', 'en_us', '2001 A Space Odyssey Screenshot 1920X1080 9', NULL, NULL, NULL, NULL, NULL, NULL, NULL, NULL, NULL, NULL, NULL, NULL, NULL, '2017-01-12 23:13:57', '2017-01-24 23:19:23', '6fc37cec-4179-4d22-8432-1586e1734260'),
 ('2680', '2876', 'es_us', '2001 A Space Odyssey Screenshot 1920X1080 9', NULL, NULL, NULL, NULL, NULL, NULL, NULL, NULL, NULL, NULL, NULL, NULL, NULL, '2017-01-12 23:13:57', '2017-01-12 23:13:57', '01196979-27f0-45a4-aded-bb07c536d13c'),
 ('2684', '2880', 'en_us', 'Find Your Path', NULL, NULL, NULL, NULL, NULL, NULL, NULL, NULL, NULL, NULL, NULL, NULL, NULL, '2017-01-17 20:42:53', '2017-01-24 23:19:24', '93e5634d-2a3e-4c97-bcd6-b9cff2599895'),
 ('2685', '2880', 'es_us', 'For Families', NULL, NULL, NULL, NULL, NULL, NULL, NULL, NULL, NULL, NULL, NULL, NULL, NULL, '2017-01-17 20:42:53', '2017-01-24 19:56:24', '49b7b013-1547-4e83-ab3c-30bf6ae4a653'),
 ('2686', '2882', 'en_us', '2001 A Space Odyssey Screenshot 1920X1080 9', NULL, NULL, NULL, NULL, NULL, NULL, NULL, NULL, NULL, NULL, NULL, NULL, NULL, '2017-01-17 21:11:18', '2017-01-24 23:19:23', '2b4ea4b9-8925-4e91-865d-388e26104c2b'),
 ('2687', '2882', 'es_us', '2001 A Space Odyssey Screenshot 1920X1080 9', NULL, NULL, NULL, NULL, NULL, NULL, NULL, NULL, NULL, NULL, NULL, NULL, NULL, '2017-01-17 21:11:18', '2017-01-17 21:11:18', 'ab27a161-b917-4136-a808-f38bb10d15e0'),
 ('2688', '2883', 'en_us', '2001 A Space Odyssey Screenshot 1920X1080 9', NULL, NULL, NULL, NULL, NULL, NULL, NULL, NULL, NULL, NULL, NULL, NULL, NULL, '2017-01-17 22:00:14', '2017-01-24 23:19:23', 'e9f21541-5fa5-4575-a2c2-90df891f7ced'),
 ('2689', '2883', 'es_us', '2001 A Space Odyssey Screenshot 1920X1080 9', NULL, NULL, NULL, NULL, NULL, NULL, NULL, NULL, NULL, NULL, NULL, NULL, NULL, '2017-01-17 22:00:14', '2017-01-17 22:00:14', 'd35f85ba-fcaf-45fe-8244-6a5435a8decc'),
 ('2692', '2885', 'en_us', 'Section Two Carousel', NULL, NULL, NULL, NULL, NULL, NULL, NULL, NULL, NULL, NULL, NULL, NULL, NULL, '2017-01-17 22:45:59', '2017-01-24 23:19:24', '4fc4c448-b2da-49ce-a9c5-016bb9410150'),
 ('2693', '2885', 'es_us', 'The Help you need', NULL, NULL, NULL, NULL, NULL, NULL, NULL, NULL, NULL, NULL, NULL, NULL, NULL, '2017-01-17 22:45:59', '2017-01-17 22:45:59', '718b3edc-0d69-4f7b-9f0d-79d9d8c9e295'),
 ('2694', '2887', 'en_us', '649404 2', NULL, NULL, NULL, NULL, NULL, NULL, NULL, NULL, NULL, NULL, NULL, NULL, NULL, '2017-01-17 23:03:35', '2017-01-24 23:19:23', 'd1515344-294a-490e-92bc-7f4e14031608'),
 ('2695', '2887', 'es_us', '649404 2', NULL, NULL, NULL, NULL, NULL, NULL, NULL, NULL, NULL, NULL, NULL, NULL, NULL, '2017-01-17 23:03:35', '2017-01-17 23:03:35', 'e5cc06d0-4ac3-4b02-b9d8-b278a45668a3'),
 ('2696', '2888', 'en_us', '826621', NULL, NULL, NULL, NULL, NULL, NULL, NULL, NULL, NULL, NULL, NULL, NULL, NULL, '2017-01-17 23:03:50', '2017-01-24 23:19:23', 'ae11e2ee-8eeb-4823-b965-947250ebf466'),
 ('2697', '2888', 'es_us', '826621', NULL, NULL, NULL, NULL, NULL, NULL, NULL, NULL, NULL, NULL, NULL, NULL, NULL, '2017-01-17 23:03:50', '2017-01-17 23:03:50', 'f5f6ff58-86ee-49d2-809c-28e457357117'),
 ('2698', '2889', 'en_us', '826629', NULL, NULL, NULL, NULL, NULL, NULL, NULL, NULL, NULL, NULL, NULL, NULL, NULL, '2017-01-17 23:11:54', '2017-01-24 23:19:23', 'b0015b47-0325-4dfa-b209-5ae6eed59db5'),
 ('2699', '2889', 'es_us', '826629', NULL, NULL, NULL, NULL, NULL, NULL, NULL, NULL, NULL, NULL, NULL, NULL, NULL, '2017-01-17 23:11:54', '2017-01-17 23:11:54', '0e0ae867-c987-4bbc-a1d4-f292f5191fdb'),
 ('2700', '2890', 'en_us', 'Invest in your greatest asset', NULL, NULL, NULL, NULL, NULL, NULL, NULL, NULL, NULL, NULL, NULL, NULL, NULL, '2017-01-17 23:12:01', '2017-01-24 23:19:24', '3602b018-49a9-4f48-9c52-6313eaaede57'),
 ('2701', '2890', 'es_us', 'Invest in your greatest asset', NULL, NULL, NULL, NULL, NULL, NULL, NULL, NULL, NULL, NULL, NULL, NULL, NULL, '2017-01-17 23:12:01', '2017-01-17 23:12:01', '8dfea131-80a0-40c8-9d9d-ede8389ec6b8'),
 ('2702', '2892', 'en_us', 'For Families', NULL, NULL, NULL, NULL, 'For Families & Students', NULL, NULL, NULL, NULL, NULL, NULL, NULL, NULL, '2017-01-17 23:21:22', '2017-01-24 23:19:24', 'f16935c4-ad18-413c-8451-cbca5e09acb4'),
 ('2703', '2892', 'es_us', 'Para Familias', NULL, NULL, NULL, NULL, 'Para Familias & Estudiantes', NULL, NULL, NULL, NULL, NULL, NULL, NULL, NULL, '2017-01-17 23:21:22', '2017-01-24 20:48:32', 'e6f8ccd8-3e18-4256-9496-f4996d1ff75c'),
 ('2704', '2893', 'en_us', 'For Employers', NULL, NULL, NULL, NULL, 'For Employers', NULL, NULL, NULL, NULL, NULL, NULL, NULL, NULL, '2017-01-17 23:21:44', '2017-01-24 23:19:24', '82122985-8f57-4a7a-adb6-2e5845f30fd7'),
 ('2705', '2893', 'es_us', 'For Employers', NULL, NULL, NULL, NULL, NULL, NULL, NULL, NULL, NULL, NULL, NULL, NULL, NULL, '2017-01-17 23:21:44', '2017-01-17 23:21:44', '52ef3afe-e996-4a0b-9de0-a6e89bf5354f'),
 ('2706', '2894', 'en_us', 'Uoregon0473', NULL, NULL, NULL, NULL, NULL, NULL, NULL, NULL, NULL, NULL, NULL, NULL, NULL, '2017-01-17 23:35:16', '2017-01-24 23:19:23', 'd04b76b9-ea25-432b-822e-449a2496f7d7'),
 ('2707', '2894', 'es_us', 'Uoregon0473', NULL, NULL, NULL, NULL, NULL, NULL, NULL, NULL, NULL, NULL, NULL, NULL, NULL, '2017-01-17 23:35:16', '2017-01-17 23:35:16', '53b59822-9eef-4fb7-a89d-7a06999bd29b'),
 ('2708', '2895', 'en_us', 'Give Back', NULL, NULL, NULL, NULL, NULL, NULL, NULL, NULL, NULL, NULL, NULL, NULL, NULL, '2017-01-17 23:35:21', '2017-01-24 23:19:24', 'f1a0984a-18dd-4f4c-afbf-b8e5b6b711b1'),
 ('2709', '2895', 'es_us', 'Give Back', NULL, NULL, NULL, NULL, NULL, NULL, NULL, NULL, NULL, NULL, NULL, NULL, NULL, '2017-01-17 23:35:21', '2017-01-17 23:35:21', '785937ef-596c-4374-8503-cf09d82dc19f'),
 ('2710', '2897', 'en_us', 'Third Section Slideshow', NULL, NULL, NULL, NULL, NULL, NULL, NULL, NULL, NULL, NULL, NULL, NULL, NULL, '2017-01-18 15:23:58', '2017-01-24 23:19:24', '7fa7bc3b-b38f-49fc-a5d3-5cd8fa8ce38e'),
 ('2711', '2897', 'es_us', 'Third ', NULL, NULL, NULL, NULL, NULL, NULL, NULL, NULL, NULL, NULL, NULL, NULL, NULL, '2017-01-18 15:23:58', '2017-01-18 15:23:58', '6e7dbcb4-1864-4036-9a71-aa38162ca4ce'),
 ('2712', '2898', 'en_us', 'Uoregon0670', NULL, NULL, NULL, NULL, NULL, NULL, NULL, NULL, NULL, NULL, NULL, NULL, NULL, '2017-01-18 15:27:06', '2017-01-24 23:19:23', 'c7a3b124-7afb-41ff-b908-4da99d3954f9'),
 ('2713', '2898', 'es_us', 'Uoregon0670', NULL, NULL, NULL, NULL, NULL, NULL, NULL, NULL, NULL, NULL, NULL, NULL, NULL, '2017-01-18 15:27:06', '2017-01-18 15:27:06', '129a3781-523a-4421-a439-49d5130c2cf0'),
 ('2714', '2902', 'en_us', 'Shared Costs', NULL, NULL, NULL, NULL, NULL, NULL, NULL, NULL, NULL, NULL, NULL, NULL, NULL, '2017-01-18 15:30:09', '2017-01-24 23:19:24', '0d2a93f5-46cb-4163-b216-d6f871e956ae'),
 ('2715', '2902', 'es_us', 'Shared Costs', NULL, NULL, NULL, NULL, NULL, NULL, NULL, NULL, NULL, NULL, NULL, NULL, NULL, '2017-01-18 15:30:09', '2017-01-18 15:30:09', 'b39d7794-f4fb-409d-89fa-40c4bd74313d'),
 ('2716', '2904', 'en_us', 'Ed Nav 330 2', NULL, NULL, NULL, NULL, NULL, NULL, NULL, NULL, NULL, NULL, NULL, NULL, NULL, '2017-01-18 16:43:19', '2017-01-24 23:19:23', 'b34e5e11-3145-4513-a90f-b18703f4223d'),
 ('2717', '2904', 'es_us', 'Ed Nav 330 2', NULL, NULL, NULL, NULL, NULL, NULL, NULL, NULL, NULL, NULL, NULL, NULL, NULL, '2017-01-18 16:43:19', '2017-01-18 16:43:19', '03332856-e584-4f28-bb6b-8354a2b3374c'),
 ('2718', '2905', 'en_us', 'Stories Slideshow', NULL, NULL, NULL, NULL, NULL, NULL, NULL, NULL, NULL, NULL, NULL, NULL, NULL, '2017-01-18 16:44:06', '2017-01-24 23:19:24', '0f8a812f-a0bb-4b6f-82ab-553f2348c945'),
 ('2719', '2905', 'es_us', 'Stories Slideshow', NULL, NULL, NULL, NULL, NULL, NULL, NULL, NULL, NULL, NULL, NULL, NULL, NULL, '2017-01-18 16:44:06', '2017-01-18 16:44:06', 'ce6cf5e5-ccab-4a85-9123-2f74ef235765'),
 ('2720', '2910', 'en_us', 'Amy Mikler 01', NULL, NULL, NULL, NULL, NULL, NULL, NULL, NULL, NULL, NULL, NULL, NULL, NULL, '2017-01-24 17:22:36', '2017-01-24 23:19:23', '4ec4c630-2a56-48c9-b306-f575eed3af6c'),
 ('2721', '2910', 'es_us', 'Amy Mikler 01', NULL, NULL, NULL, NULL, NULL, NULL, NULL, NULL, NULL, NULL, NULL, NULL, NULL, '2017-01-24 17:22:36', '2017-01-24 17:22:36', '4996d9b5-7c9c-4a44-abb5-f32c9211fc63'),
 ('2722', '2911', 'en_us', 'Stories', NULL, NULL, NULL, NULL, NULL, NULL, NULL, NULL, NULL, NULL, NULL, NULL, NULL, '2017-01-24 17:25:49', '2017-01-24 23:19:24', '9176bfa5-4cb6-49cf-9692-9a23f5e1c89c'),
 ('2723', '2911', 'es_us', 'Stories', NULL, NULL, NULL, NULL, NULL, NULL, NULL, NULL, NULL, NULL, NULL, NULL, NULL, '2017-01-24 17:25:49', '2017-01-24 17:25:49', '810ae06f-af21-4ab9-a2c7-b1eaf2f38808'),
 ('2769', '2830', 'es_us', 'Who We Are', '', '', NULL, NULL, NULL, NULL, NULL, NULL, NULL, NULL, NULL, NULL, NULL, '2017-01-25 17:10:34', '2017-01-26 23:47:38', 'b307ac3f-3fa0-43ae-90c7-1a0b68c97993'),
 ('2770', '2843', 'es_us', 'Navigators', '', '', NULL, NULL, NULL, NULL, NULL, NULL, NULL, NULL, NULL, NULL, NULL, '2017-01-25 17:10:34', '2017-02-02 18:28:58', '2d1fc63c-07b0-46dc-8d2f-ecb626581eb6'),
 ('2771', '2845', 'es_us', 'Leadership', '', '', NULL, NULL, NULL, NULL, NULL, NULL, NULL, NULL, NULL, NULL, NULL, '2017-01-25 17:10:34', '2017-02-02 18:42:49', '32006655-2ce7-45bf-9d1d-a41e466909dd'),
 ('2772', '2850', 'es_us', 'Board of Directors', '', '', NULL, NULL, NULL, NULL, NULL, NULL, NULL, NULL, NULL, NULL, NULL, '2017-01-25 17:10:34', '2017-02-02 19:07:58', 'cb69fa80-e2bd-4522-9550-427c44d44a43'),
 ('2773', '2856', 'es_us', 'Our Partners                 ', '', '', NULL, NULL, NULL, NULL, NULL, NULL, NULL, NULL, NULL, NULL, NULL, '2017-01-25 17:10:34', '2017-02-02 21:07:12', '9a10f521-7fc1-4801-9b68-9dd188df5bc3'),
 ('2774', '2831', 'es_us', 'How We Help', '', '', 'We give hard-working families personalized, ongoing support along the path from preschool to college.', NULL, NULL, NULL, NULL, NULL, NULL, NULL, NULL, NULL, NULL, '2017-01-25 17:15:14', '2017-01-26 16:38:33', 'b8d7dc38-9ae8-4f54-b31b-b6503b9e9d2d'),
 ('2775', '2925', 'en_us', 'Icon Principle 1', NULL, NULL, NULL, NULL, NULL, NULL, NULL, NULL, NULL, NULL, NULL, NULL, NULL, '2017-01-26 20:08:37', '2017-01-26 20:14:15', 'e04d9e86-1e8c-454a-8f55-e8bc6d83ba15'),
 ('2776', '2925', 'es_us', 'Icon Principle 1', NULL, NULL, NULL, NULL, NULL, NULL, NULL, NULL, NULL, NULL, NULL, NULL, NULL, '2017-01-26 20:08:37', '2017-01-26 20:08:37', '54079de0-4fde-4b6c-876c-0d08a3edd5a9'),
 ('2779', '2930', 'en_us', 'Icon Principle 2', NULL, NULL, NULL, NULL, NULL, NULL, NULL, NULL, NULL, NULL, NULL, NULL, NULL, '2017-01-26 20:22:14', '2017-01-26 20:22:14', '2bfab6e0-d147-49a2-812d-e4d4ab387d14'),
 ('2780', '2930', 'es_us', 'Icon Principle 2', NULL, NULL, NULL, NULL, NULL, NULL, NULL, NULL, NULL, NULL, NULL, NULL, NULL, '2017-01-26 20:22:14', '2017-01-26 20:22:14', '0b7c3e43-e4f6-46d1-b6a6-4445dec5c4d6'),
 ('2781', '2933', 'en_us', 'Icon Principle 3', NULL, NULL, NULL, NULL, NULL, NULL, NULL, NULL, NULL, NULL, NULL, NULL, NULL, '2017-01-26 23:40:04', '2017-01-26 23:40:04', '8904f481-1121-4922-963d-69b301aebcc6'),
 ('2782', '2933', 'es_us', 'Icon Principle 3', NULL, NULL, NULL, NULL, NULL, NULL, NULL, NULL, NULL, NULL, NULL, NULL, NULL, '2017-01-26 23:40:04', '2017-01-26 23:40:04', 'e36fb4c8-79c9-4247-b39c-1c7163d59c57'),
 ('2783', '2934', 'en_us', 'Icon Principle 4', NULL, NULL, NULL, NULL, NULL, NULL, NULL, NULL, NULL, NULL, NULL, NULL, NULL, '2017-01-26 23:40:04', '2017-01-26 23:40:04', 'd9955067-7b6f-4696-84ef-7305033fc546'),
 ('2784', '2934', 'es_us', 'Icon Principle 4', NULL, NULL, NULL, NULL, NULL, NULL, NULL, NULL, NULL, NULL, NULL, NULL, NULL, '2017-01-26 23:40:04', '2017-01-26 23:40:04', '31a440d3-f529-4d04-b7f9-cedcc52f7760'),
 ('2785', '2935', 'en_us', 'Icon Principle 5', NULL, NULL, NULL, NULL, NULL, NULL, NULL, NULL, NULL, NULL, NULL, NULL, NULL, '2017-01-26 23:40:04', '2017-01-26 23:40:04', '2d4d0d59-a9f0-40fe-af95-646d02b1572a'),
 ('2786', '2935', 'es_us', 'Icon Principle 5', NULL, NULL, NULL, NULL, NULL, NULL, NULL, NULL, NULL, NULL, NULL, NULL, NULL, '2017-01-26 23:40:04', '2017-01-26 23:40:04', '143c4578-b707-47bd-978c-ee68b6366ac5'),
 ('2787', '2936', 'en_us', 'Icon Principle 6', NULL, NULL, NULL, NULL, NULL, NULL, NULL, NULL, NULL, NULL, NULL, NULL, NULL, '2017-01-26 23:40:04', '2017-01-26 23:40:04', 'dc6feecb-c947-4a12-9062-3625c4d8dc84');
INSERT INTO `craft_content` (`id`, `elementId`, `locale`, `title`, `field_seoTitle`, `field_seoDescription`, `field_pageDescription`, `field_body`, `field_userPathTagline`, `field_learnMoreLinks`, `field_peopleSectionLabel`, `field_excerpt`, `field_videoId`, `field_twitterUrl`, `field_facebookUrl`, `field_linkedinUrl`, `field_mediumUrl`, `dateCreated`, `dateUpdated`, `uid`) VALUES
 ('2788', '2936', 'es_us', 'Icon Principle 6', NULL, NULL, NULL, NULL, NULL, NULL, NULL, NULL, NULL, NULL, NULL, NULL, NULL, '2017-01-26 23:40:04', '2017-01-26 23:40:04', '20f5409d-2330-4d8a-8150-cc5bf1dbf1e4'),
 ('2789', '2941', 'en_us', 'Navigator Timothy Daly', NULL, NULL, NULL, NULL, NULL, NULL, NULL, NULL, NULL, NULL, NULL, NULL, NULL, '2017-01-30 22:23:09', '2017-01-30 22:23:09', '6a92500c-53bf-491b-b9c3-aac4b22d191f'),
 ('2790', '2941', 'es_us', 'Navigator Timothy Daly', NULL, NULL, NULL, NULL, NULL, NULL, NULL, NULL, NULL, NULL, NULL, NULL, NULL, '2017-01-30 22:23:09', '2017-01-30 22:23:09', 'da4d1e40-2f89-4651-9b40-74c87d66a6a5'),
 ('2791', '2943', 'en_us', 'Navigator 2', NULL, NULL, NULL, NULL, NULL, NULL, NULL, NULL, NULL, NULL, NULL, NULL, NULL, '2017-02-02 18:28:15', '2017-02-02 18:28:15', '34c89504-861a-4b57-bed7-306ef8041b1e'),
 ('2792', '2943', 'es_us', 'Navigator 2', NULL, NULL, NULL, NULL, NULL, NULL, NULL, NULL, NULL, NULL, NULL, NULL, NULL, '2017-02-02 18:28:15', '2017-02-02 18:28:15', '48f57097-9264-4f7a-bb8e-878d85ec6511'),
 ('2793', '2945', 'en_us', 'International House', NULL, NULL, NULL, NULL, NULL, NULL, NULL, NULL, NULL, NULL, NULL, NULL, NULL, '2017-02-02 19:16:19', '2017-02-02 19:16:19', '34f0a588-8067-482f-9749-2366ba054ee4'),
 ('2794', '2945', 'es_us', 'International House', NULL, NULL, NULL, NULL, NULL, NULL, NULL, NULL, NULL, NULL, NULL, NULL, NULL, '2017-02-02 19:16:19', '2017-02-02 19:16:19', '2696c32c-ccd8-4196-bdd5-1e74bb3bb774'),
 ('2795', '2946', 'en_us', 'Marriott Nola', NULL, NULL, NULL, NULL, NULL, NULL, NULL, NULL, NULL, NULL, NULL, NULL, NULL, '2017-02-02 20:58:40', '2017-02-02 20:58:40', '8638e76d-e3cb-485f-9074-90bbb1f9f3ca'),
 ('2796', '2946', 'es_us', 'Marriott Nola', NULL, NULL, NULL, NULL, NULL, NULL, NULL, NULL, NULL, NULL, NULL, NULL, NULL, '2017-02-02 20:58:41', '2017-02-02 20:58:41', '6fbc59ee-98dd-4a7f-9837-7215b07fdb65'),
 ('2797', '2947', 'en_us', 'Hyatt Regency', NULL, NULL, NULL, NULL, NULL, NULL, NULL, NULL, NULL, NULL, NULL, NULL, NULL, '2017-02-02 21:03:45', '2017-02-02 21:03:45', '19715342-7b22-48a9-821d-7ca9d9afc12a'),
 ('2798', '2947', 'es_us', 'Hyatt Regency', NULL, NULL, NULL, NULL, NULL, NULL, NULL, NULL, NULL, NULL, NULL, NULL, NULL, '2017-02-02 21:03:45', '2017-02-02 21:03:45', '04d6731c-d38e-468d-9a21-d2adaac3d2da'),
 ('2799', '2948', 'en_us', 'Jw Marriott New Orleans', NULL, NULL, NULL, NULL, NULL, NULL, NULL, NULL, NULL, NULL, NULL, NULL, NULL, '2017-02-02 21:05:24', '2017-02-02 21:05:24', '4eae77c0-3825-4e17-b1bf-ca0187ba80e6'),
 ('2800', '2948', 'es_us', 'Jw Marriott New Orleans', NULL, NULL, NULL, NULL, NULL, NULL, NULL, NULL, NULL, NULL, NULL, NULL, NULL, '2017-02-02 21:05:24', '2017-02-02 21:05:24', '3e165ae8-d0e9-4aac-826b-234ffa8ca5c0'),
 ('2801', '2949', 'en_us', 'Ritz Carlton', NULL, NULL, NULL, NULL, NULL, NULL, NULL, NULL, NULL, NULL, NULL, NULL, NULL, '2017-02-02 21:06:20', '2017-02-02 21:06:20', 'b2fda366-cb63-4fbc-a6ec-25323cfbb550'),
 ('2802', '2949', 'es_us', 'Ritz Carlton', NULL, NULL, NULL, NULL, NULL, NULL, NULL, NULL, NULL, NULL, NULL, NULL, NULL, '2017-02-02 21:06:20', '2017-02-02 21:06:20', '2897a00a-f9f2-4570-a944-c56d71490c84'),
 ('2803', '2950', 'en_us', 'Parent-Teacher Conferences', NULL, NULL, NULL, NULL, NULL, NULL, NULL, NULL, NULL, NULL, NULL, NULL, NULL, '2017-02-02 21:24:31', '2017-02-02 21:24:31', '8598f8dc-f040-4a07-9df5-d839122029b2'),
 ('2804', '2950', 'es_us', 'Parent-Teacher Conferences', NULL, NULL, NULL, NULL, NULL, NULL, NULL, NULL, NULL, NULL, NULL, NULL, NULL, '2017-02-02 21:24:31', '2017-02-02 21:24:31', '67ff5382-848c-4f2f-ad39-f6806b5be302'),
 ('2805', '2951', 'en_us', 'Report Cards', NULL, NULL, NULL, NULL, NULL, NULL, NULL, NULL, NULL, NULL, NULL, NULL, NULL, '2017-02-02 21:24:36', '2017-02-02 21:24:36', 'bea33426-4abb-421b-94c0-a7b164bf7db3'),
 ('2806', '2951', 'es_us', 'Report Cards', NULL, NULL, NULL, NULL, NULL, NULL, NULL, NULL, NULL, NULL, NULL, NULL, NULL, '2017-02-02 21:24:36', '2017-02-02 21:24:36', '62875277-c929-4b6c-9218-31d77121c3b8'),
 ('2807', '2952', 'en_us', 'Uoregon0473', NULL, NULL, NULL, NULL, NULL, NULL, NULL, NULL, NULL, NULL, NULL, NULL, NULL, '2017-02-02 21:27:34', '2017-02-02 21:28:49', '5df9d0f2-f730-4971-afb5-c4867650a2ff'),
 ('2808', '2952', 'es_us', 'Uoregon0473', NULL, NULL, NULL, NULL, NULL, NULL, NULL, NULL, NULL, NULL, NULL, NULL, NULL, '2017-02-02 21:27:34', '2017-02-02 21:27:34', 'dae70c13-d804-45d1-a7c6-80a358fd8dbe'),
 ('2809', '2953', 'en_us', 'How to Make Parent-Teacher Conferences More Parent-Friendly', '', '', NULL, '<p>At schools across the county, parent-teacher conferences are happening right now.  The first report cards of the year were probably sent home in the past few weeks.  Now, it’s time for parents and teachers to discuss how things are going.  This is arguably the most critical moment of the school year for parent engagement.  Parents trust teachers more than any other source of information when it comes to their child’s education. When I was a teacher, I really looked forward to these first-quarter conferences. They offered an opportunity to set the tone and get everyone on the same page early in the year, when there was still time to make bigger adjustments.</p>\n<p>We recently offered parents some tips on how to read report cards in our EdTips newsletter (it’s not as easy as you think). As teachers prep for the initial round of report card conferences, we hope that they will offer an honest and comprehensive view of each student’s performance. That’s not easy, either. Teachers only have a few minutes with each parent, and there’s a lot to cover. If the student’s not doing so well, it can be a tough conversation. I know I had plenty of those as a teacher, and there were always conferences I wished I’d handled differently.</p>\n<p>Today, when teachers ask me how they can make sure parent-teacher conferences are useful to families, here’s what I tell them:  </p>\n<p>Be clear</p>\n<p>Make sure parents fully understand what their child’s report card is saying. Go beyond generic statements like, “Your child needs to focus on math.” Provide examples of student work and show families where students are struggling or thriving, specifically. Parents crave specifics because such details inspire them to play a more active role in their child’s learning development and help them understand how they can be helpful at home. Likewise, don’t assume that they can interpret, “she’s very enthusiastic in class” when you actually mean “she needs to practice waiting her turn and raising her hand” – be direct and say things plainly.</p>\n<p>Be candid</p>\n<p>When you go to the doctor, you expect to get an honest assessment of your health. If a blood test shows a problem, your doctor is ethically obligated to tell you about it—even if it’s not what you want to hear. Parents should be able to expect the same from their children’s teachers. They aren’t expecting to be overloaded with information as they’re juggling their own set of responsibilities, but schools should never sugarcoat issues.</p>\n<p>Research shows that more than 90% of parents believe their children are performing on grade level when the data says otherwise. They aren’t delusional; they just aren’t getting good information. It is essential for teachers to clearly explain to parents where their children are academically. If a child is struggling, make sure her parents understand how serious the issue is and what has to happen in order to get her back on track. The goal isn’t to scare anyone, but rather to build a shared sense of urgency and focus.</p>\n<p>Be collaborative</p>\n<p>As teachers, you won’t find a better partner to work with than parents. They know their kids better than anyone, so use them! Parents can provide insights into their children’s behavior, habits, motivations, and general quirks that can help you reach them in the classroom. When students see their teacher and parents on the same page, it pushes them to meet and exceed expectations. The message is clear: there are no loopholes. Success is the only option.</p>\n<p>At the end of the report card conference, parents should have a clear set of next steps, understanding exactly what the school will do to support their child moving forward and tips on how they can reasonably help at home.  But these meetings aren’t just about setting clear expectations for the student; they’re also about enabling parents to actively participate in their child’s education and to hold the school accountable.</p>\n<p>One last thing, teachers and principals: Please make sure that parents get a copy of the report card! This might sound obvious, but many schools ask parents to sign and return the report card, leaving them with no reference of progress. We all know that report cards make nice refrigerator decorations, so don’t deprive parents of that!</p>', NULL, NULL, NULL, 'When teachers ask me how they can make sure parent-teacher conferences are useful to families, here’s what I tell them.', NULL, NULL, NULL, NULL, NULL, '2017-02-02 21:28:49', '2017-02-08 19:46:20', '41887663-7a31-4016-acad-961942fb3fe6'),
 ('2810', '2953', 'es_us', 'How to Make Parent-Teacher Conferences More Parent-Friendly', '', '', NULL, '<p>At schools across the county, parent-teacher conferences are happening right now.  The first report cards of the year were probably sent home in the past few weeks.  Now, it’s time for parents and teachers to discuss how things are going.  This is arguably the most critical moment of the school year for parent engagement.  Parents trust teachers more than any other source of information when it comes to their child’s education. When I was a teacher, I really looked forward to these first-quarter conferences. They offered an opportunity to set the tone and get everyone on the same page early in the year, when there was still time to make bigger adjustments.</p>\n<p>We recently offered parents some tips on how to read report cards in our EdTips newsletter (it’s not as easy as you think). As teachers prep for the initial round of report card conferences, we hope that they will offer an honest and comprehensive view of each student’s performance. That’s not easy, either. Teachers only have a few minutes with each parent, and there’s a lot to cover. If the student’s not doing so well, it can be a tough conversation. I know I had plenty of those as a teacher, and there were always conferences I wished I’d handled differently.</p>\n<p>Today, when teachers ask me how they can make sure parent-teacher conferences are useful to families, here’s what I tell them:  </p>\n<p>Be clear</p>\n<p>Make sure parents fully understand what their child’s report card is saying. Go beyond generic statements like, “Your child needs to focus on math.” Provide examples of student work and show families where students are struggling or thriving, specifically. Parents crave specifics because such details inspire them to play a more active role in their child’s learning development and help them understand how they can be helpful at home. Likewise, don’t assume that they can interpret, “she’s very enthusiastic in class” when you actually mean “she needs to practice waiting her turn and raising her hand” – be direct and say things plainly.</p>\n<p>Be candid</p>\n<p>When you go to the doctor, you expect to get an honest assessment of your health. If a blood test shows a problem, your doctor is ethically obligated to tell you about it—even if it’s not what you want to hear. Parents should be able to expect the same from their children’s teachers. They aren’t expecting to be overloaded with information as they’re juggling their own set of responsibilities, but schools should never sugarcoat issues.</p>\n<p>Research shows that more than 90% of parents believe their children are performing on grade level when the data says otherwise. They aren’t delusional; they just aren’t getting good information. It is essential for teachers to clearly explain to parents where their children are academically. If a child is struggling, make sure her parents understand how serious the issue is and what has to happen in order to get her back on track. The goal isn’t to scare anyone, but rather to build a shared sense of urgency and focus.</p>\n<p>Be collaborative</p>\n<p>As teachers, you won’t find a better partner to work with than parents. They know their kids better than anyone, so use them! Parents can provide insights into their children’s behavior, habits, motivations, and general quirks that can help you reach them in the classroom. When students see their teacher and parents on the same page, it pushes them to meet and exceed expectations. The message is clear: there are no loopholes. Success is the only option.</p>\n<p>At the end of the report card conference, parents should have a clear set of next steps, understanding exactly what the school will do to support their child moving forward and tips on how they can reasonably help at home.  But these meetings aren’t just about setting clear expectations for the student; they’re also about enabling parents to actively participate in their child’s education and to hold the school accountable.</p>\n<p>One last thing, teachers and principals: Please make sure that parents get a copy of the report card! This might sound obvious, but many schools ask parents to sign and return the report card, leaving them with no reference of progress. We all know that report cards make nice refrigerator decorations, so don’t deprive parents of that!</p>', NULL, NULL, NULL, 'When teachers ask me how they can make sure parent-teacher conferences are useful to families, here’s what I tell them.', NULL, NULL, NULL, NULL, NULL, '2017-02-02 21:28:49', '2017-02-08 19:46:20', 'f891f16e-7f4b-457c-85c1-ed44a4fbe536'),
 ('2811', '2954', 'en_us', '826629', NULL, NULL, NULL, NULL, NULL, NULL, NULL, NULL, NULL, NULL, NULL, NULL, NULL, '2017-02-02 22:20:49', '2017-02-02 22:21:26', '73441a77-4b5a-4413-b1d5-4442bd3fd900'),
 ('2812', '2954', 'es_us', '826629', NULL, NULL, NULL, NULL, NULL, NULL, NULL, NULL, NULL, NULL, NULL, NULL, NULL, '2017-02-02 22:20:49', '2017-02-02 22:20:49', '3e90d0a9-9a44-469c-9582-b5eb015c1ed1'),
 ('2813', '2955', 'en_us', 'Sample Tag', NULL, NULL, NULL, NULL, NULL, NULL, NULL, NULL, NULL, NULL, NULL, NULL, NULL, '2017-02-02 22:21:13', '2017-02-02 22:21:13', '636342cc-9536-4ec5-91a7-cff18ccd7695'),
 ('2814', '2955', 'es_us', 'Sample Tag', NULL, NULL, NULL, NULL, NULL, NULL, NULL, NULL, NULL, NULL, NULL, NULL, NULL, '2017-02-02 22:21:13', '2017-02-02 22:21:13', '9068f92e-dbaf-4f7f-89fb-7f7faa2a4cbc'),
 ('2815', '2956', 'en_us', 'Louisiana Proposes a Smarter Way to Grade Schools', '', '', NULL, '<p>Duis mollis, est non commodo luctus, nisi erat porttitor ligula, eget lacinia odio sem nec elit. Cras mattis consectetur purus sit amet fermentum. Curabitur blandit tempus porttitor. Curabitur blandit tempus porttitor. Lorem ipsum dolor sit amet, consectetur adipiscing elit. Fusce dapibus, tellus ac cursus commodo, tortor mauris condimentum nibh, ut fermentum massa justo sit amet risus.</p>\n<p>Integer posuere erat a ante venenatis dapibus posuere velit aliquet. Maecenas faucibus mollis interdum. Vivamus sagittis lacus vel augue laoreet rutrum faucibus dolor auctor. Fusce dapibus, tellus ac cursus commodo, tortor mauris condimentum nibh, ut fermentum massa justo sit amet risus. Donec sed odio dui. Donec sed odio dui. Nulla vitae elit libero, a pharetra augue.</p>\n<p>Donec ullamcorper nulla non metus auctor fringilla. Lorem ipsum dolor sit amet, consectetur adipiscing elit. Duis mollis, est non commodo luctus, nisi erat porttitor ligula, eget lacinia odio sem nec elit. Lorem ipsum dolor sit amet, consectetur adipiscing elit. Aenean eu leo quam. Pellentesque ornare sem lacinia quam venenatis vestibulum. Cras mattis consectetur purus sit amet fermentum. Aenean eu leo quam. Pellentesque ornare sem lacinia quam venenatis vestibulum.</p>\n<p>Lorem ipsum dolor sit amet, consectetur adipiscing elit. Aenean lacinia bibendum nulla sed consectetur. Cras mattis consectetur purus sit amet fermentum. Sed posuere consectetur est at lobortis.</p>', NULL, NULL, NULL, 'The state’s plan to base 25 percent of a school’s grade on how much students grow at the school is a step in the right direction.', NULL, NULL, NULL, NULL, NULL, '2017-02-02 22:21:26', '2017-02-08 20:01:15', '6b633315-f8fd-4322-8e3f-2ddf337a58f4'),
 ('2816', '2956', 'es_us', 'Louisiana Proposes a Smarter Way to Grade Schools', '', '', NULL, '<p>Duis mollis, est non commodo luctus, nisi erat porttitor ligula, eget lacinia odio sem nec elit. Cras mattis consectetur purus sit amet fermentum. Curabitur blandit tempus porttitor. Curabitur blandit tempus porttitor. Lorem ipsum dolor sit amet, consectetur adipiscing elit. Fusce dapibus, tellus ac cursus commodo, tortor mauris condimentum nibh, ut fermentum massa justo sit amet risus.</p>\n<p>Integer posuere erat a ante venenatis dapibus posuere velit aliquet. Maecenas faucibus mollis interdum. Vivamus sagittis lacus vel augue laoreet rutrum faucibus dolor auctor. Fusce dapibus, tellus ac cursus commodo, tortor mauris condimentum nibh, ut fermentum massa justo sit amet risus. Donec sed odio dui. Donec sed odio dui. Nulla vitae elit libero, a pharetra augue.</p>\n<p>Donec ullamcorper nulla non metus auctor fringilla. Lorem ipsum dolor sit amet, consectetur adipiscing elit. Duis mollis, est non commodo luctus, nisi erat porttitor ligula, eget lacinia odio sem nec elit. Lorem ipsum dolor sit amet, consectetur adipiscing elit. Aenean eu leo quam. Pellentesque ornare sem lacinia quam venenatis vestibulum. Cras mattis consectetur purus sit amet fermentum. Aenean eu leo quam. Pellentesque ornare sem lacinia quam venenatis vestibulum.</p>\n<p>Lorem ipsum dolor sit amet, consectetur adipiscing elit. Aenean lacinia bibendum nulla sed consectetur. Cras mattis consectetur purus sit amet fermentum. Sed posuere consectetur est at lobortis.</p>', NULL, NULL, NULL, 'The state’s plan to base 25 percent of a school’s grade on how much students grow at the school is a step in the right direction.', NULL, NULL, NULL, NULL, NULL, '2017-02-02 22:21:26', '2017-02-08 20:01:15', '44d251b3-245b-4a73-9ff0-aa639325b397'),
 ('2819', '2958', 'en_us', 'Blog', NULL, NULL, 'Fusce dapibus tellus ac cursus curabitur blandit tempus porttitor.', NULL, NULL, NULL, NULL, NULL, NULL, NULL, NULL, NULL, NULL, '2017-02-02 22:48:25', '2017-02-02 22:49:50', '8ec69772-2318-44b1-89a4-6a792aab0a48'),
 ('2820', '2958', 'es_us', 'Blog', NULL, NULL, NULL, NULL, NULL, NULL, NULL, NULL, NULL, NULL, NULL, NULL, NULL, '2017-02-02 22:48:25', '2017-02-02 22:48:25', '22f28751-b599-4141-95ee-8de68a0dcbb2'),
 ('2827', '2962', 'en_us', 'School Choice', NULL, NULL, NULL, NULL, NULL, NULL, NULL, NULL, NULL, NULL, NULL, NULL, NULL, '2017-02-03 15:31:39', '2017-02-03 15:31:39', 'c6fde0d8-a11a-4310-8e75-aa0970b612dd'),
 ('2828', '2962', 'es_us', 'School Choice', NULL, NULL, NULL, NULL, NULL, NULL, NULL, NULL, NULL, NULL, NULL, NULL, NULL, '2017-02-03 15:31:39', '2017-02-03 15:31:39', '07772714-2e3b-4255-b224-e08902deac9b'),
 ('2829', '2963', 'en_us', 'School Performance', NULL, NULL, NULL, NULL, NULL, NULL, NULL, NULL, NULL, NULL, NULL, NULL, NULL, '2017-02-03 15:31:52', '2017-02-03 15:31:52', 'b5b69381-c045-4aea-893b-9656eab3c326'),
 ('2830', '2963', 'es_us', 'School Performance', NULL, NULL, NULL, NULL, NULL, NULL, NULL, NULL, NULL, NULL, NULL, NULL, NULL, '2017-02-03 15:31:52', '2017-02-03 15:31:52', '5d19d9a0-13b3-4ce8-95c9-5494f2344132'),
 ('2831', '2964', 'en_us', 'Sample Tag', NULL, NULL, NULL, NULL, NULL, NULL, NULL, NULL, NULL, NULL, NULL, NULL, NULL, '2017-02-03 17:58:39', '2017-02-03 17:58:39', '0abc9236-1d40-4206-85d4-4d2c8b44b3a6'),
 ('2832', '2964', 'es_us', 'Sample Tag', NULL, NULL, NULL, NULL, NULL, NULL, NULL, NULL, NULL, NULL, NULL, NULL, NULL, '2017-02-03 17:58:39', '2017-02-03 17:58:39', 'd72fccdf-24a4-4854-a8da-bd410fe04673'),
 ('2833', '2965', 'en_us', 'Parent-T', NULL, NULL, NULL, NULL, NULL, NULL, NULL, NULL, NULL, NULL, NULL, NULL, NULL, '2017-02-03 17:59:46', '2017-02-03 17:59:46', '25c43763-20d7-4929-8b8f-e548ed424cc2'),
 ('2834', '2965', 'es_us', 'Parent-T', NULL, NULL, NULL, NULL, NULL, NULL, NULL, NULL, NULL, NULL, NULL, NULL, NULL, '2017-02-03 17:59:46', '2017-02-03 17:59:46', '8acd4685-82e6-4df6-b6e0-b197f9a779c7'),
 ('2835', '2966', 'en_us', 'Parent Engagement', NULL, NULL, NULL, NULL, NULL, NULL, NULL, NULL, NULL, NULL, NULL, NULL, NULL, '2017-02-03 17:59:54', '2017-02-03 17:59:54', '9e119125-53e4-42a7-9744-9beb69e99826'),
 ('2836', '2966', 'es_us', 'Parent Engagement', NULL, NULL, NULL, NULL, NULL, NULL, NULL, NULL, NULL, NULL, NULL, NULL, NULL, '2017-02-03 17:59:54', '2017-02-03 17:59:54', 'ff6c66f2-e1af-4834-98a2-90ed173aa680'),
 ('2837', '2967', 'en_us', 'Report Cards', NULL, NULL, NULL, NULL, NULL, NULL, NULL, NULL, NULL, NULL, NULL, NULL, NULL, '2017-02-03 17:59:59', '2017-02-03 17:59:59', '8febebef-4316-415d-a97e-11bd005f1eb8'),
 ('2838', '2967', 'es_us', 'Report Cards', NULL, NULL, NULL, NULL, NULL, NULL, NULL, NULL, NULL, NULL, NULL, NULL, NULL, '2017-02-03 17:59:59', '2017-02-03 17:59:59', '530bb7a9-4c28-4a1b-9404-0820e68adfeb'),
 ('2839', '2968', 'en_us', 'Parent-Teacher Conferences', NULL, NULL, NULL, NULL, NULL, NULL, NULL, NULL, NULL, NULL, NULL, NULL, NULL, '2017-02-03 18:00:32', '2017-02-03 18:00:32', 'ec48af16-409b-4f8d-ac77-fef7c7456cc0'),
 ('2840', '2968', 'es_us', 'Parent-Teacher Conferences', NULL, NULL, NULL, NULL, NULL, NULL, NULL, NULL, NULL, NULL, NULL, NULL, NULL, '2017-02-03 18:00:32', '2017-02-03 18:00:32', '87e151a7-4aa4-41f7-aed9-9d21073a57a3'),
 ('2841', '2969', 'en_us', 'Resources', NULL, NULL, 'Useful tips, guides and tools for parents and families.', NULL, NULL, NULL, NULL, NULL, NULL, NULL, NULL, NULL, NULL, '2017-02-03 20:22:22', '2017-02-16 15:33:21', 'c6d8dd35-00c6-4758-b98c-ea1b5110de8e'),
 ('2842', '2969', 'es_us', 'Resources', NULL, NULL, NULL, NULL, NULL, NULL, NULL, NULL, NULL, NULL, NULL, NULL, NULL, '2017-02-03 20:22:22', '2017-02-03 20:22:22', '860aa01c-ce82-42ac-a1ab-70c9bcd4c246'),
 ('2843', '2970', 'en_us', 'Summer Reading', NULL, NULL, 'Curabitur blandit tempus porttitor.', NULL, NULL, NULL, NULL, NULL, NULL, NULL, NULL, NULL, NULL, '2017-02-03 20:41:37', '2017-02-16 15:53:47', '266b3cbe-5d41-4a31-aedb-2bd2e11b2cd9'),
 ('2844', '2970', 'es_us', 'Summer Reading', NULL, NULL, 'Curabitur blandit tempus porttitor.', NULL, NULL, NULL, NULL, NULL, NULL, NULL, NULL, NULL, NULL, '2017-02-03 20:41:37', '2017-02-16 15:52:06', 'bb9b346c-72ab-4023-9442-38e09afd595b'),
 ('2845', '2971', 'en_us', 'Screen Shot 2016 11 16 At 3 52 09 Pm', NULL, NULL, NULL, NULL, NULL, NULL, NULL, NULL, NULL, NULL, NULL, NULL, NULL, '2017-02-03 20:54:42', '2017-02-03 20:54:48', 'fc29644b-d350-4b2e-8f9c-30eb879114ab'),
 ('2846', '2971', 'es_us', 'Screen Shot 2016 11 16 At 3 52 09 Pm', NULL, NULL, NULL, NULL, NULL, NULL, NULL, NULL, NULL, NULL, NULL, NULL, NULL, '2017-02-03 20:54:42', '2017-02-03 20:54:42', '454e9c94-5932-41f1-b7f9-34f6e005566b'),
 ('2847', '2972', 'en_us', 'Back to School', NULL, NULL, 'Everything you need to get ready for the new year.', NULL, NULL, NULL, NULL, NULL, NULL, NULL, NULL, NULL, NULL, '2017-02-03 20:54:48', '2017-02-16 22:55:38', 'a4f89b6a-bf2c-419f-b2dc-2e3047b9f436'),
 ('2848', '2972', 'es_us', 'Back to School', NULL, NULL, 'Everything you need to get ready for the new year.', NULL, NULL, NULL, NULL, NULL, NULL, NULL, NULL, NULL, NULL, '2017-02-03 20:54:48', '2017-02-03 20:54:48', 'ef79a74b-134d-4b73-80f4-8e926d27f7dd'),
 ('2855', '2976', 'en_us', 'Amy Mikler 01', NULL, NULL, NULL, NULL, NULL, NULL, NULL, NULL, NULL, NULL, NULL, NULL, NULL, '2017-02-06 20:37:41', '2017-02-06 20:37:48', 'eb3995ad-122e-4629-b388-7f259a2fa547'),
 ('2856', '2976', 'es_us', 'Amy Mikler 01', NULL, NULL, NULL, NULL, NULL, NULL, NULL, NULL, NULL, NULL, NULL, NULL, NULL, '2017-02-06 20:37:41', '2017-02-06 20:37:41', '089aa83f-ec61-45d2-92c1-7f768255d47d'),
 ('2857', '2977', 'en_us', '826621', NULL, NULL, NULL, NULL, NULL, NULL, NULL, NULL, NULL, NULL, NULL, NULL, NULL, '2017-02-06 21:26:49', '2017-02-06 21:28:02', 'db4e82d5-1a58-49ed-b7f5-cc56eacce240'),
 ('2858', '2977', 'es_us', '826621', NULL, NULL, NULL, NULL, NULL, NULL, NULL, NULL, NULL, NULL, NULL, NULL, NULL, '2017-02-06 21:26:49', '2017-02-06 21:26:49', '1d541162-44d2-46e9-9ee1-ef9870292522'),
 ('2859', '2978', 'en_us', 'New Orleans', NULL, NULL, NULL, NULL, NULL, NULL, NULL, NULL, NULL, NULL, NULL, NULL, NULL, '2017-02-06 21:27:30', '2017-02-06 21:27:30', 'bfded549-f828-4096-8a97-eabbb5ded608'),
 ('2860', '2978', 'es_us', 'New Orleans', NULL, NULL, NULL, NULL, NULL, NULL, NULL, NULL, NULL, NULL, NULL, NULL, NULL, '2017-02-06 21:27:30', '2017-02-06 21:27:30', 'cc686e32-bc1d-4591-95e8-8f34dbb81146'),
 ('2861', '2979', 'en_us', '10 Common Questions about OneApp, Answered', NULL, NULL, NULL, '<p>Believe it or not, it\'s school choice season again for New Orleans families. To help you through the process, we\'ve compiled a list of some of the most common questions we hear about it.</p>\n<h3>1. What is OneApp, anyway?</h3>\n<p>OneApp is New Orleans’ centralized school enrollment system. Unlike most cities around the country, where your home address determines where your children go to school, New Orleans allows families to choose their schools.  If you want your child to attend a public school in Orleans Parish, it’s the system you need to use to select your school preferences and submit your application. OneApp is operated by EnrollNOLA, which is part of the Recovery School District.</p>\n<p><em>See also:</em></p>\n<ul><li><a href=\"https://enrollnola.org/\">EnrollNOLA’s website</a></li><li><a href=\"http://www.nola.com/education/index.ssf/2016/11/oneapp_basics_parents.html\">OneApp Basics for Parents via NOLA.com</a></li><li><a href=\"https://enrollnola.org/about/about-oneapp/\">OneApp 101 via EnrollNOLA</a></li><li><a href=\"https://vimeo.com/152376137\">Spanish Version of OneApp\'s Informational Video</a></li></ul><h3> </h3>\n<h3>2. So can I apply to <em>any</em> school in New Orleans through OneApp?</h3>\n<p>No. Almost every public school in New Orleans utilizes OneApp, but there are some exceptions. Audubon Charter, Ben Franklin High, Edward Hynes, Lake Forest Charter, Lusher Charter, New Orleans Center for Creative Arts (NOCCA) and Robert Moton Charter are not in OneApp. If you’re interested in these schools, you’ll need to <a href=\"http://www.ednavigator.com/blog/2015/11/30/how-to-apply-to-a-non-oneapp-school-in-new-orleans\">apply to them separately</a>. Since they are selective enrollment schools that draw lots of applications every year, we’d recommend that you apply to a few public schools via OneApp as well.  Private schools, including most of New Orleans’ many Catholic schools, are not in OneApp either (the exception here: Catholic schools that accept <a href=\"http://catholicschoolguide.ednavigator.com/paying-for-catholic-school/the-louisiana-scholarship-program\">Louisiana Scholarship Program</a> vouchers).</p>\n<p><em>See also:</em></p>\n<ul><li><a href=\"http://www.ednavigator.com/blog/2015/11/30/how-to-apply-to-a-non-oneapp-school-in-new-orleans\">How to Apply for a Non-OneApp School</a></li><li><a href=\"http://catholicschoolguide.ednavigator.com/\">EdNavigator’s Guide to Catholic Schools in New Orleans</a></li></ul><p> </p>\n<h3>3. When do I need to worry about all this?</h3>\n<p>Sooner than you think! The OneApp process starts early – about nine months before the start of the school year. Here are the big dates for 2016-17:</p>\n<ul><li>Application Opens: <strong>November 1, 2016</strong></li><li>Early Application Deadline: <strong>December 16, 2016</strong></li><li>Schools Expo 2017: <strong>February 4, 2017</strong></li><li>Main Round Application Deadline: <strong>February 24, 2017</strong></li><li>Main Round Results Available: <strong>Week of April 10, 2017</strong></li><li>Seat Acceptance Deadline: <strong>May 12, 2017</strong></li></ul><p>Another application round takes place later in the year, for families who were not able to participate in the main round or were not assigned a school (more on that below). You have the best chances of getting into one of your preferred schools if you apply by the main round application deadline, though, so <em>don’t miss it</em>.</p>\n<p> </p>\n<h3>4. How many schools can I apply for in OneApp?</h3>\n<p>OneApp allows families to apply to up to eight participating schools. Keep in mind that your child will only be accepted to ONE school from your list, and there are no re-dos. Don’t include any school you wouldn’t be comfortable having your child attend. Be realistic though; if you’re applying for one of New Orleans’ most popular schools, consider including a backup school that would still be a good fit for your child, but sees less demand.</p>\n<p> </p>\n<h3>5. How do I figure out which schools might be the right fit?</h3>\n<p>The downside of having so many choices is that sorting through them isn’t always easy. <a href=\"https://enrollnola.org/k12/\">EnrollNOLA’s school finder tool</a> is a good place to start. It allows you to narrow down your options based on things like locations and state letter grades. Once you have a short list of possibilities, we’d recommend visiting the schools (many offer open houses) and talking to other families to get a better feel for them.</p>\n<p>See also:</p>\n<ul><li><a href=\"http://www.nola.com/education/index.ssf/2016/11/2016_performance_score_databas.html\">2016 School Grades/Performance Scores</a></li><li><a href=\"http://www.ednavigator.com/blog/2016/5/2/whats-the-measure-of-a-good-school\">EdNavigator’s 2016 Adjusted School Grades</a></li><li><a href=\"http://neworleansparentsguide.org/\">New Orleans Parents’ Guide to Public Schools</a></li></ul><p> </p>\n<h3>6. My child’s already in a school that we like. Do I still need to participate in OneApp?</h3>\n<p>No. If your child is happy at their current school, you should NOT submit a OneApp. If you do submit a OneApp and they are assigned to a school on that application, your child WILL lose the guarantee on the spot at their current school assignment.</p>\n<p> </p>\n<h3>7. Am I guaranteed to get one of the schools I list?</h3>\n<p>Unfortunately, no. It’s possible that you may not get any of your choices (which could happen if you only indicate one or two very in-demand schools, for instance), in which case you would repeat the process again in the next round. For this reason, it’s a good idea to include a mix of schools – but <em>only</em> schools that you would be comfortable with your child attending.</p>\n<p><em>See also:</em></p>\n<ul><li><a href=\"https://vimeo.com/152375695\">How OneApp Works (EnrollNOLA Video)</a></li></ul><p> </p>\n<h3>8. How do I submit an application?</h3>\n<p>You can do it <a href=\"https://enrollnola.org/how-to-enroll-in-nops/apply-transfer-next-school-year/\" target=\"_blank\" rel=\"noreferrer\">online</a>. If you prefer, you can also visit one of EnrollNOLA’s three <a href=\"https://enrollnola.org/resources/family-resource-centers/\">Family Resource Centers</a> to do it in person. In addition to providing free access to computers for families who would like to fill out the application online, the Resource Centers are staffed with school choice advisors who can help answer basic questions. You can also get help with general questions by contacting EnrollNOLA at 877-343-4773.</p>\n<p> </p>\n<h3>9. What if I don’t speak English?</h3>\n<p>There are Spanish and Vietnamese versions of OneApp online for families. The Family Resource Centers also have access to translators. </p>\n<p> </p>\n<h3>10. I got started and now I’m totally overwhelmed. What do I do?</h3>\n<p>Before you start checking out real estate listings in other parishes, take a deep breath. OneApp is designed to be easy to use, but it’s also easy to get confused. Choosing the right school for your child is a huge responsibility! Feel free to reach out to us via email at <a href=\"mailto:info@ednavigator.com\">info@ednavigator.com</a> if you’d like to talk to one of our Navigators about your options.</p>', NULL, NULL, NULL, 'We\'ll start with the basics: \"What is OneApp, anyway?\"', NULL, NULL, NULL, NULL, NULL, '2017-02-06 21:28:02', '2017-02-08 21:35:12', '542a6b13-8d13-458a-9f80-78e11a400a5f'),
 ('2862', '2979', 'es_us', '10 Common Questions about OneApp, Answered', NULL, NULL, NULL, '<p>Believe it or not, it\'s school choice season again for New Orleans families. To help you through the process, we\'ve compiled a list of some of the most common questions we hear about it.</p>\n<h3>1. What is OneApp, anyway?</h3>\n<p>OneApp is New Orleans’ centralized school enrollment system. Unlike most cities around the country, where your home address determines where your children go to school, New Orleans allows families to choose their schools.  If you want your child to attend a public school in Orleans Parish, it’s the system you need to use to select your school preferences and submit your application. OneApp is operated by EnrollNOLA, which is part of the Recovery School District.</p>\n<p><em>See also:</em></p>\n<ul><li><a href=\"https://enrollnola.org/\">EnrollNOLA’s website</a></li><li><a href=\"http://www.nola.com/education/index.ssf/2016/11/oneapp_basics_parents.html\">OneApp Basics for Parents via NOLA.com</a></li><li><a href=\"https://enrollnola.org/about/about-oneapp/\">OneApp 101 via EnrollNOLA</a></li><li><a href=\"https://vimeo.com/152376137\">Spanish Version of OneApp\'s Informational Video</a></li></ul><h3> </h3>\n<h3>2. So can I apply to <em>any</em> school in New Orleans through OneApp?</h3>\n<p>No. Almost every public school in New Orleans utilizes OneApp, but there are some exceptions. Audubon Charter, Ben Franklin High, Edward Hynes, Lake Forest Charter, Lusher Charter, New Orleans Center for Creative Arts (NOCCA) and Robert Moton Charter are not in OneApp. If you’re interested in these schools, you’ll need to <a href=\"http://www.ednavigator.com/blog/2015/11/30/how-to-apply-to-a-non-oneapp-school-in-new-orleans\">apply to them separately</a>. Since they are selective enrollment schools that draw lots of applications every year, we’d recommend that you apply to a few public schools via OneApp as well.  Private schools, including most of New Orleans’ many Catholic schools, are not in OneApp either (the exception here: Catholic schools that accept <a href=\"http://catholicschoolguide.ednavigator.com/paying-for-catholic-school/the-louisiana-scholarship-program\">Louisiana Scholarship Program</a> vouchers).</p>\n<p><em>See also:</em></p>\n<ul><li><a href=\"http://www.ednavigator.com/blog/2015/11/30/how-to-apply-to-a-non-oneapp-school-in-new-orleans\">How to Apply for a Non-OneApp School</a></li><li><a href=\"http://catholicschoolguide.ednavigator.com/\">EdNavigator’s Guide to Catholic Schools in New Orleans</a></li></ul><p> </p>\n<h3>3. When do I need to worry about all this?</h3>\n<p>Sooner than you think! The OneApp process starts early – about nine months before the start of the school year. Here are the big dates for 2016-17:</p>\n<ul><li>Application Opens: <strong>November 1, 2016</strong></li><li>Early Application Deadline: <strong>December 16, 2016</strong></li><li>Schools Expo 2017: <strong>February 4, 2017</strong></li><li>Main Round Application Deadline: <strong>February 24, 2017</strong></li><li>Main Round Results Available: <strong>Week of April 10, 2017</strong></li><li>Seat Acceptance Deadline: <strong>May 12, 2017</strong></li></ul><p>Another application round takes place later in the year, for families who were not able to participate in the main round or were not assigned a school (more on that below). You have the best chances of getting into one of your preferred schools if you apply by the main round application deadline, though, so <em>don’t miss it</em>.</p>\n<p> </p>\n<h3>4. How many schools can I apply for in OneApp?</h3>\n<p>OneApp allows families to apply to up to eight participating schools. Keep in mind that your child will only be accepted to ONE school from your list, and there are no re-dos. Don’t include any school you wouldn’t be comfortable having your child attend. Be realistic though; if you’re applying for one of New Orleans’ most popular schools, consider including a backup school that would still be a good fit for your child, but sees less demand.</p>\n<p> </p>\n<h3>5. How do I figure out which schools might be the right fit?</h3>\n<p>The downside of having so many choices is that sorting through them isn’t always easy. <a href=\"https://enrollnola.org/k12/\">EnrollNOLA’s school finder tool</a> is a good place to start. It allows you to narrow down your options based on things like locations and state letter grades. Once you have a short list of possibilities, we’d recommend visiting the schools (many offer open houses) and talking to other families to get a better feel for them.</p>\n<p>See also:</p>\n<ul><li><a href=\"http://www.nola.com/education/index.ssf/2016/11/2016_performance_score_databas.html\">2016 School Grades/Performance Scores</a></li><li><a href=\"http://www.ednavigator.com/blog/2016/5/2/whats-the-measure-of-a-good-school\">EdNavigator’s 2016 Adjusted School Grades</a></li><li><a href=\"http://neworleansparentsguide.org/\">New Orleans Parents’ Guide to Public Schools</a></li></ul><p> </p>\n<h3>6. My child’s already in a school that we like. Do I still need to participate in OneApp?</h3>\n<p>No. If your child is happy at their current school, you should NOT submit a OneApp. If you do submit a OneApp and they are assigned to a school on that application, your child WILL lose the guarantee on the spot at their current school assignment.</p>\n<p> </p>\n<h3>7. Am I guaranteed to get one of the schools I list?</h3>\n<p>Unfortunately, no. It’s possible that you may not get any of your choices (which could happen if you only indicate one or two very in-demand schools, for instance), in which case you would repeat the process again in the next round. For this reason, it’s a good idea to include a mix of schools – but <em>only</em> schools that you would be comfortable with your child attending.</p>\n<p><em>See also:</em></p>\n<ul><li><a href=\"https://vimeo.com/152375695\">How OneApp Works (EnrollNOLA Video)</a></li></ul><p> </p>\n<h3>8. How do I submit an application?</h3>\n<p>You can do it <a href=\"https://enrollnola.org/how-to-enroll-in-nops/apply-transfer-next-school-year/\" target=\"_blank\" rel=\"noreferrer\">online</a>. If you prefer, you can also visit one of EnrollNOLA’s three <a href=\"https://enrollnola.org/resources/family-resource-centers/\">Family Resource Centers</a> to do it in person. In addition to providing free access to computers for families who would like to fill out the application online, the Resource Centers are staffed with school choice advisors who can help answer basic questions. You can also get help with general questions by contacting EnrollNOLA at 877-343-4773.</p>\n<p> </p>\n<h3>9. What if I don’t speak English?</h3>\n<p>There are Spanish and Vietnamese versions of OneApp online for families. The Family Resource Centers also have access to translators. </p>\n<p> </p>\n<h3>10. I got started and now I’m totally overwhelmed. What do I do?</h3>\n<p>Before you start checking out real estate listings in other parishes, take a deep breath. OneApp is designed to be easy to use, but it’s also easy to get confused. Choosing the right school for your child is a huge responsibility! Feel free to reach out to us via email at <a href=\"mailto:info@ednavigator.com\">info@ednavigator.com</a> if you’d like to talk to one of our Navigators about your options.</p>', NULL, NULL, NULL, 'We\'ll start with the basics: \"What is OneApp, anyway?\"', NULL, NULL, NULL, NULL, NULL, '2017-02-06 21:28:02', '2017-02-08 21:35:12', '859722f0-a784-4a1b-b81e-5851323605fa'),
 ('2863', '2980', 'en_us', '649404 2', NULL, NULL, NULL, NULL, NULL, NULL, NULL, NULL, NULL, NULL, NULL, NULL, NULL, '2017-02-06 22:15:17', '2017-02-06 22:16:22', '445b4519-aa49-4ab1-aa80-dfb447c2752b'),
 ('2864', '2980', 'es_us', '649404 2', NULL, NULL, NULL, NULL, NULL, NULL, NULL, NULL, NULL, NULL, NULL, NULL, NULL, '2017-02-06 22:15:17', '2017-02-06 22:15:17', '76a15d35-7bfc-478a-914f-aa5e896e1536'),
 ('2865', '2981', 'en_us', 'The EdNavigator Guide to Catholic Schools in New Orleans', '', '', NULL, '<p>You might not realize it, but there are more than 80 Catholic schools in the greater New Orleans area. All told, they serve a total of around <a href=\"http://www.nola.com/education/index.ssf/2015/09/for_catholic_schools_new_plan.html\">37,000 students</a>. For reference, public schools in Orleans Parish enroll approximately 49,000 students. For families, Catholic schools represent a substantial portion of the school landscape – and an important option.</p>\n<p>Today, we’re releasing a <a href=\"http://catholicschoolguide.ednavigator.com/\">new online guide</a> to help New Orleans families who are considering Catholic schools understand the process and explore schools that might be right for their children. It features profiles of each school, frequently asked questions, information on scholarship programs, and an interactive Find a School tool. It’s the first time all of this information has been compiled in one publicly accessible online location.</p>\n<h3>Why a guide to Catholic schools?</h3>\n<p>Over the last decade, New Orleans has invested heavily in its system of school choice and the infrastructure necessary to support it. Most notably, it adopted a universal enrollment system, <a href=\"http://www.enrollnola.org/\" target=\"_blank\" rel=\"noreferrer\">OneApp</a>, to make the process of applying to public schools easier and fairer for families. Parents can use the system to view available schools and apply to those they prefer all at once. They also have access to the <a href=\"http://neworleansparentsguide.org/\">New Orleans Parents Guide to Public Schools</a>, Family Resource Centers, and other sources of information to help them make their choices.</p>\n<p>That’s not the case for the Catholic school system, however. Families interested in sending their children to Catholic schools have to research and apply to each school separately, and the process, requirements and timelines for applying differ from school to school. Then there’s the added complexity of applying for the three different kinds of scholarships available to lower-income students, which involves unraveling a whole new tangle of timelines and eligibility criteria.</p>\n<p>All of this translates to a lot of work and stress for parents. Overwhelmed by the prospect of researching schools, submitting applications, and figuring out the finances, many give up and don’t bother considering Catholic schools at all. It effectively puts off-limits a wide swath of local schools, particularly for parents who may not have the time or resources to deal with all the logistical demands.  </p>\n<h3>We wanted to make it easier.</h3>\n<p>Catholic schools have a long history in New Orleans, and many families love the values- and faith-based education they provide.  We know Catholic schools aren’t right for everyone, but we believe that families should be aware of ALL of their school options and empowered to pursue any school that might be a good fit for their children. Confusing processes and unclear information should never stand in their way.</p>\n<p>The guide was created with great cooperation from the Office of Catholic Schools at the Archdiocese of New Orleans.  We see it as a work in progress. Our team spent time surveying and meeting with school leaders to hear what they wanted to share with prospective families about their schools, and we are grateful to all the educators who contributed to it. Not all schools provided full information, but we plan to update the school profiles with additional data as we receive it. In the future, we also hope to add new information that gives families greater insight into each school and its success with students, in particular.</p>\n<p>For now, we hope the guide serves as a useful starting point for families who are interested in Catholic schools and want to narrow down their options. Check it out at <a href=\"http://catholicschoolguide.ednavigator.com/\">www.catholicschoolsguide.ednavigator.com</a> and please share it with anyone who might benefit.</p>', NULL, NULL, NULL, 'The EdNavigator Guide to Catholic Schools in New Orleans features profiles of 80+ schools, frequently asked questions, information on scholarship programs, and an interactive Find a School tool.', 'eaIvk1cSyG8', NULL, NULL, NULL, NULL, '2017-02-06 22:16:22', '2017-02-10 20:52:30', '21e20904-fc6d-4487-aa2e-f79045b65657'),
 ('2866', '2981', 'es_us', 'The EdNavigator Guide to Catholic Schools in New Orleans', '', '', NULL, '<p>You might not realize it, but there are more than 80 Catholic schools in the greater New Orleans area. All told, they serve a total of around <a href=\"http://www.nola.com/education/index.ssf/2015/09/for_catholic_schools_new_plan.html\">37,000 students</a>. For reference, public schools in Orleans Parish enroll approximately 49,000 students. For families, Catholic schools represent a substantial portion of the school landscape – and an important option.</p>\n<p>Today, we’re releasing a <a href=\"http://catholicschoolguide.ednavigator.com/\">new online guide</a> to help New Orleans families who are considering Catholic schools understand the process and explore schools that might be right for their children. It features profiles of each school, frequently asked questions, information on scholarship programs, and an interactive Find a School tool. It’s the first time all of this information has been compiled in one publicly accessible online location.</p>\n<h3>Why a guide to Catholic schools?</h3>\n<p>Over the last decade, New Orleans has invested heavily in its system of school choice and the infrastructure necessary to support it. Most notably, it adopted a universal enrollment system, <a href=\"http://www.enrollnola.org/\" target=\"_blank\" rel=\"noreferrer\">OneApp</a>, to make the process of applying to public schools easier and fairer for families. Parents can use the system to view available schools and apply to those they prefer all at once. They also have access to the <a href=\"http://neworleansparentsguide.org/\">New Orleans Parents Guide to Public Schools</a>, Family Resource Centers, and other sources of information to help them make their choices.</p>\n<p>That’s not the case for the Catholic school system, however. Families interested in sending their children to Catholic schools have to research and apply to each school separately, and the process, requirements and timelines for applying differ from school to school. Then there’s the added complexity of applying for the three different kinds of scholarships available to lower-income students, which involves unraveling a whole new tangle of timelines and eligibility criteria.</p>\n<p>All of this translates to a lot of work and stress for parents. Overwhelmed by the prospect of researching schools, submitting applications, and figuring out the finances, many give up and don’t bother considering Catholic schools at all. It effectively puts off-limits a wide swath of local schools, particularly for parents who may not have the time or resources to deal with all the logistical demands.  </p>\n<h3>We wanted to make it easier.</h3>\n<p>Catholic schools have a long history in New Orleans, and many families love the values- and faith-based education they provide.  We know Catholic schools aren’t right for everyone, but we believe that families should be aware of ALL of their school options and empowered to pursue any school that might be a good fit for their children. Confusing processes and unclear information should never stand in their way.</p>\n<p>The guide was created with great cooperation from the Office of Catholic Schools at the Archdiocese of New Orleans.  We see it as a work in progress. Our team spent time surveying and meeting with school leaders to hear what they wanted to share with prospective families about their schools, and we are grateful to all the educators who contributed to it. Not all schools provided full information, but we plan to update the school profiles with additional data as we receive it. In the future, we also hope to add new information that gives families greater insight into each school and its success with students, in particular.</p>\n<p>For now, we hope the guide serves as a useful starting point for families who are interested in Catholic schools and want to narrow down their options. Check it out at <a href=\"http://catholicschoolguide.ednavigator.com/\">www.catholicschoolsguide.ednavigator.com</a> and please share it with anyone who might benefit.</p>', NULL, NULL, NULL, 'The EdNavigator Guide to Catholic Schools in New Orleans features profiles of 80+ schools, frequently asked questions, information on scholarship programs, and an interactive Find a School tool.', 'eaIvk1cSyG8', NULL, NULL, NULL, NULL, '2017-02-06 22:16:22', '2017-02-10 20:52:30', '53a8d8d0-5af8-4a7e-ac11-a4c48f9e53ed'),
 ('2867', '2982', 'en_us', 'Uoregon0473', NULL, NULL, NULL, NULL, NULL, NULL, NULL, NULL, NULL, NULL, NULL, NULL, NULL, '2017-02-06 22:59:37', '2017-02-06 23:00:54', 'e1f0173a-d79a-4ef1-8dcb-434be97a97dd'),
 ('2868', '2982', 'es_us', 'Uoregon0473', NULL, NULL, NULL, NULL, NULL, NULL, NULL, NULL, NULL, NULL, NULL, NULL, NULL, '2017-02-06 22:59:37', '2017-02-06 22:59:37', '0cf09cbe-8ce5-4e6c-86f0-05b6d3aa02b0'),
 ('2869', '2983', 'en_us', 'School Funding', NULL, NULL, NULL, NULL, NULL, NULL, NULL, NULL, NULL, NULL, NULL, NULL, NULL, '2017-02-06 23:00:37', '2017-02-06 23:00:37', 'a7a7a0c3-a3db-4f2e-9f89-de1a525a128a'),
 ('2870', '2983', 'es_us', 'School Funding', NULL, NULL, NULL, NULL, NULL, NULL, NULL, NULL, NULL, NULL, NULL, NULL, NULL, '2017-02-06 23:00:37', '2017-02-06 23:00:37', '368ec406-909c-41d3-816b-2f541990d149'),
 ('2871', '2984', 'en_us', 'A Surprising New Look at School Spending in New Orleans', '', '', NULL, '<p>Just when you think you have a pretty good idea of how schools in New Orleans changed after Hurricane Katrina, along comes some <a href=\"http://educationresearchalliancenola.org/publications/does-school-reform-spending-reform-the-effect-of-the-new-orleans-school-reforms-on-the-use-and-level-of-school-expenditures\">new research</a> that rocks your world a little bit.</p>\n<p>Such was the case when the Education Research Alliance for New Orleans (housed at Tulane University) released the latest in its long-running series of indispensable studies.  This time, the researchers looked at <strong>school spending</strong>.</p>\n<p>In a nutshell, spending went up during the recovery years and after New Orleans shifted to a charter school-based system.  That’s not terribly surprising. It’s <em>how</em> the spending increased that’s worth a closer look.  Three highlights:</p>\n<h3>1) Schools spent quite a bit more on administrators</h3>\n<p>It wasn’t just that they hired more administrators – which they did – but they also paid them more than their predecessors in pre-Katrina New Orleans. We’re not just talking school principals but all the administrative roles across individual charter schools and networks, from research and evaluation staff to information technology specialists. </p>\n<h3>2) While spending on administrators went up, on a per-pupil basis, spending on classroom instruction went down. </h3>\n<p>How did that happen?  It’s worth reading the whole report for details on this one.  In general, teachers of the same experience level earn more today than they did in the old system.  However, the typical teacher has less experience, hence a lower average salary.  Also, schools are spending less on benefits.  The biggest driver is lower pension costs, as most schools today opt-out of the state teacher retirement system, which has become <a href=\"http://www.theadvocate.com/baton_rouge/news/politics/article_82444dee-2fa0-59fb-8398-bbd4d2b4aab6.html\">badly underfunded and expensive</a>, making it a poor bargain for new entrants. </p>\n<h3>3) Transportation costs are up $300 per student, per year. </h3>\n<p>While that’s a sizable figure, some increase was to be expected as New Orleans shifted away from attendance zone schools to an all-choice system that permits families to apply citywide.  Moving students across greater distances costs more. </p>\n<h3>What does it all mean? </h3>\n<p>The authors of the study pose some questions about scalability for charters, given that hopes of lower overhead in charter systems aren’t being fulfilled, in this study or others. That’s a topic well worth discussing.</p>\n<p>But for New Orleans, I think the key question is this: <em>Did these spending changes contribute to the large improvements in student achievement over the past decade? </em></p>\n<p>It’s possible that simply spending more, in general, led to better outcomes. However, the authors are quite skeptical of that hypothesis. Critics of charter schools and New Orleans’ strategy for reform may also argue that it confirms their worst suspicions – that when school operators get this much autonomy, they spend a lot on overhead and pay for it by hiring cheaper, less experienced teachers.</p>\n<p>It’s also possible that investing in greater administrative capacity was a smart move, instructionally. Teachers are constantly worried about their load of paperwork, discipline, and non-instructional duties. Maybe it provided greater support to teachers or freed them to focus on their classrooms rather than distractions.  Maybe it made the schools feel safer and operate more efficiently. Maybe it helped school teams look more closely at data trends and incorporate them into teaching.</p>\n<p>I don’t know.  But we now have a pretty good idea of what <em>didn’t </em>happen.  A bloated, centralized, failing school system was not replaced by a leaner, meaner, low-overhead set of charter networks that cut the fat and pushed funding down to the classroom.  Something else happened.  And yet it wasn’t a failure.  Students are doing <a href=\"http://educationnext.org/good-news-new-orleans-evidence-reform-student-achievement/\">much better</a>.</p>\n<p>This study reminds us that it’s too easy to buy into existing narratives about education—and that the real story is usually far more complex. In the case of New Orleans, there is still plenty of the story left to be learned. What’s to account for its improvement? What can other cities and school systems learn from its experience? We all should be grateful to groups like the Education Research Alliance for asking these questions, and pushing us to scrutinize the usual answers.</p>', NULL, NULL, NULL, 'It\'s not terribly surprising that school spending went up after Hurricane Katrina and as New Orleans shifted to a charter school-based system. It’s how the spending increased that’s worth a closer look.', 'yqEeP1acj4Y', NULL, NULL, NULL, NULL, '2017-02-06 23:00:54', '2017-02-10 20:35:24', 'aa69deda-75f2-4e22-801f-e96ce3ea1e5c'),
 ('2872', '2984', 'es_us', 'A Surprising New Look at School Spending in New Orleans', '', '', NULL, '<p>Just when you think you have a pretty good idea of how schools in New Orleans changed after Hurricane Katrina, along comes some <a href=\"http://educationresearchalliancenola.org/publications/does-school-reform-spending-reform-the-effect-of-the-new-orleans-school-reforms-on-the-use-and-level-of-school-expenditures\">new research</a> that rocks your world a little bit.</p>\n<p>Such was the case when the Education Research Alliance for New Orleans (housed at Tulane University) released the latest in its long-running series of indispensable studies.  This time, the researchers looked at <strong>school spending</strong>.</p>\n<p>In a nutshell, spending went up during the recovery years and after New Orleans shifted to a charter school-based system.  That’s not terribly surprising. It’s <em>how</em> the spending increased that’s worth a closer look.  Three highlights:</p>\n<h3>1) Schools spent quite a bit more on administrators</h3>\n<p>It wasn’t just that they hired more administrators – which they did – but they also paid them more than their predecessors in pre-Katrina New Orleans. We’re not just talking school principals but all the administrative roles across individual charter schools and networks, from research and evaluation staff to information technology specialists. </p>\n<h3>2) While spending on administrators went up, on a per-pupil basis, spending on classroom instruction went down. </h3>\n<p>How did that happen?  It’s worth reading the whole report for details on this one.  In general, teachers of the same experience level earn more today than they did in the old system.  However, the typical teacher has less experience, hence a lower average salary.  Also, schools are spending less on benefits.  The biggest driver is lower pension costs, as most schools today opt-out of the state teacher retirement system, which has become <a href=\"http://www.theadvocate.com/baton_rouge/news/politics/article_82444dee-2fa0-59fb-8398-bbd4d2b4aab6.html\">badly underfunded and expensive</a>, making it a poor bargain for new entrants. </p>\n<h3>3) Transportation costs are up $300 per student, per year. </h3>\n<p>While that’s a sizable figure, some increase was to be expected as New Orleans shifted away from attendance zone schools to an all-choice system that permits families to apply citywide.  Moving students across greater distances costs more. </p>\n<h3>What does it all mean? </h3>\n<p>The authors of the study pose some questions about scalability for charters, given that hopes of lower overhead in charter systems aren’t being fulfilled, in this study or others. That’s a topic well worth discussing.</p>\n<p>But for New Orleans, I think the key question is this: <em>Did these spending changes contribute to the large improvements in student achievement over the past decade? </em></p>\n<p>It’s possible that simply spending more, in general, led to better outcomes. However, the authors are quite skeptical of that hypothesis. Critics of charter schools and New Orleans’ strategy for reform may also argue that it confirms their worst suspicions – that when school operators get this much autonomy, they spend a lot on overhead and pay for it by hiring cheaper, less experienced teachers.</p>\n<p>It’s also possible that investing in greater administrative capacity was a smart move, instructionally. Teachers are constantly worried about their load of paperwork, discipline, and non-instructional duties. Maybe it provided greater support to teachers or freed them to focus on their classrooms rather than distractions.  Maybe it made the schools feel safer and operate more efficiently. Maybe it helped school teams look more closely at data trends and incorporate them into teaching.</p>\n<p>I don’t know.  But we now have a pretty good idea of what <em>didn’t </em>happen.  A bloated, centralized, failing school system was not replaced by a leaner, meaner, low-overhead set of charter networks that cut the fat and pushed funding down to the classroom.  Something else happened.  And yet it wasn’t a failure.  Students are doing <a href=\"http://educationnext.org/good-news-new-orleans-evidence-reform-student-achievement/\">much better</a>.</p>\n<p>This study reminds us that it’s too easy to buy into existing narratives about education—and that the real story is usually far more complex. In the case of New Orleans, there is still plenty of the story left to be learned. What’s to account for its improvement? What can other cities and school systems learn from its experience? We all should be grateful to groups like the Education Research Alliance for asking these questions, and pushing us to scrutinize the usual answers.</p>', NULL, NULL, NULL, 'It\'s not terribly surprising that school spending went up after Hurricane Katrina and as New Orleans shifted to a charter school-based system. It’s how the spending increased that’s worth a closer look.', 'yqEeP1acj4Y', NULL, NULL, NULL, NULL, '2017-02-06 23:00:54', '2017-02-10 20:35:24', '74b4c625-df51-4adc-98ca-b16c751bd6cb'),
 ('2873', '2985', 'en_us', NULL, NULL, NULL, NULL, NULL, NULL, NULL, NULL, NULL, NULL, NULL, NULL, NULL, NULL, '2017-02-07 18:49:27', '2017-02-07 18:52:22', '815f5980-5890-4175-89e0-269c11132741'),
 ('2874', '2986', 'en_us', 'Taggy Tag', NULL, NULL, NULL, NULL, NULL, NULL, NULL, NULL, NULL, NULL, NULL, NULL, NULL, '2017-02-07 21:23:44', '2017-02-07 21:23:44', '8784c952-f333-4b4e-9f7c-37bed00c2f25'),
 ('2875', '2986', 'es_us', 'Taggy Tag', NULL, NULL, NULL, NULL, NULL, NULL, NULL, NULL, NULL, NULL, NULL, NULL, NULL, '2017-02-07 21:23:44', '2017-02-07 21:23:44', '96343fd2-bada-4e11-bd5d-35c4788e2092'),
 ('2876', '2987', 'en_us', 'Insight', NULL, NULL, '', NULL, NULL, NULL, NULL, NULL, NULL, NULL, NULL, NULL, NULL, '2017-02-08 19:42:05', '2017-02-08 19:42:05', '032f8256-3417-41a0-92ec-6755f005f7f2'),
 ('2877', '2987', 'es_us', 'Insight', NULL, NULL, '', NULL, NULL, NULL, NULL, NULL, NULL, NULL, NULL, NULL, NULL, '2017-02-08 19:42:05', '2017-02-08 19:42:05', 'ff91c5ff-49bf-4e34-a1ca-8416c6c305f4'),
 ('2878', '2988', 'en_us', 'What We\'re Learning', NULL, NULL, '', NULL, NULL, NULL, NULL, NULL, NULL, NULL, NULL, NULL, NULL, '2017-02-08 19:42:13', '2017-02-08 19:42:13', 'f149adf3-c5b6-4b13-8489-46bfa4b365f6'),
 ('2879', '2988', 'es_us', 'What We\'re Learning', NULL, NULL, '', NULL, NULL, NULL, NULL, NULL, NULL, NULL, NULL, NULL, NULL, '2017-02-08 19:42:13', '2017-02-08 19:42:13', '7df15a27-6935-4851-8c46-b5e8221effa0'),
 ('2880', '2989', 'en_us', 'In The News', NULL, NULL, '', NULL, NULL, NULL, NULL, NULL, NULL, NULL, NULL, NULL, NULL, '2017-02-08 19:42:23', '2017-02-08 19:42:23', 'b16a6e89-6719-4f08-b9f1-eeef928f9529'),
 ('2881', '2989', 'es_us', 'In The News', NULL, NULL, '', NULL, NULL, NULL, NULL, NULL, NULL, NULL, NULL, NULL, NULL, '2017-02-08 19:42:23', '2017-02-08 19:42:23', 'a4c61a9e-c16d-450a-b442-fd52e9a07f3f'),
 ('2882', '2990', 'en_us', 'Video', NULL, NULL, NULL, NULL, NULL, NULL, NULL, NULL, NULL, NULL, NULL, NULL, NULL, '2017-02-08 20:49:48', '2017-02-08 20:49:48', '9098eb77-7507-46ab-a382-6afbf5858931'),
 ('2883', '2990', 'es_us', 'Video', NULL, NULL, NULL, NULL, NULL, NULL, NULL, NULL, NULL, NULL, NULL, NULL, NULL, '2017-02-08 20:49:48', '2017-02-08 20:49:48', '0a1285dd-3dfe-4f66-8db6-184b0ad7ce77'),
 ('2884', '2991', 'en_us', 'Article', NULL, NULL, NULL, NULL, NULL, NULL, NULL, NULL, NULL, NULL, NULL, NULL, NULL, '2017-02-08 20:49:54', '2017-02-08 20:49:54', 'b6df4d41-f617-48be-a3c8-246fe02f5bcd'),
 ('2885', '2991', 'es_us', 'Article', NULL, NULL, NULL, NULL, NULL, NULL, NULL, NULL, NULL, NULL, NULL, NULL, NULL, '2017-02-08 20:49:54', '2017-02-08 20:49:54', '40c42db0-c68d-40f6-a2c5-ed7751cf0a1c'),
 ('2886', '2992', 'en_us', 'Download', NULL, NULL, NULL, NULL, NULL, NULL, NULL, NULL, NULL, NULL, NULL, NULL, NULL, '2017-02-08 20:50:01', '2017-02-08 20:50:01', '9d453b65-df4d-4aaa-81ab-8bb27c212794'),
 ('2887', '2992', 'es_us', 'Download', NULL, NULL, NULL, NULL, NULL, NULL, NULL, NULL, NULL, NULL, NULL, NULL, NULL, '2017-02-08 20:50:01', '2017-02-08 20:50:01', '8e5acb47-658e-467e-9aeb-e3787de718b6'),
 ('2888', '2993', 'en_us', 'School Choice', NULL, NULL, NULL, NULL, NULL, NULL, NULL, NULL, NULL, NULL, NULL, NULL, NULL, '2017-02-08 21:34:53', '2017-02-08 21:34:53', '203fafbe-82af-498b-b008-b47024db7e43'),
 ('2889', '2993', 'es_us', 'School Choice', NULL, NULL, NULL, NULL, NULL, NULL, NULL, NULL, NULL, NULL, NULL, NULL, NULL, '2017-02-08 21:34:53', '2017-02-08 21:34:53', '4c6aa3f8-0532-4c8a-81bd-2e1b3054265f'),
 ('2890', '2994', 'en_us', '649404 2', NULL, NULL, NULL, NULL, NULL, NULL, NULL, NULL, NULL, NULL, NULL, NULL, NULL, '2017-02-09 15:13:34', '2017-02-09 15:18:13', 'd9e4c905-2cc1-40fb-8550-c901f3dbf799'),
 ('2891', '2994', 'es_us', '649404 2', NULL, NULL, NULL, NULL, NULL, NULL, NULL, NULL, NULL, NULL, NULL, NULL, NULL, '2017-02-09 15:13:34', '2017-02-09 15:13:34', 'd9d42c4d-9255-4932-928e-3f14e5217f6c'),
 ('2892', '2995', 'en_us', 'Blog Post Test', '', '', NULL, '<p><strong>Pellentesque habitant morbi tristique (bold)</strong> senectus et netus et malesuada fames ac turpis egestas. Vestibulum tortor quam, feugiat vitae, ultricies eget, tempor sit amet, ante. Donec eu libero sit amet quam egestas semper. <em>Aenean ultricies mi vitae est (italic).</em> Mauris placerat eleifend leo. Quisque sit amet est et sapien ullamcorper pharetra. Vestibulum erat wisi, condimentum sed, ornare sit amet, wisi. Aenean fermentum, elit eget tincidunt condimentum, eros ipsum rutrum orci, sagittis tempus lacus enim ac dui. <a href=\"#\">Donec non enim</a> in turpis pulvinar facilisis. Ut felis.</p>\n<hr /><h2>Header Level 2</h2>\n<ol><li>Lorem ipsum dolor sit amet, consectetuer adipiscing elit.</li>\n   <li>Aliquam tincidunt mauris eu risus.</li><li>(orderd list)</li>\n</ol><blockquote>Blockquote — Lorem ipsum dolor sit amet, consectetur adipiscing elit. Vivamus magna. Cras in mi at felis aliquet congue. Ut a est eget ligula molestie gravida. Curabitur massa. Donec eleifend, libero at sagittis mollis, tellus est malesuada tellus, at luctus turpis elit sit amet quam. Vivamus pretium ornare est.</blockquote>\n<h3>Header Level 3</h3>\n<ul><li>Lorem ipsum dolor sit amet, consectetuer adipiscing elit.</li>\n   <li>Aliquam tincidunt mauris eu risus.</li><li>(unordered list)</li>\n</ul>', NULL, NULL, NULL, 'Donec id elit non mi porta gravida at eget metus. Donec sed odio dui. Duis mollis, est non commodo luctus, nisi erat porttitor ligula, eget lacinia odio sem nec elit.', 'G01nkoEZ8UM', NULL, NULL, NULL, NULL, '2017-02-09 15:18:13', '2017-02-10 15:47:26', 'c1548707-7442-4e4c-8197-2847dedd524d'),
 ('2893', '2995', 'es_us', 'Blog Post Test', '', '', NULL, '<p><strong>Pellentesque habitant morbi tristique (bold)</strong> senectus et netus et malesuada fames ac turpis egestas. Vestibulum tortor quam, feugiat vitae, ultricies eget, tempor sit amet, ante. Donec eu libero sit amet quam egestas semper. <em>Aenean ultricies mi vitae est (italic).</em> Mauris placerat eleifend leo. Quisque sit amet est et sapien ullamcorper pharetra. Vestibulum erat wisi, condimentum sed, ornare sit amet, wisi. Aenean fermentum, elit eget tincidunt condimentum, eros ipsum rutrum orci, sagittis tempus lacus enim ac dui. <a href=\"#\">Donec non enim</a> in turpis pulvinar facilisis. Ut felis.</p>\n<hr /><h2>Header Level 2</h2>\n<ol><li>Lorem ipsum dolor sit amet, consectetuer adipiscing elit.</li>\n   <li>Aliquam tincidunt mauris eu risus.</li><li>(orderd list)</li>\n</ol><blockquote>Blockquote — Lorem ipsum dolor sit amet, consectetur adipiscing elit. Vivamus magna. Cras in mi at felis aliquet congue. Ut a est eget ligula molestie gravida. Curabitur massa. Donec eleifend, libero at sagittis mollis, tellus est malesuada tellus, at luctus turpis elit sit amet quam. Vivamus pretium ornare est.</blockquote>\n<h3>Header Level 3</h3>\n<ul><li>Lorem ipsum dolor sit amet, consectetuer adipiscing elit.</li>\n   <li>Aliquam tincidunt mauris eu risus.</li><li>(unordered list)</li>\n</ul>', NULL, NULL, NULL, 'Donec id elit non mi porta gravida at eget metus. Donec sed odio dui. Duis mollis, est non commodo luctus, nisi erat porttitor ligula, eget lacinia odio sem nec elit.', 'G01nkoEZ8UM', NULL, NULL, NULL, NULL, '2017-02-09 15:18:13', '2017-02-10 15:47:26', 'dddddada-7caf-41df-becc-436eabb6c47f'),
 ('2894', '2996', 'en_us', '649404 2', NULL, NULL, NULL, NULL, NULL, NULL, NULL, NULL, NULL, NULL, NULL, NULL, NULL, '2017-02-09 16:11:55', '2017-02-09 16:11:55', '555b7a9a-8f48-471b-a3c8-738965f4ba9f'),
 ('2895', '2996', 'es_us', '649404 2', NULL, NULL, NULL, NULL, NULL, NULL, NULL, NULL, NULL, NULL, NULL, NULL, NULL, '2017-02-09 16:11:55', '2017-02-09 16:11:55', '03a1dde8-aad7-415b-8149-fbb6abd22577'),
 ('2896', '2997', 'en_us', '826629', NULL, NULL, NULL, NULL, NULL, NULL, NULL, NULL, NULL, NULL, NULL, NULL, NULL, '2017-02-09 16:54:02', '2017-02-09 16:54:02', '0b73ebca-5d95-4ef6-8e63-16c94c6f2d03'),
 ('2897', '2997', 'es_us', '826629', NULL, NULL, NULL, NULL, NULL, NULL, NULL, NULL, NULL, NULL, NULL, NULL, NULL, '2017-02-09 16:54:02', '2017-02-09 16:54:02', 'e1fa02e1-9996-4ecc-9f73-9f57c46cd8f3'),
 ('2898', '2998', 'en_us', '649404 2', NULL, NULL, NULL, NULL, NULL, NULL, NULL, NULL, NULL, NULL, NULL, NULL, NULL, '2017-02-10 20:52:07', '2017-02-10 20:52:07', 'a82a6b12-c1c9-4f85-92dd-373268fc1666'),
 ('2899', '2998', 'es_us', '649404 2', NULL, NULL, NULL, NULL, NULL, NULL, NULL, NULL, NULL, NULL, NULL, NULL, NULL, '2017-02-10 20:52:07', '2017-02-10 20:52:07', '59b3662e-3f9c-45db-8a82-2c823906efdf'),
 ('2902', '3000', 'en_us', 'Blog Search', NULL, NULL, NULL, NULL, NULL, NULL, NULL, NULL, NULL, NULL, NULL, NULL, NULL, '2017-02-16 19:27:46', '2017-02-16 19:30:11', '0d2fb39e-f851-450a-a083-3499088b600e'),
 ('2903', '3000', 'es_us', 'Blog Search', NULL, NULL, NULL, NULL, NULL, NULL, NULL, NULL, NULL, NULL, NULL, NULL, NULL, '2017-02-16 19:27:46', '2017-02-16 19:27:46', '48fc25d1-af41-4702-840c-de6938c6eb5d');
INSERT INTO `craft_content` (`id`, `elementId`, `locale`, `title`, `field_seoTitle`, `field_seoDescription`, `field_pageDescription`, `field_body`, `field_userPathTagline`, `field_learnMoreLinks`, `field_peopleSectionLabel`, `field_excerpt`, `field_videoId`, `field_twitterUrl`, `field_facebookUrl`, `field_linkedinUrl`, `field_mediumUrl`, `dateCreated`, `dateUpdated`, `uid`) VALUES
 ('2904', '3001', 'en_us', NULL, NULL, NULL, NULL, NULL, NULL, NULL, NULL, NULL, NULL, 'https://twitter.com/ednavigate', '', '', '', '2017-02-16 22:37:36', '2017-02-16 22:49:54', '491ec876-ed6d-465c-bc07-2af51650df6a'),
 ('2905', '3001', 'es_us', NULL, NULL, NULL, NULL, NULL, NULL, NULL, NULL, NULL, NULL, 'https://twitter.com/ednavigate', '', '', '', '2017-02-16 22:37:36', '2017-02-16 22:49:54', '446bfba6-1cbd-495a-a344-b1b192f0f43e'),
 ('2906', '3002', 'en_us', NULL, NULL, NULL, NULL, NULL, NULL, NULL, NULL, NULL, NULL, NULL, NULL, NULL, NULL, '2017-02-16 22:51:33', '2017-02-16 22:51:33', 'e1a0df30-3cd1-4ebf-84b8-54ea87fa954a'),
 ('2907', '3002', 'es_us', NULL, NULL, NULL, NULL, NULL, NULL, NULL, NULL, NULL, NULL, NULL, NULL, NULL, NULL, '2017-02-16 22:51:33', '2017-02-16 22:51:33', '94bbb878-354a-4664-b163-4da97a3de05a'),
 ('2908', '3003', 'en_us', 'Blog 7', NULL, NULL, NULL, NULL, NULL, NULL, NULL, NULL, NULL, NULL, NULL, NULL, NULL, '2017-02-17 17:38:41', '2017-02-17 17:38:41', 'b6b466e0-8fd5-4590-8400-ab40cc447753'),
 ('2909', '3003', 'es_us', 'Blog 7', NULL, NULL, NULL, NULL, NULL, NULL, NULL, NULL, NULL, NULL, NULL, NULL, NULL, '2017-02-17 17:38:41', '2017-02-17 17:38:41', '089d367f-2d8b-4f30-8a6e-21abe136d8d7'),
 ('2910', '3004', 'en_us', 'Blog 8 1', NULL, NULL, NULL, NULL, NULL, NULL, NULL, NULL, NULL, NULL, NULL, NULL, NULL, '2017-02-17 17:43:30', '2017-02-17 17:43:30', '172e8a20-ae37-4fd3-8fa4-0832b02babb7'),
 ('2911', '3004', 'es_us', 'Blog 8 1', NULL, NULL, NULL, NULL, NULL, NULL, NULL, NULL, NULL, NULL, NULL, NULL, NULL, '2017-02-17 17:43:30', '2017-02-17 17:43:30', '63238fba-b5c9-4dbf-8c25-87db54ab7f9e'),
 ('2912', '3005', 'en_us', 'Blog 8 2', NULL, NULL, NULL, NULL, NULL, NULL, NULL, NULL, NULL, NULL, NULL, NULL, NULL, '2017-02-17 17:43:30', '2017-02-17 17:43:30', 'a85178a8-421d-4335-a158-4bf514662e01'),
 ('2913', '3005', 'es_us', 'Blog 8 2', NULL, NULL, NULL, NULL, NULL, NULL, NULL, NULL, NULL, NULL, NULL, NULL, NULL, '2017-02-17 17:43:30', '2017-02-17 17:43:30', 'fbee22aa-062d-4db5-ad7f-ac961101aad3'),
 ('2914', '3006', 'en_us', 'What Does \"Navigating Education\" Really Mean?', '', '', NULL, '<h3>As parents, we all dream of a beautiful future for our kids.</h3>\n<p>From the day they’re born, we pour our energy into building those dreams – with countless bedtime stories, with tooth-brushing practice, with impromptu lessons on playing nice at the park, with coats and sneakers and Halloween costumes, and a thousand other things. We want to give them big blue skies.</p>\n<p>Eventually, it comes time to send them off to school. We know from our own experiences—for better or for worse—how important education is to unlocking a life of opportunity and making those dreams real. And that’s where things start to get really stressful.</p>\n<p>In cities across the country, we have more information about schools than ever, and more school choices than ever. Yet understanding that information and making sense of those choices can be confusing and frustrating. We’re bombarded with data, decisions, and obligations that begin with pre-school and continue through college. Figuring it all out can be a challenge for even the most well-organized and persistent of us.</p>\n<p>In the end, most of us enroll our children in school, do what we can, and hope for the best. Too often, though, our hopes aren’t realized. Consider that, although more than <a target=\"_blank\" href=\"http://www.pewsocialtrends.org/files/2011/05/higher-ed-report.pdf\" rel=\"noreferrer\">90 percent</a> of parents expect their kids to go to college, only about one-third of all students actually earn a bachelor’s degree by the age of 25. The rest settle for less.  Many students veer off-course early in their journeys – and parents don’t even know it is happening. </p>\n<h3>We created EdNavigator to help parents do more than hope.</h3>\n<p>Our goal is to help them demand excellence and get the best education for their children. To that end, we give every one of the parents we work with personalized support from expert Navigators who understand schools deeply, know the local community intimately, and can help make things happen.</p>\n<p>What does it mean to “navigate” education? For us, it means understanding where each family wants to go and doing whatever it takes to help them get there. We focus on things like:</p>\n<ul><li><strong>Asking the right questions: </strong>Is this student on grade level? The school is beautiful—but are kids actually learning? Why is this child getting good grades but doing poorly on state tests?</li><li><strong>Translating school-speak: </strong>For example, “He does all his work” usually means he’s compliant but struggling academically.</li><li><strong>Insisting on action: </strong>This student has been struggling in reading for four years. Why isn’t there a plan in place?</li><li><strong>Improving communication: </strong>A parent shouldn’t have to call school five times before getting a call back.</li><li><strong>Making the options manageable: </strong>Based on where this family lives, there are three pretty good elementary schools with open seats.</li><li><strong>Being there at critical moments: </strong>This child’s progress report shows some red flags, but mom has a family emergency and can’t get to school. We’ll send a Navigator to the meeting.</li></ul><p>It’s all too easy for families to get lost in the requirements, processes and red tape of today’s school systems, and all too easy for kids to fall off track without anyone raising the alarm. By providing families with useful information, honest advice, and hands-on support to solve problems, we hope to ensure that they have a more positive experience, from kindergarten to college.</p>\n<h3>Over the long term, we have larger ambitions.</h3>\n<p>Through this work, we hope to grow and strengthen the connections between businesses, communities, families and schools. We hope to shine a spotlight on the challenges that we see families facing along the path to a good education, and to put positive pressure on school systems to ensure that they’re responsive to the families who trust them with the lives of the people they love most.</p>\n<p>There’s a long road ahead. We plan to share what we’re learning on this blog, along with resources and information that can help parents and schools support every child’s success. We hope you’ll join us along the way.</p>', NULL, NULL, NULL, 'As parents, we all dream of a beautiful future for our kids. From the day they’re born, we pour our energy into building those dreams – with countless bedtime stories, with tooth-brushing practice, with impromptu lessons on playing nice at the park, with coats and sneakers and Halloween costumes, and a thousand other things. We want to give them big blue skies.', '', NULL, NULL, NULL, NULL, '2017-02-17 17:52:44', '2017-02-17 18:44:46', '9ad530bf-59ff-4384-b6fc-7f81f96b0691'),
 ('2915', '3006', 'es_us', 'What Does \"Navigating Education\" Really Mean?', '', '', NULL, '<h3>As parents, we all dream of a beautiful future for our kids.</h3>\n<p>From the day they’re born, we pour our energy into building those dreams – with countless bedtime stories, with tooth-brushing practice, with impromptu lessons on playing nice at the park, with coats and sneakers and Halloween costumes, and a thousand other things. We want to give them big blue skies.</p>\n<p>Eventually, it comes time to send them off to school. We know from our own experiences—for better or for worse—how important education is to unlocking a life of opportunity and making those dreams real. And that’s where things start to get really stressful.</p>\n<p>In cities across the country, we have more information about schools than ever, and more school choices than ever. Yet understanding that information and making sense of those choices can be confusing and frustrating. We’re bombarded with data, decisions, and obligations that begin with pre-school and continue through college. Figuring it all out can be a challenge for even the most well-organized and persistent of us.</p>\n<p>In the end, most of us enroll our children in school, do what we can, and hope for the best. Too often, though, our hopes aren’t realized. Consider that, although more than <a target=\"_blank\" href=\"http://www.pewsocialtrends.org/files/2011/05/higher-ed-report.pdf\" rel=\"noreferrer\">90 percent</a> of parents expect their kids to go to college, only about one-third of all students actually earn a bachelor’s degree by the age of 25. The rest settle for less.  Many students veer off-course early in their journeys – and parents don’t even know it is happening. </p>\n<h3>We created EdNavigator to help parents do more than hope.</h3>\n<p>Our goal is to help them demand excellence and get the best education for their children. To that end, we give every one of the parents we work with personalized support from expert Navigators who understand schools deeply, know the local community intimately, and can help make things happen.</p>\n<p>What does it mean to “navigate” education? For us, it means understanding where each family wants to go and doing whatever it takes to help them get there. We focus on things like:</p>\n<ul><li><strong>Asking the right questions: </strong>Is this student on grade level? The school is beautiful—but are kids actually learning? Why is this child getting good grades but doing poorly on state tests?</li><li><strong>Translating school-speak: </strong>For example, “He does all his work” usually means he’s compliant but struggling academically.</li><li><strong>Insisting on action: </strong>This student has been struggling in reading for four years. Why isn’t there a plan in place?</li><li><strong>Improving communication: </strong>A parent shouldn’t have to call school five times before getting a call back.</li><li><strong>Making the options manageable: </strong>Based on where this family lives, there are three pretty good elementary schools with open seats.</li><li><strong>Being there at critical moments: </strong>This child’s progress report shows some red flags, but mom has a family emergency and can’t get to school. We’ll send a Navigator to the meeting.</li></ul><p>It’s all too easy for families to get lost in the requirements, processes and red tape of today’s school systems, and all too easy for kids to fall off track without anyone raising the alarm. By providing families with useful information, honest advice, and hands-on support to solve problems, we hope to ensure that they have a more positive experience, from kindergarten to college.</p>\n<h3>Over the long term, we have larger ambitions.</h3>\n<p>Through this work, we hope to grow and strengthen the connections between businesses, communities, families and schools. We hope to shine a spotlight on the challenges that we see families facing along the path to a good education, and to put positive pressure on school systems to ensure that they’re responsive to the families who trust them with the lives of the people they love most.</p>\n<p>There’s a long road ahead. We plan to share what we’re learning on this blog, along with resources and information that can help parents and schools support every child’s success. We hope you’ll join us along the way.</p>', NULL, NULL, NULL, 'As parents, we all dream of a beautiful future for our kids. From the day they’re born, we pour our energy into building those dreams – with countless bedtime stories, with tooth-brushing practice, with impromptu lessons on playing nice at the park, with coats and sneakers and Halloween costumes, and a thousand other things. We want to give them big blue skies.', '', NULL, NULL, NULL, NULL, '2017-02-17 17:52:44', '2017-02-17 18:44:46', 'aebaea1a-c9a1-40a0-afcf-5a1ded41f711');



DROP TABLE IF EXISTS `craft_deprecationerrors`;


--
-- Schema for table `craft_deprecationerrors`
--
CREATE TABLE `craft_deprecationerrors` (
  `id` int(11) NOT NULL AUTO_INCREMENT,
  `key` varchar(255) COLLATE utf8_unicode_ci NOT NULL,
  `fingerprint` varchar(255) COLLATE utf8_unicode_ci NOT NULL,
  `lastOccurrence` datetime NOT NULL,
  `file` varchar(255) COLLATE utf8_unicode_ci NOT NULL,
  `line` smallint(6) unsigned NOT NULL,
  `class` varchar(255) COLLATE utf8_unicode_ci DEFAULT NULL,
  `method` varchar(255) COLLATE utf8_unicode_ci DEFAULT NULL,
  `template` varchar(255) COLLATE utf8_unicode_ci DEFAULT NULL,
  `templateLine` smallint(6) unsigned DEFAULT NULL,
  `message` varchar(255) COLLATE utf8_unicode_ci DEFAULT NULL,
  `traces` text COLLATE utf8_unicode_ci,
  `dateCreated` datetime NOT NULL,
  `dateUpdated` datetime NOT NULL,
  `uid` char(36) COLLATE utf8_unicode_ci NOT NULL DEFAULT '0',
  PRIMARY KEY (`id`),
  UNIQUE KEY `craft_deprecationerrors_key_fingerprint_unq_idx` (`key`,`fingerprint`)
) ENGINE=InnoDB AUTO_INCREMENT=78 DEFAULT CHARSET=utf8 COLLATE=utf8_unicode_ci;

--
-- Data for table `craft_deprecationerrors`
--

INSERT INTO `craft_deprecationerrors` (`id`, `key`, `fingerprint`, `lastOccurrence`, `file`, `line`, `class`, `method`, `template`, `templateLine`, `message`, `traces`, `dateCreated`, `dateUpdated`, `uid`) VALUES
 ('1', 'TagModel::name', 'Craft\\TagModel:109', '2017-01-24 23:19:25', '/Users/matt/Sites/ednavigator/craft/app/models/TagModel.php', '109', 'Craft\\TagModel', 'getName', NULL, NULL, 'The Tag ‘name’ property has been deprecated. Use ‘title’ instead.', '[{\"objectClass\":\"Craft\\\\DeprecatorService\",\"file\":\"\\/Users\\/matt\\/Sites\\/ednavigator\\/craft\\/app\\/models\\/TagModel.php\",\"line\":109,\"class\":\"Craft\\\\DeprecatorService\",\"method\":\"log\",\"args\":\"\\\"TagModel::name\\\", \\\"The Tag \\u2018name\\u2019 property has been deprecated. Use \\u2018title\\u2019...\\\"\"},{\"objectClass\":\"Craft\\\\TagModel\",\"file\":\"\\/Users\\/matt\\/Sites\\/ednavigator\\/craft\\/app\\/framework\\/base\\/CComponent.php\",\"line\":111,\"class\":\"Craft\\\\TagModel\",\"method\":\"getName\",\"args\":null},{\"objectClass\":\"Craft\\\\TagModel\",\"file\":\"\\/Users\\/matt\\/Sites\\/ednavigator\\/craft\\/app\\/models\\/BaseModel.php\",\"line\":87,\"class\":\"CComponent\",\"method\":\"__get\",\"args\":\"\\\"name\\\"\"},{\"objectClass\":\"Craft\\\\TagModel\",\"file\":\"\\/Users\\/matt\\/Sites\\/ednavigator\\/craft\\/app\\/models\\/BaseElementModel.php\",\"line\":141,\"class\":\"Craft\\\\BaseModel\",\"method\":\"__get\",\"args\":\"\\\"name\\\"\"},{\"objectClass\":\"Craft\\\\TagModel\",\"file\":\"\\/Users\\/matt\\/Sites\\/ednavigator\\/craft\\/app\\/services\\/SearchService.php\",\"line\":78,\"class\":\"Craft\\\\BaseElementModel\",\"method\":\"__get\",\"args\":\"\\\"name\\\"\"},{\"objectClass\":\"Craft\\\\SearchService\",\"file\":\"\\/Users\\/matt\\/Sites\\/ednavigator\\/craft\\/app\\/services\\/ElementsService.php\",\"line\":1420,\"class\":\"Craft\\\\SearchService\",\"method\":\"indexElementAttributes\",\"args\":\"Craft\\\\TagModel\"},{\"objectClass\":\"Craft\\\\ElementsService\",\"file\":\"\\/Users\\/matt\\/Sites\\/ednavigator\\/craft\\/app\\/tasks\\/ResaveElementsTask.php\",\"line\":89,\"class\":\"Craft\\\\ElementsService\",\"method\":\"saveElement\",\"args\":\"Craft\\\\TagModel, false\"},{\"objectClass\":\"Craft\\\\ResaveElementsTask\",\"file\":\"\\/Users\\/matt\\/Sites\\/ednavigator\\/craft\\/app\\/services\\/TasksService.php\",\"line\":238,\"class\":\"Craft\\\\ResaveElementsTask\",\"method\":\"runStep\",\"args\":\"0\"},{\"objectClass\":\"Craft\\\\TasksService\",\"file\":\"\\/Users\\/matt\\/Sites\\/ednavigator\\/craft\\/app\\/tasks\\/BaseTask.php\",\"line\":77,\"class\":\"Craft\\\\TasksService\",\"method\":\"runTask\",\"args\":\"Craft\\\\TaskModel\"},{\"objectClass\":\"Craft\\\\ResaveAllElementsTask\",\"file\":\"\\/Users\\/matt\\/Sites\\/ednavigator\\/craft\\/app\\/tasks\\/ResaveAllElementsTask.php\",\"line\":81,\"class\":\"Craft\\\\BaseTask\",\"method\":\"runSubTask\",\"args\":\"\\\"ResaveElements\\\", null, array(\\\"elementType\\\" => \\\"Tag\\\", \\\"criteria\\\" => array(\\\"locale\\\" => \\\"en_us\\\", \\\"status\\\" => null, \\\"localeEnabled\\\" => null))\"},{\"objectClass\":\"Craft\\\\ResaveAllElementsTask\",\"file\":\"\\/Users\\/matt\\/Sites\\/ednavigator\\/craft\\/app\\/services\\/TasksService.php\",\"line\":238,\"class\":\"Craft\\\\ResaveAllElementsTask\",\"method\":\"runStep\",\"args\":\"5\"},{\"objectClass\":\"Craft\\\\TasksService\",\"file\":\"\\/Users\\/matt\\/Sites\\/ednavigator\\/craft\\/app\\/services\\/TasksService.php\",\"line\":199,\"class\":\"Craft\\\\TasksService\",\"method\":\"runTask\",\"args\":\"Craft\\\\TaskModel\"},{\"objectClass\":\"Craft\\\\TasksService\",\"file\":\"\\/Users\\/matt\\/Sites\\/ednavigator\\/craft\\/app\\/controllers\\/TasksController.php\",\"line\":63,\"class\":\"Craft\\\\TasksService\",\"method\":\"runPendingTasks\",\"args\":null},{\"objectClass\":\"Craft\\\\TasksController\",\"file\":\"\\/Users\\/matt\\/Sites\\/ednavigator\\/craft\\/app\\/framework\\/web\\/actions\\/CInlineAction.php\",\"line\":49,\"class\":\"Craft\\\\TasksController\",\"method\":\"actionRunPendingTasks\",\"args\":null},{\"objectClass\":\"CInlineAction\",\"file\":\"\\/Users\\/matt\\/Sites\\/ednavigator\\/craft\\/app\\/framework\\/web\\/CController.php\",\"line\":308,\"class\":\"CInlineAction\",\"method\":\"runWithParams\",\"args\":\"array()\"},{\"objectClass\":\"Craft\\\\TasksController\",\"file\":\"\\/Users\\/matt\\/Sites\\/ednavigator\\/craft\\/app\\/framework\\/web\\/CController.php\",\"line\":286,\"class\":\"CController\",\"method\":\"runAction\",\"args\":\"CInlineAction\"},{\"objectClass\":\"Craft\\\\TasksController\",\"file\":\"\\/Users\\/matt\\/Sites\\/ednavigator\\/craft\\/app\\/framework\\/web\\/CController.php\",\"line\":265,\"class\":\"CController\",\"method\":\"runActionWithFilters\",\"args\":\"CInlineAction, array()\"},{\"objectClass\":\"Craft\\\\TasksController\",\"file\":\"\\/Users\\/matt\\/Sites\\/ednavigator\\/craft\\/app\\/framework\\/web\\/CWebApplication.php\",\"line\":282,\"class\":\"CController\",\"method\":\"run\",\"args\":\"\\\"runPendingTasks\\\"\"},{\"objectClass\":\"Craft\\\\WebApp\",\"file\":\"\\/Users\\/matt\\/Sites\\/ednavigator\\/craft\\/app\\/etc\\/web\\/WebApp.php\",\"line\":817,\"class\":\"CWebApplication\",\"method\":\"runController\",\"args\":\"\\\"tasks\\/runPendingTasks\\\"\"},{\"objectClass\":\"Craft\\\\WebApp\",\"file\":\"\\/Users\\/matt\\/Sites\\/ednavigator\\/craft\\/app\\/etc\\/web\\/WebApp.php\",\"line\":287,\"class\":\"Craft\\\\WebApp\",\"method\":\"_processActionRequest\",\"args\":null},{\"objectClass\":\"Craft\\\\WebApp\",\"file\":\"\\/Users\\/matt\\/Sites\\/ednavigator\\/craft\\/app\\/framework\\/base\\/CApplication.php\",\"line\":185,\"class\":\"Craft\\\\WebApp\",\"method\":\"processRequest\",\"args\":null},{\"objectClass\":\"Craft\\\\WebApp\",\"file\":\"\\/Users\\/matt\\/Sites\\/ednavigator\\/craft\\/app\\/index.php\",\"line\":62,\"class\":\"CApplication\",\"method\":\"run\",\"args\":null},{\"objectClass\":null,\"file\":\"\\/Users\\/matt\\/Sites\\/ednavigator\\/public\\/index.php\",\"line\":22,\"class\":null,\"method\":\"require_once\",\"args\":\"\\\"\\/Users\\/matt\\/Sites\\/ednavigator\\/craft\\/app\\/index.php\\\"\"}]', '2017-01-24 23:19:25', '2017-01-24 23:19:25', '0569aa42-cb10-4e6f-893c-fdfd48da61fc'),
 ('2', '{% endpaginate %}', '/Users/matt/Sites/ednavigator/craft/templates/blog/index.html', '2017-02-16 22:03:03', '/Users/matt/Sites/ednavigator/craft/app/etc/templating/twigextensions/DeprecatedTag_TokenParser.php', '58', 'Craft\\DeprecatedTag_TokenParser', 'parse', '/Users/matt/Sites/ednavigator/craft/templates/blog/index.html', NULL, 'The {% endpaginate %} tag is no longer necessary. You can remove it from your ‘blog’ template on line 90.', '[{\"objectClass\":\"Craft\\\\DeprecatorService\",\"file\":\"\\/Users\\/matt\\/Sites\\/ednavigator\\/craft\\/app\\/etc\\/templating\\/twigextensions\\/DeprecatedTag_TokenParser.php\",\"line\":58,\"class\":\"Craft\\\\DeprecatorService\",\"method\":\"log\",\"args\":\"\\\"{% endpaginate %}\\\", \\\"The {% endpaginate %} tag is no longer necessary. You can remove...\\\"\"},{\"objectClass\":\"Craft\\\\DeprecatedTag_TokenParser\",\"file\":\"\\/Users\\/matt\\/Sites\\/ednavigator\\/craft\\/app\\/vendor\\/twig\\/twig\\/lib\\/Twig\\/Parser.php\",\"line\":187,\"class\":\"Craft\\\\DeprecatedTag_TokenParser\",\"method\":\"parse\",\"args\":\"Twig_Token\"},{\"objectClass\":\"Craft\\\\TwigParser\",\"file\":\"\\/Users\\/matt\\/Sites\\/ednavigator\\/craft\\/app\\/vendor\\/twig\\/twig\\/lib\\/Twig\\/TokenParser\\/Block.php\",\"line\":38,\"class\":\"Twig_Parser\",\"method\":\"subparse\",\"args\":\"array(Twig_TokenParser_Block, \\\"decideBlockEnd\\\"), true\"},{\"objectClass\":\"Twig_TokenParser_Block\",\"file\":\"\\/Users\\/matt\\/Sites\\/ednavigator\\/craft\\/app\\/vendor\\/twig\\/twig\\/lib\\/Twig\\/Parser.php\",\"line\":187,\"class\":\"Twig_TokenParser_Block\",\"method\":\"parse\",\"args\":\"Twig_Token\"},{\"objectClass\":\"Craft\\\\TwigParser\",\"file\":\"\\/Users\\/matt\\/Sites\\/ednavigator\\/craft\\/app\\/vendor\\/twig\\/twig\\/lib\\/Twig\\/Parser.php\",\"line\":100,\"class\":\"Twig_Parser\",\"method\":\"subparse\",\"args\":\"null, false\"},{\"objectClass\":\"Craft\\\\TwigParser\",\"file\":\"\\/Users\\/matt\\/Sites\\/ednavigator\\/craft\\/app\\/vendor\\/twig\\/twig\\/lib\\/Twig\\/Environment.php\",\"line\":619,\"class\":\"Twig_Parser\",\"method\":\"parse\",\"args\":\"Twig_TokenStream\"},{\"objectClass\":\"Craft\\\\TwigEnvironment\",\"file\":\"\\/Users\\/matt\\/Sites\\/ednavigator\\/craft\\/app\\/vendor\\/twig\\/twig\\/lib\\/Twig\\/Environment.php\",\"line\":671,\"class\":\"Twig_Environment\",\"method\":\"parse\",\"args\":\"Twig_TokenStream\"},{\"objectClass\":\"Craft\\\\TwigEnvironment\",\"file\":\"\\/Users\\/matt\\/Sites\\/ednavigator\\/craft\\/app\\/vendor\\/twig\\/twig\\/lib\\/Twig\\/Environment.php\",\"line\":396,\"class\":\"Twig_Environment\",\"method\":\"compileSource\",\"args\":\"\\\"{% extends (craft.request.isAjax and not craft.request.isLivePre...\\\", \\\"blog\\\"\"},{\"objectClass\":\"Craft\\\\TwigEnvironment\",\"file\":\"\\/Users\\/matt\\/Sites\\/ednavigator\\/craft\\/app\\/etc\\/templating\\/TwigEnvironment.php\",\"line\":61,\"class\":\"Twig_Environment\",\"method\":\"loadTemplate\",\"args\":\"\\\"blog\\\", null\"},{\"objectClass\":\"Craft\\\\TwigEnvironment\",\"file\":\"\\/Users\\/matt\\/Sites\\/ednavigator\\/craft\\/app\\/vendor\\/twig\\/twig\\/lib\\/Twig\\/Environment.php\",\"line\":347,\"class\":\"Craft\\\\TwigEnvironment\",\"method\":\"loadTemplate\",\"args\":\"\\\"blog\\\"\"},{\"objectClass\":\"Craft\\\\TwigEnvironment\",\"file\":\"\\/Users\\/matt\\/Sites\\/ednavigator\\/craft\\/app\\/services\\/TemplatesService.php\",\"line\":256,\"class\":\"Twig_Environment\",\"method\":\"render\",\"args\":\"\\\"blog\\\", array(\\\"entry\\\" => Craft\\\\EntryModel)\"},{\"objectClass\":\"Craft\\\\TemplatesService\",\"file\":\"\\/Users\\/matt\\/Sites\\/ednavigator\\/craft\\/app\\/controllers\\/BaseController.php\",\"line\":74,\"class\":\"Craft\\\\TemplatesService\",\"method\":\"render\",\"args\":\"\\\"blog\\\", array(\\\"entry\\\" => Craft\\\\EntryModel)\"},{\"objectClass\":\"Craft\\\\TemplatesController\",\"file\":\"\\/Users\\/matt\\/Sites\\/ednavigator\\/craft\\/app\\/controllers\\/TemplatesController.php\",\"line\":55,\"class\":\"Craft\\\\BaseController\",\"method\":\"renderTemplate\",\"args\":\"\\\"blog\\\", array(\\\"entry\\\" => Craft\\\\EntryModel)\"},{\"objectClass\":\"Craft\\\\TemplatesController\",\"file\":null,\"line\":null,\"class\":\"Craft\\\\TemplatesController\",\"method\":\"actionRender\",\"args\":\"\\\"blog\\\", array(\\\"entry\\\" => Craft\\\\EntryModel)\"},{\"objectClass\":\"ReflectionMethod\",\"file\":\"\\/Users\\/matt\\/Sites\\/ednavigator\\/craft\\/app\\/framework\\/web\\/actions\\/CAction.php\",\"line\":109,\"class\":\"ReflectionMethod\",\"method\":\"invokeArgs\",\"args\":\"Craft\\\\TemplatesController, array(\\\"blog\\\", array(\\\"entry\\\" => Craft\\\\EntryModel))\"},{\"objectClass\":\"CInlineAction\",\"file\":\"\\/Users\\/matt\\/Sites\\/ednavigator\\/craft\\/app\\/framework\\/web\\/actions\\/CInlineAction.php\",\"line\":47,\"class\":\"CAction\",\"method\":\"runWithParamsInternal\",\"args\":\"Craft\\\\TemplatesController, ReflectionMethod, array(\\\"p\\\" => \\\"blog\\\", \\\"variables\\\" => array(\\\"entry\\\" => Craft\\\\EntryModel), \\\"template\\\" => \\\"blog\\\")\"},{\"objectClass\":\"CInlineAction\",\"file\":\"\\/Users\\/matt\\/Sites\\/ednavigator\\/craft\\/app\\/framework\\/web\\/CController.php\",\"line\":308,\"class\":\"CInlineAction\",\"method\":\"runWithParams\",\"args\":\"array(\\\"p\\\" => \\\"blog\\\", \\\"variables\\\" => array(\\\"entry\\\" => Craft\\\\EntryModel), \\\"template\\\" => \\\"blog\\\")\"},{\"objectClass\":\"Craft\\\\TemplatesController\",\"file\":\"\\/Users\\/matt\\/Sites\\/ednavigator\\/craft\\/app\\/framework\\/web\\/CController.php\",\"line\":286,\"class\":\"CController\",\"method\":\"runAction\",\"args\":\"CInlineAction\"},{\"objectClass\":\"Craft\\\\TemplatesController\",\"file\":\"\\/Users\\/matt\\/Sites\\/ednavigator\\/craft\\/app\\/framework\\/web\\/CController.php\",\"line\":265,\"class\":\"CController\",\"method\":\"runActionWithFilters\",\"args\":\"CInlineAction, array()\"},{\"objectClass\":\"Craft\\\\TemplatesController\",\"file\":\"\\/Users\\/matt\\/Sites\\/ednavigator\\/craft\\/app\\/framework\\/web\\/CWebApplication.php\",\"line\":282,\"class\":\"CController\",\"method\":\"run\",\"args\":\"\\\"render\\\"\"},{\"objectClass\":\"Craft\\\\WebApp\",\"file\":\"\\/Users\\/matt\\/Sites\\/ednavigator\\/craft\\/app\\/framework\\/web\\/CWebApplication.php\",\"line\":141,\"class\":\"CWebApplication\",\"method\":\"runController\",\"args\":\"\\\"templates\\/render\\\"\"},{\"objectClass\":\"Craft\\\\WebApp\",\"file\":\"\\/Users\\/matt\\/Sites\\/ednavigator\\/craft\\/app\\/etc\\/web\\/WebApp.php\",\"line\":290,\"class\":\"CWebApplication\",\"method\":\"processRequest\",\"args\":null},{\"objectClass\":\"Craft\\\\WebApp\",\"file\":\"\\/Users\\/matt\\/Sites\\/ednavigator\\/craft\\/app\\/framework\\/base\\/CApplication.php\",\"line\":185,\"class\":\"Craft\\\\WebApp\",\"method\":\"processRequest\",\"args\":null},{\"objectClass\":\"Craft\\\\WebApp\",\"file\":\"\\/Users\\/matt\\/Sites\\/ednavigator\\/craft\\/app\\/index.php\",\"line\":62,\"class\":\"CApplication\",\"method\":\"run\",\"args\":null},{\"objectClass\":null,\"file\":\"\\/Users\\/matt\\/Sites\\/ednavigator\\/public\\/index.php\",\"line\":22,\"class\":null,\"method\":\"require_once\",\"args\":\"\\\"\\/Users\\/matt\\/Sites\\/ednavigator\\/craft\\/app\\/index.php\\\"\"}]', '2017-02-06 22:47:04', '2017-02-16 22:03:03', '2c8d2590-e24f-4106-91a0-96a28f6436e2'),
 ('20', '{% endpaginate %}', '/Users/matt/Sites/ednavigator/craft/templates/resources/index.html', '2017-02-16 16:23:05', '/Users/matt/Sites/ednavigator/craft/app/etc/templating/twigextensions/DeprecatedTag_TokenParser.php', '58', 'Craft\\DeprecatedTag_TokenParser', 'parse', '/Users/matt/Sites/ednavigator/craft/templates/resources/index.html', NULL, 'The {% endpaginate %} tag is no longer necessary. You can remove it from your ‘resources’ template on line 100.', '[{\"objectClass\":\"Craft\\\\DeprecatorService\",\"file\":\"\\/Users\\/matt\\/Sites\\/ednavigator\\/craft\\/app\\/etc\\/templating\\/twigextensions\\/DeprecatedTag_TokenParser.php\",\"line\":58,\"class\":\"Craft\\\\DeprecatorService\",\"method\":\"log\",\"args\":\"\\\"{% endpaginate %}\\\", \\\"The {% endpaginate %} tag is no longer necessary. You can remove...\\\"\"},{\"objectClass\":\"Craft\\\\DeprecatedTag_TokenParser\",\"file\":\"\\/Users\\/matt\\/Sites\\/ednavigator\\/craft\\/app\\/vendor\\/twig\\/twig\\/lib\\/Twig\\/Parser.php\",\"line\":187,\"class\":\"Craft\\\\DeprecatedTag_TokenParser\",\"method\":\"parse\",\"args\":\"Twig_Token\"},{\"objectClass\":\"Craft\\\\TwigParser\",\"file\":\"\\/Users\\/matt\\/Sites\\/ednavigator\\/craft\\/app\\/vendor\\/twig\\/twig\\/lib\\/Twig\\/TokenParser\\/Block.php\",\"line\":38,\"class\":\"Twig_Parser\",\"method\":\"subparse\",\"args\":\"array(Twig_TokenParser_Block, \\\"decideBlockEnd\\\"), true\"},{\"objectClass\":\"Twig_TokenParser_Block\",\"file\":\"\\/Users\\/matt\\/Sites\\/ednavigator\\/craft\\/app\\/vendor\\/twig\\/twig\\/lib\\/Twig\\/Parser.php\",\"line\":187,\"class\":\"Twig_TokenParser_Block\",\"method\":\"parse\",\"args\":\"Twig_Token\"},{\"objectClass\":\"Craft\\\\TwigParser\",\"file\":\"\\/Users\\/matt\\/Sites\\/ednavigator\\/craft\\/app\\/vendor\\/twig\\/twig\\/lib\\/Twig\\/Parser.php\",\"line\":100,\"class\":\"Twig_Parser\",\"method\":\"subparse\",\"args\":\"null, false\"},{\"objectClass\":\"Craft\\\\TwigParser\",\"file\":\"\\/Users\\/matt\\/Sites\\/ednavigator\\/craft\\/app\\/vendor\\/twig\\/twig\\/lib\\/Twig\\/Environment.php\",\"line\":619,\"class\":\"Twig_Parser\",\"method\":\"parse\",\"args\":\"Twig_TokenStream\"},{\"objectClass\":\"Craft\\\\TwigEnvironment\",\"file\":\"\\/Users\\/matt\\/Sites\\/ednavigator\\/craft\\/app\\/vendor\\/twig\\/twig\\/lib\\/Twig\\/Environment.php\",\"line\":671,\"class\":\"Twig_Environment\",\"method\":\"parse\",\"args\":\"Twig_TokenStream\"},{\"objectClass\":\"Craft\\\\TwigEnvironment\",\"file\":\"\\/Users\\/matt\\/Sites\\/ednavigator\\/craft\\/app\\/vendor\\/twig\\/twig\\/lib\\/Twig\\/Environment.php\",\"line\":396,\"class\":\"Twig_Environment\",\"method\":\"compileSource\",\"args\":\"\\\"{% extends (craft.request.isAjax and not craft.request.isLivePre...\\\", \\\"resources\\\"\"},{\"objectClass\":\"Craft\\\\TwigEnvironment\",\"file\":\"\\/Users\\/matt\\/Sites\\/ednavigator\\/craft\\/app\\/etc\\/templating\\/TwigEnvironment.php\",\"line\":61,\"class\":\"Twig_Environment\",\"method\":\"loadTemplate\",\"args\":\"\\\"resources\\\", null\"},{\"objectClass\":\"Craft\\\\TwigEnvironment\",\"file\":\"\\/Users\\/matt\\/Sites\\/ednavigator\\/craft\\/app\\/vendor\\/twig\\/twig\\/lib\\/Twig\\/Environment.php\",\"line\":347,\"class\":\"Craft\\\\TwigEnvironment\",\"method\":\"loadTemplate\",\"args\":\"\\\"resources\\\"\"},{\"objectClass\":\"Craft\\\\TwigEnvironment\",\"file\":\"\\/Users\\/matt\\/Sites\\/ednavigator\\/craft\\/app\\/services\\/TemplatesService.php\",\"line\":256,\"class\":\"Twig_Environment\",\"method\":\"render\",\"args\":\"\\\"resources\\\", array(\\\"entry\\\" => Craft\\\\EntryModel)\"},{\"objectClass\":\"Craft\\\\TemplatesService\",\"file\":\"\\/Users\\/matt\\/Sites\\/ednavigator\\/craft\\/app\\/controllers\\/BaseController.php\",\"line\":74,\"class\":\"Craft\\\\TemplatesService\",\"method\":\"render\",\"args\":\"\\\"resources\\\", array(\\\"entry\\\" => Craft\\\\EntryModel)\"},{\"objectClass\":\"Craft\\\\TemplatesController\",\"file\":\"\\/Users\\/matt\\/Sites\\/ednavigator\\/craft\\/app\\/controllers\\/TemplatesController.php\",\"line\":55,\"class\":\"Craft\\\\BaseController\",\"method\":\"renderTemplate\",\"args\":\"\\\"resources\\\", array(\\\"entry\\\" => Craft\\\\EntryModel)\"},{\"objectClass\":\"Craft\\\\TemplatesController\",\"file\":null,\"line\":null,\"class\":\"Craft\\\\TemplatesController\",\"method\":\"actionRender\",\"args\":\"\\\"resources\\\", array(\\\"entry\\\" => Craft\\\\EntryModel)\"},{\"objectClass\":\"ReflectionMethod\",\"file\":\"\\/Users\\/matt\\/Sites\\/ednavigator\\/craft\\/app\\/framework\\/web\\/actions\\/CAction.php\",\"line\":109,\"class\":\"ReflectionMethod\",\"method\":\"invokeArgs\",\"args\":\"Craft\\\\TemplatesController, array(\\\"resources\\\", array(\\\"entry\\\" => Craft\\\\EntryModel))\"},{\"objectClass\":\"CInlineAction\",\"file\":\"\\/Users\\/matt\\/Sites\\/ednavigator\\/craft\\/app\\/framework\\/web\\/actions\\/CInlineAction.php\",\"line\":47,\"class\":\"CAction\",\"method\":\"runWithParamsInternal\",\"args\":\"Craft\\\\TemplatesController, ReflectionMethod, array(\\\"p\\\" => \\\"resources\\\", \\\"variables\\\" => array(\\\"entry\\\" => Craft\\\\EntryModel), \\\"template\\\" => \\\"resources\\\")\"},{\"objectClass\":\"CInlineAction\",\"file\":\"\\/Users\\/matt\\/Sites\\/ednavigator\\/craft\\/app\\/framework\\/web\\/CController.php\",\"line\":308,\"class\":\"CInlineAction\",\"method\":\"runWithParams\",\"args\":\"array(\\\"p\\\" => \\\"resources\\\", \\\"variables\\\" => array(\\\"entry\\\" => Craft\\\\EntryModel), \\\"template\\\" => \\\"resources\\\")\"},{\"objectClass\":\"Craft\\\\TemplatesController\",\"file\":\"\\/Users\\/matt\\/Sites\\/ednavigator\\/craft\\/app\\/framework\\/web\\/CController.php\",\"line\":286,\"class\":\"CController\",\"method\":\"runAction\",\"args\":\"CInlineAction\"},{\"objectClass\":\"Craft\\\\TemplatesController\",\"file\":\"\\/Users\\/matt\\/Sites\\/ednavigator\\/craft\\/app\\/framework\\/web\\/CController.php\",\"line\":265,\"class\":\"CController\",\"method\":\"runActionWithFilters\",\"args\":\"CInlineAction, array()\"},{\"objectClass\":\"Craft\\\\TemplatesController\",\"file\":\"\\/Users\\/matt\\/Sites\\/ednavigator\\/craft\\/app\\/framework\\/web\\/CWebApplication.php\",\"line\":282,\"class\":\"CController\",\"method\":\"run\",\"args\":\"\\\"render\\\"\"},{\"objectClass\":\"Craft\\\\WebApp\",\"file\":\"\\/Users\\/matt\\/Sites\\/ednavigator\\/craft\\/app\\/framework\\/web\\/CWebApplication.php\",\"line\":141,\"class\":\"CWebApplication\",\"method\":\"runController\",\"args\":\"\\\"templates\\/render\\\"\"},{\"objectClass\":\"Craft\\\\WebApp\",\"file\":\"\\/Users\\/matt\\/Sites\\/ednavigator\\/craft\\/app\\/etc\\/web\\/WebApp.php\",\"line\":290,\"class\":\"CWebApplication\",\"method\":\"processRequest\",\"args\":null},{\"objectClass\":\"Craft\\\\WebApp\",\"file\":\"\\/Users\\/matt\\/Sites\\/ednavigator\\/craft\\/app\\/framework\\/base\\/CApplication.php\",\"line\":185,\"class\":\"Craft\\\\WebApp\",\"method\":\"processRequest\",\"args\":null},{\"objectClass\":\"Craft\\\\WebApp\",\"file\":\"\\/Users\\/matt\\/Sites\\/ednavigator\\/craft\\/app\\/index.php\",\"line\":62,\"class\":\"CApplication\",\"method\":\"run\",\"args\":null},{\"objectClass\":null,\"file\":\"\\/Users\\/matt\\/Sites\\/ednavigator\\/public\\/index.php\",\"line\":22,\"class\":null,\"method\":\"require_once\",\"args\":\"\\\"\\/Users\\/matt\\/Sites\\/ednavigator\\/craft\\/app\\/index.php\\\"\"}]', '2017-02-07 17:16:30', '2017-02-16 16:23:05', 'ed226a4c-2cec-4315-a553-cfbc8b12b33c'),
 ('53', '{% endpaginate %}', '/Users/matt/Sites/ednavigator/craft/templates/search/results.html', '2017-02-16 17:55:51', '/Users/matt/Sites/ednavigator/craft/app/etc/templating/twigextensions/DeprecatedTag_TokenParser.php', '58', 'Craft\\DeprecatedTag_TokenParser', 'parse', '/Users/matt/Sites/ednavigator/craft/templates/search/results.html', NULL, 'The {% endpaginate %} tag is no longer necessary. You can remove it from your ‘search/results’ template on line 65.', '[{\"objectClass\":\"Craft\\\\DeprecatorService\",\"file\":\"\\/Users\\/matt\\/Sites\\/ednavigator\\/craft\\/app\\/etc\\/templating\\/twigextensions\\/DeprecatedTag_TokenParser.php\",\"line\":58,\"class\":\"Craft\\\\DeprecatorService\",\"method\":\"log\",\"args\":\"\\\"{% endpaginate %}\\\", \\\"The {% endpaginate %} tag is no longer necessary. You can remove...\\\"\"},{\"objectClass\":\"Craft\\\\DeprecatedTag_TokenParser\",\"file\":\"\\/Users\\/matt\\/Sites\\/ednavigator\\/craft\\/app\\/vendor\\/twig\\/twig\\/lib\\/Twig\\/Parser.php\",\"line\":187,\"class\":\"Craft\\\\DeprecatedTag_TokenParser\",\"method\":\"parse\",\"args\":\"Twig_Token\"},{\"objectClass\":\"Craft\\\\TwigParser\",\"file\":\"\\/Users\\/matt\\/Sites\\/ednavigator\\/craft\\/app\\/vendor\\/twig\\/twig\\/lib\\/Twig\\/TokenParser\\/If.php\",\"line\":34,\"class\":\"Twig_Parser\",\"method\":\"subparse\",\"args\":\"array(Twig_TokenParser_If, \\\"decideIfFork\\\")\"},{\"objectClass\":\"Twig_TokenParser_If\",\"file\":\"\\/Users\\/matt\\/Sites\\/ednavigator\\/craft\\/app\\/vendor\\/twig\\/twig\\/lib\\/Twig\\/Parser.php\",\"line\":187,\"class\":\"Twig_TokenParser_If\",\"method\":\"parse\",\"args\":\"Twig_Token\"},{\"objectClass\":\"Craft\\\\TwigParser\",\"file\":\"\\/Users\\/matt\\/Sites\\/ednavigator\\/craft\\/app\\/vendor\\/twig\\/twig\\/lib\\/Twig\\/TokenParser\\/Block.php\",\"line\":38,\"class\":\"Twig_Parser\",\"method\":\"subparse\",\"args\":\"array(Twig_TokenParser_Block, \\\"decideBlockEnd\\\"), true\"},{\"objectClass\":\"Twig_TokenParser_Block\",\"file\":\"\\/Users\\/matt\\/Sites\\/ednavigator\\/craft\\/app\\/vendor\\/twig\\/twig\\/lib\\/Twig\\/Parser.php\",\"line\":187,\"class\":\"Twig_TokenParser_Block\",\"method\":\"parse\",\"args\":\"Twig_Token\"},{\"objectClass\":\"Craft\\\\TwigParser\",\"file\":\"\\/Users\\/matt\\/Sites\\/ednavigator\\/craft\\/app\\/vendor\\/twig\\/twig\\/lib\\/Twig\\/Parser.php\",\"line\":100,\"class\":\"Twig_Parser\",\"method\":\"subparse\",\"args\":\"null, false\"},{\"objectClass\":\"Craft\\\\TwigParser\",\"file\":\"\\/Users\\/matt\\/Sites\\/ednavigator\\/craft\\/app\\/vendor\\/twig\\/twig\\/lib\\/Twig\\/Environment.php\",\"line\":619,\"class\":\"Twig_Parser\",\"method\":\"parse\",\"args\":\"Twig_TokenStream\"},{\"objectClass\":\"Craft\\\\TwigEnvironment\",\"file\":\"\\/Users\\/matt\\/Sites\\/ednavigator\\/craft\\/app\\/vendor\\/twig\\/twig\\/lib\\/Twig\\/Environment.php\",\"line\":671,\"class\":\"Twig_Environment\",\"method\":\"parse\",\"args\":\"Twig_TokenStream\"},{\"objectClass\":\"Craft\\\\TwigEnvironment\",\"file\":\"\\/Users\\/matt\\/Sites\\/ednavigator\\/craft\\/app\\/vendor\\/twig\\/twig\\/lib\\/Twig\\/Environment.php\",\"line\":396,\"class\":\"Twig_Environment\",\"method\":\"compileSource\",\"args\":\"\\\"{% extends (craft.request.isAjax and not craft.request.isLivePre...\\\", \\\"search\\/results\\\"\"},{\"objectClass\":\"Craft\\\\TwigEnvironment\",\"file\":\"\\/Users\\/matt\\/Sites\\/ednavigator\\/craft\\/app\\/etc\\/templating\\/TwigEnvironment.php\",\"line\":61,\"class\":\"Twig_Environment\",\"method\":\"loadTemplate\",\"args\":\"\\\"search\\/results\\\", null\"},{\"objectClass\":\"Craft\\\\TwigEnvironment\",\"file\":\"\\/Users\\/matt\\/Sites\\/ednavigator\\/craft\\/app\\/vendor\\/twig\\/twig\\/lib\\/Twig\\/Environment.php\",\"line\":347,\"class\":\"Craft\\\\TwigEnvironment\",\"method\":\"loadTemplate\",\"args\":\"\\\"search\\/results\\\"\"},{\"objectClass\":\"Craft\\\\TwigEnvironment\",\"file\":\"\\/Users\\/matt\\/Sites\\/ednavigator\\/craft\\/app\\/services\\/TemplatesService.php\",\"line\":256,\"class\":\"Twig_Environment\",\"method\":\"render\",\"args\":\"\\\"search\\/results\\\", array(\\\"entry\\\" => Craft\\\\EntryModel)\"},{\"objectClass\":\"Craft\\\\TemplatesService\",\"file\":\"\\/Users\\/matt\\/Sites\\/ednavigator\\/craft\\/app\\/controllers\\/BaseController.php\",\"line\":74,\"class\":\"Craft\\\\TemplatesService\",\"method\":\"render\",\"args\":\"\\\"search\\/results\\\", array(\\\"entry\\\" => Craft\\\\EntryModel)\"},{\"objectClass\":\"Craft\\\\TemplatesController\",\"file\":\"\\/Users\\/matt\\/Sites\\/ednavigator\\/craft\\/app\\/controllers\\/TemplatesController.php\",\"line\":55,\"class\":\"Craft\\\\BaseController\",\"method\":\"renderTemplate\",\"args\":\"\\\"search\\/results\\\", array(\\\"entry\\\" => Craft\\\\EntryModel)\"},{\"objectClass\":\"Craft\\\\TemplatesController\",\"file\":null,\"line\":null,\"class\":\"Craft\\\\TemplatesController\",\"method\":\"actionRender\",\"args\":\"\\\"search\\/results\\\", array(\\\"entry\\\" => Craft\\\\EntryModel)\"},{\"objectClass\":\"ReflectionMethod\",\"file\":\"\\/Users\\/matt\\/Sites\\/ednavigator\\/craft\\/app\\/framework\\/web\\/actions\\/CAction.php\",\"line\":109,\"class\":\"ReflectionMethod\",\"method\":\"invokeArgs\",\"args\":\"Craft\\\\TemplatesController, array(\\\"search\\/results\\\", array(\\\"entry\\\" => Craft\\\\EntryModel))\"},{\"objectClass\":\"CInlineAction\",\"file\":\"\\/Users\\/matt\\/Sites\\/ednavigator\\/craft\\/app\\/framework\\/web\\/actions\\/CInlineAction.php\",\"line\":47,\"class\":\"CAction\",\"method\":\"runWithParamsInternal\",\"args\":\"Craft\\\\TemplatesController, ReflectionMethod, array(\\\"p\\\" => \\\"search\\\", \\\"q\\\" => \\\"navigator\\\", \\\"variables\\\" => array(\\\"entry\\\" => Craft\\\\EntryModel), \\\"template\\\" => \\\"search\\/results\\\")\"},{\"objectClass\":\"CInlineAction\",\"file\":\"\\/Users\\/matt\\/Sites\\/ednavigator\\/craft\\/app\\/framework\\/web\\/CController.php\",\"line\":308,\"class\":\"CInlineAction\",\"method\":\"runWithParams\",\"args\":\"array(\\\"p\\\" => \\\"search\\\", \\\"q\\\" => \\\"navigator\\\", \\\"variables\\\" => array(\\\"entry\\\" => Craft\\\\EntryModel), \\\"template\\\" => \\\"search\\/results\\\")\"},{\"objectClass\":\"Craft\\\\TemplatesController\",\"file\":\"\\/Users\\/matt\\/Sites\\/ednavigator\\/craft\\/app\\/framework\\/web\\/CController.php\",\"line\":286,\"class\":\"CController\",\"method\":\"runAction\",\"args\":\"CInlineAction\"},{\"objectClass\":\"Craft\\\\TemplatesController\",\"file\":\"\\/Users\\/matt\\/Sites\\/ednavigator\\/craft\\/app\\/framework\\/web\\/CController.php\",\"line\":265,\"class\":\"CController\",\"method\":\"runActionWithFilters\",\"args\":\"CInlineAction, array()\"},{\"objectClass\":\"Craft\\\\TemplatesController\",\"file\":\"\\/Users\\/matt\\/Sites\\/ednavigator\\/craft\\/app\\/framework\\/web\\/CWebApplication.php\",\"line\":282,\"class\":\"CController\",\"method\":\"run\",\"args\":\"\\\"render\\\"\"},{\"objectClass\":\"Craft\\\\WebApp\",\"file\":\"\\/Users\\/matt\\/Sites\\/ednavigator\\/craft\\/app\\/framework\\/web\\/CWebApplication.php\",\"line\":141,\"class\":\"CWebApplication\",\"method\":\"runController\",\"args\":\"\\\"templates\\/render\\\"\"},{\"objectClass\":\"Craft\\\\WebApp\",\"file\":\"\\/Users\\/matt\\/Sites\\/ednavigator\\/craft\\/app\\/etc\\/web\\/WebApp.php\",\"line\":290,\"class\":\"CWebApplication\",\"method\":\"processRequest\",\"args\":null},{\"objectClass\":\"Craft\\\\WebApp\",\"file\":\"\\/Users\\/matt\\/Sites\\/ednavigator\\/craft\\/app\\/framework\\/base\\/CApplication.php\",\"line\":185,\"class\":\"Craft\\\\WebApp\",\"method\":\"processRequest\",\"args\":null},{\"objectClass\":\"Craft\\\\WebApp\",\"file\":\"\\/Users\\/matt\\/Sites\\/ednavigator\\/craft\\/app\\/index.php\",\"line\":62,\"class\":\"CApplication\",\"method\":\"run\",\"args\":null},{\"objectClass\":null,\"file\":\"\\/Users\\/matt\\/Sites\\/ednavigator\\/public\\/index.php\",\"line\":22,\"class\":null,\"method\":\"require_once\",\"args\":\"\\\"\\/Users\\/matt\\/Sites\\/ednavigator\\/craft\\/app\\/index.php\\\"\"}]', '2017-02-16 17:54:46', '2017-02-16 17:55:51', 'f0c047f2-f71d-4f15-9a28-68b62fe1a9e5'),
 ('61', '{% endpaginate %}', '/Users/matt/Sites/ednavigator/craft/templates/blog/_category.html', '2017-02-16 22:02:33', '/Users/matt/Sites/ednavigator/craft/app/etc/templating/twigextensions/DeprecatedTag_TokenParser.php', '58', 'Craft\\DeprecatedTag_TokenParser', 'parse', '/Users/matt/Sites/ednavigator/craft/templates/blog/_category.html', NULL, 'The {% endpaginate %} tag is no longer necessary. You can remove it from your ‘blog/_category’ template on line 90.', '[{\"objectClass\":\"Craft\\\\DeprecatorService\",\"file\":\"\\/Users\\/matt\\/Sites\\/ednavigator\\/craft\\/app\\/etc\\/templating\\/twigextensions\\/DeprecatedTag_TokenParser.php\",\"line\":58,\"class\":\"Craft\\\\DeprecatorService\",\"method\":\"log\",\"args\":\"\\\"{% endpaginate %}\\\", \\\"The {% endpaginate %} tag is no longer necessary. You can remove...\\\"\"},{\"objectClass\":\"Craft\\\\DeprecatedTag_TokenParser\",\"file\":\"\\/Users\\/matt\\/Sites\\/ednavigator\\/craft\\/app\\/vendor\\/twig\\/twig\\/lib\\/Twig\\/Parser.php\",\"line\":187,\"class\":\"Craft\\\\DeprecatedTag_TokenParser\",\"method\":\"parse\",\"args\":\"Twig_Token\"},{\"objectClass\":\"Craft\\\\TwigParser\",\"file\":\"\\/Users\\/matt\\/Sites\\/ednavigator\\/craft\\/app\\/vendor\\/twig\\/twig\\/lib\\/Twig\\/TokenParser\\/Block.php\",\"line\":38,\"class\":\"Twig_Parser\",\"method\":\"subparse\",\"args\":\"array(Twig_TokenParser_Block, \\\"decideBlockEnd\\\"), true\"},{\"objectClass\":\"Twig_TokenParser_Block\",\"file\":\"\\/Users\\/matt\\/Sites\\/ednavigator\\/craft\\/app\\/vendor\\/twig\\/twig\\/lib\\/Twig\\/Parser.php\",\"line\":187,\"class\":\"Twig_TokenParser_Block\",\"method\":\"parse\",\"args\":\"Twig_Token\"},{\"objectClass\":\"Craft\\\\TwigParser\",\"file\":\"\\/Users\\/matt\\/Sites\\/ednavigator\\/craft\\/app\\/vendor\\/twig\\/twig\\/lib\\/Twig\\/Parser.php\",\"line\":100,\"class\":\"Twig_Parser\",\"method\":\"subparse\",\"args\":\"null, false\"},{\"objectClass\":\"Craft\\\\TwigParser\",\"file\":\"\\/Users\\/matt\\/Sites\\/ednavigator\\/craft\\/app\\/vendor\\/twig\\/twig\\/lib\\/Twig\\/Environment.php\",\"line\":619,\"class\":\"Twig_Parser\",\"method\":\"parse\",\"args\":\"Twig_TokenStream\"},{\"objectClass\":\"Craft\\\\TwigEnvironment\",\"file\":\"\\/Users\\/matt\\/Sites\\/ednavigator\\/craft\\/app\\/vendor\\/twig\\/twig\\/lib\\/Twig\\/Environment.php\",\"line\":671,\"class\":\"Twig_Environment\",\"method\":\"parse\",\"args\":\"Twig_TokenStream\"},{\"objectClass\":\"Craft\\\\TwigEnvironment\",\"file\":\"\\/Users\\/matt\\/Sites\\/ednavigator\\/craft\\/app\\/vendor\\/twig\\/twig\\/lib\\/Twig\\/Environment.php\",\"line\":396,\"class\":\"Twig_Environment\",\"method\":\"compileSource\",\"args\":\"\\\"{% extends (craft.request.isAjax and not craft.request.isLivePre...\\\", \\\"blog\\/_category\\\"\"},{\"objectClass\":\"Craft\\\\TwigEnvironment\",\"file\":\"\\/Users\\/matt\\/Sites\\/ednavigator\\/craft\\/app\\/etc\\/templating\\/TwigEnvironment.php\",\"line\":61,\"class\":\"Twig_Environment\",\"method\":\"loadTemplate\",\"args\":\"\\\"blog\\/_category\\\", null\"},{\"objectClass\":\"Craft\\\\TwigEnvironment\",\"file\":\"\\/Users\\/matt\\/Sites\\/ednavigator\\/craft\\/app\\/vendor\\/twig\\/twig\\/lib\\/Twig\\/Environment.php\",\"line\":347,\"class\":\"Craft\\\\TwigEnvironment\",\"method\":\"loadTemplate\",\"args\":\"\\\"blog\\/_category\\\"\"},{\"objectClass\":\"Craft\\\\TwigEnvironment\",\"file\":\"\\/Users\\/matt\\/Sites\\/ednavigator\\/craft\\/app\\/services\\/TemplatesService.php\",\"line\":256,\"class\":\"Twig_Environment\",\"method\":\"render\",\"args\":\"\\\"blog\\/_category\\\", array(\\\"category\\\" => Craft\\\\CategoryModel)\"},{\"objectClass\":\"Craft\\\\TemplatesService\",\"file\":\"\\/Users\\/matt\\/Sites\\/ednavigator\\/craft\\/app\\/controllers\\/BaseController.php\",\"line\":74,\"class\":\"Craft\\\\TemplatesService\",\"method\":\"render\",\"args\":\"\\\"blog\\/_category\\\", array(\\\"category\\\" => Craft\\\\CategoryModel)\"},{\"objectClass\":\"Craft\\\\TemplatesController\",\"file\":\"\\/Users\\/matt\\/Sites\\/ednavigator\\/craft\\/app\\/controllers\\/TemplatesController.php\",\"line\":55,\"class\":\"Craft\\\\BaseController\",\"method\":\"renderTemplate\",\"args\":\"\\\"blog\\/_category\\\", array(\\\"category\\\" => Craft\\\\CategoryModel)\"},{\"objectClass\":\"Craft\\\\TemplatesController\",\"file\":null,\"line\":null,\"class\":\"Craft\\\\TemplatesController\",\"method\":\"actionRender\",\"args\":\"\\\"blog\\/_category\\\", array(\\\"category\\\" => Craft\\\\CategoryModel)\"},{\"objectClass\":\"ReflectionMethod\",\"file\":\"\\/Users\\/matt\\/Sites\\/ednavigator\\/craft\\/app\\/framework\\/web\\/actions\\/CAction.php\",\"line\":109,\"class\":\"ReflectionMethod\",\"method\":\"invokeArgs\",\"args\":\"Craft\\\\TemplatesController, array(\\\"blog\\/_category\\\", array(\\\"category\\\" => Craft\\\\CategoryModel))\"},{\"objectClass\":\"CInlineAction\",\"file\":\"\\/Users\\/matt\\/Sites\\/ednavigator\\/craft\\/app\\/framework\\/web\\/actions\\/CInlineAction.php\",\"line\":47,\"class\":\"CAction\",\"method\":\"runWithParamsInternal\",\"args\":\"Craft\\\\TemplatesController, ReflectionMethod, array(\\\"p\\\" => \\\"blog\\/category\\/school-choice\\\", \\\"variables\\\" => array(\\\"category\\\" => Craft\\\\CategoryModel), \\\"template\\\" => \\\"blog\\/_category\\\")\"},{\"objectClass\":\"CInlineAction\",\"file\":\"\\/Users\\/matt\\/Sites\\/ednavigator\\/craft\\/app\\/framework\\/web\\/CController.php\",\"line\":308,\"class\":\"CInlineAction\",\"method\":\"runWithParams\",\"args\":\"array(\\\"p\\\" => \\\"blog\\/category\\/school-choice\\\", \\\"variables\\\" => array(\\\"category\\\" => Craft\\\\CategoryModel), \\\"template\\\" => \\\"blog\\/_category\\\")\"},{\"objectClass\":\"Craft\\\\TemplatesController\",\"file\":\"\\/Users\\/matt\\/Sites\\/ednavigator\\/craft\\/app\\/framework\\/web\\/CController.php\",\"line\":286,\"class\":\"CController\",\"method\":\"runAction\",\"args\":\"CInlineAction\"},{\"objectClass\":\"Craft\\\\TemplatesController\",\"file\":\"\\/Users\\/matt\\/Sites\\/ednavigator\\/craft\\/app\\/framework\\/web\\/CController.php\",\"line\":265,\"class\":\"CController\",\"method\":\"runActionWithFilters\",\"args\":\"CInlineAction, array()\"},{\"objectClass\":\"Craft\\\\TemplatesController\",\"file\":\"\\/Users\\/matt\\/Sites\\/ednavigator\\/craft\\/app\\/framework\\/web\\/CWebApplication.php\",\"line\":282,\"class\":\"CController\",\"method\":\"run\",\"args\":\"\\\"render\\\"\"},{\"objectClass\":\"Craft\\\\WebApp\",\"file\":\"\\/Users\\/matt\\/Sites\\/ednavigator\\/craft\\/app\\/framework\\/web\\/CWebApplication.php\",\"line\":141,\"class\":\"CWebApplication\",\"method\":\"runController\",\"args\":\"\\\"templates\\/render\\\"\"},{\"objectClass\":\"Craft\\\\WebApp\",\"file\":\"\\/Users\\/matt\\/Sites\\/ednavigator\\/craft\\/app\\/etc\\/web\\/WebApp.php\",\"line\":290,\"class\":\"CWebApplication\",\"method\":\"processRequest\",\"args\":null},{\"objectClass\":\"Craft\\\\WebApp\",\"file\":\"\\/Users\\/matt\\/Sites\\/ednavigator\\/craft\\/app\\/framework\\/base\\/CApplication.php\",\"line\":185,\"class\":\"Craft\\\\WebApp\",\"method\":\"processRequest\",\"args\":null},{\"objectClass\":\"Craft\\\\WebApp\",\"file\":\"\\/Users\\/matt\\/Sites\\/ednavigator\\/craft\\/app\\/index.php\",\"line\":62,\"class\":\"CApplication\",\"method\":\"run\",\"args\":null},{\"objectClass\":null,\"file\":\"\\/Users\\/matt\\/Sites\\/ednavigator\\/public\\/index.php\",\"line\":22,\"class\":null,\"method\":\"require_once\",\"args\":\"\\\"\\/Users\\/matt\\/Sites\\/ednavigator\\/craft\\/app\\/index.php\\\"\"}]', '2017-02-16 21:28:23', '2017-02-16 22:02:33', '5a7c4c8e-f743-43b4-ab39-7eca4e3ae9a2');



DROP TABLE IF EXISTS `craft_elementindexsettings`;


--
-- Schema for table `craft_elementindexsettings`
--
CREATE TABLE `craft_elementindexsettings` (
  `id` int(11) NOT NULL AUTO_INCREMENT,
  `type` varchar(150) COLLATE utf8_unicode_ci NOT NULL,
  `settings` text COLLATE utf8_unicode_ci,
  `dateCreated` datetime NOT NULL,
  `dateUpdated` datetime NOT NULL,
  `uid` char(36) COLLATE utf8_unicode_ci NOT NULL DEFAULT '0',
  PRIMARY KEY (`id`),
  UNIQUE KEY `craft_elementindexsettings_type_unq_idx` (`type`)
) ENGINE=InnoDB AUTO_INCREMENT=3 DEFAULT CHARSET=utf8 COLLATE=utf8_unicode_ci;

--
-- Data for table `craft_elementindexsettings`
--

INSERT INTO `craft_elementindexsettings` (`id`, `type`, `settings`, `dateCreated`, `dateUpdated`, `uid`) VALUES
 ('1', 'Category', '{\"sourceOrder\":[[\"key\",\"group:1\"],[\"heading\",\"Services\"]],\"sources\":{\"group:1\":{\"tableAttributes\":{\"1\":\"link\"}}}}', '2016-10-12 16:39:34', '2016-10-12 16:39:34', '67094c99-f970-4f6a-8c67-fe62c65565c7'),
 ('2', 'Entry', '{\"sourceOrder\":[[\"key\",\"*\"],[\"heading\",\"Pages\"],[\"key\",\"singles\"],[\"key\",\"section:14\"],[\"key\",\"section:13\"],[\"key\",\"section:9\"],[\"key\",\"section:11\"],[\"key\",\"section:12\"]],\"sources\":{\"singles\":{\"tableAttributes\":{\"1\":\"author\",\"2\":\"link\"}},\"section:12\":{\"tableAttributes\":{\"1\":\"postDate\",\"2\":\"expiryDate\",\"3\":\"author\",\"4\":\"link\"}},\"section:11\":{\"tableAttributes\":{\"1\":\"postDate\",\"2\":\"expiryDate\",\"3\":\"author\",\"4\":\"link\"}},\"section:9\":{\"tableAttributes\":{\"1\":\"postDate\",\"2\":\"expiryDate\",\"3\":\"author\",\"4\":\"link\"}},\"*\":{\"tableAttributes\":{\"1\":\"section\",\"2\":\"postDate\",\"3\":\"expiryDate\",\"4\":\"author\",\"5\":\"link\"}},\"section:13\":{\"tableAttributes\":{\"1\":\"postDate\",\"2\":\"expiryDate\",\"3\":\"author\",\"4\":\"link\"}}}}', '2017-01-10 21:22:52', '2017-01-11 17:36:14', '11bf2d09-a6fe-46f7-96a6-f13380801174');



DROP TABLE IF EXISTS `craft_elements`;


--
-- Schema for table `craft_elements`
--
CREATE TABLE `craft_elements` (
  `id` int(11) NOT NULL AUTO_INCREMENT,
  `type` varchar(150) COLLATE utf8_unicode_ci NOT NULL,
  `enabled` tinyint(1) unsigned NOT NULL DEFAULT '1',
  `archived` tinyint(1) unsigned NOT NULL DEFAULT '0',
  `dateCreated` datetime NOT NULL,
  `dateUpdated` datetime NOT NULL,
  `uid` char(36) COLLATE utf8_unicode_ci NOT NULL DEFAULT '0',
  PRIMARY KEY (`id`),
  KEY `craft_elements_type_idx` (`type`),
  KEY `craft_elements_enabled_idx` (`enabled`),
  KEY `craft_elements_archived_dateCreated_idx` (`archived`,`dateCreated`)
) ENGINE=InnoDB AUTO_INCREMENT=3007 DEFAULT CHARSET=utf8 COLLATE=utf8_unicode_ci;

--
-- Data for table `craft_elements`
--

INSERT INTO `craft_elements` (`id`, `type`, `enabled`, `archived`, `dateCreated`, `dateUpdated`, `uid`) VALUES
 ('1', 'User', '1', '0', '2016-10-10 20:59:13', '2016-10-10 20:59:13', '906a8ac4-e8ba-4497-a445-1d16bf8843b8'),
 ('2', 'Entry', '1', '0', '2016-10-10 20:59:13', '2017-01-26 16:52:05', '1c2c87e3-0a0f-4074-ad7a-480476986265'),
 ('4', 'GlobalSet', '1', '0', '2016-10-10 21:49:00', '2017-01-24 23:19:24', '2c79d63c-e9ae-4981-8f78-17aede1a311f'),
 ('2747', 'Tag', '1', '0', '2016-12-19 11:41:38', '2017-01-24 23:19:25', 'fd8cac3d-ea2a-4519-9993-6f7fb06a2d8e'),
 ('2789', 'Tag', '1', '0', '2016-12-19 12:01:51', '2017-01-24 23:19:25', 'cb45b8fe-2c84-45aa-b37b-9e304cf557ec'),
 ('2790', 'Tag', '1', '0', '2016-12-19 12:01:56', '2017-01-24 23:19:25', '7c7c0a32-6775-49f1-a2da-2e9384a41164'),
 ('2793', 'Tag', '1', '0', '2016-12-19 12:08:10', '2017-01-24 23:19:25', 'a6fdf2d1-b45a-4a8f-aa97-b08aba129f99'),
 ('2794', 'Tag', '1', '0', '2016-12-19 12:08:15', '2017-01-24 23:19:25', 'ae3b4596-4d0f-47fd-9127-a00e119c2a26'),
 ('2802', 'Tag', '1', '0', '2016-12-19 12:16:44', '2017-01-24 23:19:25', '11b47f9b-e66e-4c57-a0e0-72b453951898'),
 ('2804', 'Tag', '1', '0', '2016-12-19 12:19:48', '2017-01-24 23:19:25', 'b4d76583-083f-45be-9c8e-d5dd43ca2427'),
 ('2805', 'Tag', '1', '0', '2016-12-19 12:20:13', '2017-01-24 23:19:25', 'e0c5eb08-43b5-40d6-ba28-b29a191d0735'),
 ('2808', 'Tag', '1', '0', '2016-12-19 12:24:40', '2017-01-24 23:19:25', '6cce6d6f-2f06-4c46-b4f9-97835f1ffa12'),
 ('2811', 'Tag', '1', '0', '2016-12-19 12:32:32', '2017-01-24 23:19:25', 'cc3bf3b5-4795-48da-9025-afdcf6dd4407'),
 ('2830', 'Entry', '1', '0', '2016-12-20 19:41:21', '2017-01-26 23:47:38', '36c58aa1-43ef-47ed-bfe9-63ba02a76c8a'),
 ('2831', 'Entry', '1', '0', '2016-12-20 19:42:21', '2017-01-26 16:38:33', '11509caa-3fd1-4bb6-aeaf-1a077c88d321'),
 ('2834', 'Category', '1', '0', '2016-12-20 20:13:25', '2017-01-24 23:19:23', 'a15f63b7-3444-4178-bac8-41bd1226909e'),
 ('2835', 'Category', '1', '0', '2016-12-20 20:14:01', '2017-01-24 23:19:23', '258e028b-ff35-4e5d-88fc-c5ec722ea37f'),
 ('2843', 'Entry', '1', '0', '2016-12-20 22:01:56', '2017-02-02 18:28:58', 'db38c992-85ae-44ef-9b36-6caa18255568'),
 ('2845', 'Entry', '1', '0', '2016-12-20 22:40:44', '2017-02-02 18:42:49', '81f16b88-95fc-48fe-bd94-8aefdc0cc988'),
 ('2846', 'MatrixBlock', '1', '0', '2016-12-20 22:40:44', '2017-02-02 18:42:49', 'e94857cb-9223-4bc2-8468-b71532e5e1d7'),
 ('2847', 'MatrixBlock', '1', '0', '2016-12-20 22:40:44', '2017-02-02 18:42:49', '0b31e897-3e76-4960-bbb7-e439ac75c01b'),
 ('2848', 'MatrixBlock', '1', '0', '2016-12-20 22:40:44', '2017-02-02 18:42:49', 'd49071c3-4d7b-46f1-ac05-53e0e411475c'),
 ('2849', 'MatrixBlock', '1', '0', '2016-12-20 22:40:44', '2017-02-02 18:42:49', '1006e5a2-2f02-43c4-8247-91e868a66f79'),
 ('2850', 'Entry', '1', '0', '2016-12-20 22:49:44', '2017-02-02 19:07:58', 'b41e9282-4450-491d-b748-1e10020343ea'),
 ('2851', 'MatrixBlock', '1', '0', '2016-12-20 22:49:44', '2017-02-02 19:07:59', '40028cf3-134e-4d5c-925f-119f3cc1f2ad'),
 ('2852', 'MatrixBlock', '1', '0', '2016-12-20 22:49:44', '2017-02-02 19:07:59', 'c1f5db30-8d6c-406b-abc9-d75ed514fc03'),
 ('2853', 'MatrixBlock', '1', '0', '2016-12-20 22:49:44', '2017-02-02 19:07:59', 'f6e6dd83-046e-4083-b05c-d5111191cdf9'),
 ('2854', 'MatrixBlock', '1', '0', '2016-12-20 22:49:44', '2017-02-02 19:07:59', '6b549b6a-432a-4ead-b4fd-ad568b31adc1'),
 ('2856', 'Entry', '1', '0', '2016-12-20 23:04:45', '2017-02-02 21:07:12', '58b5dcfa-b73a-457d-b7a4-53b2717455c8'),
 ('2857', 'MatrixBlock', '1', '0', '2016-12-20 23:04:45', '2017-02-02 21:07:12', '73814627-e9ee-4341-a3ef-308bc4dadc7e'),
 ('2858', 'MatrixBlock', '1', '0', '2016-12-20 23:04:45', '2017-02-02 21:07:12', '8e5a8b88-cbfb-4617-bf59-359a54819bb6'),
 ('2859', 'MatrixBlock', '1', '0', '2016-12-20 23:04:45', '2017-02-02 21:07:12', 'fa7cb6f1-6566-442d-bac9-f0c50a337ec2'),
 ('2860', 'MatrixBlock', '1', '0', '2016-12-20 23:04:45', '2017-02-02 21:07:12', '143abd4a-1ce3-4262-9918-6ba5c41cc415'),
 ('2861', 'MatrixBlock', '1', '0', '2016-12-20 23:04:45', '2017-02-02 21:07:12', '612ac96f-a8d4-452c-83d0-27acd30b855d'),
 ('2862', 'MatrixBlock', '1', '0', '2016-12-20 23:04:45', '2017-02-02 21:07:12', 'bb2b0107-f31b-410d-afe2-ef75f6315778'),
 ('2863', 'MatrixBlock', '1', '0', '2016-12-20 23:04:45', '2017-02-02 21:07:12', 'e264d3a7-a519-47b7-b7ac-0bf8d1b01e1f'),
 ('2866', 'Asset', '1', '0', '2017-01-05 16:38:20', '2017-01-24 23:19:22', '7cf12559-49d1-48c6-b113-7970febd592f'),
 ('2867', 'Asset', '1', '0', '2017-01-05 16:41:56', '2017-01-24 23:19:22', '810c2a23-1353-4d41-af08-3a474cc1b24a'),
 ('2868', 'MatrixBlock', '1', '0', '2017-01-05 16:42:03', '2017-01-26 16:52:05', '8e1cc981-f29c-4899-8414-6a8d689ebf9f'),
 ('2869', 'MatrixBlock', '1', '0', '2017-01-05 16:42:04', '2017-01-26 16:52:05', 'ca856360-cdee-4f07-931e-53595bac4722'),
 ('2870', 'Asset', '1', '0', '2017-01-05 17:48:09', '2017-01-24 23:19:23', 'cd3d3d96-2b6c-41a3-8cd7-481753b7f695'),
 ('2871', 'Asset', '1', '0', '2017-01-05 18:10:18', '2017-01-24 23:19:23', 'bd218954-690d-434a-8f2b-7d5272b915bb'),
 ('2876', 'Asset', '1', '0', '2017-01-12 23:13:57', '2017-01-24 23:19:23', '8e8beda6-2107-413b-83ea-f3bb011b83aa'),
 ('2880', 'Entry', '1', '0', '2017-01-17 20:42:53', '2017-01-24 23:19:24', 'b8d6289f-9117-43a2-b6aa-50f589823b86'),
 ('2881', 'MatrixBlock', '1', '0', '2017-01-17 20:42:53', '2017-01-24 23:19:24', '67358ee4-54d7-428c-84e0-df33719923d2'),
 ('2882', 'Asset', '1', '0', '2017-01-17 21:11:18', '2017-01-24 23:19:23', 'b4365b03-9ecb-4f65-a31b-462a6bb373a6'),
 ('2883', 'Asset', '1', '0', '2017-01-17 22:00:14', '2017-01-24 23:19:23', '3235e92a-b4ef-44e5-b542-d8090b55d022'),
 ('2885', 'Entry', '1', '0', '2017-01-17 22:45:59', '2017-01-24 23:19:24', '245a7f67-09cf-4ff4-9922-8fc58da7a4f7'),
 ('2886', 'MatrixBlock', '1', '0', '2017-01-17 22:45:59', '2017-01-24 23:19:24', '525d6f8d-2a1e-49fc-aa71-2c07e00afde4'),
 ('2887', 'Asset', '1', '0', '2017-01-17 23:03:35', '2017-01-24 23:19:23', '23e52323-7b9d-4ca6-acd8-409b6465d909'),
 ('2888', 'Asset', '1', '0', '2017-01-17 23:03:50', '2017-01-24 23:19:23', 'bd76e3fd-0527-46fd-bb8f-4f12a7d2a33f'),
 ('2889', 'Asset', '1', '0', '2017-01-17 23:11:54', '2017-01-24 23:19:23', 'da69d015-7a48-4f11-97fc-66ed6dac8ca6'),
 ('2890', 'Entry', '1', '0', '2017-01-17 23:12:01', '2017-01-24 23:19:24', '4735e033-97a0-49a5-9cb6-0e497f6a7510'),
 ('2891', 'MatrixBlock', '1', '0', '2017-01-17 23:12:01', '2017-01-24 23:19:24', '3b7a268e-3034-4c6c-a4af-f765167ae858'),
 ('2892', 'Entry', '1', '0', '2017-01-17 23:21:22', '2017-01-24 23:19:24', '7b52886e-7c0e-4605-b070-47209059cbdc'),
 ('2893', 'Entry', '1', '0', '2017-01-17 23:21:44', '2017-01-24 23:19:24', 'bde6efb3-4280-4209-bd41-aed437f75b24'),
 ('2894', 'Asset', '1', '0', '2017-01-17 23:35:16', '2017-01-24 23:19:23', '4805e0dd-c84e-456f-ba60-ed99c984e701'),
 ('2895', 'Entry', '1', '0', '2017-01-17 23:35:21', '2017-01-24 23:19:24', '93b453bf-d5f8-4ac5-b29f-4116bdad99eb'),
 ('2896', 'MatrixBlock', '1', '0', '2017-01-17 23:35:21', '2017-01-24 23:19:24', 'ed24aede-6d01-4c93-ad05-8afd2cbd08e0'),
 ('2897', 'Entry', '1', '0', '2017-01-18 15:23:58', '2017-01-24 23:19:24', 'd28b7bc4-2fd2-443c-af7c-6787c3f63e83'),
 ('2898', 'Asset', '1', '0', '2017-01-18 15:27:06', '2017-01-24 23:19:23', 'fe9791dc-6a14-4173-953d-ae8f97e27c32'),
 ('2899', 'MatrixBlock', '1', '0', '2017-01-18 15:27:16', '2017-01-24 23:19:24', '0324fbab-2fb3-424e-a038-43525b1efaba'),
 ('2901', 'MatrixBlock', '1', '0', '2017-01-18 15:29:06', '2017-01-24 23:19:24', '55d45500-82d1-46c4-957f-74718ea9d8e2'),
 ('2902', 'Entry', '1', '0', '2017-01-18 15:30:09', '2017-01-24 23:19:24', '3bc9960d-1116-4dd1-89a1-d02f11ca4bb1'),
 ('2903', 'MatrixBlock', '1', '0', '2017-01-18 15:30:09', '2017-01-24 23:19:24', '2f2c6639-c166-4664-87d3-b206886185e9'),
 ('2904', 'Asset', '1', '0', '2017-01-18 16:43:19', '2017-01-24 23:19:23', 'c37701b0-3704-42ba-b687-ab7cbb24630e'),
 ('2905', 'Entry', '1', '0', '2017-01-18 16:44:06', '2017-01-24 23:19:24', 'f2d3d41f-b47e-4ca0-994c-65457035116b'),
 ('2906', 'MatrixBlock', '1', '0', '2017-01-18 16:44:06', '2017-01-24 23:19:25', '8ad580f4-9380-400b-ab9b-6ed3fece5283'),
 ('2907', 'MatrixBlock', '1', '0', '2017-01-18 16:44:06', '2017-01-24 23:19:25', '54568b12-2631-4668-81a0-15933db98174'),
 ('2908', 'MatrixBlock', '1', '0', '2017-01-20 16:29:46', '2017-01-24 23:19:25', 'dd5af493-8067-41d6-b924-eb40ff80ebf8'),
 ('2909', 'MatrixBlock', '1', '0', '2017-01-23 23:06:07', '2017-01-24 23:19:25', '17e28ab8-065d-43a0-9dba-80abbf0e09d7'),
 ('2910', 'Asset', '1', '0', '2017-01-24 17:22:36', '2017-01-24 23:19:23', 'bee1774b-19fb-46b6-826f-16a26c9a28ec'),
 ('2911', 'Entry', '1', '0', '2017-01-24 17:25:49', '2017-01-24 23:19:24', 'e2955849-62fd-44a0-9512-6b06d4f3b909'),
 ('2912', 'MatrixBlock', '1', '0', '2017-01-24 17:25:49', '2017-01-24 23:19:25', '6200d455-1ff5-4618-8a8c-73d8c736e75d'),
 ('2913', 'MatrixBlock', '1', '0', '2017-01-24 17:25:49', '2017-01-24 23:19:25', '6b5d881a-2803-4862-b853-b2e853cb0eb6'),
 ('2914', 'MatrixBlock', '1', '0', '2017-01-24 18:08:41', '2017-01-24 20:49:12', 'a99535d7-f2d0-4de1-b52d-f9283099d608'),
 ('2915', 'MatrixBlock', '1', '0', '2017-01-24 18:08:41', '2017-01-24 20:49:12', '67358889-9cf3-4be7-9096-3d2736de2bd0'),
 ('2916', 'MatrixBlock', '1', '0', '2017-01-25 20:35:32', '2017-01-26 16:38:33', '0759d98a-43b4-4161-81fa-ef3f562ebc42'),
 ('2917', 'MatrixBlock', '1', '0', '2017-01-25 20:35:32', '2017-01-26 16:38:33', '45ef69b5-1b4c-4f6d-8097-fc6233b1c9d5'),
 ('2918', 'MatrixBlock', '1', '0', '2017-01-25 20:35:32', '2017-01-26 16:38:33', '98dc4454-4b1c-44fb-8717-e6f06f5e58ff'),
 ('2919', 'MatrixBlock', '1', '0', '2017-01-25 20:35:32', '2017-01-26 16:38:33', 'c556a10f-7b00-4982-a4bc-f9c2f7f669a3'),
 ('2920', 'MatrixBlock', '1', '0', '2017-01-25 20:35:32', '2017-01-26 16:38:33', 'e0444fdd-c357-4675-b9eb-de122cab4acb'),
 ('2921', 'MatrixBlock', '1', '0', '2017-01-25 20:35:32', '2017-01-26 16:38:33', '4aa83187-abb8-46b6-9219-9f410121a76b'),
 ('2922', 'MatrixBlock', '1', '0', '2017-01-25 20:35:32', '2017-01-26 16:38:33', '6286d03b-cf0a-490f-ab35-969b4e00d918'),
 ('2923', 'MatrixBlock', '1', '0', '2017-01-25 20:35:32', '2017-01-26 16:38:33', '4f6caceb-2567-4abd-82e7-b8d2929d5326'),
 ('2924', 'MatrixBlock', '1', '0', '2017-01-25 20:35:32', '2017-01-26 16:38:33', 'ae32ec62-133c-469f-b689-22303da27be4'),
 ('2925', 'Asset', '1', '0', '2017-01-26 20:08:37', '2017-01-26 20:14:15', 'b6fbad10-bb64-4bdf-a28a-2e7f46889ab4'),
 ('2926', 'MatrixBlock', '1', '0', '2017-01-26 20:12:10', '2017-01-26 23:47:39', 'd92a504b-4720-4994-a14d-986c9218c4b7'),
 ('2927', 'MatrixBlock', '1', '0', '2017-01-26 20:12:10', '2017-01-26 23:47:39', '542c47cd-1af4-4558-bd2f-f9b9d765766b'),
 ('2929', 'MatrixBlock', '1', '0', '2017-01-26 20:14:15', '2017-01-26 23:47:39', 'd1dcefcf-57b9-4bb3-9d87-34176695a251'),
 ('2930', 'Asset', '1', '0', '2017-01-26 20:22:14', '2017-01-26 20:22:14', 'f9781546-e7c8-4aff-8c91-8bbcbb5f0246'),
 ('2931', 'MatrixBlock', '1', '0', '2017-01-26 20:22:20', '2017-01-26 23:47:39', '6dc6f17b-63eb-441f-b347-45084d98dcb2'),
 ('2933', 'Asset', '1', '0', '2017-01-26 23:40:04', '2017-01-26 23:40:04', 'd8479652-572c-478c-a652-05df048011f0'),
 ('2934', 'Asset', '1', '0', '2017-01-26 23:40:04', '2017-01-26 23:40:04', 'e1a37dc0-4206-4f56-a48b-9a3779c58c57'),
 ('2935', 'Asset', '1', '0', '2017-01-26 23:40:04', '2017-01-26 23:40:04', '64a33b9f-a2bc-4929-8716-70462d6cd907'),
 ('2936', 'Asset', '1', '0', '2017-01-26 23:40:04', '2017-01-26 23:40:04', '9c24e431-14f7-49c0-be70-e6b20e14b531'),
 ('2937', 'MatrixBlock', '1', '0', '2017-01-26 23:47:39', '2017-01-26 23:47:39', '6d61e9cb-3c34-4470-84bc-e5579b1f529d'),
 ('2938', 'MatrixBlock', '1', '0', '2017-01-26 23:47:39', '2017-01-26 23:47:39', '52de0b13-10d5-4bbf-9f8f-4edfddfe9738'),
 ('2939', 'MatrixBlock', '1', '0', '2017-01-26 23:47:39', '2017-01-26 23:47:39', 'd0ad8919-c48d-4434-9a28-c95db1bb1391'),
 ('2940', 'MatrixBlock', '1', '0', '2017-01-26 23:47:39', '2017-01-26 23:47:39', 'c42c873f-c51b-48cc-8149-e45f228f34f0');
INSERT INTO `craft_elements` (`id`, `type`, `enabled`, `archived`, `dateCreated`, `dateUpdated`, `uid`) VALUES
 ('2941', 'Asset', '1', '0', '2017-01-30 22:23:09', '2017-01-30 22:23:09', '767c850d-e3da-4a38-bc10-e6530506d6f3'),
 ('2942', 'MatrixBlock', '1', '0', '2017-02-02 18:13:29', '2017-02-02 18:28:58', '7e8ddccb-1c58-49ee-bb88-63ec5de1b462'),
 ('2943', 'Asset', '1', '0', '2017-02-02 18:28:15', '2017-02-02 18:28:15', 'a63e4bce-4294-4cde-b61e-9642f4d3ce29'),
 ('2944', 'MatrixBlock', '1', '0', '2017-02-02 18:28:59', '2017-02-02 18:28:59', 'e816ede9-4c8f-4088-a147-cc95cbad6af9'),
 ('2945', 'Asset', '1', '0', '2017-02-02 19:16:19', '2017-02-02 19:16:19', 'd04c1fa9-96ef-4952-ab59-826cbbb27842'),
 ('2946', 'Asset', '1', '0', '2017-02-02 20:58:40', '2017-02-02 20:58:40', '21cf2bbf-d4a3-48d2-8f3d-c07bb54aa90b'),
 ('2947', 'Asset', '1', '0', '2017-02-02 21:03:45', '2017-02-02 21:03:45', 'a39c4207-6c91-41f8-adc9-2b66ad55a7cd'),
 ('2948', 'Asset', '1', '0', '2017-02-02 21:05:24', '2017-02-02 21:05:24', 'eec48153-fd05-4325-bb26-a3dd9310f057'),
 ('2949', 'Asset', '1', '0', '2017-02-02 21:06:20', '2017-02-02 21:06:20', '2ba90c12-fcd9-47d4-86de-7900add485cb'),
 ('2950', 'Tag', '1', '0', '2017-02-02 21:24:31', '2017-02-02 21:24:31', '52a4c0aa-2041-4be0-b271-83ea54a102d7'),
 ('2951', 'Tag', '1', '0', '2017-02-02 21:24:36', '2017-02-02 21:24:36', '74cc95a5-5fe1-4933-b60e-dfe441371ef3'),
 ('2952', 'Asset', '1', '0', '2017-02-02 21:27:34', '2017-02-02 21:28:49', '22f91220-72e3-4833-9f3e-a111b564a8bf'),
 ('2953', 'Entry', '1', '0', '2017-02-02 21:28:49', '2017-02-08 19:46:20', 'd42b6ed5-794b-49c3-836e-466d92d39e06'),
 ('2954', 'Asset', '1', '0', '2017-02-02 22:20:49', '2017-02-02 22:21:26', '947c61a5-4fb5-47b1-b6d1-200923041f01'),
 ('2955', 'Tag', '1', '0', '2017-02-02 22:21:13', '2017-02-02 22:21:13', 'ec50323e-b3bf-494b-aa07-1576fc953898'),
 ('2956', 'Entry', '1', '0', '2017-02-02 22:21:26', '2017-02-08 20:01:15', '23aab02e-8055-40bd-a99f-87ac9bef0932'),
 ('2958', 'Entry', '1', '0', '2017-02-02 22:48:25', '2017-02-02 22:49:50', 'e9ca0ace-c1a0-4f5b-a1e0-6aad2b56ea82'),
 ('2962', 'Category', '1', '0', '2017-02-03 15:31:39', '2017-02-03 15:31:39', '690224d0-e6d9-4127-b5b9-a33169da016f'),
 ('2963', 'Category', '1', '0', '2017-02-03 15:31:52', '2017-02-03 15:31:52', '4c78053b-47bc-4d4a-98b0-7d6178cbcc41'),
 ('2964', 'Tag', '1', '0', '2017-02-03 17:58:39', '2017-02-03 17:58:39', '1b207522-c8d3-449b-baf3-ce221f355dbd'),
 ('2965', 'Tag', '1', '0', '2017-02-03 17:59:46', '2017-02-03 17:59:46', '91163b33-6a3e-4494-a138-9b525e89b595'),
 ('2966', 'Tag', '1', '0', '2017-02-03 17:59:54', '2017-02-03 17:59:54', 'ec690a5f-3772-4993-941f-5a77a91d0d34'),
 ('2967', 'Tag', '1', '0', '2017-02-03 17:59:59', '2017-02-03 17:59:59', 'f46cd4ea-424a-4e59-897b-3499f906ded5'),
 ('2968', 'Tag', '1', '0', '2017-02-03 18:00:32', '2017-02-03 18:00:32', '6b3e97c0-2f9c-4e99-8fe0-7cb1cc5f409e'),
 ('2969', 'Entry', '1', '0', '2017-02-03 20:22:22', '2017-02-16 15:33:21', '0f08a9d9-0bbb-4951-a3c4-155f197fa7b5'),
 ('2970', 'Category', '1', '0', '2017-02-03 20:41:37', '2017-02-16 15:53:47', 'cd8a86df-287f-49fe-af56-480f52a44dc4'),
 ('2971', 'Asset', '1', '0', '2017-02-03 20:54:42', '2017-02-03 20:54:48', '5e0a9618-f2a5-4d6f-8fa5-347c48f98499'),
 ('2972', 'Category', '1', '0', '2017-02-03 20:54:48', '2017-02-16 22:55:38', '7e36ee3f-0f44-46fc-9748-39ff132132a5'),
 ('2976', 'Asset', '1', '0', '2017-02-06 20:37:41', '2017-02-06 20:37:48', '2b1ab009-b738-4155-8af4-9988a4833bcb'),
 ('2977', 'Asset', '1', '0', '2017-02-06 21:26:49', '2017-02-06 21:28:02', '892ed619-d11d-444b-980d-e1633229268c'),
 ('2978', 'Tag', '1', '0', '2017-02-06 21:27:30', '2017-02-06 21:27:30', 'a44c98cf-beaa-4688-8425-619a9651f967'),
 ('2979', 'Entry', '1', '0', '2017-02-06 21:28:02', '2017-02-08 21:35:12', '3a0affdf-f3d4-4085-a6bc-3b5f33f85dec'),
 ('2980', 'Asset', '1', '0', '2017-02-06 22:15:17', '2017-02-06 22:16:22', 'b63acf27-acc2-492a-bfbf-77b0039e360b'),
 ('2981', 'Entry', '1', '0', '2017-02-06 22:16:22', '2017-02-10 20:52:30', '4ecb3471-da57-47cf-96cf-9092c22e404d'),
 ('2982', 'Asset', '1', '0', '2017-02-06 22:59:37', '2017-02-06 23:00:54', 'f61f5d7a-33f1-4691-b867-9e21872a384f'),
 ('2983', 'Tag', '1', '0', '2017-02-06 23:00:37', '2017-02-06 23:00:37', 'c99afe05-4bef-4897-8402-3424812fab71'),
 ('2984', 'Entry', '1', '0', '2017-02-06 23:00:54', '2017-02-10 20:35:24', '31d45d05-8488-4f34-8e29-feccff2636c8'),
 ('2985', 'User', '1', '0', '2017-02-07 18:49:27', '2017-02-07 18:52:22', 'db308f38-4bbe-4624-ab89-fa127facf7c0'),
 ('2986', 'Tag', '1', '0', '2017-02-07 21:23:44', '2017-02-07 21:23:44', '416eab19-24f6-4ed9-84e9-dc26c67b485f'),
 ('2987', 'Category', '1', '0', '2017-02-08 19:42:05', '2017-02-08 19:42:05', 'b6a03708-46d7-478d-b748-8415d9acb5f5'),
 ('2988', 'Category', '1', '0', '2017-02-08 19:42:13', '2017-02-08 19:42:13', '03ff54bc-096d-425a-9a9e-7f45e9b21e97'),
 ('2989', 'Category', '1', '0', '2017-02-08 19:42:23', '2017-02-08 19:42:23', 'e6da75d0-1fe0-440a-baee-f0e2818191b9'),
 ('2990', 'Category', '1', '0', '2017-02-08 20:49:48', '2017-02-08 20:49:48', '9941a3de-e404-4cdb-bc74-1ed5f7abd36b'),
 ('2991', 'Category', '1', '0', '2017-02-08 20:49:54', '2017-02-08 20:49:54', '346c7773-1c0f-4380-a938-8684a0a9512c'),
 ('2992', 'Category', '1', '0', '2017-02-08 20:50:01', '2017-02-08 20:50:01', 'bc12568b-bb71-4c9b-823a-471cb4ebb650'),
 ('2993', 'Category', '1', '0', '2017-02-08 21:34:53', '2017-02-08 21:34:53', 'dd116483-e9af-4961-9db5-b761cfcae5bd'),
 ('2994', 'Asset', '1', '0', '2017-02-09 15:13:34', '2017-02-09 15:18:13', '30737c67-b0b4-4025-8db9-6a346e6529d7'),
 ('2995', 'Entry', '1', '0', '2017-02-09 15:18:13', '2017-02-10 15:47:26', '3fa60b63-de97-4a11-94d1-de6fffba2117'),
 ('2996', 'Asset', '1', '0', '2017-02-09 16:11:55', '2017-02-09 16:11:55', 'c95424e8-fd44-44e3-8132-a18e4ec1136c'),
 ('2997', 'Asset', '1', '0', '2017-02-09 16:54:02', '2017-02-09 16:54:02', '5e031a7e-6540-447f-9c03-2e3f48425f30'),
 ('2998', 'Asset', '1', '0', '2017-02-10 20:52:07', '2017-02-10 20:52:07', '6387d668-c49f-4554-bece-1b9c787a46d3'),
 ('3000', 'Entry', '1', '0', '2017-02-16 19:27:46', '2017-02-16 19:30:11', 'e0642379-a48d-4e87-8370-db61bb7fe8cf'),
 ('3001', 'GlobalSet', '1', '0', '2017-02-16 22:37:36', '2017-02-16 22:49:54', 'c78c8bf9-0975-460f-945a-ddf03890ec8e'),
 ('3002', 'GlobalSet', '1', '0', '2017-02-16 22:51:33', '2017-02-16 22:51:33', 'a46dfb09-7304-4fad-8e34-339f00156d64'),
 ('3003', 'Asset', '1', '0', '2017-02-17 17:38:41', '2017-02-17 17:38:41', 'f7a953a6-302e-4f89-ae7c-871af5c62d98'),
 ('3004', 'Asset', '1', '0', '2017-02-17 17:43:30', '2017-02-17 17:43:30', '0ad113f2-a574-41e6-8e57-ca27b35ee150'),
 ('3005', 'Asset', '1', '0', '2017-02-17 17:43:30', '2017-02-17 17:43:30', '2f59f503-b1cd-431a-9adb-0e2207f7d4cf'),
 ('3006', 'Entry', '1', '0', '2017-02-17 17:52:44', '2017-02-17 18:44:46', '432aedc8-89a0-47a0-8bf8-8cdd8186e183');



DROP TABLE IF EXISTS `craft_elements_i18n`;


--
-- Schema for table `craft_elements_i18n`
--
CREATE TABLE `craft_elements_i18n` (
  `id` int(11) NOT NULL AUTO_INCREMENT,
  `elementId` int(11) NOT NULL,
  `locale` char(12) COLLATE utf8_unicode_ci NOT NULL,
  `slug` varchar(255) COLLATE utf8_unicode_ci DEFAULT NULL,
  `uri` varchar(255) COLLATE utf8_unicode_ci DEFAULT NULL,
  `enabled` tinyint(1) unsigned NOT NULL DEFAULT '1',
  `dateCreated` datetime NOT NULL,
  `dateUpdated` datetime NOT NULL,
  `uid` char(36) COLLATE utf8_unicode_ci NOT NULL DEFAULT '0',
  PRIMARY KEY (`id`),
  UNIQUE KEY `craft_elements_i18n_elementId_locale_unq_idx` (`elementId`,`locale`),
  UNIQUE KEY `craft_elements_i18n_uri_locale_unq_idx` (`uri`,`locale`),
  KEY `craft_elements_i18n_slug_locale_idx` (`slug`,`locale`),
  KEY `craft_elements_i18n_enabled_idx` (`enabled`),
  KEY `craft_elements_i18n_locale_fk` (`locale`)
) ENGINE=InnoDB AUTO_INCREMENT=3222 DEFAULT CHARSET=utf8 COLLATE=utf8_unicode_ci;

--
-- Data for table `craft_elements_i18n`
--

INSERT INTO `craft_elements_i18n` (`id`, `elementId`, `locale`, `slug`, `uri`, `enabled`, `dateCreated`, `dateUpdated`, `uid`) VALUES
 ('1', '1', 'en_us', '', NULL, '1', '2016-10-10 20:59:13', '2016-10-10 20:59:13', '66e82920-794e-460b-8eae-cb6498780960'),
 ('2', '2', 'en_us', 'homepage', '__home__', '1', '2016-10-10 20:59:13', '2017-01-26 16:52:05', 'f69f0512-68aa-43b9-b2ed-c5d69a09184d'),
 ('4', '4', 'en_us', '', NULL, '1', '2016-10-10 21:49:00', '2017-01-24 23:19:24', '23cfddc3-26a3-4cb5-a5bb-faaa71ad9890'),
 ('2747', '2747', 'en_us', 'firebelly-family', NULL, '1', '2016-12-19 11:41:38', '2017-01-24 23:19:25', '64a75aad-5253-4bc2-b5cb-e02b458da2cd'),
 ('2789', '2789', 'en_us', 'reason-to-give', NULL, '1', '2016-12-19 12:01:51', '2017-01-24 23:19:25', '42daec1f-6065-4551-90cf-05da9a28427c'),
 ('2790', '2790', 'en_us', 'change-the-world', NULL, '1', '2016-12-19 12:01:56', '2017-01-24 23:19:25', '262da3cc-346e-4e7c-aa6a-673a6550a670'),
 ('2793', '2793', 'en_us', 'chicago-design', NULL, '1', '2016-12-19 12:08:10', '2017-01-24 23:19:25', '72ee87ff-06fb-4cbe-bd0e-b624c9ea9509'),
 ('2794', '2794', 'en_us', 'typography', NULL, '1', '2016-12-19 12:08:15', '2017-01-24 23:19:25', '8ff901ff-5c21-45f8-8312-d7febb886895'),
 ('2802', '2802', 'en_us', 'socially-responsible', NULL, '1', '2016-12-19 12:16:44', '2017-01-24 23:19:25', '38a18795-0528-47b8-bbfa-3a5c3fcb627a'),
 ('2804', '2804', 'en_us', 'writing-for-the-web-lunch-n-learn', NULL, '1', '2016-12-19 12:19:48', '2017-01-24 23:19:25', 'd6c0ee29-ba38-4d86-861e-ea963d414c2b'),
 ('2805', '2805', 'en_us', 'lunch-n-learn', NULL, '1', '2016-12-19 12:20:13', '2017-01-24 23:19:25', '9a391e85-57a6-44d0-b5db-f345a53a324b'),
 ('2808', '2808', 'en_us', 'field-trip', NULL, '1', '2016-12-19 12:24:40', '2017-01-24 23:19:25', '5be54d29-07d1-4fd6-bcbd-740b3da52d82'),
 ('2811', '2811', 'en_us', 'girls-garage', NULL, '1', '2016-12-19 12:32:32', '2017-01-24 23:19:25', '17b3184a-ba83-4a8c-939e-648b522a868d'),
 ('2830', '2830', 'en_us', 'who-we-are', 'who-we-are', '1', '2016-12-20 19:41:21', '2017-01-26 23:47:39', 'cb48bef7-d01e-4029-98d3-7d32ceb89d67'),
 ('2831', '2831', 'en_us', 'how-we-help', 'how-we-help', '1', '2016-12-20 19:42:21', '2017-01-26 16:38:33', 'ae7321d8-232e-47f4-b054-c7bdb6ea0bc4'),
 ('2834', '2834', 'en_us', 'parent-teacher-conferences', 'blog/tag/parent-teacher-conferences', '1', '2016-12-20 20:13:25', '2017-01-24 23:19:23', 'eacf7272-426d-489e-b3c6-2441004f0ae7'),
 ('2835', '2835', 'en_us', 'report-cards', 'blog/tag/report-cards', '1', '2016-12-20 20:14:01', '2017-01-24 23:19:23', '7b8cf077-29d9-4ea5-aea1-d7b6c0dfe990'),
 ('2841', '2843', 'en_us', 'navigators', 'who-we-are/navigators', '1', '2016-12-20 22:01:56', '2017-02-02 18:28:58', 'defa2cde-7fcd-442e-987d-33d474f583b5'),
 ('2842', '2845', 'en_us', 'leadership', 'who-we-are/leadership', '1', '2016-12-20 22:40:44', '2017-02-02 18:42:49', '976a3883-647e-4917-92f5-81840e435581'),
 ('2843', '2846', 'en_us', '', NULL, '1', '2016-12-20 22:40:44', '2017-02-02 18:42:49', 'a63c7b13-278f-40aa-9a7a-d41362c0e8ad'),
 ('2844', '2847', 'en_us', '', NULL, '1', '2016-12-20 22:40:44', '2017-02-02 18:42:49', 'ae0869b1-02aa-449c-b176-319cfc691156'),
 ('2845', '2848', 'en_us', '', NULL, '1', '2016-12-20 22:40:44', '2017-02-02 18:42:49', '7c24d715-87b4-491c-8639-7d244c89f253'),
 ('2846', '2849', 'en_us', '', NULL, '1', '2016-12-20 22:40:44', '2017-02-02 18:42:49', '7b57626e-29cf-4208-b6ae-588a7b2bf6ef'),
 ('2847', '2850', 'en_us', 'board-of-directors', 'who-we-are/board-of-directors', '1', '2016-12-20 22:49:44', '2017-02-02 19:07:59', 'e53dd210-16fa-4297-a67f-ab1620a81ee6'),
 ('2848', '2851', 'en_us', '', NULL, '1', '2016-12-20 22:49:44', '2017-02-02 19:07:59', 'a7bf749e-e648-49e6-b02a-93b1719e0dd1'),
 ('2849', '2852', 'en_us', '', NULL, '1', '2016-12-20 22:49:44', '2017-02-02 19:07:59', 'fab15760-866f-4ccf-8e1f-a509097622b8'),
 ('2850', '2853', 'en_us', '', NULL, '1', '2016-12-20 22:49:44', '2017-02-02 19:07:59', '5af28617-b54b-4b2a-a361-bc4306e6c1af'),
 ('2851', '2854', 'en_us', '', NULL, '1', '2016-12-20 22:49:44', '2017-02-02 19:07:59', '4d52d1a0-d4be-441f-aabb-676eb83769af'),
 ('2852', '2856', 'en_us', 'our-partners', 'who-we-are/our-partners', '1', '2016-12-20 23:04:45', '2017-02-02 21:07:12', 'bfe00fc1-c64a-4307-9ffa-a6ffc55c886a'),
 ('2853', '2857', 'en_us', '', NULL, '1', '2016-12-20 23:04:45', '2017-02-02 21:07:12', '2dbc01ad-5ce6-4b12-91ec-c8e5903f1764'),
 ('2854', '2858', 'en_us', '', NULL, '1', '2016-12-20 23:04:45', '2017-02-02 21:07:12', '55caca91-7481-457e-93b8-0843b0cfd6c3'),
 ('2855', '2859', 'en_us', '', NULL, '1', '2016-12-20 23:04:45', '2017-02-02 21:07:12', '51863944-5017-4f72-883b-55aa19680157'),
 ('2856', '2860', 'en_us', '', NULL, '1', '2016-12-20 23:04:45', '2017-02-02 21:07:12', '88e55263-8dae-4541-87fb-04494d9e22e2'),
 ('2857', '2861', 'en_us', '', NULL, '1', '2016-12-20 23:04:45', '2017-02-02 21:07:12', 'ada5ee96-ab2a-4c5c-8ab1-e1f6e3b9377e'),
 ('2858', '2862', 'en_us', '', NULL, '1', '2016-12-20 23:04:45', '2017-02-02 21:07:12', '8dacafc6-4ac8-43d3-8a38-c765b6395d7c'),
 ('2859', '2863', 'en_us', '', NULL, '1', '2016-12-20 23:04:45', '2017-02-02 21:07:12', '6bb4ef90-cd46-4a99-b59c-59eb5eff5c39'),
 ('2871', '2834', 'es_us', 'parent-teacher-conferences', 'blog/tag/parent-teacher-conferences', '1', '2017-01-03 21:39:50', '2017-01-24 23:19:23', '939c6759-d55f-45d2-992e-4ad32cf66d61'),
 ('2872', '2835', 'es_us', 'report-cards', 'blog/tag/report-cards', '1', '2017-01-03 21:39:50', '2017-01-24 23:19:23', '507bfb2a-fa81-47f4-a81a-336d86f2adda'),
 ('2876', '4', 'es_us', '', NULL, '1', '2017-01-03 21:39:50', '2017-01-24 23:19:24', '821f48bf-48e1-46e1-ab3d-352b6141d3c2'),
 ('2881', '2747', 'es_us', 'firebelly-family', NULL, '1', '2017-01-03 21:39:50', '2017-01-24 23:19:25', '4a8b313e-caa9-44a2-ae6b-755c532f6017'),
 ('2882', '2789', 'es_us', 'reason-to-give', NULL, '1', '2017-01-03 21:39:50', '2017-01-24 23:19:25', '7d66ff87-a8b5-42df-99a0-e90ef3d6b2c3'),
 ('2883', '2790', 'es_us', 'change-the-world', NULL, '1', '2017-01-03 21:39:50', '2017-01-24 23:19:25', '4e1116aa-2eed-4423-949f-7550171ff7e7'),
 ('2884', '2793', 'es_us', 'chicago-design', NULL, '1', '2017-01-03 21:39:50', '2017-01-24 23:19:25', 'ee87e0c3-1036-4cbc-aecf-3a49e1c52f87'),
 ('2885', '2794', 'es_us', 'typography', NULL, '1', '2017-01-03 21:39:50', '2017-01-24 23:19:25', 'fe0d56c6-ed43-42f4-84b5-22aaa6cd0af7'),
 ('2886', '2802', 'es_us', 'socially-responsible', NULL, '1', '2017-01-03 21:39:50', '2017-01-24 23:19:25', '59e8cb74-22f6-4eb9-a6f1-6916085bed3b'),
 ('2887', '2804', 'es_us', 'writing-for-the-web-lunch-n-learn', NULL, '1', '2017-01-03 21:39:50', '2017-01-24 23:19:25', 'fabe3b05-b142-490a-b511-8557ba6211c6'),
 ('2888', '2805', 'es_us', 'lunch-n-learn', NULL, '1', '2017-01-03 21:39:50', '2017-01-24 23:19:25', '7b3edb78-322a-4512-b5f5-216f38552888'),
 ('2889', '2808', 'es_us', 'field-trip', NULL, '1', '2017-01-03 21:39:51', '2017-01-24 23:19:25', '36d8f6ac-ee7f-49d1-9036-1f5f96c81f06'),
 ('2890', '2811', 'es_us', 'girls-garage', NULL, '1', '2017-01-03 21:39:51', '2017-01-24 23:19:25', '12b127c8-fe9c-4b37-981d-d8fd42ae22e8'),
 ('2891', '2', 'es_us', 'homepage', '__home__', '1', '2017-01-03 22:07:47', '2017-01-26 16:52:05', '5d1f5b45-ea73-4aba-9bec-08f9133e6094'),
 ('2896', '2866', 'en_us', 'ed-nav-330-2', NULL, '1', '2017-01-05 16:38:20', '2017-01-24 23:19:22', '8dad79be-23cd-4021-8a08-8f8137d2852a'),
 ('2897', '2866', 'es_us', 'ed-nav-330-2', NULL, '1', '2017-01-05 16:38:20', '2017-01-24 23:19:22', '07a00a0a-ff59-4e37-9b77-69595ad53085'),
 ('2898', '2867', 'en_us', '649404', NULL, '1', '2017-01-05 16:41:56', '2017-01-24 23:19:22', '84be7850-c9cd-4d3c-bfda-b4f5a242a94d'),
 ('2899', '2867', 'es_us', '649404', NULL, '1', '2017-01-05 16:41:56', '2017-01-24 23:19:22', '2f406119-95fe-4b5b-8a97-3920d63331d8'),
 ('2900', '2868', 'en_us', '', NULL, '1', '2017-01-05 16:42:03', '2017-01-26 16:52:05', '01bfcb33-610c-4067-bcf5-e60c6479d4f1'),
 ('2901', '2869', 'en_us', '', NULL, '1', '2017-01-05 16:42:04', '2017-01-26 16:52:05', '9586e63c-9b12-4b3c-89e9-77657faead96'),
 ('2902', '2870', 'en_us', '841683', NULL, '1', '2017-01-05 17:48:09', '2017-01-24 23:19:23', '0aa81906-44f0-4172-9864-92468742c8ad'),
 ('2903', '2870', 'es_us', '841683', NULL, '1', '2017-01-05 17:48:09', '2017-01-24 23:19:23', '0e3c3640-5012-44c8-b2d9-21752e019f9b'),
 ('2904', '2871', 'en_us', '841683', NULL, '1', '2017-01-05 18:10:18', '2017-01-24 23:19:23', 'd9f520b8-fcf8-4f64-ae86-43bef0f2be41'),
 ('2905', '2871', 'es_us', '841683', NULL, '1', '2017-01-05 18:10:18', '2017-01-24 23:19:23', '3c715207-65bb-4a11-8ae8-8406d2cd7573'),
 ('2914', '2876', 'en_us', '2001-a-space-odyssey-screenshot-1920x1080-9', NULL, '1', '2017-01-12 23:13:57', '2017-01-24 23:19:23', '63010cb2-3f1a-4f3c-b26c-20e8657ce89b'),
 ('2915', '2876', 'es_us', '2001-a-space-odyssey-screenshot-1920x1080-9', NULL, '1', '2017-01-12 23:13:57', '2017-01-24 23:19:23', '0733f2dd-89f7-4dca-9cf6-fb075eebb170'),
 ('2916', '2880', 'en_us', 'find-your-path', 'find-your-path', '1', '2017-01-17 20:42:53', '2017-01-24 23:19:24', '9d678b3b-834d-4367-a62c-38398a96ffdc'),
 ('2917', '2880', 'es_us', 'test', 'test', '1', '2017-01-17 20:42:53', '2017-01-24 23:19:24', '001001aa-e810-4439-9b3a-f1257715962d'),
 ('2918', '2881', 'en_us', '', NULL, '1', '2017-01-17 20:42:53', '2017-01-24 23:19:24', '63d34fbf-0a6b-431a-81d1-7661d0d5caf6'),
 ('2919', '2881', 'es_us', '', NULL, '1', '2017-01-17 20:42:53', '2017-01-24 23:19:24', '0c275a44-421b-4bf4-8bce-1a17cee55c6e'),
 ('2920', '2882', 'en_us', '2001-a-space-odyssey-screenshot-1920x1080-9', NULL, '1', '2017-01-17 21:11:18', '2017-01-24 23:19:23', 'da45984e-5ca8-4213-8c82-7a409233221f'),
 ('2921', '2882', 'es_us', '2001-a-space-odyssey-screenshot-1920x1080-9', NULL, '1', '2017-01-17 21:11:18', '2017-01-24 23:19:23', 'e49415b8-d095-4c20-998c-5afd6f8d86a1'),
 ('2922', '2883', 'en_us', '2001-a-space-odyssey-screenshot-1920x1080-9', NULL, '1', '2017-01-17 22:00:14', '2017-01-24 23:19:23', '5bcb0488-3771-4f1a-9eba-3e406026124d'),
 ('2923', '2883', 'es_us', '2001-a-space-odyssey-screenshot-1920x1080-9', NULL, '1', '2017-01-17 22:00:14', '2017-01-24 23:19:23', '97c33468-8c9d-46a5-948f-8d2360cb980b'),
 ('2926', '2885', 'en_us', 'the-help-you-need', 'the-help-you-need', '1', '2017-01-17 22:45:59', '2017-01-24 23:19:24', '30b6ab29-5b46-4a71-af0c-cae780fe557c'),
 ('2927', '2885', 'es_us', 'the-help-you-need', 'the-help-you-need', '1', '2017-01-17 22:45:59', '2017-01-24 23:19:24', '3876804c-0942-4949-8749-ab49ab6fdc5a'),
 ('2928', '2886', 'en_us', '', NULL, '1', '2017-01-17 22:45:59', '2017-01-24 23:19:24', 'd37c9a82-663d-4a5d-9a4f-314052e0b1fe'),
 ('2929', '2886', 'es_us', '', NULL, '1', '2017-01-17 22:45:59', '2017-01-24 23:19:24', '7ff43f80-b8c3-45c2-a3ec-5491102a732e'),
 ('2930', '2887', 'en_us', '649404-2', NULL, '1', '2017-01-17 23:03:35', '2017-01-24 23:19:23', 'a08e056a-d7d6-4766-9a6b-07124bc0d6e9'),
 ('2931', '2887', 'es_us', '649404-2', NULL, '1', '2017-01-17 23:03:35', '2017-01-24 23:19:23', '37498bd5-46af-4410-bfc2-e13821c1c966'),
 ('2932', '2888', 'en_us', '826621', NULL, '1', '2017-01-17 23:03:50', '2017-01-24 23:19:23', '682041d2-d955-46e7-bfbf-88ed70e22e40'),
 ('2933', '2888', 'es_us', '826621', NULL, '1', '2017-01-17 23:03:50', '2017-01-24 23:19:23', 'd7ac6ced-5674-4bb9-b93a-fc802232af8a'),
 ('2934', '2889', 'en_us', '826629', NULL, '1', '2017-01-17 23:11:54', '2017-01-24 23:19:23', 'b48e6899-7a72-4992-ab08-dc1ccd4bc1d5'),
 ('2935', '2889', 'es_us', '826629', NULL, '1', '2017-01-17 23:11:54', '2017-01-24 23:19:23', '2bba8119-c3a2-42b4-a5e5-714cd8975b83'),
 ('2936', '2890', 'en_us', 'invest-in-your-greatest-asset', 'invest-in-your-greatest-asset', '1', '2017-01-17 23:12:01', '2017-01-24 23:19:24', 'c9b5dadb-6ab6-45bf-9679-1dfd701d8e3a'),
 ('2937', '2890', 'es_us', 'invest-in-your-greatest-asset', 'invest-in-your-greatest-asset', '1', '2017-01-17 23:12:01', '2017-01-24 23:19:24', '8fcfb8ac-511b-4345-a352-d239e875c002'),
 ('2938', '2891', 'en_us', '', NULL, '1', '2017-01-17 23:12:01', '2017-01-24 23:19:24', '40213d19-be24-4ca9-9d65-622f487a6656'),
 ('2939', '2891', 'es_us', '', NULL, '1', '2017-01-17 23:12:01', '2017-01-24 23:19:24', '452d6d70-c2a6-4d96-9294-14e6e34738b6'),
 ('2940', '2892', 'en_us', 'families', 'families', '1', '2017-01-17 23:21:22', '2017-01-24 23:19:24', '93fa4823-76ed-4248-ba4c-32d80e347a27'),
 ('2941', '2892', 'es_us', 'familias', 'familias', '1', '2017-01-17 23:21:22', '2017-01-24 23:19:24', '5a8500fd-554d-4729-acb1-29c719ddd622'),
 ('2942', '2893', 'en_us', 'employers', 'employers', '1', '2017-01-17 23:21:44', '2017-01-24 23:19:24', 'df9a72b0-a5e5-487b-ac76-eac834829f07'),
 ('2943', '2893', 'es_us', 'employers', 'employers', '1', '2017-01-17 23:21:44', '2017-01-24 23:19:24', '14673ef4-ada5-496e-9d8c-946e554fd7b9'),
 ('2944', '2894', 'en_us', 'uoregon0473', NULL, '1', '2017-01-17 23:35:16', '2017-01-24 23:19:23', 'dc3f5ec2-fc4b-4582-ac94-1d1466364be2'),
 ('2945', '2894', 'es_us', 'uoregon0473', NULL, '1', '2017-01-17 23:35:16', '2017-01-24 23:19:23', '9aa13741-cfa8-4e5a-a754-d3326e4c4077'),
 ('2946', '2895', 'en_us', 'give-back', 'give-back', '1', '2017-01-17 23:35:21', '2017-01-24 23:19:24', 'fdd80cf4-c344-4550-8d68-319a1b9a9155'),
 ('2947', '2895', 'es_us', 'give-back', 'give-back', '1', '2017-01-17 23:35:21', '2017-01-24 23:19:24', '1fa30c29-3b4c-40af-9507-5caef1d1925d'),
 ('2948', '2896', 'en_us', '', NULL, '1', '2017-01-17 23:35:21', '2017-01-24 23:19:24', '31c9bd10-7d9f-498f-81fb-b3a0a8cd5ad8'),
 ('2949', '2896', 'es_us', '', NULL, '1', '2017-01-17 23:35:21', '2017-01-24 23:19:24', 'd2a1854c-5820-4f7b-aaa9-0e195e28f0bf'),
 ('2950', '2897', 'en_us', 'third', 'third', '1', '2017-01-18 15:23:58', '2017-02-14 21:57:05', '3dbac18c-4dc9-48f9-af7d-8f8f0d14330f'),
 ('2951', '2897', 'es_us', 'third', 'third', '1', '2017-01-18 15:23:58', '2017-02-14 21:57:05', 'dfb80664-0a6a-4113-942a-4d73efcc8e88'),
 ('2952', '2898', 'en_us', 'uoregon0670', NULL, '1', '2017-01-18 15:27:06', '2017-01-24 23:19:23', '7d0bb73d-4227-42c0-a69a-4a517bd9518d'),
 ('2953', '2898', 'es_us', 'uoregon0670', NULL, '1', '2017-01-18 15:27:06', '2017-01-24 23:19:23', '8eea4b06-7cb5-46a7-96ee-88cdeb164ead'),
 ('2954', '2899', 'en_us', '', NULL, '1', '2017-01-18 15:27:16', '2017-01-24 23:19:24', '518028c7-9a42-45e3-8322-37fcff4b5d6f'),
 ('2955', '2899', 'es_us', '', NULL, '1', '2017-01-18 15:27:16', '2017-01-24 23:19:24', 'e6551842-73bf-416c-9970-3e31ebdd29cc');
INSERT INTO `craft_elements_i18n` (`id`, `elementId`, `locale`, `slug`, `uri`, `enabled`, `dateCreated`, `dateUpdated`, `uid`) VALUES
 ('2958', '2901', 'en_us', '', NULL, '1', '2017-01-18 15:29:06', '2017-01-24 23:19:24', 'a971e9e0-dcfb-44a4-b51b-39001f988d93'),
 ('2959', '2901', 'es_us', '', NULL, '1', '2017-01-18 15:29:06', '2017-01-24 23:19:24', 'c969d99c-1c78-4c90-aa73-d47e7fc594f4'),
 ('2960', '2902', 'en_us', 'shared-costs', 'shared-costs', '1', '2017-01-18 15:30:09', '2017-01-24 23:19:24', '19a79bf6-feae-443f-aa9b-1f387b164d4b'),
 ('2961', '2902', 'es_us', 'shared-costs', 'shared-costs', '1', '2017-01-18 15:30:09', '2017-01-24 23:19:24', 'f7f9bf23-c30e-41f1-9d21-f46527d04f76'),
 ('2962', '2903', 'en_us', '', NULL, '1', '2017-01-18 15:30:09', '2017-01-24 23:19:25', '6a8a5439-bfdc-44ed-9807-625c5a84bf07'),
 ('2963', '2903', 'es_us', '', NULL, '1', '2017-01-18 15:30:09', '2017-01-24 23:19:25', 'fb631a09-0921-44bd-9476-d5f4ecd48ef4'),
 ('2964', '2904', 'en_us', 'ed-nav-330-2', NULL, '1', '2017-01-18 16:43:19', '2017-01-24 23:19:23', '4a590b6f-5fee-4aa8-a499-3b492bea3caa'),
 ('2965', '2904', 'es_us', 'ed-nav-330-2', NULL, '1', '2017-01-18 16:43:19', '2017-01-24 23:19:23', '1a0f7e83-abe0-4fd2-9ff7-450884254008'),
 ('2966', '2905', 'en_us', 'stories-slideshow', 'stories-slideshow', '1', '2017-01-18 16:44:06', '2017-01-24 23:19:24', 'e9bac8e4-13cf-4826-a7be-5577da412bba'),
 ('2967', '2905', 'es_us', 'stories-slideshow', 'stories-slideshow', '1', '2017-01-18 16:44:06', '2017-01-24 23:19:24', 'e9a9d3d1-b181-4182-acc1-d67db67b56d2'),
 ('2968', '2906', 'en_us', '', NULL, '1', '2017-01-18 16:44:06', '2017-01-24 23:19:25', '6353ef0d-b289-48ae-815c-0988923f1f1e'),
 ('2969', '2906', 'es_us', '', NULL, '1', '2017-01-18 16:44:06', '2017-01-24 23:19:25', '02920ae6-30a3-456f-b6bb-c354b3053925'),
 ('2970', '2907', 'en_us', '', NULL, '1', '2017-01-18 16:44:06', '2017-01-24 23:19:25', '032cb604-65b5-44e7-9f2d-11b4490e4812'),
 ('2971', '2907', 'es_us', '', NULL, '1', '2017-01-18 16:44:06', '2017-01-24 23:19:25', '6f26cfbb-8a27-481c-be22-ce7a3805bf3a'),
 ('2972', '2908', 'en_us', '', NULL, '1', '2017-01-20 16:29:46', '2017-01-24 23:19:25', '4ef9c3b6-fe70-4dcd-8c27-8dd21386bea2'),
 ('2973', '2908', 'es_us', '', NULL, '1', '2017-01-20 16:29:46', '2017-01-24 23:19:25', 'b3df5760-71fc-493a-97b6-481ac035cefd'),
 ('2974', '2909', 'en_us', '', NULL, '1', '2017-01-23 23:06:07', '2017-01-24 23:19:25', '937bdde1-5f1b-48ae-bf60-5c2a76a5dc3d'),
 ('2975', '2909', 'es_us', '', NULL, '1', '2017-01-23 23:06:07', '2017-01-24 23:19:25', '43a9055e-a4c5-493f-adff-f3576a030666'),
 ('2976', '2910', 'en_us', 'amy-mikler-01', NULL, '1', '2017-01-24 17:22:36', '2017-01-24 23:19:23', '266906c1-a7f6-4782-a21b-7389f419ec98'),
 ('2977', '2910', 'es_us', 'amy-mikler-01', NULL, '1', '2017-01-24 17:22:36', '2017-01-24 23:19:23', '84b19563-3a7c-4181-b59b-550a8d9b5f27'),
 ('2978', '2911', 'en_us', 'stories', 'stories', '1', '2017-01-24 17:25:49', '2017-01-24 23:19:24', 'f07a453b-08b6-44e3-bd11-8da5ed54e851'),
 ('2979', '2911', 'es_us', 'stories', 'stories', '1', '2017-01-24 17:25:49', '2017-01-24 23:19:24', '95317cc1-b28d-40b7-a0ee-3b4eb70084c4'),
 ('2980', '2912', 'en_us', '', NULL, '1', '2017-01-24 17:25:49', '2017-01-24 23:19:25', 'fd36a9e9-f459-4390-bfe5-f50e09cd6852'),
 ('2981', '2912', 'es_us', '', NULL, '1', '2017-01-24 17:25:49', '2017-01-24 23:19:25', 'bc22c7ed-9deb-4ac5-86c5-5864d78bfd1b'),
 ('2982', '2913', 'en_us', '', NULL, '1', '2017-01-24 17:25:49', '2017-01-24 23:19:25', '137527bf-eefe-4b96-a793-9326060bc83b'),
 ('2983', '2913', 'es_us', '', NULL, '1', '2017-01-24 17:25:49', '2017-01-24 23:19:25', '4494ca0a-c534-4981-bad9-158c8b3b9715'),
 ('2984', '2914', 'es_us', '', NULL, '1', '2017-01-24 18:08:41', '2017-01-24 20:49:12', '28bd2e48-d6cc-46fd-8671-767af92dd6f9'),
 ('2985', '2915', 'es_us', '', NULL, '1', '2017-01-24 18:08:41', '2017-01-24 20:49:12', 'a50df649-bd0b-4106-ad93-8e80ab5aad77'),
 ('3031', '2830', 'es_us', 'quines-somos', 'quienes-somos', '1', '2017-01-25 17:10:34', '2017-01-26 23:47:39', '9858fac4-f7b3-42ac-a170-cbc25b4e3053'),
 ('3032', '2843', 'es_us', 'navigators', 'quienes-somos/navigators', '1', '2017-01-25 17:10:34', '2017-02-02 18:28:58', '2f0ccc7b-6b21-4707-a638-0e0899746d27'),
 ('3033', '2845', 'es_us', 'leadership', 'quienes-somos/leadership', '1', '2017-01-25 17:10:34', '2017-02-02 18:42:49', '951fc87f-3dc4-4030-81f0-b363762b973a'),
 ('3034', '2850', 'es_us', 'board-of-directors', 'quienes-somos/board-of-directors', '1', '2017-01-25 17:10:34', '2017-02-02 19:07:59', 'b7decbfa-6161-490a-86af-420686264113'),
 ('3035', '2856', 'es_us', 'our-partners', 'quienes-somos/our-partners', '1', '2017-01-25 17:10:34', '2017-02-02 21:07:12', '9bc9c220-008d-4272-9d25-b2fa49bd3136'),
 ('3036', '2831', 'es_us', 'how-we-help', 'como-ayudamos', '1', '2017-01-25 17:15:14', '2017-01-26 16:38:33', 'd5b2a606-bc12-4cd4-bd23-6c8b4c13c6b9'),
 ('3037', '2916', 'en_us', '', NULL, '1', '2017-01-25 20:35:32', '2017-01-26 16:38:33', '48f0a0ab-c683-42b0-8125-51909751bfeb'),
 ('3038', '2917', 'en_us', '', NULL, '1', '2017-01-25 20:35:32', '2017-01-26 16:38:33', '0f802756-093d-42f2-a326-0de5da9adfa8'),
 ('3039', '2918', 'en_us', '', NULL, '1', '2017-01-25 20:35:32', '2017-01-26 16:38:33', 'd80d7c69-6ead-4acc-883a-8a505438528e'),
 ('3040', '2919', 'en_us', '', NULL, '1', '2017-01-25 20:35:32', '2017-01-26 16:38:33', 'e3438e99-0336-43f0-b409-95bd37ad2622'),
 ('3041', '2920', 'en_us', '', NULL, '1', '2017-01-25 20:35:32', '2017-01-26 16:38:33', '874f9d82-e3e0-4bba-8712-7456dd52f773'),
 ('3042', '2921', 'en_us', '', NULL, '1', '2017-01-25 20:35:32', '2017-01-26 16:38:33', '9a69b828-a18e-49bf-aea1-df7386ad02a9'),
 ('3043', '2922', 'en_us', '', NULL, '1', '2017-01-25 20:35:32', '2017-01-26 16:38:33', '85ff5eeb-346f-47c0-8e52-c27976082fc9'),
 ('3044', '2923', 'en_us', '', NULL, '1', '2017-01-25 20:35:32', '2017-01-26 16:38:33', '912a3d83-e9fb-44ee-b43e-32a0521cb50b'),
 ('3045', '2924', 'en_us', '', NULL, '1', '2017-01-25 20:35:32', '2017-01-26 16:38:33', 'b7aa466a-6d21-47c0-b997-cceda2066653'),
 ('3046', '2925', 'en_us', 'icon-principle-1', NULL, '1', '2017-01-26 20:08:37', '2017-01-26 20:14:15', '606d06a6-84f8-4924-93b8-2cfbe9497d9b'),
 ('3047', '2925', 'es_us', 'icon-principle-1', NULL, '1', '2017-01-26 20:08:37', '2017-01-26 20:14:15', 'eb87c4e8-d3c9-4391-ba5c-dbc8e830d96f'),
 ('3048', '2926', 'en_us', '', NULL, '1', '2017-01-26 20:12:10', '2017-01-26 23:47:39', 'bfba5e28-1aa1-4617-b8a1-a8913af0f404'),
 ('3049', '2927', 'en_us', '', NULL, '1', '2017-01-26 20:12:10', '2017-01-26 23:47:39', 'c459d6c6-779b-4d16-84c0-8e0381595c34'),
 ('3052', '2929', 'en_us', '', NULL, '1', '2017-01-26 20:14:15', '2017-01-26 23:47:39', '4e6e90aa-70bf-4c9c-862e-dbdae24f9984'),
 ('3053', '2929', 'es_us', '', NULL, '1', '2017-01-26 20:14:15', '2017-01-26 23:47:39', 'b26c7044-4921-4170-852c-9403a1ddc5a4'),
 ('3054', '2930', 'en_us', 'icon-principle-2', NULL, '1', '2017-01-26 20:22:14', '2017-01-26 20:22:14', '992c8324-72b4-4c8c-a1a3-b1cb40ed54a7'),
 ('3055', '2930', 'es_us', 'icon-principle-2', NULL, '1', '2017-01-26 20:22:14', '2017-01-26 20:22:14', '0b30ed21-20ff-46c4-a7d0-a98bbc62f0f0'),
 ('3056', '2931', 'en_us', '', NULL, '1', '2017-01-26 20:22:20', '2017-01-26 23:47:39', 'cb1c58f0-1fba-4897-8ec0-65339fdfad59'),
 ('3057', '2931', 'es_us', '', NULL, '1', '2017-01-26 20:22:20', '2017-01-26 23:47:39', '7817f148-e503-4f16-9fa7-e2a8a09c65ef'),
 ('3060', '2933', 'en_us', 'icon-principle-3', NULL, '1', '2017-01-26 23:40:04', '2017-01-26 23:40:04', '72059d32-463a-44f2-96eb-48d4b2868365'),
 ('3061', '2933', 'es_us', 'icon-principle-3', NULL, '1', '2017-01-26 23:40:04', '2017-01-26 23:40:04', 'd2c03b4d-cdd9-44eb-801d-f1c032885ea6'),
 ('3062', '2934', 'en_us', 'icon-principle-4', NULL, '1', '2017-01-26 23:40:04', '2017-01-26 23:40:04', '7dbc3ba3-b052-4b57-9fc3-9a275f5a7fd7'),
 ('3063', '2934', 'es_us', 'icon-principle-4', NULL, '1', '2017-01-26 23:40:04', '2017-01-26 23:40:04', 'a49bb01f-ab91-4c90-bd8f-54785fa3d249'),
 ('3064', '2935', 'en_us', 'icon-principle-5', NULL, '1', '2017-01-26 23:40:04', '2017-01-26 23:40:04', '88abcab1-4870-4c39-99a0-18df53028963'),
 ('3065', '2935', 'es_us', 'icon-principle-5', NULL, '1', '2017-01-26 23:40:04', '2017-01-26 23:40:04', '12ea8b35-4218-4a26-a153-2785b6b9e3d3'),
 ('3066', '2936', 'en_us', 'icon-principle-6', NULL, '1', '2017-01-26 23:40:04', '2017-01-26 23:40:04', '0d28cb91-c57b-4b03-b5d1-220c489c879d'),
 ('3067', '2936', 'es_us', 'icon-principle-6', NULL, '1', '2017-01-26 23:40:04', '2017-01-26 23:40:04', 'f3857f98-bfe9-48fc-bb2a-0c710a0a3465'),
 ('3068', '2937', 'en_us', '', NULL, '1', '2017-01-26 23:47:39', '2017-01-26 23:47:39', '1d078124-62ba-4a5b-bad9-3d3d70a98c9e'),
 ('3069', '2937', 'es_us', '', NULL, '1', '2017-01-26 23:47:39', '2017-01-26 23:47:39', '595a6a48-edef-4be9-9894-72b5787cf2e8'),
 ('3070', '2938', 'en_us', '', NULL, '1', '2017-01-26 23:47:39', '2017-01-26 23:47:39', 'dde9822e-22de-443c-bb3b-c137eb635ac5'),
 ('3071', '2938', 'es_us', '', NULL, '1', '2017-01-26 23:47:39', '2017-01-26 23:47:39', 'e39e165f-9429-4843-b09d-83e62ac069a0'),
 ('3072', '2939', 'en_us', '', NULL, '1', '2017-01-26 23:47:39', '2017-01-26 23:47:39', '5fd25e6a-918f-477b-aa67-e84e1d39f131'),
 ('3073', '2939', 'es_us', '', NULL, '1', '2017-01-26 23:47:39', '2017-01-26 23:47:39', '11785540-c585-4b6a-a588-0d785ee43f64'),
 ('3074', '2940', 'en_us', '', NULL, '1', '2017-01-26 23:47:39', '2017-01-26 23:47:39', '178e064f-a8fe-4353-b295-23bb9e2f2668'),
 ('3075', '2940', 'es_us', '', NULL, '1', '2017-01-26 23:47:39', '2017-01-26 23:47:39', 'e0ba8137-5622-40ed-8c62-e0c14fc00692'),
 ('3076', '2846', 'es_us', '', NULL, '1', '2017-01-30 17:43:59', '2017-02-02 18:42:49', 'ac16c653-e484-4cd0-9315-4caba183a723'),
 ('3077', '2847', 'es_us', '', NULL, '1', '2017-01-30 17:43:59', '2017-02-02 18:42:49', '08977363-5469-4684-82c2-9425d6586c1f'),
 ('3078', '2848', 'es_us', '', NULL, '1', '2017-01-30 17:43:59', '2017-02-02 18:42:49', '6a3aa91e-f228-46da-bc51-64e7c01921eb'),
 ('3079', '2849', 'es_us', '', NULL, '1', '2017-01-30 17:43:59', '2017-02-02 18:42:49', 'e35e104a-199d-44ce-aecb-df507117afaf'),
 ('3080', '2941', 'en_us', 'navigator-timothy-daly', NULL, '1', '2017-01-30 22:23:09', '2017-01-30 22:23:09', '2cfc9147-b79f-4951-8021-b34e1a67aa1c'),
 ('3081', '2941', 'es_us', 'navigator-timothy-daly', NULL, '1', '2017-01-30 22:23:09', '2017-01-30 22:23:09', '312118b8-aee5-4356-92e9-eb38999c1bc4'),
 ('3082', '2851', 'es_us', '', NULL, '1', '2017-01-30 23:17:17', '2017-02-02 19:07:59', '800a9852-abe7-4d7b-bbd8-b76f4436b9a0'),
 ('3083', '2852', 'es_us', '', NULL, '1', '2017-01-30 23:17:17', '2017-02-02 19:07:59', '7b7f83b7-c5f5-49db-973f-11f702666ddb'),
 ('3084', '2853', 'es_us', '', NULL, '1', '2017-01-30 23:17:17', '2017-02-02 19:07:59', '21555367-5b4d-4ebc-a767-4eab1535d245'),
 ('3085', '2854', 'es_us', '', NULL, '1', '2017-01-30 23:17:17', '2017-02-02 19:07:59', '1cacb47e-1515-4ddf-892b-f2d56a405d91'),
 ('3086', '2857', 'es_us', '', NULL, '1', '2017-01-30 23:19:24', '2017-02-02 21:07:12', '14906005-6fe5-45b2-b1e9-930817d9273b'),
 ('3087', '2858', 'es_us', '', NULL, '1', '2017-01-30 23:19:24', '2017-02-02 21:07:12', 'a2df448b-26d3-41d1-89b3-a861959218f6'),
 ('3088', '2859', 'es_us', '', NULL, '1', '2017-01-30 23:19:24', '2017-02-02 21:07:12', '9f268f78-f8db-46e4-ba1f-95afb3e6fe0d'),
 ('3089', '2860', 'es_us', '', NULL, '1', '2017-01-30 23:19:24', '2017-02-02 21:07:12', '484f5258-e097-41cb-90bc-0b034f0cc16c'),
 ('3090', '2861', 'es_us', '', NULL, '1', '2017-01-30 23:19:24', '2017-02-02 21:07:12', 'c402c8f7-935c-4b43-8588-1b7a6d7acdf5'),
 ('3091', '2862', 'es_us', '', NULL, '1', '2017-01-30 23:19:24', '2017-02-02 21:07:12', '29294c0b-6b38-45b4-b026-bd705fffe2db'),
 ('3092', '2863', 'es_us', '', NULL, '1', '2017-01-30 23:19:24', '2017-02-02 21:07:12', 'b8778aba-96d8-4ee0-a195-ee50d6f588b1'),
 ('3093', '2942', 'en_us', '', NULL, '1', '2017-02-02 18:13:29', '2017-02-02 18:28:58', 'ed7cbf0b-a651-4ad3-bc3e-d9eb0657132e'),
 ('3094', '2942', 'es_us', '', NULL, '1', '2017-02-02 18:13:29', '2017-02-02 18:28:58', '3652f7ac-bfc0-4a2e-9717-ffc1501bdb0a'),
 ('3095', '2943', 'en_us', 'navigator-2', NULL, '1', '2017-02-02 18:28:15', '2017-02-02 18:28:15', 'd7b3ba59-4eb1-45c4-bfa8-6b821c1b378a'),
 ('3096', '2943', 'es_us', 'navigator-2', NULL, '1', '2017-02-02 18:28:15', '2017-02-02 18:28:15', 'fea993f1-6e6e-4a25-90a8-1a9316ad2848'),
 ('3097', '2944', 'en_us', '', NULL, '1', '2017-02-02 18:28:59', '2017-02-02 18:28:59', '93fb163a-c4fb-4d5b-8225-e5cfd7ed6a25'),
 ('3098', '2944', 'es_us', '', NULL, '1', '2017-02-02 18:28:59', '2017-02-02 18:28:59', '9cc59dc7-8e1d-42b6-b0a9-91417738e463'),
 ('3099', '2945', 'en_us', 'international-house', NULL, '1', '2017-02-02 19:16:19', '2017-02-02 19:16:19', 'b6fc918e-a992-44de-8cfc-df01e2037364'),
 ('3100', '2945', 'es_us', 'international-house', NULL, '1', '2017-02-02 19:16:19', '2017-02-02 19:16:19', '809b7f7c-a973-4df2-b016-f8d7082a2ee4'),
 ('3101', '2946', 'en_us', 'marriott-nola', NULL, '1', '2017-02-02 20:58:41', '2017-02-02 20:58:41', '6f5366d2-988b-4248-8abe-ab9ae5bef186'),
 ('3102', '2946', 'es_us', 'marriott-nola', NULL, '1', '2017-02-02 20:58:41', '2017-02-02 20:58:41', '6eb8be43-507b-4394-b4f6-64ccb5a696de'),
 ('3103', '2947', 'en_us', 'hyatt-regency', NULL, '1', '2017-02-02 21:03:45', '2017-02-02 21:03:45', 'f0fcf1c5-7158-4406-9812-3fde34fc9ca3'),
 ('3104', '2947', 'es_us', 'hyatt-regency', NULL, '1', '2017-02-02 21:03:45', '2017-02-02 21:03:45', '6ab4d673-e4ea-4883-83a4-edb9c4523b1e'),
 ('3105', '2948', 'en_us', 'jw-marriott-new-orleans', NULL, '1', '2017-02-02 21:05:24', '2017-02-02 21:05:24', '24ab4831-8585-42e7-979e-84e40d663e54'),
 ('3106', '2948', 'es_us', 'jw-marriott-new-orleans', NULL, '1', '2017-02-02 21:05:24', '2017-02-02 21:05:24', '6210fa4b-dece-4ce5-90e6-8bf745bfb670');
INSERT INTO `craft_elements_i18n` (`id`, `elementId`, `locale`, `slug`, `uri`, `enabled`, `dateCreated`, `dateUpdated`, `uid`) VALUES
 ('3107', '2949', 'en_us', 'ritz-carlton', NULL, '1', '2017-02-02 21:06:20', '2017-02-02 21:06:20', '50ffbfc1-461c-4be7-8b75-cf4458c58a19'),
 ('3108', '2949', 'es_us', 'ritz-carlton', NULL, '1', '2017-02-02 21:06:20', '2017-02-02 21:06:20', '18f0653c-ba07-4ce6-aa8f-72a71e7571fe'),
 ('3109', '2950', 'en_us', 'parent-teacher-conferences', NULL, '1', '2017-02-02 21:24:31', '2017-02-02 21:24:31', 'a3759e84-fa16-4d9b-8112-12680fa4c55d'),
 ('3110', '2950', 'es_us', 'parent-teacher-conferences', NULL, '1', '2017-02-02 21:24:31', '2017-02-02 21:24:31', '9a614e34-744d-494c-973e-9b98b0a2f7c4'),
 ('3111', '2951', 'en_us', 'report-cards', NULL, '1', '2017-02-02 21:24:36', '2017-02-02 21:24:36', '5d489419-15b0-4e38-9eca-0c1fd462a41c'),
 ('3112', '2951', 'es_us', 'report-cards', NULL, '1', '2017-02-02 21:24:36', '2017-02-02 21:24:36', 'c280be05-a30c-46b6-8051-b47dc2dcc12b'),
 ('3113', '2952', 'en_us', 'uoregon0473', NULL, '1', '2017-02-02 21:27:34', '2017-02-02 21:28:49', '2db74d62-72c7-457a-bfd8-4828de2185f8'),
 ('3114', '2952', 'es_us', 'uoregon0473', NULL, '1', '2017-02-02 21:27:34', '2017-02-02 21:28:49', '7651922b-7c75-45fc-97f8-d7fc7741ea82'),
 ('3115', '2953', 'en_us', 'how-to-make-parent-teacher-conferences-more-parent-friendly', 'blog/how-to-make-parent-teacher-conferences-more-parent-friendly', '1', '2017-02-02 21:28:49', '2017-02-08 19:46:20', '7cedd083-a07f-4fba-8d08-73c61d98cf29'),
 ('3116', '2953', 'es_us', 'how-to-make-parent-teacher-conferences-more-parent-friendly', 'blog/how-to-make-parent-teacher-conferences-more-parent-friendly', '1', '2017-02-02 21:28:49', '2017-02-08 19:46:20', 'f36b0bf1-4bef-40a7-91d8-f0cc6c9bf36d'),
 ('3117', '2954', 'en_us', '826629', NULL, '1', '2017-02-02 22:20:49', '2017-02-02 22:21:26', 'f7df4c43-7eb0-43f7-b6b9-8ea9910a11b0'),
 ('3118', '2954', 'es_us', '826629', NULL, '1', '2017-02-02 22:20:49', '2017-02-02 22:21:26', '7b3350ab-41ca-4dd6-ae91-3355ee582397'),
 ('3119', '2955', 'en_us', 'sample-tag', NULL, '1', '2017-02-02 22:21:13', '2017-02-02 22:21:13', 'eebbb58b-d46c-4e52-bfce-7f5ca8894ca4'),
 ('3120', '2955', 'es_us', 'sample-tag', NULL, '1', '2017-02-02 22:21:13', '2017-02-02 22:21:13', '817f1e30-71e9-4260-8847-76cdccee0b7e'),
 ('3121', '2956', 'en_us', 'louisiana-proposes-a-smarter-way-to-grade-schools', 'blog/louisiana-proposes-a-smarter-way-to-grade-schools', '1', '2017-02-02 22:21:26', '2017-02-08 20:01:15', '6f8c8f80-b787-49d9-9553-0ec7d6311ded'),
 ('3122', '2956', 'es_us', 'louisiana-proposes-a-smarter-way-to-grade-schools', 'blog/louisiana-proposes-a-smarter-way-to-grade-schools', '1', '2017-02-02 22:21:26', '2017-02-08 20:01:15', '662c3d2e-78b4-46c3-a23f-c8b847e9be4d'),
 ('3125', '2958', 'en_us', 'blog', 'blog', '1', '2017-02-02 22:48:25', '2017-02-02 22:49:50', '3c672a12-b640-4edd-ad89-26bfbcf29b2e'),
 ('3126', '2958', 'es_us', 'blog', 'blog', '1', '2017-02-02 22:48:25', '2017-02-02 22:49:50', '585d9080-582a-4dc6-9aa8-ecc61dab6b9e'),
 ('3133', '2962', 'en_us', 'school-choice', 'blog/category/school-choice', '1', '2017-02-03 15:31:39', '2017-02-03 15:31:40', '4595b370-9315-474a-9f16-e6d2ffd426f1'),
 ('3134', '2962', 'es_us', 'school-choice', 'blog/category/school-choice', '1', '2017-02-03 15:31:39', '2017-02-03 15:31:40', '93e99d39-6c49-4524-8e07-34be65812234'),
 ('3135', '2963', 'en_us', 'school-performance', 'blog/category/school-performance', '1', '2017-02-03 15:31:52', '2017-02-03 15:31:52', '01a3a4d2-b45c-4e60-846e-30eed73dac41'),
 ('3136', '2963', 'es_us', 'school-performance', 'blog/category/school-performance', '1', '2017-02-03 15:31:52', '2017-02-03 15:31:52', 'ac85206b-4ac8-483a-8b6a-4b26de7a4728'),
 ('3137', '2964', 'en_us', 'sample-tag', NULL, '1', '2017-02-03 17:58:39', '2017-02-03 17:58:39', '3c40d59d-f800-43d0-aa10-0a660421c220'),
 ('3138', '2964', 'es_us', 'sample-tag', NULL, '1', '2017-02-03 17:58:39', '2017-02-03 17:58:39', '972beb7d-78f0-4321-a2dd-242a02176579'),
 ('3139', '2965', 'en_us', 'parent-t', NULL, '1', '2017-02-03 17:59:46', '2017-02-03 17:59:46', '366632cf-9dfb-4e90-b5be-416e2862ab07'),
 ('3140', '2965', 'es_us', 'parent-t', NULL, '1', '2017-02-03 17:59:46', '2017-02-03 17:59:46', 'eab39697-d328-4fd2-a70f-a94adaf86ad1'),
 ('3141', '2966', 'en_us', 'parent-engagement', NULL, '1', '2017-02-03 17:59:54', '2017-02-03 17:59:54', 'ec612f25-2272-448c-a53c-6b35059a0986'),
 ('3142', '2966', 'es_us', 'parent-engagement', NULL, '1', '2017-02-03 17:59:54', '2017-02-03 17:59:54', '71829356-d306-4911-9379-92e09c332931'),
 ('3143', '2967', 'en_us', 'report-cards', NULL, '1', '2017-02-03 17:59:59', '2017-02-03 17:59:59', 'ada0204d-085d-46e9-beb6-08ce3d80a6c7'),
 ('3144', '2967', 'es_us', 'report-cards', NULL, '1', '2017-02-03 17:59:59', '2017-02-03 17:59:59', '19473c08-a04b-42cf-8ef0-76dd78557f9f'),
 ('3145', '2968', 'en_us', 'parent-teacher-conferences', NULL, '1', '2017-02-03 18:00:32', '2017-02-03 18:00:32', '9d1731ef-1306-4a4f-ab5e-9a0b4dec5f95'),
 ('3146', '2968', 'es_us', 'parent-teacher-conferences', NULL, '1', '2017-02-03 18:00:32', '2017-02-03 18:00:32', '993f1ae5-19bf-45db-b36b-71cc2d8d650c'),
 ('3147', '2969', 'en_us', 'resources', 'resources', '1', '2017-02-03 20:22:22', '2017-02-16 15:33:21', '365f5205-b8bb-4c58-808d-4a85c28fad0f'),
 ('3148', '2969', 'es_us', 'resources', 'recursos', '1', '2017-02-03 20:22:22', '2017-02-16 15:33:21', 'b6937ebc-a887-4ad3-b255-b3144dcdbd12'),
 ('3149', '2970', 'en_us', 'summer-reading', 'resource-bundle/summer-reading', '1', '2017-02-03 20:41:37', '2017-02-16 15:53:47', '6eadd1b2-76e6-4c0a-b9ba-b8e9ba8c717b'),
 ('3150', '2970', 'es_us', 'summer-reading', 'resource-bundle/summer-reading', '1', '2017-02-03 20:41:37', '2017-02-16 15:53:47', '867eef1a-0c84-4bc7-87ed-256272b74e59'),
 ('3151', '2971', 'en_us', 'screen-shot-2016-11-16-at-3-52-09-pm', NULL, '1', '2017-02-03 20:54:42', '2017-02-03 20:54:48', 'ed106c8e-a313-4ff5-aa77-cbe1e169c18a'),
 ('3152', '2971', 'es_us', 'screen-shot-2016-11-16-at-3-52-09-pm', NULL, '1', '2017-02-03 20:54:42', '2017-02-03 20:54:48', 'e0579ffb-09af-4355-b689-d76035df9d96'),
 ('3153', '2972', 'en_us', 'back-to-school', 'resource-bundle/back-to-school', '1', '2017-02-03 20:54:48', '2017-02-16 22:55:38', '6ffe037a-fdef-4967-999c-2289d0b56c4c'),
 ('3154', '2972', 'es_us', 'back-to-school', 'resource-bundle/back-to-school', '1', '2017-02-03 20:54:48', '2017-02-16 22:55:38', 'eedab704-b557-4c8f-9d51-e275c7d981f5'),
 ('3161', '2976', 'en_us', 'amy-mikler-01', NULL, '1', '2017-02-06 20:37:41', '2017-02-06 20:37:48', '635903b7-f475-46f4-8733-d512a8285b0d'),
 ('3162', '2976', 'es_us', 'amy-mikler-01', NULL, '1', '2017-02-06 20:37:41', '2017-02-06 20:37:48', '57fa4be2-9f61-4f2d-989c-c36cd6fec9f5'),
 ('3163', '2977', 'en_us', '826621', NULL, '1', '2017-02-06 21:26:49', '2017-02-06 21:28:02', '8e5840df-81fe-4cc7-baa3-96ec6f5dd70f'),
 ('3164', '2977', 'es_us', '826621', NULL, '1', '2017-02-06 21:26:49', '2017-02-06 21:28:02', '9bb84e56-ca61-44ae-89bf-8be2ec537743'),
 ('3165', '2978', 'en_us', 'new-orleans', NULL, '1', '2017-02-06 21:27:30', '2017-02-06 21:27:30', 'c52cdc66-1b22-4183-b0f0-2c457f2b655f'),
 ('3166', '2978', 'es_us', 'new-orleans', NULL, '1', '2017-02-06 21:27:30', '2017-02-06 21:27:30', '1cf8d046-c2ed-417d-8a75-5a898abd64bf'),
 ('3167', '2979', 'en_us', '10-common-questions-about-oneapp-answered', 'resources/10-common-questions-about-oneapp-answered', '1', '2017-02-06 21:28:02', '2017-02-08 21:35:12', 'e30651ec-69f4-4446-8114-7e5426ed3614'),
 ('3168', '2979', 'es_us', '10-common-questions-about-oneapp-answered', 'recursos/10-common-questions-about-oneapp-answered', '1', '2017-02-06 21:28:02', '2017-02-08 21:35:12', '09871054-b04f-4f56-9803-e41310f6db3f'),
 ('3169', '2980', 'en_us', '649404-2', NULL, '1', '2017-02-06 22:15:17', '2017-02-06 22:16:22', '54902240-d1b9-413f-9b45-f94bf393f384'),
 ('3170', '2980', 'es_us', '649404-2', NULL, '1', '2017-02-06 22:15:17', '2017-02-06 22:16:22', '74d67a2b-cfe3-4a8c-9056-21453aa6e05b'),
 ('3171', '2981', 'en_us', 'the-ednavigator-guide-to-catholic-schools-in-new-orleans', 'resources/the-ednavigator-guide-to-catholic-schools-in-new-orleans', '1', '2017-02-06 22:16:22', '2017-02-10 20:52:30', 'bda4a6d6-b091-4e23-92ba-d6ddd6455cbd'),
 ('3172', '2981', 'es_us', 'the-ednavigator-guide-to-catholic-schools-in-new-orleans', 'recursos/the-ednavigator-guide-to-catholic-schools-in-new-orleans', '1', '2017-02-06 22:16:22', '2017-02-10 20:52:30', '3f3ed566-3b71-4f4a-bc2a-86bd5cac2a62'),
 ('3173', '2982', 'en_us', 'uoregon0473', NULL, '1', '2017-02-06 22:59:37', '2017-02-06 23:00:54', '1e961345-a4c5-4e79-9b6d-781b88504e38'),
 ('3174', '2982', 'es_us', 'uoregon0473', NULL, '1', '2017-02-06 22:59:37', '2017-02-06 23:00:54', 'c526ef80-7254-4e70-b798-b35ec2b584b5'),
 ('3175', '2983', 'en_us', 'school-funding', NULL, '1', '2017-02-06 23:00:37', '2017-02-06 23:00:37', '3a04a435-f30f-4898-aa11-76b6f0c7ca83'),
 ('3176', '2983', 'es_us', 'school-funding', NULL, '1', '2017-02-06 23:00:37', '2017-02-06 23:00:37', '18b4b10f-64e6-4547-af4a-6c6a279ec733'),
 ('3177', '2984', 'en_us', 'a-surprising-new-look-at-school-spending-in-new-orleans', 'blog/a-surprising-new-look-at-school-spending-in-new-orleans', '1', '2017-02-06 23:00:54', '2017-02-10 20:35:24', '19665688-f151-488a-b517-fd58c231b2fa'),
 ('3178', '2984', 'es_us', 'a-surprising-new-look-at-school-spending-in-new-orleans', 'blog/a-surprising-new-look-at-school-spending-in-new-orleans', '1', '2017-02-06 23:00:54', '2017-02-10 20:35:24', '9a00a13c-9bbe-4a51-a4a3-e75db6b5faa7'),
 ('3179', '2985', 'en_us', '', NULL, '1', '2017-02-07 18:49:27', '2017-02-07 18:52:22', 'aad1e140-aa24-44da-a6e1-9ad6517db4b4'),
 ('3180', '2986', 'en_us', 'taggy-tag', NULL, '1', '2017-02-07 21:23:44', '2017-02-07 21:23:44', '83ebbafc-ab4c-4322-8a33-9424c2f35953'),
 ('3181', '2986', 'es_us', 'taggy-tag', NULL, '1', '2017-02-07 21:23:44', '2017-02-07 21:23:44', 'a99ce28d-e72a-4422-b6d1-c1cd9275aff0'),
 ('3182', '2987', 'en_us', 'insight', 'type/insight', '1', '2017-02-08 19:42:05', '2017-02-08 19:42:06', 'cc58f950-6cd6-4d1d-b745-002616a3d833'),
 ('3183', '2987', 'es_us', 'insight', 'tipo/insight', '1', '2017-02-08 19:42:05', '2017-02-08 19:42:06', 'b35f65ea-daab-43e5-85b4-03f06c15a8d7'),
 ('3184', '2988', 'en_us', 'what-were-learning', 'type/what-were-learning', '1', '2017-02-08 19:42:13', '2017-02-08 19:42:14', '583a9ad2-b7c4-4076-a637-bf0f7921e0ba'),
 ('3185', '2988', 'es_us', 'what-were-learning', 'tipo/what-were-learning', '1', '2017-02-08 19:42:13', '2017-02-08 19:42:14', '22406e4f-1d96-445d-a4df-3ae381ca7dab'),
 ('3186', '2989', 'en_us', 'in-the-news', 'type/in-the-news', '1', '2017-02-08 19:42:23', '2017-02-08 19:42:24', '2c56d13a-7cbc-45b1-9f07-12cf069f27f2'),
 ('3187', '2989', 'es_us', 'in-the-news', 'tipo/in-the-news', '1', '2017-02-08 19:42:23', '2017-02-08 19:42:24', '4740b0c1-2cfe-4b3c-8ea3-1e6e5f89b3d2'),
 ('3188', '2990', 'en_us', 'video', 'type/video', '1', '2017-02-08 20:49:48', '2017-02-08 20:49:49', '2d4eba47-dd08-4859-8d1f-344c99488c5b'),
 ('3189', '2990', 'es_us', 'video', 'tipo/video', '1', '2017-02-08 20:49:48', '2017-02-08 20:49:49', '00b661f3-675f-4b96-be0c-cd6eb4d1ac0e'),
 ('3190', '2991', 'en_us', 'article', 'type/article', '1', '2017-02-08 20:49:54', '2017-02-08 20:49:55', '8ff1b61f-6e41-4eda-92b7-098fe4ab581d'),
 ('3191', '2991', 'es_us', 'article', 'tipo/article', '1', '2017-02-08 20:49:54', '2017-02-08 20:49:55', 'ae25f5d8-a137-4cf4-b2e5-352a8fc64460'),
 ('3192', '2992', 'en_us', 'download', 'type/download', '1', '2017-02-08 20:50:01', '2017-02-08 20:50:01', '533c2bf1-ab57-4193-98eb-3968a1afeeb3'),
 ('3193', '2992', 'es_us', 'download', 'tipo/download', '1', '2017-02-08 20:50:01', '2017-02-08 20:50:02', '337ebc97-98af-4791-b37d-966d12a803d4'),
 ('3194', '2993', 'en_us', 'school-choice', 'resources-topics/school-choice', '1', '2017-02-08 21:34:53', '2017-02-08 21:34:54', '2cd1d822-1734-4765-8a44-0cd5c541c6d1'),
 ('3195', '2993', 'es_us', 'school-choice', 'resources-topics/school-choice', '1', '2017-02-08 21:34:53', '2017-02-08 21:34:54', '57ccdc1f-54fd-483f-ba8d-6ac95f691763'),
 ('3196', '2994', 'en_us', '649404-2', NULL, '1', '2017-02-09 15:13:34', '2017-02-09 15:18:13', 'f7429870-f34c-4474-8cef-5683cb22539f'),
 ('3197', '2994', 'es_us', '649404-2', NULL, '1', '2017-02-09 15:13:34', '2017-02-09 15:18:13', 'd0d3b84a-6ca7-4639-98d0-d4d01ac0e26b'),
 ('3198', '2995', 'en_us', 'blog-post-test', 'blog/blog-post-test', '1', '2017-02-09 15:18:13', '2017-02-10 15:47:26', '5feee075-b1ea-49b2-a8f3-3a8e69becd5f'),
 ('3199', '2995', 'es_us', 'blog-post-test', 'blog/blog-post-test', '1', '2017-02-09 15:18:13', '2017-02-10 15:47:26', '243fb3e0-062a-4664-9cd8-6c30eacce3ff'),
 ('3200', '2996', 'en_us', '649404-2', NULL, '1', '2017-02-09 16:11:55', '2017-02-09 16:11:55', 'a88b5661-a840-4702-b7a4-5dbe1849a0c9'),
 ('3201', '2996', 'es_us', '649404-2', NULL, '1', '2017-02-09 16:11:55', '2017-02-09 16:11:55', 'ac46c2cc-3039-40e7-90aa-86c1c13c91cc'),
 ('3202', '2997', 'en_us', '826629', NULL, '1', '2017-02-09 16:54:02', '2017-02-09 16:54:02', '9cd1e43b-7680-4e90-a402-cee1878e4835'),
 ('3203', '2997', 'es_us', '826629', NULL, '1', '2017-02-09 16:54:02', '2017-02-09 16:54:02', 'ae261d7e-8341-4825-909f-be84e3b21bb5'),
 ('3204', '2998', 'en_us', '649404-2', NULL, '1', '2017-02-10 20:52:07', '2017-02-10 20:52:07', '17ba4551-f158-4de4-9013-ff851b6ab5e4'),
 ('3205', '2998', 'es_us', '649404-2', NULL, '1', '2017-02-10 20:52:07', '2017-02-10 20:52:07', '65182d17-fd25-48b9-ad66-8682be4fec04'),
 ('3208', '3000', 'en_us', 'blog-search', 'blog/search', '1', '2017-02-16 19:27:46', '2017-02-16 19:30:11', '07393b9e-dbbc-4f31-b707-1e43e5907bbf'),
 ('3209', '3000', 'es_us', 'blog-search', 'blog/buscar', '1', '2017-02-16 19:27:46', '2017-02-16 19:30:11', '054cf6a0-5c5e-43a2-b70e-693a371ecd5e'),
 ('3210', '3001', 'en_us', '', NULL, '1', '2017-02-16 22:37:36', '2017-02-16 22:49:54', '89412b35-4a1c-4534-a242-1fe97c8a7f23'),
 ('3211', '3001', 'es_us', '', NULL, '1', '2017-02-16 22:37:36', '2017-02-16 22:49:54', '92450960-23e0-4c93-bd4b-16faaa245be9'),
 ('3212', '3002', 'en_us', '', NULL, '1', '2017-02-16 22:51:33', '2017-02-16 22:51:33', 'e120efea-b095-4d6e-a13e-9bef19a0f4f9'),
 ('3213', '3002', 'es_us', '', NULL, '1', '2017-02-16 22:51:33', '2017-02-16 22:51:33', '3f859f64-9d35-4787-ad26-142fa0ce7734'),
 ('3214', '3003', 'en_us', 'blog-7', NULL, '1', '2017-02-17 17:38:41', '2017-02-17 17:38:41', '04ce006e-0d9d-4fc9-93bf-f8a1b934f063'),
 ('3215', '3003', 'es_us', 'blog-7', NULL, '1', '2017-02-17 17:38:41', '2017-02-17 17:38:41', '8f669964-148a-4f45-b59c-c6adc52630fc'),
 ('3216', '3004', 'en_us', 'blog-8-1', NULL, '1', '2017-02-17 17:43:30', '2017-02-17 17:43:30', '87df0e7b-759b-41f8-b6fd-86f2639c20be'),
 ('3217', '3004', 'es_us', 'blog-8-1', NULL, '1', '2017-02-17 17:43:30', '2017-02-17 17:43:30', '8ee32b49-5306-45ae-9ab4-74eb3e50946b'),
 ('3218', '3005', 'en_us', 'blog-8-2', NULL, '1', '2017-02-17 17:43:30', '2017-02-17 17:43:30', 'd78b2891-fa04-4772-90b8-d977680504d2'),
 ('3219', '3005', 'es_us', 'blog-8-2', NULL, '1', '2017-02-17 17:43:30', '2017-02-17 17:43:30', 'f7dbbf8f-8a25-48c7-a6e1-b1a36e836652'),
 ('3220', '3006', 'en_us', 'what-does-navigating-education-really-mean', 'blog/what-does-navigating-education-really-mean', '1', '2017-02-17 17:52:44', '2017-02-17 18:44:46', 'd0bb042d-95f0-4823-87f5-f9c739c2dd55'),
 ('3221', '3006', 'es_us', 'what-does-navigating-education-really-mean', 'blog/what-does-navigating-education-really-mean', '1', '2017-02-17 17:52:44', '2017-02-17 18:44:46', '50b52704-634b-4125-91de-6c5ce82ac447');



DROP TABLE IF EXISTS `craft_emailmessages`;


--
-- Schema for table `craft_emailmessages`
--
CREATE TABLE `craft_emailmessages` (
  `id` int(11) NOT NULL AUTO_INCREMENT,
  `key` char(150) COLLATE utf8_unicode_ci NOT NULL,
  `locale` char(12) COLLATE utf8_unicode_ci NOT NULL,
  `subject` varchar(1000) COLLATE utf8_unicode_ci NOT NULL,
  `body` text COLLATE utf8_unicode_ci NOT NULL,
  `dateCreated` datetime NOT NULL,
  `dateUpdated` datetime NOT NULL,
  `uid` char(36) COLLATE utf8_unicode_ci NOT NULL DEFAULT '0',
  PRIMARY KEY (`id`),
  UNIQUE KEY `craft_emailmessages_key_locale_unq_idx` (`key`,`locale`),
  KEY `craft_emailmessages_locale_fk` (`locale`)
) ENGINE=InnoDB DEFAULT CHARSET=utf8 COLLATE=utf8_unicode_ci;

DROP TABLE IF EXISTS `craft_entries`;


--
-- Schema for table `craft_entries`
--
CREATE TABLE `craft_entries` (
  `id` int(11) NOT NULL,
  `sectionId` int(11) NOT NULL,
  `typeId` int(11) DEFAULT NULL,
  `authorId` int(11) DEFAULT NULL,
  `postDate` datetime DEFAULT NULL,
  `expiryDate` datetime DEFAULT NULL,
  `dateCreated` datetime NOT NULL,
  `dateUpdated` datetime NOT NULL,
  `uid` char(36) COLLATE utf8_unicode_ci NOT NULL DEFAULT '0',
  PRIMARY KEY (`id`),
  KEY `craft_entries_sectionId_idx` (`sectionId`),
  KEY `craft_entries_typeId_idx` (`typeId`),
  KEY `craft_entries_postDate_idx` (`postDate`),
  KEY `craft_entries_expiryDate_idx` (`expiryDate`),
  KEY `craft_entries_authorId_fk` (`authorId`)
) ENGINE=InnoDB DEFAULT CHARSET=utf8 COLLATE=utf8_unicode_ci;

--
-- Data for table `craft_entries`
--

INSERT INTO `craft_entries` (`id`, `sectionId`, `typeId`, `authorId`, `postDate`, `expiryDate`, `dateCreated`, `dateUpdated`, `uid`) VALUES
 ('2', '1', '1', NULL, '2017-01-03 22:07:47', NULL, '2016-10-10 20:59:13', '2017-01-26 16:52:05', '5b456b8e-942c-4e51-817a-ebe4ee67d82b'),
 ('2830', '9', '9', '1', '2016-12-20 19:41:00', NULL, '2016-12-20 19:41:21', '2017-01-26 23:47:39', '4e0448e6-33a9-4566-a796-74aebdb758bf'),
 ('2831', '10', '10', NULL, '2017-01-25 17:15:13', NULL, '2016-12-20 19:42:21', '2017-01-26 16:38:33', 'c8143b06-fd8b-4f14-94e0-6e41e392373e'),
 ('2843', '9', '15', '1', '2016-12-20 22:01:00', NULL, '2016-12-20 22:01:56', '2017-02-02 18:28:59', 'efa3fc67-8588-4e3f-9189-07bb1a1414fa'),
 ('2845', '9', '15', '1', '2016-12-20 22:40:00', NULL, '2016-12-20 22:40:44', '2017-02-02 18:42:49', '5ce8468b-728f-4dfe-9381-fbb30248c8f1'),
 ('2850', '9', '15', '1', '2016-12-20 22:49:00', NULL, '2016-12-20 22:49:44', '2017-02-02 19:07:59', 'cca156b6-6fc8-4582-9402-ed0a88b4ee2e'),
 ('2856', '9', '15', '1', '2016-12-20 23:00:00', NULL, '2016-12-20 23:04:45', '2017-02-02 21:07:12', '45c0fadf-a3af-46f0-b267-700cd935b36e'),
 ('2880', '14', '17', '1', '2017-01-17 20:42:00', NULL, '2017-01-17 20:42:53', '2017-01-24 19:56:25', '5eb909a5-443b-4f9d-8082-f45bc5c566e9'),
 ('2885', '14', '17', '1', '2017-01-17 22:45:00', NULL, '2017-01-17 22:45:59', '2017-01-23 23:06:07', '5ce95780-039a-4dd6-96a7-96f697a25952'),
 ('2890', '13', '16', '1', '2017-01-17 23:12:01', NULL, '2017-01-17 23:12:01', '2017-01-17 23:12:01', 'ee89c3e3-ca5a-42da-ad03-2685ef58d1c0'),
 ('2892', '14', '19', '1', '2017-01-17 23:21:00', NULL, '2017-01-17 23:21:22', '2017-01-24 20:48:32', '9f75bab2-2fe1-46e0-9d2b-51aa85d653cd'),
 ('2893', '13', '18', '1', '2017-01-17 23:21:00', NULL, '2017-01-17 23:21:44', '2017-01-23 22:28:16', '0c252f1d-6559-43a3-bbc3-c479895f24d6'),
 ('2895', '13', '16', '1', '2017-01-17 23:35:21', NULL, '2017-01-17 23:35:21', '2017-01-17 23:35:21', '6783e617-163a-4221-820e-206845516008'),
 ('2897', '13', '16', '1', '2017-01-18 15:23:00', NULL, '2017-01-18 15:23:58', '2017-01-20 15:28:57', '834db197-4f5c-495d-87ff-739650d74919'),
 ('2902', '13', '16', '1', '2017-01-18 15:30:09', NULL, '2017-01-18 15:30:09', '2017-01-18 15:30:09', '2e4e085d-90b6-4c44-9263-c9ddf3d15299'),
 ('2905', '13', '16', '1', '2017-01-18 16:44:00', NULL, '2017-01-18 16:44:06', '2017-01-20 16:29:46', '1d94a093-c994-4f8e-a7c7-72282c440aef'),
 ('2911', '14', '17', '1', '2017-01-24 17:25:00', NULL, '2017-01-24 17:25:49', '2017-01-24 18:04:49', '7aec202e-9769-4033-82c9-afad5e21382a'),
 ('2953', '12', '12', '1', '2016-12-02 21:28:00', NULL, '2017-02-02 21:28:49', '2017-02-08 19:46:20', 'f872c055-1e9e-4866-b7b8-d72e8dbf55bd'),
 ('2956', '12', '12', '1', '2017-02-02 22:21:00', NULL, '2017-02-02 22:21:26', '2017-02-08 20:01:15', '5a534dd8-822f-45d2-b47a-85536989e3eb'),
 ('2958', '15', NULL, NULL, '2017-02-02 22:48:25', NULL, '2017-02-02 22:48:25', '2017-02-02 22:49:50', '8f14034f-f7d2-46d2-afcb-ee57b01a430f'),
 ('2969', '16', '21', NULL, '2017-02-16 15:33:20', NULL, '2017-02-03 20:22:22', '2017-02-16 15:33:20', 'bf134d28-b8f3-4d7b-82b6-bf575159b919'),
 ('2979', '11', '11', '1', '2017-02-06 21:28:00', NULL, '2017-02-06 21:28:02', '2017-02-08 21:35:12', 'e309584b-e67c-4231-a33b-ee019a4e6075'),
 ('2981', '11', '11', '1', '2017-02-06 22:16:00', NULL, '2017-02-06 22:16:22', '2017-02-10 20:52:30', '53da1675-1d8e-401f-b642-db821fd8c608'),
 ('2984', '12', '12', '2985', '2017-02-06 23:00:00', NULL, '2017-02-06 23:00:54', '2017-02-10 20:35:24', 'dc09d3e0-1542-4af4-bd4a-1d8b599f865a'),
 ('2995', '12', '12', '1', '2017-02-09 15:18:00', NULL, '2017-02-09 15:18:13', '2017-02-10 15:47:26', '12d3b166-881d-4e7f-97ce-d53a2c173dcd'),
 ('3000', '18', '23', NULL, '2017-02-16 19:30:11', NULL, '2017-02-16 19:27:46', '2017-02-16 19:30:11', '5063a4ea-d97b-44e2-a861-839bc18ddb0a'),
 ('3006', '12', '12', '2985', '2015-11-03 00:00:00', NULL, '2017-02-17 17:52:44', '2017-02-17 18:44:47', '8a0e75f2-3ede-44b1-9fa8-f53ea09b093d');



DROP TABLE IF EXISTS `craft_entrydrafts`;


--
-- Schema for table `craft_entrydrafts`
--
CREATE TABLE `craft_entrydrafts` (
  `id` int(11) NOT NULL AUTO_INCREMENT,
  `entryId` int(11) NOT NULL,
  `sectionId` int(11) NOT NULL,
  `creatorId` int(11) NOT NULL,
  `locale` char(12) COLLATE utf8_unicode_ci NOT NULL,
  `name` varchar(255) COLLATE utf8_unicode_ci NOT NULL,
  `notes` tinytext COLLATE utf8_unicode_ci,
  `data` mediumtext COLLATE utf8_unicode_ci NOT NULL,
  `dateCreated` datetime NOT NULL,
  `dateUpdated` datetime NOT NULL,
  `uid` char(36) COLLATE utf8_unicode_ci NOT NULL DEFAULT '0',
  PRIMARY KEY (`id`),
  KEY `craft_entrydrafts_entryId_locale_idx` (`entryId`,`locale`),
  KEY `craft_entrydrafts_sectionId_fk` (`sectionId`),
  KEY `craft_entrydrafts_creatorId_fk` (`creatorId`),
  KEY `craft_entrydrafts_locale_fk` (`locale`)
) ENGINE=InnoDB DEFAULT CHARSET=utf8 COLLATE=utf8_unicode_ci;

DROP TABLE IF EXISTS `craft_entrytypes`;


--
-- Schema for table `craft_entrytypes`
--
CREATE TABLE `craft_entrytypes` (
  `id` int(11) NOT NULL AUTO_INCREMENT,
  `sectionId` int(11) NOT NULL,
  `fieldLayoutId` int(11) DEFAULT NULL,
  `name` varchar(255) COLLATE utf8_unicode_ci NOT NULL,
  `handle` varchar(255) COLLATE utf8_unicode_ci NOT NULL,
  `hasTitleField` tinyint(1) unsigned NOT NULL DEFAULT '1',
  `titleLabel` varchar(255) COLLATE utf8_unicode_ci DEFAULT 'Title',
  `titleFormat` varchar(255) COLLATE utf8_unicode_ci DEFAULT NULL,
  `sortOrder` smallint(6) unsigned DEFAULT NULL,
  `dateCreated` datetime NOT NULL,
  `dateUpdated` datetime NOT NULL,
  `uid` char(36) COLLATE utf8_unicode_ci NOT NULL DEFAULT '0',
  PRIMARY KEY (`id`),
  UNIQUE KEY `craft_entrytypes_name_sectionId_unq_idx` (`name`,`sectionId`),
  UNIQUE KEY `craft_entrytypes_handle_sectionId_unq_idx` (`handle`,`sectionId`),
  KEY `craft_entrytypes_sectionId_fk` (`sectionId`),
  KEY `craft_entrytypes_fieldLayoutId_fk` (`fieldLayoutId`)
) ENGINE=InnoDB AUTO_INCREMENT=24 DEFAULT CHARSET=utf8 COLLATE=utf8_unicode_ci;

--
-- Data for table `craft_entrytypes`
--

INSERT INTO `craft_entrytypes` (`id`, `sectionId`, `fieldLayoutId`, `name`, `handle`, `hasTitleField`, `titleLabel`, `titleFormat`, `sortOrder`, `dateCreated`, `dateUpdated`, `uid`) VALUES
 ('1', '1', '125', 'Homepage', 'homepage', '1', 'Title', NULL, '1', '2016-10-10 20:59:13', '2017-01-09 23:18:20', '41560ee1-2bc4-4349-b204-f9fbf3febd22'),
 ('9', '9', '156', 'Who We Are', 'whoWeAre', '0', NULL, '{section.name|raw}', '1', '2016-12-20 19:41:21', '2017-01-26 19:45:53', 'cb9e9edd-5eb7-4dda-bcfd-7a0aa3f7218a'),
 ('10', '10', '152', 'How We Help', 'howWeHelp', '0', NULL, '{section.name|raw}', '1', '2016-12-20 19:42:21', '2017-01-25 21:49:38', 'a377c6f9-225e-4c08-b642-0d655f74292d'),
 ('11', '11', '193', 'resources', 'resources', '1', 'Title', NULL, '1', '2016-12-20 19:48:02', '2017-02-09 20:07:08', '2db5181d-e45a-4b55-8859-966957d32117'),
 ('12', '12', '192', 'Blog Entry', 'blogEntry', '1', 'Title', NULL, '1', '2016-12-20 19:54:02', '2017-02-09 20:06:49', '18d047b2-2fd4-45c3-a423-eee28e66a14e'),
 ('15', '9', '163', 'People', 'people', '1', 'Title', NULL, '2', '2016-12-20 22:03:22', '2017-01-30 18:38:13', '4f164fea-1ec4-4bc2-afc6-558097790292'),
 ('16', '13', '138', 'For Employers', 'employers', '1', 'Section Title', NULL, '1', '2017-01-04 23:32:41', '2017-01-17 23:10:49', '5c24e203-e64f-4c39-8aec-1480281dedb6'),
 ('17', '14', '132', 'For Families', 'families', '1', 'Page Section Title', NULL, '1', '2017-01-04 23:33:20', '2017-01-17 20:49:44', '57760038-9172-4ef1-b158-490851662f55'),
 ('18', '13', '143', 'User Path Landing Page', 'userPathLandingPage', '1', 'Title', NULL, '2', '2017-01-17 23:43:03', '2017-01-23 22:12:48', 'aeae0dc4-3d5b-4501-80e6-3ebd96304d83'),
 ('19', '14', '144', 'User Path Landing Page', 'userPathLandingPage', '1', 'Title', NULL, '2', '2017-01-23 22:13:35', '2017-01-23 22:13:35', '364f09e7-0342-4210-95e2-7d8a511312c0'),
 ('20', '15', '169', 'Blog', 'blog', '0', NULL, '{section.name|raw}', '1', '2017-02-02 22:48:25', '2017-02-02 22:49:23', '40d1a60a-6820-4c44-851c-6876a6d64f73'),
 ('21', '16', '175', 'Resources', 'resources', '0', NULL, '{section.name|raw}', '1', '2017-02-03 20:22:22', '2017-02-03 20:58:14', '700c55a9-eb86-4351-bbc9-506d22be9e08'),
 ('23', '18', '195', 'Blog Search', 'blogSearch', '0', NULL, '{section.name|raw}', '1', '2017-02-16 19:27:46', '2017-02-16 19:27:46', '9e7d25bc-1d20-4cb1-8e0b-13a4e6ec67ce');



DROP TABLE IF EXISTS `craft_entryversions`;


--
-- Schema for table `craft_entryversions`
--
CREATE TABLE `craft_entryversions` (
  `id` int(11) NOT NULL AUTO_INCREMENT,
  `entryId` int(11) NOT NULL,
  `sectionId` int(11) NOT NULL,
  `creatorId` int(11) DEFAULT NULL,
  `locale` char(12) COLLATE utf8_unicode_ci NOT NULL,
  `num` smallint(6) unsigned NOT NULL,
  `notes` tinytext COLLATE utf8_unicode_ci,
  `data` mediumtext COLLATE utf8_unicode_ci NOT NULL,
  `dateCreated` datetime NOT NULL,
  `dateUpdated` datetime NOT NULL,
  `uid` char(36) COLLATE utf8_unicode_ci NOT NULL DEFAULT '0',
  PRIMARY KEY (`id`),
  KEY `craft_entryversions_entryId_locale_idx` (`entryId`,`locale`),
  KEY `craft_entryversions_sectionId_fk` (`sectionId`),
  KEY `craft_entryversions_creatorId_fk` (`creatorId`),
  KEY `craft_entryversions_locale_fk` (`locale`)
) ENGINE=InnoDB AUTO_INCREMENT=378 DEFAULT CHARSET=utf8 COLLATE=utf8_unicode_ci;

--
-- Data for table `craft_entryversions`
--

INSERT INTO `craft_entryversions` (`id`, `entryId`, `sectionId`, `creatorId`, `locale`, `num`, `notes`, `data`, `dateCreated`, `dateUpdated`, `uid`) VALUES
 ('1', '2', '1', '1', 'en_us', '1', NULL, '{\"typeId\":\"1\",\"authorId\":null,\"title\":\"Homepage\",\"slug\":\"homepage\",\"postDate\":1476133153,\"expiryDate\":null,\"enabled\":1,\"parentId\":null,\"fields\":[]}', '2016-10-10 20:59:13', '2016-10-10 20:59:13', '54e14552-2a66-4f7f-b4d9-04d21c024613'),
 ('2', '2', '1', '1', 'en_us', '2', NULL, '{\"typeId\":null,\"authorId\":null,\"title\":\"Welcome to ednavigator.dev!\",\"slug\":\"homepage\",\"postDate\":1476133153,\"expiryDate\":null,\"enabled\":\"1\",\"parentId\":null,\"fields\":{\"1\":\"<p>It\\u2019s true, this site doesn\\u2019t have a whole lot of content yet, but don\\u2019t worry. Our web developers have just installed the CMS, and they\\u2019re setting things up for the content editors this very moment. Soon ednavigator.dev will be an oasis of fresh perspectives, sharp analyses, and astute opinions that will keep you coming back again and again.<\\/p>\"}}', '2016-10-10 20:59:13', '2016-10-10 20:59:13', '2145ca22-535c-4fab-9578-0b7c2397811b'),
 ('68', '2', '1', '1', 'en_us', '3', '', '{\"typeId\":null,\"authorId\":null,\"title\":\"Homepage1\",\"slug\":\"homepage\",\"postDate\":1476133153,\"expiryDate\":null,\"enabled\":1,\"parentId\":null,\"fields\":{\"1\":\"<p>Currently unused.<\\/p>\"}}', '2016-12-14 20:29:43', '2016-12-14 20:29:43', 'e2d5f57b-5411-4d27-9f96-28cd37468d29'),
 ('69', '2', '1', '1', 'en_us', '4', '', '{\"typeId\":null,\"authorId\":null,\"title\":\"Homepage\",\"slug\":\"homepage\",\"postDate\":1476133153,\"expiryDate\":null,\"enabled\":1,\"parentId\":null,\"fields\":{\"1\":\"<p>Currently unused.<\\/p>\"}}', '2016-12-14 20:29:48', '2016-12-14 20:29:48', 'a35bd8b3-824f-485e-aeec-8c0e015c98f2'),
 ('70', '2', '1', '1', 'en_us', '5', '', '{\"typeId\":null,\"authorId\":null,\"title\":\"Homepage\",\"slug\":\"homepage\",\"postDate\":1476133153,\"expiryDate\":null,\"enabled\":1,\"parentId\":null,\"fields\":{\"1\":\"<p>Currently unused, just redirects to \\/work.<\\/p>\"}}', '2016-12-14 20:30:01', '2016-12-14 20:30:01', 'ea6638df-8cda-41ff-9b91-c1b73c1a1ec8'),
 ('216', '2830', '9', '1', 'en_us', '1', NULL, '{\"typeId\":\"9\",\"authorId\":null,\"title\":\"Who We Are\",\"slug\":\"who-we-are\",\"postDate\":1482262881,\"expiryDate\":null,\"enabled\":1,\"parentId\":null,\"fields\":[]}', '2016-12-20 19:41:21', '2016-12-20 19:41:21', '13e75dd3-2919-4d63-80a1-488f20c04c31'),
 ('217', '2831', '10', '1', 'en_us', '1', NULL, '{\"typeId\":\"10\",\"authorId\":null,\"title\":\"How We Help\",\"slug\":\"how-we-help\",\"postDate\":1482262941,\"expiryDate\":null,\"enabled\":1,\"parentId\":null,\"fields\":[]}', '2016-12-20 19:42:21', '2016-12-20 19:42:21', '9581ce8e-86cd-46b3-9ca9-726beef908a0'),
 ('220', '2843', '9', '1', 'en_us', '1', '', '{\"typeId\":null,\"authorId\":\"1\",\"title\":\"Who We Are\",\"slug\":\"navigators\",\"postDate\":1482271260,\"expiryDate\":null,\"enabled\":1,\"parentId\":\"2830\",\"fields\":{\"44\":\"\",\"7\":\"\",\"6\":\"\"}}', '2016-12-20 22:01:56', '2016-12-20 22:01:56', '43b9236d-7538-4fd3-8079-0c8abb0cfb54'),
 ('221', '2843', '9', '1', 'en_us', '2', '', '{\"typeId\":\"15\",\"authorId\":\"1\",\"title\":\"Navigators\",\"slug\":\"navigators\",\"postDate\":1482271260,\"expiryDate\":null,\"enabled\":1,\"parentId\":\"2830\",\"fields\":{\"36\":\"\",\"7\":\"\",\"6\":\"\",\"2\":\"\"}}', '2016-12-20 22:03:48', '2016-12-20 22:03:48', '40beb7d2-eb33-48c2-b719-ffe86a6f61ee'),
 ('222', '2845', '9', '1', 'en_us', '1', '', '{\"typeId\":\"15\",\"authorId\":\"1\",\"title\":\"Leadership\",\"slug\":\"leadership\",\"postDate\":1482273600,\"expiryDate\":null,\"enabled\":1,\"parentId\":\"2830\",\"fields\":{\"36\":{\"new1\":{\"type\":\"person\",\"enabled\":\"1\",\"fields\":{\"personName\":\"Timothy Daly\",\"personTitle\":\"Founding Partner\",\"bio\":\"\",\"photo\":\"\"}},\"new2\":{\"type\":\"person\",\"enabled\":\"1\",\"fields\":{\"personName\":\"Whitney Henderson\",\"personTitle\":\"Navigator-in-chief\",\"bio\":\"\",\"photo\":\"\"}},\"new3\":{\"type\":\"person\",\"enabled\":\"1\",\"fields\":{\"personName\":\"David Keeling\",\"personTitle\":\"Founding Partner\",\"bio\":\"\",\"photo\":\"\"}},\"new4\":{\"type\":\"person\",\"enabled\":\"1\",\"fields\":{\"personName\":\"Ariela Rozman\",\"personTitle\":\"Founding Partner\",\"bio\":\"\",\"photo\":\"\"}}},\"7\":\"\",\"6\":\"\",\"2\":\"\"}}', '2016-12-20 22:40:44', '2016-12-20 22:40:44', 'cecb0199-56c5-4b2b-a3ed-04acfcd29b08'),
 ('223', '2850', '9', '1', 'en_us', '1', '', '{\"typeId\":\"15\",\"authorId\":\"1\",\"title\":\"Board of Directors\",\"slug\":\"board-of-directors\",\"postDate\":1482274184,\"expiryDate\":null,\"enabled\":1,\"parentId\":\"2830\",\"fields\":{\"36\":{\"new1\":{\"type\":\"person\",\"enabled\":\"1\",\"fields\":{\"personName\":\"Kriste Dragon\",\"personTitle\":\"Co-founder and Chief Executive Officer, Citizens of the World Charter Schools\",\"bio\":\"\",\"photo\":\"\"}},\"new2\":{\"type\":\"person\",\"enabled\":\"1\",\"fields\":{\"personName\":\"Kaya Henderson\",\"personTitle\":\"Former Chancellor,  DC Public Schools\",\"bio\":\"\",\"photo\":\"\"}},\"new3\":{\"type\":\"person\",\"enabled\":\"1\",\"fields\":{\"personName\":\"Ryan Smith\",\"personTitle\":\"Executive Director,  Education Trust-West\",\"bio\":\"\",\"photo\":\"\"}},\"new4\":{\"type\":\"person\",\"enabled\":\"1\",\"fields\":{\"personName\":\"Chris Stewart\",\"personTitle\":\"Director of Outreach and External Affairs, Education Post\",\"bio\":\"\",\"photo\":\"\"}}},\"7\":\"\",\"6\":\"\",\"2\":\"\"}}', '2016-12-20 22:49:44', '2016-12-20 22:49:44', '296db270-2b75-4d48-80bf-f0a73b0ca3cb'),
 ('224', '2856', '9', '1', 'en_us', '1', '', '{\"typeId\":\"15\",\"authorId\":\"1\",\"title\":\"Our Partners                 \",\"slug\":\"our-partners\",\"postDate\":1482274800,\"expiryDate\":null,\"enabled\":1,\"parentId\":\"2830\",\"fields\":{\"36\":{\"new1\":{\"type\":\"person\",\"enabled\":\"1\",\"fields\":{\"personName\":\"International House Hotel\",\"personTitle\":\"Anchor Partner\",\"bio\":\"<p>International House Hotel is a luxury boutique hotel located in downtown New Orleans, with 117 rooms. EdNavigator support is available to any eligible employee who is interested.&nbsp;<\\/p>\",\"photo\":\"\"}},\"new2\":{\"type\":\"person\",\"enabled\":\"1\",\"fields\":{\"personName\":\"The New Orleans marriott\",\"personTitle\":\"\",\"bio\":\"<p>Located on Canal Street, the New Orleans Marriott is the city\\u2019s second-largest hotel, with 1,330 rooms.<\\/p>\",\"photo\":\"\"}},\"new3\":{\"type\":\"person\",\"enabled\":\"1\",\"fields\":{\"personName\":\"The Hyatt Regency New Orleans\",\"personTitle\":\"\",\"bio\":\"\",\"photo\":\"\"}},\"new4\":{\"type\":\"person\",\"enabled\":\"1\",\"fields\":{\"personName\":\"The JW Marriott New Orleans\",\"personTitle\":\"\",\"bio\":\"\",\"photo\":\"\"}},\"new5\":{\"type\":\"person\",\"enabled\":\"1\",\"fields\":{\"personName\":\"The Ritz-Carlton New Orleans\",\"personTitle\":\"\",\"bio\":\"\",\"photo\":\"\"}},\"new6\":{\"type\":\"person\",\"enabled\":\"1\",\"fields\":{\"personName\":\"The Residence Inn New Orleans Downtwon\",\"personTitle\":\"\",\"bio\":\"\",\"photo\":\"\"}},\"new7\":{\"type\":\"person\",\"enabled\":\"1\",\"fields\":{\"personName\":\"The New Orleans Marriott At The Convention Center\",\"personTitle\":\"\",\"bio\":\"\",\"photo\":\"\"}}},\"7\":\"\",\"6\":\"\",\"2\":\"\"}}', '2016-12-20 23:04:45', '2016-12-20 23:04:45', '02c81e76-7e07-4511-b6d8-2288a08f4293'),
 ('225', '2831', '10', '1', 'en_us', '2', '', '{\"typeId\":null,\"authorId\":null,\"title\":\"How We Help\",\"slug\":\"how-we-help\",\"postDate\":1482262941,\"expiryDate\":null,\"enabled\":1,\"parentId\":null,\"fields\":{\"48\":\"We give hard-working families personalized, ongoing support along the path from preschool to college.\",\"7\":\"\",\"6\":\"\"}}', '2017-01-03 17:00:02', '2017-01-03 17:00:02', '5552d29b-74cc-457c-b504-fe9fe15f3dde'),
 ('228', '2', '1', '1', 'en_us', '6', '', '{\"typeId\":\"1\",\"authorId\":null,\"title\":\"Homepage\",\"slug\":\"homepage\",\"postDate\":1483481267,\"expiryDate\":null,\"enabled\":1,\"parentId\":null,\"fields\":{\"50\":\"\",\"49\":\"\",\"48\":\"\",\"7\":\"\",\"6\":\"\",\"51\":{\"new1\":{\"type\":\"userPath\",\"enabled\":\"1\",\"fields\":{\"pathTitle\":\"For Employers\",\"pathLinkText\":\"Invest in your greatest asset \\u2014\\u00a0your people.\",\"pathPage\":[\"2864\"],\"pathImage\":[\"2866\"]}},\"new2\":{\"type\":\"userPath\",\"enabled\":\"1\",\"fields\":{\"pathTitle\":\"For Families\\r\\n& Students\",\"pathLinkText\":\"Find your path.\",\"pathPage\":[\"2865\"],\"pathImage\":[\"2867\"]}}}}}', '2017-01-05 16:42:04', '2017-01-05 16:42:04', '762c9833-33cd-40be-9658-d4205beae4cf'),
 ('229', '2', '1', '1', 'en_us', '7', '', '{\"typeId\":\"1\",\"authorId\":null,\"title\":\"Homepage\",\"slug\":\"homepage\",\"postDate\":1483481267,\"expiryDate\":null,\"enabled\":1,\"parentId\":null,\"fields\":{\"50\":\"\",\"49\":\"<p>We partner with leading businesses to help hard-working families find a path \\r\\nto success in school and beyond.<\\/p>\",\"48\":\"Education is \\r\\nthe path to a better life\",\"7\":\"\",\"6\":\"\",\"51\":{\"2868\":{\"type\":\"userPath\",\"enabled\":\"1\",\"fields\":{\"pathTitle\":\"For Employers\",\"pathLinkText\":\"Invest in your greatest asset \\u2014\\u00a0your people.\",\"pathPage\":[\"2864\"],\"pathImage\":[\"2866\"]}},\"2869\":{\"type\":\"userPath\",\"enabled\":\"1\",\"fields\":{\"pathTitle\":\"For Families\\r\\n& Students\",\"pathLinkText\":\"Find your path.\",\"pathPage\":[\"2865\"],\"pathImage\":[\"2867\"]}}}}}', '2017-01-05 16:53:38', '2017-01-05 16:53:38', 'd7aa4824-1d11-462a-b2e7-e637567e9552'),
 ('230', '2', '1', '1', 'en_us', '8', '', '{\"typeId\":\"1\",\"authorId\":null,\"title\":\"Homepage\",\"slug\":\"homepage\",\"postDate\":1483481267,\"expiryDate\":null,\"enabled\":1,\"parentId\":null,\"fields\":{\"50\":[\"2870\"],\"49\":\"<p>We partner with leading businesses to help hard-working families find a path \\r\\nto success in school and beyond.<\\/p>\",\"48\":\"Education is \\r\\nthe path to a better life\",\"7\":\"\",\"6\":\"\",\"51\":{\"2868\":{\"type\":\"userPath\",\"enabled\":\"1\",\"fields\":{\"pathTitle\":\"For Employers\",\"pathLinkText\":\"Invest in your greatest asset \\u2014\\u00a0your people.\",\"pathPage\":[\"2864\"],\"pathImage\":[\"2866\"]}},\"2869\":{\"type\":\"userPath\",\"enabled\":\"1\",\"fields\":{\"pathTitle\":\"For Families\\r\\n& Students\",\"pathLinkText\":\"Find your path.\",\"pathPage\":[\"2865\"],\"pathImage\":[\"2867\"]}}}}}', '2017-01-05 17:48:24', '2017-01-05 17:48:24', '4e154c99-c056-41c7-a587-d74e8401f4d5'),
 ('231', '2', '1', '1', 'en_us', '9', '', '{\"typeId\":\"1\",\"authorId\":null,\"title\":\"Homepage\",\"slug\":\"homepage\",\"postDate\":1483481267,\"expiryDate\":null,\"enabled\":1,\"parentId\":null,\"fields\":{\"50\":[\"2871\"],\"49\":\"<p>We partner with leading businesses to help hard-working families find a path \\r\\nto success in school and beyond.<\\/p>\",\"48\":\"Education is \\r\\nthe path to a better life\",\"7\":\"\",\"6\":\"\",\"51\":{\"2868\":{\"type\":\"userPath\",\"enabled\":\"1\",\"fields\":{\"pathTitle\":\"For Employers\",\"pathLinkText\":\"Invest in your greatest asset \\u2014\\u00a0your people.\",\"pathPage\":[\"2864\"],\"pathImage\":\"\"}},\"2869\":{\"type\":\"userPath\",\"enabled\":\"1\",\"fields\":{\"pathTitle\":\"For Families\\r\\n& Students\",\"pathLinkText\":\"Find your path.\",\"pathPage\":[\"2865\"],\"pathImage\":\"\"}}}}}', '2017-01-05 18:10:29', '2017-01-05 18:10:29', 'fafe2369-367c-402e-a1dd-ce0c535e6f0d'),
 ('232', '2', '1', '1', 'en_us', '10', '', '{\"typeId\":\"1\",\"authorId\":null,\"title\":\"Homepage\",\"slug\":\"homepage\",\"postDate\":1483481267,\"expiryDate\":null,\"enabled\":1,\"parentId\":null,\"fields\":{\"50\":[\"2871\"],\"49\":\"<p>We partner with leading businesses to help hard-working families find a path \\r\\nto success in school and beyond.<\\/p>\",\"48\":\"Education is \\r\\nthe path to a better life\",\"7\":\"\",\"6\":\"\",\"51\":{\"2868\":{\"type\":\"userPath\",\"enabled\":\"1\",\"fields\":{\"pathTitle\":\"For Employers\",\"pathLinkText\":\"Invest in your greatest asset \\u2014\\u00a0your people.\",\"pathPage\":[\"2864\"],\"pathImage\":[\"2866\"]}},\"2869\":{\"type\":\"userPath\",\"enabled\":\"1\",\"fields\":{\"pathTitle\":\"For Families\\r\\n& Students\",\"pathLinkText\":\"Find your path.\",\"pathPage\":[\"2865\"],\"pathImage\":[\"2867\"]}}}}}', '2017-01-05 18:11:07', '2017-01-05 18:11:07', '348505a7-6924-4771-bf53-32ef6bc46d92'),
 ('233', '2', '1', '1', 'en_us', '11', '', '{\"typeId\":\"1\",\"authorId\":null,\"title\":\"Homepage\",\"slug\":\"homepage\",\"postDate\":1483481267,\"expiryDate\":null,\"enabled\":1,\"parentId\":null,\"fields\":{\"50\":[\"2871\"],\"49\":\"<p>We partner with leading businesses to help hard-working families find a path \\r\\nto success in school and beyond.<\\/p>\",\"48\":\"Education is \\r\\nthe path to a better life\",\"7\":\"\",\"6\":\"\",\"51\":{\"2868\":{\"type\":\"userPath\",\"enabled\":\"1\",\"fields\":{\"pathTitle\":\"For Employers\",\"pathLinkText\":\"Invest in your greatest asset \\u2014\\u00a0your people.\",\"pathPage\":[\"2864\"],\"pathImage\":[\"2866\"]}},\"2869\":{\"type\":\"userPath\",\"enabled\":\"1\",\"fields\":{\"pathTitle\":\"For Families\\r\\n& Students\",\"pathLinkText\":\"Find your path.\",\"pathPage\":[\"2865\"],\"pathImage\":[\"2867\"]}}}}}', '2017-01-05 18:25:50', '2017-01-05 18:25:50', '98c9e585-6589-4cf3-8ce9-281c1bcac197'),
 ('234', '2', '1', '1', 'en_us', '12', '', '{\"typeId\":\"1\",\"authorId\":null,\"title\":\"Homepage\",\"slug\":\"homepage\",\"postDate\":1483481267,\"expiryDate\":null,\"enabled\":1,\"parentId\":null,\"fields\":{\"50\":[\"2871\"],\"49\":\"<p>We partner with leading businesses to help hard-working families find a path \\r\\nto success in school and beyond.<\\/p>\",\"48\":\"Education is<br> \\r\\nthe path to a better life\",\"7\":\"\",\"6\":\"\",\"51\":{\"2868\":{\"type\":\"userPath\",\"enabled\":\"1\",\"fields\":{\"pathTitle\":\"For Employers\",\"pathLinkText\":\"Invest in your greatest asset \\u2014\\u00a0your people.\",\"pathPage\":[\"2864\"],\"pathImage\":[\"2866\"]}},\"2869\":{\"type\":\"userPath\",\"enabled\":\"1\",\"fields\":{\"pathTitle\":\"For Families<br>\\r\\n& Students\",\"pathLinkText\":\"Find your path.\",\"pathPage\":[\"2865\"],\"pathImage\":[\"2867\"]}}}}}', '2017-01-05 18:26:33', '2017-01-05 18:26:33', '96589a64-e47f-479a-ad6c-fdf066c555cf'),
 ('235', '2', '1', '1', 'en_us', '13', '', '{\"typeId\":\"1\",\"authorId\":null,\"title\":\"Homepage\",\"slug\":\"homepage\",\"postDate\":1483481267,\"expiryDate\":null,\"enabled\":1,\"parentId\":null,\"fields\":{\"50\":[\"2871\"],\"49\":\"<p>We partner with leading businesses to help hard-working families find a path \\r\\nto success in school and beyond.<\\/p>\",\"48\":\"Education is \\r\\nthe path to a better life\",\"7\":\"\",\"6\":\"\",\"51\":{\"2868\":{\"type\":\"userPath\",\"enabled\":\"1\",\"fields\":{\"pathTitle\":\"For Employers\",\"pathLinkText\":\"Invest in your greatest asset \\u2014\\u00a0your people.\",\"pathPage\":[\"2864\"],\"pathImage\":[\"2866\"]}},\"2869\":{\"type\":\"userPath\",\"enabled\":\"1\",\"fields\":{\"pathTitle\":\"For Families\\r\\n& Students\",\"pathLinkText\":\"Find your path.\",\"pathPage\":[\"2865\"],\"pathImage\":[\"2867\"]}}}}}', '2017-01-05 18:26:59', '2017-01-05 18:26:59', 'ca81cd67-088e-4d24-92be-a79a8226fd03'),
 ('236', '2', '1', '1', 'en_us', '14', '', '{\"typeId\":\"1\",\"authorId\":null,\"title\":\"Homepage\",\"slug\":\"homepage\",\"postDate\":1483481267,\"expiryDate\":null,\"enabled\":1,\"parentId\":null,\"fields\":{\"50\":[\"2871\"],\"49\":\"<p>We partner with leading businesses to help hard-working families find a path \\r\\nto success in school and beyond.<\\/p>\",\"48\":\"Education is \\r\\nthe path to a better life\",\"7\":\"\",\"6\":\"\",\"51\":{\"2868\":{\"type\":\"userPath\",\"enabled\":\"1\",\"fields\":{\"pathTitle\":\"For Employers\",\"pathLinkText\":\"Invest in your greatest asset \\u2014\\u00a0your people.\",\"pathPage\":[\"2864\"],\"pathImage\":[\"2866\"]}},\"2869\":{\"type\":\"userPath\",\"enabled\":\"1\",\"fields\":{\"pathTitle\":\"For Families\\r\\n& Students\",\"pathLinkText\":\"Find your path.\",\"pathPage\":[\"2865\"],\"pathImage\":[\"2867\"]}}}}}', '2017-01-05 19:37:01', '2017-01-05 19:37:01', 'b12bccb4-6d8b-43c4-ae29-a3530b28e713'),
 ('237', '2', '1', '1', 'en_us', '15', '', '{\"typeId\":\"1\",\"authorId\":null,\"title\":\"Homepage\",\"slug\":\"homepage\",\"postDate\":1483481267,\"expiryDate\":null,\"enabled\":1,\"parentId\":null,\"fields\":{\"50\":[\"2871\"],\"49\":\"<p>We partner with leading businesses to help hard-working families find a path \\r\\nto success in school and beyond.<\\/p>\",\"48\":\"Education is \\r\\nthe path to a better life\",\"36\":\"\",\"7\":\"\",\"6\":\"\",\"51\":{\"2868\":{\"type\":\"userPath\",\"enabled\":\"1\",\"fields\":{\"pathTitle\":\"For\\r\\nEmployers\",\"pathLinkText\":\"Invest in your greatest asset \\u2014\\u00a0your people.\",\"pathPage\":[\"2864\"],\"pathImage\":[\"2866\"]}},\"2869\":{\"type\":\"userPath\",\"enabled\":\"1\",\"fields\":{\"pathTitle\":\"For Families\\r\\n& Students\",\"pathLinkText\":\"Find your path.\",\"pathPage\":[\"2865\"],\"pathImage\":[\"2867\"]}}}}}', '2017-01-09 21:26:11', '2017-01-09 21:26:11', '53e7ebc9-89c0-4810-91f5-28b07f0deac8'),
 ('238', '2', '1', '1', 'en_us', '16', '', '{\"typeId\":\"1\",\"authorId\":null,\"title\":\"Homepage\",\"slug\":\"homepage\",\"postDate\":1483481267,\"expiryDate\":null,\"enabled\":1,\"parentId\":null,\"fields\":{\"50\":[\"2871\"],\"49\":\"<p>We partner with leading businesses to help hard-working families find a path \\r\\nto success in school and beyond.<\\/p>\",\"48\":\"Education is \\r\\nthe path to a better life\",\"36\":\"\",\"7\":\"\",\"6\":\"\",\"51\":{\"2868\":{\"type\":\"userPath\",\"enabled\":\"1\",\"fields\":{\"pathTitle\":\"For\\r\\nEmployers\",\"pathLinkText\":\"Invest in your greatest\\r\\nasset \\u2014\\u00a0your people.\",\"pathPage\":[\"2864\"],\"pathImage\":[\"2866\"]}},\"2869\":{\"type\":\"userPath\",\"enabled\":\"1\",\"fields\":{\"pathTitle\":\"For Families\\r\\n& Students\",\"pathLinkText\":\"Find your path.\",\"pathPage\":[\"2865\"],\"pathImage\":[\"2867\"]}}}}}', '2017-01-09 21:27:03', '2017-01-09 21:27:03', '6630615d-3d5c-418c-85bf-5829fd9c2986'),
 ('239', '2880', '14', '1', 'en_us', '1', '', '{\"typeId\":null,\"authorId\":\"1\",\"title\":\"For Families\",\"slug\":\"test\",\"postDate\":1484685772,\"expiryDate\":null,\"enabled\":1,\"parentId\":\"\",\"fields\":{\"59\":{\"new1\":{\"type\":\"pageSection\",\"enabled\":\"1\",\"fields\":{\"sectionTitle\":\"Test\",\"sectionImage\":[\"2876\"],\"sectionText\":\"Testing\",\"sectionLinks\":\"<p>testing!<\\/p>\"}}}}}', '2017-01-17 20:42:53', '2017-01-17 20:42:53', 'd4cafbec-128f-4566-b4ee-7615e58b291a'),
 ('240', '2880', '14', '1', 'en_us', '2', '', '{\"typeId\":\"17\",\"authorId\":\"1\",\"title\":\"Find Your Path\",\"slug\":\"find-your-path\",\"postDate\":1484685720,\"expiryDate\":null,\"enabled\":1,\"parentId\":\"\",\"fields\":{\"59\":{\"2881\":{\"type\":\"pageSection\",\"enabled\":\"1\",\"fields\":{\"sectionTitle\":\"Find your path.\",\"sectionImage\":[\"2876\"],\"sectionText\":\"Whether you are guiding a child through school or working towards your own educational goals, you can count on us to provide expert advice and personalized, hands-on support \\r\\nevery step of the way.\",\"sectionLinks\":\"<p>Learn more about Who We Are<\\/p>\"}}}}}', '2017-01-17 20:57:16', '2017-01-17 20:57:16', '01adb3f4-7aa1-4e40-b7cd-e8ea8f6ed177'),
 ('241', '2880', '14', '1', 'en_us', '3', '', '{\"typeId\":\"17\",\"authorId\":\"1\",\"title\":\"Find Your Path\",\"slug\":\"find-your-path\",\"postDate\":1484685720,\"expiryDate\":null,\"enabled\":1,\"parentId\":\"\",\"fields\":{\"59\":{\"2881\":{\"type\":\"pageSection\",\"enabled\":\"1\",\"fields\":{\"sectionTitle\":\"Find your path.\",\"sectionImage\":[\"2882\"],\"sectionText\":\"Whether you are guiding a child through school or working towards your own educational goals, you can count on us to provide expert advice and personalized, hands-on support \\r\\nevery step of the way.\",\"sectionLinks\":\"<p>Learn more about Who We Are<\\/p>\"}}}}}', '2017-01-17 21:11:22', '2017-01-17 21:11:22', '3ea629b5-2cba-4299-a2cf-6911f8a0c70c'),
 ('242', '2880', '14', '1', 'en_us', '4', '', '{\"typeId\":\"17\",\"authorId\":\"1\",\"title\":\"Find Your Path\",\"slug\":\"find-your-path\",\"postDate\":1484685720,\"expiryDate\":null,\"enabled\":1,\"parentId\":\"\",\"fields\":{\"59\":{\"2881\":{\"type\":\"pageSection\",\"enabled\":\"1\",\"fields\":{\"sectionTitle\":\"Find your path.\",\"sectionImage\":[\"2882\"],\"sectionText\":\"Whether you are guiding a child through school or working towards your own educational goals, you can count on us to provide expert advice and personalized, hands-on support \\r\\nevery step of the way.\",\"sectionLinks\":\"<p>Learn more about Who We Are<\\/p>\",\"sectionColor\":\"background-blue\"}}}}}', '2017-01-17 21:20:33', '2017-01-17 21:20:33', '6236c489-695b-4bef-8655-bb5043fd674e'),
 ('243', '2880', '14', '1', 'en_us', '5', '', '{\"typeId\":\"17\",\"authorId\":\"1\",\"title\":\"Find Your Path\",\"slug\":\"find-your-path\",\"postDate\":1484685720,\"expiryDate\":null,\"enabled\":1,\"parentId\":\"\",\"fields\":{\"59\":{\"2881\":{\"type\":\"pageSection\",\"enabled\":\"1\",\"fields\":{\"sectionImage\":[\"2883\"],\"sectionText\":\"Whether you are guiding a child through school or working towards your own educational goals, you can count on us to provide expert advice and personalized, hands-on support \\r\\nevery step of the way.\",\"sectionLinks\":\"<p>Learn more about Who We Are<\\/p>\",\"sectionColor\":\"background-blue\"}}}}}', '2017-01-17 22:02:10', '2017-01-17 22:02:10', 'a92a562f-f0cc-4c8f-bd15-95d29f7038d2'),
 ('244', '2880', '14', '1', 'en_us', '6', '', '{\"typeId\":\"17\",\"authorId\":\"1\",\"title\":\"Find Your Path\",\"slug\":\"find-your-path\",\"postDate\":1484685720,\"expiryDate\":null,\"enabled\":1,\"parentId\":\"\",\"fields\":{\"59\":{\"2881\":{\"type\":\"pageSection\",\"enabled\":\"1\",\"fields\":{\"sectionImage\":[\"2883\"],\"sectionText\":\"Whether you are guiding a child through school or working towards your own educational goals, you can count on us to provide expert advice and personalized, hands-on support \\r\\nevery step of the way.\",\"sectionLinks\":\"<p>Learn more about Who We Are<\\/p>\",\"sectionColor\":\"background-blue\"}}}}}', '2017-01-17 22:02:36', '2017-01-17 22:02:36', '6bf987c8-03fd-48c5-918a-0f8db7d65409'),
 ('245', '2880', '14', '1', 'en_us', '7', '', '{\"typeId\":\"17\",\"authorId\":\"1\",\"title\":\"Find Your Path\",\"slug\":\"find-your-path\",\"postDate\":1484685720,\"expiryDate\":null,\"enabled\":1,\"parentId\":\"\",\"fields\":{\"59\":{\"2881\":{\"type\":\"pageSection\",\"enabled\":\"1\",\"fields\":{\"sectionTitle\":\"Find your path.\",\"sectionText\":\"Whether you are guiding a child through school or working towards your own educational goals, you can count on us to provide expert advice and personalized, hands-on support \\r\\nevery step of the way.\",\"sectionLinks\":\"<p>Learn more about Who We Are<\\/p>\",\"sectionColor\":\"background-blue\",\"sectionImage\":[\"2883\"]}}}}}', '2017-01-17 22:04:12', '2017-01-17 22:04:12', '88cabc57-fef4-4b1d-bb2b-48691d6ff033'),
 ('246', '2880', '14', '1', 'en_us', '8', '', '{\"typeId\":\"17\",\"authorId\":\"1\",\"title\":\"Find Your Path\",\"slug\":\"find-your-path\",\"postDate\":1484685720,\"expiryDate\":null,\"enabled\":1,\"parentId\":\"\",\"fields\":{\"59\":{\"2881\":{\"type\":\"pageSection\",\"enabled\":\"1\",\"fields\":{\"sectionTitle\":\"Find your path.\",\"sectionText\":\"Whether you are guiding a child through school or working towards your own educational goals, you can count on us to provide expert advice and personalized, hands-on support \\r\\nevery step of the way.\",\"sectionLinks\":\"<p><a href=\\\"http:\\/\\/ednavigator.dev\\/who-we-are#entry:2830\\\">Learn more about Who We Are<\\/a><\\/p>\",\"sectionColor\":\"background-blue\",\"sectionImage\":[\"2883\"]}}}}}', '2017-01-17 22:21:12', '2017-01-17 22:21:12', '92f36372-7096-43af-99f8-db7fe6e4b261'),
 ('247', '2885', '14', '1', 'en_us', '1', '', '{\"typeId\":null,\"authorId\":\"1\",\"title\":\"The Help you need\",\"slug\":\"the-help-you-need\",\"postDate\":1484693159,\"expiryDate\":null,\"enabled\":1,\"parentId\":\"\",\"fields\":{\"59\":{\"new1\":{\"type\":\"pageSection\",\"enabled\":\"1\",\"fields\":{\"sectionTitle\":\"The help you need, when you need it.\",\"sectionText\":\"Our expert Navigators work with you to set clear goals, create a concrete plan, and take action. We can help you choose the right school, review and analyze academic progress, support learning at home and stand up for students\\u2019 needs in the classroom.\",\"sectionLinks\":\"<p><a href=\\\"http:\\/\\/ednavigator.dev\\/how-we-help#entry:2831\\\">Learn more about How We Help<\\/a><\\/p>\",\"sectionColor\":\"background-gray\",\"sectionImage\":[\"2883\"]}}}}}', '2017-01-17 22:45:59', '2017-01-17 22:45:59', '192b1c40-3a9e-45e4-b77a-f59fd2a3cc52'),
 ('248', '2885', '14', '1', 'en_us', '2', '', '{\"typeId\":\"17\",\"authorId\":\"1\",\"title\":\"The Help you need\",\"slug\":\"the-help-you-need\",\"postDate\":1484693100,\"expiryDate\":null,\"enabled\":1,\"parentId\":\"\",\"fields\":{\"59\":{\"2886\":{\"type\":\"pageSection\",\"enabled\":\"1\",\"fields\":{\"sectionTitle\":\"The help you\\r\\nneed, when you\\r\\nneed it.\",\"sectionText\":\"Our expert Navigators work with you to set clear goals, create a concrete plan, and take action. We can help you choose the right school, review and analyze academic progress, support learning at home and stand up for students\\u2019 needs in the classroom.\",\"sectionLinks\":\"<p><a href=\\\"http:\\/\\/ednavigator.dev\\/how-we-help#entry:2831:url\\\">Learn more about How We Help<\\/a><\\/p>\",\"sectionColor\":\"background-gray\",\"sectionImage\":[\"2883\"]}}}}}', '2017-01-17 22:55:43', '2017-01-17 22:55:43', 'f1a8383e-2040-46fb-b0f2-d5bd42789061'),
 ('249', '2880', '14', '1', 'en_us', '9', '', '{\"typeId\":\"17\",\"authorId\":\"1\",\"title\":\"Find Your Path\",\"slug\":\"find-your-path\",\"postDate\":1484685720,\"expiryDate\":null,\"enabled\":1,\"parentId\":\"\",\"fields\":{\"59\":{\"2881\":{\"type\":\"pageSection\",\"enabled\":\"1\",\"fields\":{\"sectionTitle\":\"Find your\\r\\npath.\",\"sectionText\":\"Whether you are guiding a child through school or working towards your own educational goals, you can count on us to provide expert advice and personalized, hands-on support \\r\\nevery step of the way.\",\"sectionLinks\":\"<p><a href=\\\"http:\\/\\/ednavigator.dev\\/who-we-are#entry:2830:url\\\">Learn more about Who We Are<\\/a><\\/p>\",\"sectionColor\":\"background-blue\",\"sectionImage\":[\"2883\"]}}}}}', '2017-01-17 22:57:58', '2017-01-17 22:57:58', '58f3bc13-1cdc-4048-8f75-3b6157c930a8'),
 ('250', '2880', '14', '1', 'en_us', '10', '', '{\"typeId\":\"17\",\"authorId\":\"1\",\"title\":\"Find Your Path\",\"slug\":\"find-your-path\",\"postDate\":1484685720,\"expiryDate\":null,\"enabled\":1,\"parentId\":\"\",\"fields\":{\"59\":{\"2881\":{\"type\":\"pageSection\",\"enabled\":\"1\",\"fields\":{\"sectionTitle\":\"Find your\\r\\npath.\",\"sectionText\":\"Whether you are guiding a child through school or working towards your own educational goals, you can count on us to provide expert advice and personalized, hands-on support \\r\\nevery step of the way.\",\"sectionLinks\":\"<p><a href=\\\"http:\\/\\/ednavigator.dev\\/who-we-are#entry:2830:url\\\">Learn more about Who We Are<\\/a><\\/p>\",\"sectionColor\":\"background-blue\",\"sectionImage\":[\"2887\"]}}}}}', '2017-01-17 23:03:38', '2017-01-17 23:03:38', '5604e9b8-130b-4bca-8947-fd7104d8b21f'),
 ('251', '2885', '14', '1', 'en_us', '3', '', '{\"typeId\":\"17\",\"authorId\":\"1\",\"title\":\"The Help you need\",\"slug\":\"the-help-you-need\",\"postDate\":1484693100,\"expiryDate\":null,\"enabled\":1,\"parentId\":\"\",\"fields\":{\"59\":{\"2886\":{\"type\":\"pageSection\",\"enabled\":\"1\",\"fields\":{\"sectionTitle\":\"The help you\\r\\nneed, when you\\r\\nneed it.\",\"sectionText\":\"Our expert Navigators work with you to set clear goals, create a concrete plan, and take action. We can help you choose the right school, review and analyze academic progress, support learning at home and stand up for students\\u2019 needs in the classroom.\",\"sectionLinks\":\"<p><a href=\\\"http:\\/\\/ednavigator.dev\\/how-we-help#entry:2831:url\\\">Learn more about How We Help<\\/a><\\/p>\",\"sectionColor\":\"background-gray\",\"sectionImage\":[\"2888\"]}}}}}', '2017-01-17 23:03:52', '2017-01-17 23:03:52', 'a11e3696-0dc1-46f8-95aa-8c62c206c0b7'),
 ('252', '2890', '13', '1', 'en_us', '1', '', '{\"typeId\":null,\"authorId\":\"1\",\"title\":\"Invest in your greatest asset\",\"slug\":\"invest-in-your-greatest-asset\",\"postDate\":1484694721,\"expiryDate\":null,\"enabled\":1,\"parentId\":\"\",\"fields\":{\"59\":{\"new1\":{\"type\":\"pageSection\",\"enabled\":\"1\",\"fields\":{\"sectionTitle\":\"Invest in your \\r\\ngreatest asset \\r\\n\\u2014 your people.\",\"sectionText\":\"An investment in your employees\\u2019 future is an investment in your business and community. EdNavigator offers employers an innovative way to boost employee morale, reduce turnover, and cut costs while improving educational outcomes for students and helping families, schools, and communities thrive.\",\"sectionLinks\":\"\",\"sectionColor\":\"background-gray\",\"sectionImage\":[\"2889\"]}}}}}', '2017-01-17 23:12:01', '2017-01-17 23:12:01', '43d6d5c4-a703-40b1-a7e7-c3f4029d2e64'),
 ('253', '2892', '14', '1', 'en_us', '1', '', '{\"typeId\":null,\"authorId\":\"1\",\"title\":\"For Families\",\"slug\":\"families\",\"postDate\":1484695282,\"expiryDate\":null,\"enabled\":1,\"parentId\":\"\",\"fields\":{\"59\":\"\"}}', '2017-01-17 23:21:22', '2017-01-17 23:21:22', '436071b7-000a-4205-8018-7a6372b8c5ac'),
 ('254', '2893', '13', '1', 'en_us', '1', '', '{\"typeId\":null,\"authorId\":\"1\",\"title\":\"For Employers\",\"slug\":\"employers\",\"postDate\":1484695304,\"expiryDate\":null,\"enabled\":1,\"parentId\":\"\",\"fields\":{\"59\":\"\"}}', '2017-01-17 23:21:44', '2017-01-17 23:21:44', '3820df80-befb-422e-8400-de09fec6a081'),
 ('255', '2', '1', '1', 'en_us', '17', '', '{\"typeId\":\"1\",\"authorId\":null,\"title\":\"Homepage\",\"slug\":\"homepage\",\"postDate\":1483481267,\"expiryDate\":null,\"enabled\":1,\"parentId\":null,\"fields\":{\"50\":[\"2871\"],\"49\":\"<p>We partner with leading businesses to help hard-working families find a path \\r\\nto success in school and beyond.<\\/p>\",\"48\":\"Education is \\r\\nthe path to a better life\",\"7\":\"\",\"6\":\"\",\"51\":{\"2868\":{\"type\":\"userPath\",\"enabled\":\"1\",\"fields\":{\"pathTitle\":\"For\\r\\nEmployers\",\"pathLinkText\":\"Invest in your greatest\\r\\nasset \\u2014\\u00a0your people.\",\"pathPage\":[\"2893\"],\"pathImage\":[\"2866\"]}},\"2869\":{\"type\":\"userPath\",\"enabled\":\"1\",\"fields\":{\"pathTitle\":\"For Families\\r\\n& Students\",\"pathLinkText\":\"Find your path.\",\"pathPage\":[\"2892\"],\"pathImage\":[\"2867\"]}}}}}', '2017-01-17 23:22:35', '2017-01-17 23:22:35', '4d43bfc1-5d40-4b41-aac7-d06ba913dca7'),
 ('256', '2895', '13', '1', 'en_us', '1', '', '{\"typeId\":null,\"authorId\":\"1\",\"title\":\"Give Back\",\"slug\":\"give-back\",\"postDate\":1484696121,\"expiryDate\":null,\"enabled\":1,\"parentId\":\"\",\"fields\":{\"59\":{\"new1\":{\"type\":\"pageSection\",\"enabled\":\"1\",\"fields\":{\"sectionTitle\":\"Give back with \\r\\noutstanding \\r\\nsupport.\",\"sectionText\":\"Our Employer Partners bring EdNavigator support to the workplace as a benefit for employees. Our expert Navigators help parents keep students on track in school and adult learners in pursuit of their own educational dreams.\",\"sectionLinks\":\"<p><a href=\\\"http:\\/\\/ednavigator.dev\\/how-we-help#entry:2831\\\">See how it works<\\/a><\\/p>\",\"sectionColor\":\"background-gold\",\"sectionImage\":[\"2894\"]}}}}}', '2017-01-17 23:35:21', '2017-01-17 23:35:21', 'e5cb5ba5-4025-4402-a339-7fe51217efff'),
 ('257', '2897', '13', '1', 'en_us', '1', '', '{\"typeId\":\"16\",\"authorId\":\"1\",\"title\":\"Third \",\"slug\":\"third\",\"postDate\":1484753038,\"expiryDate\":null,\"enabled\":1,\"parentId\":\"\",\"fields\":{\"59\":\"\"}}', '2017-01-18 15:23:58', '2017-01-18 15:23:58', 'b8dda41d-d845-42ce-9834-d1d4a97e2b37'),
 ('258', '2897', '13', '1', 'en_us', '2', '', '{\"typeId\":\"16\",\"authorId\":\"1\",\"title\":\"Third Section Slideshow\",\"slug\":\"third\",\"postDate\":1484752980,\"expiryDate\":null,\"enabled\":1,\"parentId\":\"\",\"fields\":{\"59\":{\"new1\":{\"type\":\"pageSection\",\"enabled\":\"1\",\"fields\":{\"sectionTitle\":\"96%\",\"sectionText\":\"say having EdNavigator makes them \\r\\nmore likely to keep working for their \\r\\ncurrent employer\",\"sectionLinks\":\"<p>Find out why EdNavigator\\r\\nis good for business<\\/p>\",\"sectionColor\":\"background-green\",\"sectionImage\":[\"2888\"]}},\"new2\":{\"type\":\"pageSection\",\"enabled\":\"1\",\"fields\":{\"sectionTitle\":\"Shared costs, \\r\\nuniversal \\r\\nbenefits.\",\"sectionText\":\"We use a shared cost model to maximize reach and minimize costs for your employees. Your contribution as an employer partner will be supplemented by our philanthropic funders. \",\"sectionLinks\":\"<p>Our Partners<\\/p>\",\"sectionColor\":\"background-blue\",\"sectionImage\":[\"2898\"]}}}}}', '2017-01-18 15:27:16', '2017-01-18 15:27:16', '7666cea5-241b-4eea-acef-847911fc012c'),
 ('259', '2897', '13', '1', 'en_us', '3', '', '{\"typeId\":\"16\",\"authorId\":\"1\",\"title\":\"Third Section Slideshow\",\"slug\":\"third\",\"postDate\":1484752980,\"expiryDate\":null,\"enabled\":1,\"parentId\":\"\",\"fields\":{\"59\":{\"2899\":{\"type\":\"pageSection\",\"enabled\":\"1\",\"fields\":{\"sectionTitle\":\"96%\",\"sectionText\":\"say having EdNavigator makes them \\r\\nmore likely to keep working for their \\r\\ncurrent employer\",\"sectionLinks\":\"<p>Find out why EdNavigator\\r\\nis good for business<\\/p>\",\"sectionColor\":\"background-green\",\"sectionImage\":[\"2888\"]}},\"new1\":{\"type\":\"pageSection\",\"enabled\":\"1\",\"fields\":{\"sectionTitle\":\"Slide \\r\\nTwo.\",\"sectionText\":\"Donec sed odio dui. Nullam quis risus eget urna mollis ornare vel eu leo. Aenean lacinia bibendum nulla sed consectetur.\",\"sectionLinks\":\"<p><a href=\\\"http:\\/\\/ednavigator.dev\\/how-we-help#entry:2831\\\">Slide Link<\\/a><\\/p>\",\"sectionColor\":\"background-gold\",\"sectionImage\":[\"2898\"]}}}}}', '2017-01-18 15:29:06', '2017-01-18 15:29:06', '92a46756-d171-493e-9d0f-d405281679b9'),
 ('260', '2902', '13', '1', 'en_us', '1', '', '{\"typeId\":\"16\",\"authorId\":\"1\",\"title\":\"Shared Costs\",\"slug\":\"shared-costs\",\"postDate\":1484753409,\"expiryDate\":null,\"enabled\":1,\"parentId\":\"\",\"fields\":{\"59\":{\"new1\":{\"type\":\"pageSection\",\"enabled\":\"1\",\"fields\":{\"sectionTitle\":\"Shared costs, \\r\\nuniversal \\r\\nbenefits.\",\"sectionText\":\"We use a shared cost model to maximize reach and minimize costs for your employees. Your contribution as an employer partner will be supplemented by our philanthropic funders. \",\"sectionLinks\":\"<p><a href=\\\"http:\\/\\/ednavigator.dev\\/how-we-help#entry:2831\\\">Our Partners<\\/a><\\/p>\",\"sectionColor\":\"background-blue\",\"sectionImage\":[\"2898\"]}}}}}', '2017-01-18 15:30:09', '2017-01-18 15:30:09', 'f16c44ba-1f95-45e0-ad34-2c026ec2e903'),
 ('261', '2905', '13', '1', 'en_us', '1', '', '{\"typeId\":\"16\",\"authorId\":\"1\",\"title\":\"Stories Slideshow\",\"slug\":\"stories-slideshow\",\"postDate\":1484757846,\"expiryDate\":null,\"enabled\":1,\"parentId\":\"\",\"fields\":{\"59\":{\"new1\":{\"type\":\"pageSection\",\"enabled\":\"1\",\"fields\":{\"sectionTitle\":\" \\u201cEdNavigator \\r\\npays for itself \\r\\nmore than 3:1.\\u201d\",\"sectionText\":\"Sean Cummings, \\r\\nOwner, International House Hotel, New Orleans\",\"sectionLinks\":\"<p><a href=\\\"http:\\/\\/ednavigator.dev\\/how-we-help#entry:2831\\\">Read the full story<\\/a><\\/p>\",\"sectionColor\":\"background-gray\",\"sectionImage\":[\"2904\"]}},\"new2\":{\"type\":\"pageSection\",\"enabled\":\"1\",\"fields\":{\"sectionTitle\":\"Story \\r\\nnumber two.\",\"sectionText\":\"Etiam porta sem malesuada magna mollis euismod. Fusce dapibus, tellus ac cursus commodo, tortor mauris condimentum nibh, ut fermentum massa justo sit amet risus. Lorem ipsum dolor sit amet, consectetur adipiscing elit. Nullam quis risus eget urna mollis ornare vel eu leo. Vestibulum id ligula porta felis euismod semper.\",\"sectionLinks\":\"<p><a href=\\\"http:\\/\\/ednavigator.dev\\/how-we-help#entry:2831\\\">Read the full story<\\/a><\\/p>\",\"sectionColor\":\"background-green\",\"sectionImage\":[\"2887\"]}}}}}', '2017-01-18 16:44:06', '2017-01-18 16:44:06', '1475ea3f-0dc8-41c7-9dca-22cbd6a3ae3e'),
 ('262', '2905', '13', '1', 'en_us', '2', '', '{\"typeId\":\"16\",\"authorId\":\"1\",\"title\":\"Stories Slideshow\",\"slug\":\"stories-slideshow\",\"postDate\":1484757840,\"expiryDate\":null,\"enabled\":0,\"parentId\":\"\",\"fields\":{\"59\":{\"2906\":{\"type\":\"pageSection\",\"enabled\":\"1\",\"fields\":{\"sectionTitle\":\" \\u201cEdNavigator \\r\\npays for itself \\r\\nmore than 3:1.\\u201d\",\"sectionText\":\"Sean Cummings, \\r\\nOwner, International House Hotel, New Orleans\",\"sectionLinks\":\"<p><a href=\\\"http:\\/\\/ednavigator.dev\\/how-we-help#entry:2831:url\\\">Read the full story<\\/a><\\/p>\",\"sectionColor\":\"background-gray\",\"sectionImage\":[\"2904\"]}},\"2907\":{\"type\":\"pageSection\",\"enabled\":\"1\",\"fields\":{\"sectionTitle\":\"Story \\r\\nnumber two.\",\"sectionText\":\"Etiam porta sem malesuada magna mollis euismod. Fusce dapibus, tellus ac cursus commodo, tortor mauris condimentum nibh, ut fermentum massa justo sit amet risus. Lorem ipsum dolor sit amet, consectetur adipiscing elit. Nullam quis risus eget urna mollis ornare vel eu leo. Vestibulum id ligula porta felis euismod semper.\",\"sectionLinks\":\"<p><a href=\\\"http:\\/\\/ednavigator.dev\\/how-we-help#entry:2831:url\\\">Read the full story<\\/a><\\/p>\",\"sectionColor\":\"background-green\",\"sectionImage\":[\"2887\"]}}}}}', '2017-01-18 21:35:26', '2017-01-18 21:35:26', '82a392b5-735c-4add-912e-78633339cdc1'),
 ('263', '2897', '13', '1', 'en_us', '4', '', '{\"typeId\":\"16\",\"authorId\":\"1\",\"title\":\"Third Section Slideshow\",\"slug\":\"third\",\"postDate\":1484752980,\"expiryDate\":null,\"enabled\":1,\"parentId\":\"\",\"fields\":{\"59\":{\"2899\":{\"type\":\"pageSection\",\"enabled\":\"1\",\"fields\":{\"sectionTitle\":\"96%\",\"sectionText\":\"say having EdNavigator makes them \\r\\nmore likely to keep working for their \\r\\ncurrent employer\",\"sectionLinks\":\"<p>Find out why EdNavigator\\r\\nis good for business<\\/p>\",\"sectionColor\":\"background-green\",\"sectionImage\":[\"2888\"]}},\"2901\":{\"type\":\"pageSection\",\"enabled\":\"1\",\"fields\":{\"sectionTitle\":\"Slide \\r\\nTwo.\",\"sectionText\":\"Donec sed odio dui. Nullam quis risus eget urna mollis ornare vel eu leo. Aenean lacinia bibendum nulla sed consectetur.\",\"sectionLinks\":\"<p><a href=\\\"http:\\/\\/ednavigator.dev\\/how-we-help#entry:2831:url\\\">Slide Link<\\/a><\\/p>\",\"sectionColor\":\"background-green\",\"sectionImage\":[\"2898\"]}}}}}', '2017-01-19 22:56:10', '2017-01-19 22:56:10', '0d934872-f647-4d42-8924-917daaef4b00'),
 ('264', '2897', '13', '1', 'en_us', '5', '', '{\"typeId\":\"16\",\"authorId\":\"1\",\"title\":\"Third Section Slideshow\",\"slug\":\"third\",\"postDate\":1484752980,\"expiryDate\":null,\"enabled\":1,\"parentId\":\"\",\"fields\":{\"59\":{\"2899\":{\"type\":\"pageSection\",\"enabled\":\"1\",\"fields\":{\"sectionTitle\":\"96%\",\"sectionTitleStyle\":\"largeNumeral\",\"sectionText\":\"say having EdNavigator makes them \\r\\nmore likely to keep working for their \\r\\ncurrent employer\",\"sectionLinks\":\"<p>Find out why EdNavigator\\r\\nis good for business<\\/p>\",\"sectionColor\":\"background-green\",\"sectionImage\":[\"2888\"]}},\"2901\":{\"type\":\"pageSection\",\"enabled\":\"1\",\"fields\":{\"sectionTitle\":\"Slide \\r\\nTwo.\",\"sectionTitleStyle\":\"largeNumeral\",\"sectionText\":\"Donec sed odio dui. Nullam quis risus eget urna mollis ornare vel eu leo. Aenean lacinia bibendum nulla sed consectetur.\",\"sectionLinks\":\"<p><a href=\\\"http:\\/\\/ednavigator.dev\\/how-we-help#entry:2831:url\\\">Slide Link<\\/a><\\/p>\",\"sectionColor\":\"background-green\",\"sectionImage\":[\"2898\"]}}}}}', '2017-01-20 15:28:57', '2017-01-20 15:28:57', '17d48858-1ea7-4adb-a609-be47781b11fc'),
 ('265', '2905', '13', '1', 'en_us', '3', '', '{\"typeId\":\"16\",\"authorId\":\"1\",\"title\":\"Stories Slideshow\",\"slug\":\"stories-slideshow\",\"postDate\":1484757840,\"expiryDate\":null,\"enabled\":1,\"parentId\":\"\",\"fields\":{\"59\":{\"2906\":{\"type\":\"pageSection\",\"enabled\":\"1\",\"fields\":{\"sectionTitle\":\" EdNavigator \\r\\npays for itself \\r\\nmore than 3:1.\",\"sectionTitleStyle\":\"quote\",\"sectionText\":\"Sean Cummings, \\r\\nOwner, International House Hotel, New Orleans\",\"sectionLinks\":\"<p><a href=\\\"http:\\/\\/ednavigator.dev\\/how-we-help#entry:2831:url\\\">Read the full story<\\/a><\\/p>\",\"sectionColor\":\"background-gray\",\"sectionImage\":[\"2904\"]}},\"2907\":{\"type\":\"pageSection\",\"enabled\":\"1\",\"fields\":{\"sectionTitle\":\"Story \\r\\nnumber two.\",\"sectionTitleStyle\":\"regular\",\"sectionText\":\"Etiam porta sem malesuada magna mollis euismod. Fusce dapibus, tellus ac cursus commodo, tortor mauris condimentum nibh, ut fermentum massa justo sit amet risus. Lorem ipsum dolor sit amet, consectetur adipiscing elit. Nullam quis risus eget urna mollis ornare vel eu leo. Vestibulum id ligula porta felis euismod semper.\",\"sectionLinks\":\"<p><a href=\\\"http:\\/\\/ednavigator.dev\\/how-we-help#entry:2831:url\\\">Read the full story<\\/a><\\/p>\",\"sectionColor\":\"background-green\",\"sectionImage\":[\"2887\"]}}}}}', '2017-01-20 16:21:49', '2017-01-20 16:21:49', 'b5608ce4-15d7-4d52-9ef4-49c46cdfc624'),
 ('266', '2905', '13', '1', 'en_us', '4', '', '{\"typeId\":\"16\",\"authorId\":\"1\",\"title\":\"Stories Slideshow\",\"slug\":\"stories-slideshow\",\"postDate\":1484757840,\"expiryDate\":null,\"enabled\":1,\"parentId\":\"\",\"fields\":{\"59\":{\"2906\":{\"type\":\"pageSection\",\"enabled\":\"1\",\"fields\":{\"sectionTitle\":\" EdNavigator \\r\\npays for itself \\r\\nmore than 3:1.\",\"sectionTitleStyle\":\"quote\",\"sectionText\":\"Sean Cummings, \\r\\nOwner, International House Hotel, New Orleans\",\"sectionLinks\":\"<p><a href=\\\"http:\\/\\/ednavigator.dev\\/how-we-help#entry:2831:url\\\">Read the full story<\\/a><\\/p>\",\"sectionColor\":\"background-gray\",\"sectionImage\":[\"2904\"]}},\"2907\":{\"type\":\"pageSection\",\"enabled\":\"1\",\"fields\":{\"sectionTitle\":\"Story \\r\\nnumber two.\",\"sectionTitleStyle\":\"regular\",\"sectionText\":\"Etiam porta sem malesuada magna mollis euismod. Fusce dapibus, tellus ac cursus commodo, tortor mauris condimentum nibh, ut fermentum massa justo sit amet risus. Lorem ipsum dolor sit amet, consectetur adipiscing elit. Nullam quis risus eget urna mollis ornare vel eu leo. Vestibulum id ligula porta felis euismod semper.\",\"sectionLinks\":\"<p><a href=\\\"http:\\/\\/ednavigator.dev\\/how-we-help#entry:2831:url\\\">Read the full story<\\/a><\\/p>\",\"sectionColor\":\"background-green\",\"sectionImage\":[\"2887\"]}},\"new1\":{\"type\":\"pageSection\",\"enabled\":\"1\",\"fields\":{\"sectionTitle\":\"A story \\r\\nlike no \\r\\nother.\",\"sectionTitleStyle\":\"quote\",\"sectionText\":\"Lorem ipsum dolor sit amet, consectetur adipiscing elit. Duis mollis, est non commodo luctus, nisi erat porttitor ligula, eget lacinia odio sem nec elit. Vivamus sagittis lacus vel augue laoreet rutrum faucibus dolor auctor. Cum sociis natoque penatibus et magnis dis parturient montes, nascetur ridiculus mus.\",\"sectionLinks\":\"<p><a href=\\\"http:\\/\\/ednavigator.dev\\/how-we-help#entry:2831\\\">Link one<\\/a><\\/p><p><a href=\\\"http:\\/\\/ednavigator.dev\\/#entry:2\\\">Link Two<\\/a><\\/p>\",\"sectionColor\":\"background-gray\",\"sectionImage\":[\"2889\"]}}}}}', '2017-01-20 16:29:46', '2017-01-20 16:29:46', '5298ec7d-8db5-4ed6-afd1-cb933752e92b'),
 ('267', '2893', '13', '1', 'en_us', '2', '', '{\"typeId\":\"18\",\"authorId\":\"1\",\"title\":\"For Employers\",\"slug\":\"employers\",\"postDate\":1484695260,\"expiryDate\":null,\"enabled\":1,\"parentId\":\"\",\"fields\":{\"67\":\"For Employers\"}}', '2017-01-23 22:14:03', '2017-01-23 22:14:03', 'a9f4aad2-f8b7-488c-b14d-b2111b4ea60a'),
 ('268', '2892', '14', '1', 'en_us', '2', '', '{\"typeId\":\"19\",\"authorId\":\"1\",\"title\":\"For Families\",\"slug\":\"families\",\"postDate\":1484695260,\"expiryDate\":null,\"enabled\":1,\"parentId\":\"\",\"fields\":{\"67\":\"For Families & Students\"}}', '2017-01-23 22:14:31', '2017-01-23 22:14:31', 'c2c60d10-97d0-4709-bbb6-37e5265847f0'),
 ('269', '2893', '13', '1', 'en_us', '3', '', '{\"typeId\":\"18\",\"authorId\":\"1\",\"title\":\"For Employers Ding Dong\",\"slug\":\"employers\",\"postDate\":1484695260,\"expiryDate\":null,\"enabled\":1,\"parentId\":\"\",\"fields\":{\"67\":\"For Employers\"}}', '2017-01-23 22:27:25', '2017-01-23 22:27:25', '6c760316-23f6-4f77-9181-6782a9bd2a8c'),
 ('270', '2893', '13', '1', 'en_us', '4', '', '{\"typeId\":\"18\",\"authorId\":\"1\",\"title\":\"For Employers\",\"slug\":\"employers\",\"postDate\":1484695260,\"expiryDate\":null,\"enabled\":1,\"parentId\":\"\",\"fields\":{\"67\":\"For Employers Poop\"}}', '2017-01-23 22:28:05', '2017-01-23 22:28:05', '8f12cee9-ee0c-48f2-b35a-959c8094be78'),
 ('271', '2893', '13', '1', 'en_us', '5', '', '{\"typeId\":\"18\",\"authorId\":\"1\",\"title\":\"For Employers\",\"slug\":\"employers\",\"postDate\":1484695260,\"expiryDate\":null,\"enabled\":1,\"parentId\":\"\",\"fields\":{\"67\":\"For Employers\"}}', '2017-01-23 22:28:16', '2017-01-23 22:28:16', 'c0029189-146f-453c-a479-2ce708483445'),
 ('272', '2892', '14', '1', 'en_us', '3', '', '{\"typeId\":\"19\",\"authorId\":\"1\",\"title\":\"For Families\",\"slug\":\"families\",\"postDate\":1484695260,\"expiryDate\":null,\"enabled\":1,\"parentId\":\"\",\"fields\":{\"67\":\"For Families & Students Dude\"}}', '2017-01-23 22:51:45', '2017-01-23 22:51:45', '5b6613a3-5462-4aa0-b246-9fcd4633bf06'),
 ('273', '2892', '14', '1', 'en_us', '4', '', '{\"typeId\":\"19\",\"authorId\":\"1\",\"title\":\"For Families\",\"slug\":\"families\",\"postDate\":1484695260,\"expiryDate\":null,\"enabled\":1,\"parentId\":\"\",\"fields\":{\"67\":\"For Families & Students\"}}', '2017-01-23 22:51:57', '2017-01-23 22:51:57', '052f51d8-60b7-49fe-b53b-d84906182dec'),
 ('274', '2885', '14', '1', 'en_us', '4', '', '{\"typeId\":\"17\",\"authorId\":\"1\",\"title\":\"Section Two Carousel\",\"slug\":\"the-help-you-need\",\"postDate\":1484693100,\"expiryDate\":null,\"enabled\":1,\"parentId\":\"\",\"fields\":{\"59\":{\"2886\":{\"type\":\"pageSection\",\"enabled\":\"1\",\"fields\":{\"sectionTitle\":\"The help you\\r\\nneed, when you\\r\\nneed it.\",\"sectionTitleStyle\":\"regular\",\"sectionText\":\"Our expert Navigators work with you to set clear goals, create a concrete plan, and take action. We can help you choose the right school, review and analyze academic progress, support learning at home and stand up for students\\u2019 needs in the classroom.\",\"sectionLinks\":\"<p><a href=\\\"http:\\/\\/ednavigator.dev\\/how-we-help#entry:2831:url\\\">Learn more about How We Help<\\/a><\\/p>\",\"sectionColor\":\"background-gray\",\"sectionImage\":[\"2888\"]}},\"new1\":{\"type\":\"pageSection\",\"enabled\":\"1\",\"fields\":{\"sectionTitle\":\"Second \\r\\nSlide.\",\"sectionTitleStyle\":\"regular\",\"sectionText\":\"Sed posuere consectetur est at lobortis. Nulla vitae elit libero, a pharetra augue. Duis mollis, est non commodo luctus, nisi erat porttitor ligula, eget lacinia odio sem nec elit. Maecenas faucibus mollis interdum. Morbi leo risus, porta ac consectetur ac, vestibulum at eros.\",\"sectionLinks\":\"<p><a href=\\\"http:\\/\\/ednavigator.dev\\/how-we-help#entry:2831\\\">Test Link<\\/a><\\/p>\",\"sectionColor\":\"background-gray\",\"sectionImage\":[\"2898\"]}}}}}', '2017-01-23 23:06:07', '2017-01-23 23:06:07', '33562465-1c58-4c14-ae2c-eaa3d2d07ac5'),
 ('275', '2911', '14', '1', 'en_us', '1', '', '{\"typeId\":\"17\",\"authorId\":\"1\",\"title\":\"Stories\",\"slug\":\"stories\",\"postDate\":1485278749,\"expiryDate\":null,\"enabled\":1,\"parentId\":\"\",\"fields\":{\"59\":{\"new1\":{\"type\":\"pageSection\",\"enabled\":\"1\",\"fields\":{\"sectionTitle\":\"We helped \\r\\nKanitra\\u2019s \\r\\ndaughters get \\r\\nback on track \\r\\nin school.\",\"sectionTitleStyle\":\"regular\",\"sectionText\":\"\",\"sectionLinks\":\"<p><a href=\\\"http:\\/\\/ednavigator.dev\\/how-we-help#entry:2831\\\">Read the full story<\\/a><\\/p>\",\"sectionColor\":\"background-gold\",\"sectionImage\":[\"2910\"]}},\"new2\":{\"type\":\"pageSection\",\"enabled\":\"1\",\"fields\":{\"sectionTitle\":\"Another \\r\\nstory of \\r\\ntriumph.\",\"sectionTitleStyle\":\"regular\",\"sectionText\":\"\",\"sectionLinks\":\"<p><a href=\\\"http:\\/\\/ednavigator.dev\\/how-we-help#entry:2831\\\">Read the full story<\\/a><\\/p>\",\"sectionColor\":\"background-gray\",\"sectionImage\":[\"2904\"]}}}}}', '2017-01-24 17:25:50', '2017-01-24 17:25:50', '3323b47b-3b03-4f7a-9746-a8781e321d17'),
 ('276', '2911', '14', '1', 'en_us', '2', '', '{\"typeId\":\"17\",\"authorId\":\"1\",\"title\":\"Stories\",\"slug\":\"stories\",\"postDate\":1485278700,\"expiryDate\":null,\"enabled\":1,\"parentId\":\"\",\"fields\":{\"59\":{\"2912\":{\"type\":\"pageSection\",\"enabled\":\"1\",\"fields\":{\"sectionTitle\":\"We helped \\r\\nKanitra\\u2019s \\r\\ndaughters get \\r\\nback on track \\r\\nin school.\",\"sectionTitleStyle\":\"regular\",\"sectionText\":\"\",\"sectionLinks\":\"<p><a href=\\\"http:\\/\\/ednavigator.dev\\/how-we-help#entry:2831:url\\\">Read the full story<\\/a><\\/p>\",\"sectionColor\":\"background-orange\",\"sectionImage\":[\"2910\"]}},\"2913\":{\"type\":\"pageSection\",\"enabled\":\"1\",\"fields\":{\"sectionTitle\":\"Another \\r\\nstory of \\r\\ntriumph.\",\"sectionTitleStyle\":\"regular\",\"sectionText\":\"\",\"sectionLinks\":\"<p><a href=\\\"http:\\/\\/ednavigator.dev\\/how-we-help#entry:2831:url\\\">Read the full story<\\/a><\\/p>\",\"sectionColor\":\"background-orange\",\"sectionImage\":[\"2904\"]}}}}}', '2017-01-24 18:04:49', '2017-01-24 18:04:49', '126fd183-ee63-4384-b0f6-64b257be6a45'),
 ('277', '2', '1', '1', 'es_us', '1', '', '{\"typeId\":\"1\",\"authorId\":null,\"title\":\"Homepage\",\"slug\":\"homepage\",\"postDate\":1483481267,\"expiryDate\":null,\"enabled\":1,\"parentId\":null,\"fields\":{\"50\":[\"2871\"],\"49\":\"<p>We partner with leading businesses to help hard-working families find a path \\r\\nto success in school and beyond.<\\/p>\",\"48\":\"La educaci\\u00f3n \\r\\nes el camino hacia \\r\\nuna vida mejor\",\"7\":\"\",\"6\":\"\",\"51\":{\"new1\":{\"type\":\"userPath\",\"enabled\":\"1\",\"fields\":{\"pathTitle\":\"Para \\r\\nEmpleyadores\",\"pathLinkText\":\"Leer mas\",\"pathPage\":[\"2893\"],\"pathImage\":[\"2866\"]}},\"new2\":{\"type\":\"userPath\",\"enabled\":\"1\",\"fields\":{\"pathTitle\":\"Para \\r\\nFamilias & \\r\\nEstudiantes\",\"pathLinkText\":\"Leer mas\",\"pathPage\":[\"2892\"],\"pathImage\":[\"2867\"]}}}}}', '2017-01-24 18:08:41', '2017-01-24 18:08:41', '5ac3309a-f564-4960-9a35-66cbf635e7dd'),
 ('278', '2', '1', '1', 'en_us', '18', '', '{\"typeId\":\"1\",\"authorId\":null,\"title\":\"Homepage\",\"slug\":\"homepage\",\"postDate\":1483481267,\"expiryDate\":null,\"enabled\":1,\"parentId\":null,\"fields\":{\"50\":[\"2871\"],\"49\":\"<p>We partner with leading businesses to help hard-working families find a path \\r\\nto success in school and beyond.<\\/p>\",\"48\":\"Education is \\r\\nthe path to a better life\",\"7\":\"\",\"6\":\"\",\"51\":{\"2868\":{\"type\":\"userPath\",\"enabled\":\"1\",\"fields\":{\"pathTitle\":\"For\\r\\nEmployers\",\"pathLinkText\":\"Invest in your greatest\\r\\nasset \\u2014\\u00a0your people.\",\"pathPage\":[\"2893\"],\"pathImage\":[\"2866\"]}},\"2869\":{\"type\":\"userPath\",\"enabled\":\"1\",\"fields\":{\"pathTitle\":\"For Families\\r\\n& Students\",\"pathLinkText\":\"Find your path.\",\"pathPage\":[\"2892\"],\"pathImage\":[\"2867\"]}}}}}', '2017-01-24 18:09:35', '2017-01-24 18:09:35', 'c8213377-d5bf-434f-a9a9-45af06b34fd2'),
 ('279', '2', '1', '1', 'es_us', '2', '', '{\"typeId\":\"1\",\"authorId\":null,\"title\":\"Homepage\",\"slug\":\"homepage\",\"postDate\":1483481267,\"expiryDate\":null,\"enabled\":1,\"parentId\":null,\"fields\":{\"50\":[\"2871\"],\"49\":\"<p>We partner with leading businesses to help hard-working families find a path \\r\\nto success in school and beyond.<\\/p>\",\"48\":\"La educaci\\u00f3n es\\r\\nEl camino hacia una vida mejor\",\"7\":\"\",\"6\":\"\",\"51\":{\"2914\":{\"type\":\"userPath\",\"enabled\":\"1\",\"fields\":{\"pathTitle\":\"Para \\r\\nEmpleyadores\",\"pathLinkText\":\"Leer mas\",\"pathPage\":[\"2893\"],\"pathImage\":[\"2866\"]}},\"2915\":{\"type\":\"userPath\",\"enabled\":\"1\",\"fields\":{\"pathTitle\":\"Para \\r\\nFamilias & \\r\\nEstudiantes\",\"pathLinkText\":\"Leer mas\",\"pathPage\":[\"2892\"],\"pathImage\":[\"2867\"]}}}}}', '2017-01-24 19:41:03', '2017-01-24 19:41:03', '8f0c873f-5116-407b-8083-a0ae72fff6e0'),
 ('280', '2', '1', '1', 'es_us', '3', '', '{\"typeId\":\"1\",\"authorId\":null,\"title\":\"Homepage\",\"slug\":\"homepage\",\"postDate\":1483481267,\"expiryDate\":null,\"enabled\":1,\"parentId\":null,\"fields\":{\"50\":[\"2871\"],\"49\":\"<p>We partner with leading businesses to help hard-working families find a path \\r\\nto success in school and beyond.<\\/p>\",\"48\":\"La educaci\\u00f3n es\\r\\nEl camino hacia una vida mejor\",\"7\":\"\",\"6\":\"\",\"51\":{\"2914\":{\"type\":\"userPath\",\"enabled\":\"1\",\"fields\":{\"pathTitle\":\"Para \\r\\nEmpleyadores\",\"pathLinkText\":\"Leer mas\",\"pathPage\":[\"2893\"],\"pathImage\":[\"2866\"]}},\"2915\":{\"type\":\"userPath\",\"enabled\":\"1\",\"fields\":{\"pathTitle\":\"Para \\r\\nFamilias & \\r\\nEstudiantes\",\"pathLinkText\":\"Leer mas\",\"pathPage\":[\"2892\"],\"pathImage\":[\"2867\"]}}}}}', '2017-01-24 19:45:12', '2017-01-24 19:45:12', '7c2dcbee-1c01-4803-a511-d58b45f7f2ab'),
 ('281', '2', '1', '1', 'en_us', '19', '', '{\"typeId\":\"1\",\"authorId\":null,\"title\":\"Homepage\",\"slug\":\"homepage\",\"postDate\":1483481267,\"expiryDate\":null,\"enabled\":1,\"parentId\":null,\"fields\":{\"50\":[\"2871\"],\"49\":\"<p>We partner with leading businesses to help hard-working families find a path \\r\\nto success in school and beyond.<\\/p>\",\"48\":\"Education is \\r\\nthe path to a better life\",\"7\":\"\",\"6\":\"\",\"51\":{\"2868\":{\"type\":\"userPath\",\"enabled\":\"1\",\"fields\":{\"pathTitle\":\"For\\r\\nEmployers\",\"pathLinkText\":\"Invertir en su \\r\\nmayor activo \\u2014 \\r\\nsu gente.\",\"pathPage\":[\"2893\"],\"pathImage\":[\"2866\"]}},\"2869\":{\"type\":\"userPath\",\"enabled\":\"1\",\"fields\":{\"pathTitle\":\"For Families\\r\\n& Students\",\"pathLinkText\":\"Find your path.\",\"pathPage\":[\"2892\"],\"pathImage\":[\"2867\"]}}}}}', '2017-01-24 19:54:02', '2017-01-24 19:54:02', 'd4fd2eca-7c88-4b9f-9044-0f6338cbad9c'),
 ('282', '2', '1', '1', 'es_us', '4', '', '{\"typeId\":\"1\",\"authorId\":null,\"title\":\"Homepage\",\"slug\":\"homepage\",\"postDate\":1483481267,\"expiryDate\":null,\"enabled\":1,\"parentId\":null,\"fields\":{\"50\":[\"2871\"],\"49\":\"<p>We partner with leading businesses to help hard-working families find a path \\r\\nto success in school and beyond.<\\/p>\",\"48\":\"La educaci\\u00f3n es\\r\\nEl camino hacia una vida mejor\",\"7\":\"\",\"6\":\"\",\"51\":{\"2914\":{\"type\":\"userPath\",\"enabled\":\"1\",\"fields\":{\"pathTitle\":\"Para \\r\\nEmpleyadores\",\"pathLinkText\":\"Invertir en su \\r\\nmayor activo \\u2014 \\r\\nsu gente.\",\"pathPage\":[\"2893\"],\"pathImage\":[\"2866\"]}},\"2915\":{\"type\":\"userPath\",\"enabled\":\"1\",\"fields\":{\"pathTitle\":\"Para \\r\\nFamilias & \\r\\nEstudiantes\",\"pathLinkText\":\"Encuentra \\r\\ntu camino.\",\"pathPage\":[\"2892\"],\"pathImage\":[\"2867\"]}}}}}', '2017-01-24 19:54:30', '2017-01-24 19:54:30', '5d9a3138-6f29-4435-95a5-c4cae441e3f6'),
 ('283', '2880', '14', '1', 'es_us', '1', '', '{\"typeId\":\"17\",\"authorId\":\"1\",\"title\":\"For Families\",\"slug\":\"test\",\"postDate\":1484685720,\"expiryDate\":null,\"enabled\":1,\"parentId\":\"\",\"fields\":{\"59\":{\"2881\":{\"type\":\"pageSection\",\"enabled\":\"1\",\"fields\":{\"sectionTitle\":\"Espa\\u00f1ol!\",\"sectionTitleStyle\":\"regular\",\"sectionText\":\"Testing\",\"sectionLinks\":\"<p><a href=\\\"http:\\/\\/ednavigator.dev\\/who-we-are#entry:2830:url\\\">Learn more about Who We Are<\\/a><\\/p>\",\"sectionColor\":\"background-blue\",\"sectionImage\":[\"2887\"]}}}}}', '2017-01-24 19:56:25', '2017-01-24 19:56:25', '77906f73-d7a4-4f07-ba5a-a2fa89c046d2'),
 ('284', '2892', '14', '1', 'es_us', '1', '', '{\"typeId\":\"19\",\"authorId\":\"1\",\"title\":\"For Families\",\"slug\":\"familias\",\"postDate\":1484695260,\"expiryDate\":null,\"enabled\":1,\"parentId\":\"\",\"fields\":{\"67\":\"\"}}', '2017-01-24 20:06:25', '2017-01-24 20:06:25', 'a50f32ff-8f4a-4552-8905-247a159c5fc4'),
 ('285', '2', '1', '1', 'es_us', '5', '', '{\"typeId\":\"1\",\"authorId\":null,\"title\":\"Homepage\",\"slug\":\"homepage\",\"postDate\":1483481267,\"expiryDate\":null,\"enabled\":1,\"parentId\":null,\"fields\":{\"50\":[\"2871\"],\"49\":\"<p>We partner with leading businesses to help hard-working families find a path \\r\\nto success in school and beyond.<\\/p>\",\"48\":\"La educaci\\u00f3n es\\r\\nEl camino hacia una vida mejor\",\"7\":\"\",\"6\":\"\",\"51\":{\"2914\":{\"type\":\"userPath\",\"enabled\":\"1\",\"fields\":{\"pathTitle\":\"Para \\r\\nEmpleyadores\",\"pathLinkText\":\"Invertir en su \\r\\nmayor activo \\u2014 \\r\\nsu gente.\",\"pathPage\":[\"2893\"],\"pathImage\":[\"2866\"]}},\"2915\":{\"type\":\"userPath\",\"enabled\":\"1\",\"fields\":{\"pathTitle\":\"Para \\r\\nFamilias & \\r\\nEstudiantes\",\"pathLinkText\":\"Encuentra \\r\\ntu camino.\",\"pathPage\":[\"2880\"],\"pathImage\":[\"2867\"]}}}}}', '2017-01-24 20:07:16', '2017-01-24 20:07:16', 'e068cc9c-298e-41fe-a448-c175856f5f1d'),
 ('286', '2892', '14', '1', 'es_us', '2', '', '{\"typeId\":\"19\",\"authorId\":\"1\",\"title\":\"Para Familias\",\"slug\":\"familias\",\"postDate\":1484695260,\"expiryDate\":null,\"enabled\":1,\"parentId\":\"\",\"fields\":{\"67\":\"Para Familias & Estudiantes\"}}', '2017-01-24 20:08:27', '2017-01-24 20:08:27', 'aba4714a-1800-40f2-bf03-d8a514a236c4'),
 ('287', '2', '1', '1', 'es_us', '6', '', '{\"typeId\":\"1\",\"authorId\":null,\"title\":\"Homepage\",\"slug\":\"homepage\",\"postDate\":1483481267,\"expiryDate\":null,\"enabled\":1,\"parentId\":null,\"fields\":{\"50\":[\"2871\"],\"49\":\"<p>We partner with leading businesses to help hard-working families find a path \\r\\nto success in school and beyond.<\\/p>\",\"48\":\"La educaci\\u00f3n es\\r\\nEl camino hacia una vida mejor\",\"7\":\"\",\"6\":\"\",\"51\":{\"2914\":{\"type\":\"userPath\",\"enabled\":\"1\",\"fields\":{\"pathTitle\":\"Para \\r\\nEmpleyadores\",\"pathLinkText\":\"Invertir en su \\r\\nmayor activo \\u2014 \\r\\nsu gente.\",\"pathPage\":[\"2893\"],\"pathImage\":[\"2866\"]}},\"2915\":{\"type\":\"userPath\",\"enabled\":\"1\",\"fields\":{\"pathTitle\":\"Para \\r\\nFamilias & \\r\\nEstudiantes\",\"pathLinkText\":\"Encuentra \\r\\ntu camino.\",\"pathPage\":[\"2892\"],\"pathImage\":[\"2867\"]}}}}}', '2017-01-24 20:09:29', '2017-01-24 20:09:29', '265b1234-d074-419d-ad9e-982ef1e479d2'),
 ('288', '2892', '14', '1', 'es_us', '3', '', '{\"typeId\":\"19\",\"authorId\":\"1\",\"title\":\"Para Familias\",\"slug\":\"familias\",\"postDate\":1484695260,\"expiryDate\":null,\"enabled\":1,\"parentId\":\"\",\"fields\":{\"67\":\"Para Familias & Estudiantes\"}}', '2017-01-24 20:10:43', '2017-01-24 20:10:43', '155c0c33-e92c-4109-adc7-544e01428df0'),
 ('289', '2892', '14', '1', 'es_us', '4', '', '{\"typeId\":\"19\",\"authorId\":\"1\",\"title\":\"Para Familias\",\"slug\":\"familias\",\"postDate\":1484695260,\"expiryDate\":null,\"enabled\":1,\"parentId\":\"\",\"fields\":{\"67\":\"Para Familias & Estudiantes\"}}', '2017-01-24 20:48:32', '2017-01-24 20:48:32', 'd16835cd-cebf-4315-94c6-7becfbb62fa6'),
 ('290', '2', '1', '1', 'en_us', '20', '', '{\"typeId\":\"1\",\"authorId\":null,\"title\":\"Homepage\",\"slug\":\"homepage\",\"postDate\":1483481267,\"expiryDate\":null,\"enabled\":1,\"parentId\":null,\"fields\":{\"50\":[\"2871\"],\"49\":\"<p>We partner with leading businesses to help hard-working families find a path \\r\\nto success in school and beyond.<\\/p>\",\"48\":\"Education is \\r\\nthe path to a better life\",\"7\":\"\",\"6\":\"\",\"51\":{\"2868\":{\"type\":\"userPath\",\"enabled\":\"1\",\"fields\":{\"pathTitle\":\"For\\r\\nEmployers\",\"pathLinkText\":\"Invertir en su \\r\\nmayor activo \\u2014 \\r\\nsu gente.\",\"pathPage\":[\"2893\"],\"pathImage\":[\"2866\"]}},\"2869\":{\"type\":\"userPath\",\"enabled\":\"1\",\"fields\":{\"pathTitle\":\"For Families\\r\\n& Students\",\"pathLinkText\":\"Find your path.\",\"pathPage\":\"\",\"pathImage\":[\"2867\"]}}}}}', '2017-01-24 20:48:45', '2017-01-24 20:48:45', '0f6abd46-fd73-4e0e-8fe5-cb2f1749c260'),
 ('291', '2', '1', '1', 'en_us', '21', '', '{\"typeId\":\"1\",\"authorId\":null,\"title\":\"Homepage\",\"slug\":\"homepage\",\"postDate\":1483481267,\"expiryDate\":null,\"enabled\":1,\"parentId\":null,\"fields\":{\"50\":[\"2871\"],\"49\":\"<p>We partner with leading businesses to help hard-working families find a path \\r\\nto success in school and beyond.<\\/p>\",\"48\":\"Education is \\r\\nthe path to a better life\",\"7\":\"\",\"6\":\"\",\"51\":{\"2868\":{\"type\":\"userPath\",\"enabled\":\"1\",\"fields\":{\"pathTitle\":\"For\\r\\nEmployers\",\"pathLinkText\":\"Invertir en su \\r\\nmayor activo \\u2014 \\r\\nsu gente.\",\"pathPage\":[\"2893\"],\"pathImage\":[\"2866\"]}},\"2869\":{\"type\":\"userPath\",\"enabled\":\"1\",\"fields\":{\"pathTitle\":\"For Families\\r\\n& Students\",\"pathLinkText\":\"Find your path.\",\"pathPage\":[\"2892\"],\"pathImage\":[\"2867\"]}}}}}', '2017-01-24 20:48:59', '2017-01-24 20:48:59', 'efdec7ab-5b51-408f-807c-ccbce6a7ab62'),
 ('292', '2', '1', '1', 'es_us', '7', '', '{\"typeId\":\"1\",\"authorId\":null,\"title\":\"Homepage\",\"slug\":\"homepage\",\"postDate\":1483481267,\"expiryDate\":null,\"enabled\":1,\"parentId\":null,\"fields\":{\"50\":[\"2871\"],\"49\":\"<p>We partner with leading businesses to help hard-working families find a path \\r\\nto success in school and beyond.<\\/p>\",\"48\":\"La educaci\\u00f3n es\\r\\nEl camino hacia una vida mejor\",\"7\":\"\",\"6\":\"\",\"51\":{\"2914\":{\"type\":\"userPath\",\"enabled\":\"1\",\"fields\":{\"pathTitle\":\"Para \\r\\nEmpleyadores\",\"pathLinkText\":\"Invertir en su \\r\\nmayor activo \\u2014 \\r\\nsu gente.\",\"pathPage\":[\"2893\"],\"pathImage\":[\"2866\"]}},\"2915\":{\"type\":\"userPath\",\"enabled\":\"1\",\"fields\":{\"pathTitle\":\"Para \\r\\nFamilias & \\r\\nEstudiantes\",\"pathLinkText\":\"Encuentra \\r\\ntu camino.\",\"pathPage\":[\"2892\"],\"pathImage\":[\"2867\"]}}}}}', '2017-01-24 20:49:13', '2017-01-24 20:49:13', '9f0a0db6-5d29-4f60-b01d-055432711f9d'),
 ('293', '2830', '9', '1', 'en_us', '2', '', '{\"typeId\":\"9\",\"authorId\":\"1\",\"title\":\"Who We Are\",\"slug\":\"who-we-are\",\"postDate\":1482262860,\"expiryDate\":null,\"enabled\":1,\"parentId\":\"\",\"fields\":{\"44\":\"\",\"7\":\"\",\"6\":\"\"}}', '2017-01-25 17:11:04', '2017-01-25 17:11:04', 'b938ce1f-c4b7-412f-8ba6-4e00f4a80ce2'),
 ('294', '2830', '9', '1', 'es_us', '1', '', '{\"typeId\":\"9\",\"authorId\":\"1\",\"title\":\"Who We Are\",\"slug\":\"quines-somos\",\"postDate\":1482262860,\"expiryDate\":null,\"enabled\":1,\"parentId\":\"\",\"fields\":{\"44\":\"\",\"7\":\"\",\"6\":\"\"}}', '2017-01-25 17:11:20', '2017-01-25 17:11:20', '9d23a068-09e7-4e79-8c06-d2a891377620'),
 ('295', '2831', '10', '1', 'en_us', '3', '', '{\"typeId\":\"10\",\"authorId\":null,\"title\":\"How We Help\",\"slug\":\"how-we-help\",\"postDate\":1485364513,\"expiryDate\":null,\"enabled\":1,\"parentId\":null,\"fields\":{\"74\":{\"new1\":{\"type\":\"step\",\"enabled\":\"1\",\"fields\":{\"stepTitle\":\"Sign Up\",\"stepContent\":\"<p>You can register to become an EdNavigator member through your employer, a participating community organization, or our website. Members can receive help with their child\\u2019s education or with their own learning goals.<\\/p>\"}},\"new2\":{\"type\":\"step\",\"enabled\":\"1\",\"fields\":{\"stepTitle\":\"Review Records\",\"stepContent\":\"<p>After registering, you\\u2019ll be connected to a Navigator&mdash;if you\\u2019re a parent, we\\u2019ll work together to create a path to success for your child. If you\\u2019re an adult learner, we\\u2019ll get to work helping you further your education.<\\/p>\"}},\"new3\":{\"type\":\"step\",\"enabled\":\"1\",\"fields\":{\"stepTitle\":\"Make a Plan\",\"stepContent\":\"<p>Your Navigator will help you set clear short- and long-term goals, from getting your child into college to helping you get a degree while balancing work and life. Then together, you\\u2019ll create a concrete plan for achieving those goals.<\\/p>\"}},\"new4\":{\"type\":\"step\",\"enabled\":\"1\",\"fields\":{\"stepTitle\":\"Take Action\",\"stepContent\":\"<p>Your Navigator will offer direct, hands-on assistance to help you turn your plans into reality&mdash;that may include going with you to school meetings, teaching effective study habits, or connecting you to available community resources.<\\/p>\"}},\"new5\":{\"type\":\"step\",\"enabled\":\"1\",\"fields\":{\"stepTitle\":\"Stay on Track\",\"stepContent\":\"<p>As students progress, EdNavigator will be there every step of the way&mdash;whatever new challenges or opportunities arise, we\\u2019re here to support and keep our member families on track to reach their goals.<span><\\/span><\\/p>\"}}},\"71\":{\"new1\":{\"type\":\"contentSection\",\"enabled\":\"1\",\"fields\":{\"sectionTitle\":\"Stronger Schools,\\r\\nStronger Communities\",\"sectionContent\":\"<p>Our priority is helping you get the education you want for yourself and your family. Through our work, we also strive to strengthen local schools and communities in a way that benefits everyone.&nbsp;<\\/p>\"}},\"new2\":{\"type\":\"contentSection\",\"enabled\":\"1\",\"fields\":{\"sectionTitle\":\"Shining a Spotlight \\r\\non Family Needs\",\"sectionContent\":\"<p>We\\u2019re always sharing new information and resources that help families stay on track while encouraging schools to be more responsive to student and parent needs. <a href=\\\"http:\\/\\/ednavigator.dev\\/who-we-are#entry:2830\\\">Read more about what we\\u2019re learning<\\/a>.<span><\\/span><\\/p>\"}}},\"68\":{\"new1\":{\"type\":\"navigatorsInfoSection\",\"enabled\":\"1\",\"fields\":{\"sectionTitle\":\"Personal, Professional Guidance\",\"sectionContent\":\"<p>Our Navigators combine expert knowledge of schools with a deep understanding of our communities. Most are accomplished former teachers, school leaders, or counselors, and all have passed a background check, received privacy training and adhere to a strict code of confidentiality.&nbsp;<\\/p>\\r\\n<p>They\\u2019re like pediatricians for your educational health, and they\\u2019re always looking out for your best interests.<\\/p>\"}},\"new2\":{\"type\":\"navigatorsInfoSection\",\"enabled\":\"1\",\"fields\":{\"sectionTitle\":\"Help that Finds You\",\"sectionContent\":\"<p>Your Navigator will meet with you at your worksite&mdash;or wherever is most convenient for you&mdash;to develop a customized educational plan. They\\u2019ll help:&nbsp;<\\/p>\\r\\n<ul><li>Set clear learning goals<\\/li><li>Choose the right school and explore financial options<\\/li><li>Communicate with teachers and administrators<\\/li><li>Analyze grades and progress<\\/li><li>Answer your questions via phone, text, or email whenever you need advice<\\/li><\\/ul>\\r\\n\"}}},\"48\":\"We give hard-working families personalized, ongoing support along the path from preschool to college.\",\"7\":\"\",\"6\":\"\"}}', '2017-01-25 20:35:32', '2017-01-25 20:35:32', '9a9536fb-be36-4129-82dc-9d44052f374a'),
 ('296', '2831', '10', '1', 'en_us', '4', '', '{\"typeId\":\"10\",\"authorId\":null,\"title\":\"How We Help\",\"slug\":\"how-we-help\",\"postDate\":1485364513,\"expiryDate\":null,\"enabled\":1,\"parentId\":null,\"fields\":{\"77\":\"<p><a href=\\\"\\/resources\\\">Resources for Families<\\/a><\\/p>\",\"74\":{\"2918\":{\"type\":\"step\",\"enabled\":\"1\",\"fields\":{\"stepTitle\":\"Sign Up\",\"stepContent\":\"<p>You can register to become an EdNavigator member through your employer, a participating community organization, or our website. Members can receive help with their child\\u2019s education or with their own learning goals.<\\/p>\"}},\"2919\":{\"type\":\"step\",\"enabled\":\"1\",\"fields\":{\"stepTitle\":\"Review Records\",\"stepContent\":\"<p>After registering, you\\u2019ll be connected to a Navigator&mdash;if you\\u2019re a parent, we\\u2019ll work together to create a path to success for your child. If you\\u2019re an adult learner, we\\u2019ll get to work helping you further your education.<\\/p>\"}},\"2920\":{\"type\":\"step\",\"enabled\":\"1\",\"fields\":{\"stepTitle\":\"Make a Plan\",\"stepContent\":\"<p>Your Navigator will help you set clear short- and long-term goals, from getting your child into college to helping you get a degree while balancing work and life. Then together, you\\u2019ll create a concrete plan for achieving those goals.<\\/p>\"}},\"2921\":{\"type\":\"step\",\"enabled\":\"1\",\"fields\":{\"stepTitle\":\"Take Action\",\"stepContent\":\"<p>Your Navigator will offer direct, hands-on assistance to help you turn your plans into reality&mdash;that may include going with you to school meetings, teaching effective study habits, or connecting you to available community resources.<\\/p>\"}},\"2922\":{\"type\":\"step\",\"enabled\":\"1\",\"fields\":{\"stepTitle\":\"Stay on Track\",\"stepContent\":\"<p>As students progress, EdNavigator will be there every step of the way&mdash;whatever new challenges or opportunities arise, we\\u2019re here to support and keep our member families on track to reach their goals.<\\/p>\"}}},\"71\":{\"2923\":{\"type\":\"contentSection\",\"enabled\":\"1\",\"fields\":{\"sectionTitle\":\"Stronger Schools,\\r\\nStronger Communities\",\"sectionContent\":\"<p>Our priority is helping you get the education you want for yourself and your family. Through our work, we also strive to strengthen local schools and communities in a way that benefits everyone.&nbsp;<\\/p>\"}},\"2924\":{\"type\":\"contentSection\",\"enabled\":\"1\",\"fields\":{\"sectionTitle\":\"Shining a Spotlight \\r\\non Family Needs\",\"sectionContent\":\"<p>We\\u2019re always sharing new information and resources that help families stay on track while encouraging schools to be more responsive to student and parent needs. <a href=\\\"http:\\/\\/ednavigator.dev\\/who-we-are#entry:2830:url\\\">Read more about what we\\u2019re learning<\\/a>.<\\/p>\"}}},\"68\":{\"2916\":{\"type\":\"navigatorsInfoSection\",\"enabled\":\"1\",\"fields\":{\"sectionTitle\":\"Personal, Professional Guidance\",\"sectionContent\":\"<p>Our Navigators combine expert knowledge of schools with a deep understanding of our communities. Most are accomplished former teachers, school leaders, or counselors, and all have passed a background check, received privacy training and adhere to a strict code of confidentiality.&nbsp;<\\/p>\\r\\n<p>They\\u2019re like pediatricians for your educational health, and they\\u2019re always looking out for your best interests.<\\/p>\"}},\"2917\":{\"type\":\"navigatorsInfoSection\",\"enabled\":\"1\",\"fields\":{\"sectionTitle\":\"Help that Finds You\",\"sectionContent\":\"<p>Your Navigator will meet with you at your worksite&mdash;or wherever is most convenient for you&mdash;to develop a customized educational plan. They\\u2019ll help:&nbsp;<\\/p>\\r\\n<ul><li>Set clear learning goals<\\/li><li>Choose the right school and explore financial options<\\/li><li>Communicate with teachers and administrators<\\/li><li>Analyze grades and progress<\\/li><li>Answer your questions via phone, text, or email whenever you need advice<\\/li><\\/ul>\"}}},\"48\":\"We give hard-working families personalized, ongoing support along the path from preschool to college.\",\"7\":\"\",\"6\":\"\"}}', '2017-01-25 21:51:39', '2017-01-25 21:51:39', '5a73bcef-92b0-44f0-9282-5aaa9510045d'),
 ('297', '2831', '10', '1', 'en_us', '5', '', '{\"typeId\":\"10\",\"authorId\":null,\"title\":\"How We Help\",\"slug\":\"how-we-help\",\"postDate\":1485364513,\"expiryDate\":null,\"enabled\":1,\"parentId\":null,\"fields\":{\"77\":\"<p><a href=\\\"\\/resources\\\">Resources for Families<\\/a><\\/p><p><a href=\\\"http:\\/\\/ednavigator.dev\\/employers#entry:2893\\\">Resources for Employers<\\/a><\\/p>\",\"74\":{\"2918\":{\"type\":\"step\",\"enabled\":\"1\",\"fields\":{\"stepTitle\":\"Sign Up\",\"stepContent\":\"<p>You can register to become an EdNavigator member through your employer, a participating community organization, or our website. Members can receive help with their child\\u2019s education or with their own learning goals.<\\/p>\"}},\"2919\":{\"type\":\"step\",\"enabled\":\"1\",\"fields\":{\"stepTitle\":\"Review Records\",\"stepContent\":\"<p>After registering, you\\u2019ll be connected to a Navigator&mdash;if you\\u2019re a parent, we\\u2019ll work together to create a path to success for your child. If you\\u2019re an adult learner, we\\u2019ll get to work helping you further your education.<\\/p>\"}},\"2920\":{\"type\":\"step\",\"enabled\":\"1\",\"fields\":{\"stepTitle\":\"Make a Plan\",\"stepContent\":\"<p>Your Navigator will help you set clear short- and long-term goals, from getting your child into college to helping you get a degree while balancing work and life. Then together, you\\u2019ll create a concrete plan for achieving those goals.<\\/p>\"}},\"2921\":{\"type\":\"step\",\"enabled\":\"1\",\"fields\":{\"stepTitle\":\"Take Action\",\"stepContent\":\"<p>Your Navigator will offer direct, hands-on assistance to help you turn your plans into reality&mdash;that may include going with you to school meetings, teaching effective study habits, or connecting you to available community resources.<\\/p>\"}},\"2922\":{\"type\":\"step\",\"enabled\":\"1\",\"fields\":{\"stepTitle\":\"Stay on Track\",\"stepContent\":\"<p>As students progress, EdNavigator will be there every step of the way&mdash;whatever new challenges or opportunities arise, we\\u2019re here to support and keep our member families on track to reach their goals.<\\/p>\"}}},\"71\":{\"2923\":{\"type\":\"contentSection\",\"enabled\":\"1\",\"fields\":{\"sectionTitle\":\"Stronger Schools,\\r\\nStronger Communities\",\"sectionContent\":\"<p>Our priority is helping you get the education you want for yourself and your family. Through our work, we also strive to strengthen local schools and communities in a way that benefits everyone.&nbsp;<\\/p>\"}},\"2924\":{\"type\":\"contentSection\",\"enabled\":\"1\",\"fields\":{\"sectionTitle\":\"Shining a Spotlight \\r\\non Family Needs\",\"sectionContent\":\"<p>We\\u2019re always sharing new information and resources that help families stay on track while encouraging schools to be more responsive to student and parent needs. <a href=\\\"http:\\/\\/ednavigator.dev\\/who-we-are#entry:2830:url\\\">Read more about what we\\u2019re learning<\\/a>.<\\/p>\"}}},\"68\":{\"2916\":{\"type\":\"navigatorsInfoSection\",\"enabled\":\"1\",\"fields\":{\"sectionTitle\":\"Personal, Professional Guidance\",\"sectionContent\":\"<p>Our Navigators combine expert knowledge of schools with a deep understanding of our communities. Most are accomplished former teachers, school leaders, or counselors, and all have passed a background check, received privacy training and adhere to a strict code of confidentiality.&nbsp;<\\/p>\\r\\n<p>They\\u2019re like pediatricians for your educational health, and they\\u2019re always looking out for your best interests.<\\/p>\"}},\"2917\":{\"type\":\"navigatorsInfoSection\",\"enabled\":\"1\",\"fields\":{\"sectionTitle\":\"Help that Finds You\",\"sectionContent\":\"<p>Your Navigator will meet with you at your worksite&mdash;or wherever is most convenient for you&mdash;to develop a customized educational plan. They\\u2019ll help:&nbsp;<\\/p>\\r\\n<ul><li>Set clear learning goals<\\/li><li>Choose the right school and explore financial options<\\/li><li>Communicate with teachers and administrators<\\/li><li>Analyze grades and progress<\\/li><li>Answer your questions via phone, text, or email whenever you need advice<\\/li><\\/ul>\"}}},\"48\":\"We give hard-working families personalized, ongoing support along the path from preschool to college.\",\"7\":\"\",\"6\":\"\"}}', '2017-01-26 16:38:33', '2017-01-26 16:38:33', 'ecea94d8-43e9-4bcb-88f3-22f3be1842c4'),
 ('298', '2', '1', '1', 'en_us', '22', '', '{\"typeId\":\"1\",\"authorId\":null,\"title\":\"Homepage\",\"slug\":\"homepage\",\"postDate\":1483481267,\"expiryDate\":null,\"enabled\":1,\"parentId\":null,\"fields\":{\"50\":[\"2871\"],\"49\":\"<p>We partner with leading businesses to help hard-working families find a path \\r\\nto success in school and beyond.<\\/p>\",\"48\":\"Education is \\r\\nthe path to a better life\",\"7\":\"\",\"6\":\"\",\"51\":{\"2868\":{\"type\":\"userPath\",\"enabled\":\"1\",\"fields\":{\"pathTitle\":\"For\\r\\nEmployers\",\"pathLinkText\":\"Invest in your greatest \\r\\nasset \\u2014 your people.\",\"pathPage\":[\"2893\"],\"pathImage\":[\"2866\"]}},\"2869\":{\"type\":\"userPath\",\"enabled\":\"1\",\"fields\":{\"pathTitle\":\"For Families\\r\\n& Students\",\"pathLinkText\":\"Find your path.\",\"pathPage\":[\"2892\"],\"pathImage\":[\"2867\"]}}}}}', '2017-01-26 16:52:05', '2017-01-26 16:52:05', 'f42803a2-0f65-47a2-a977-136252baf2b1'),
 ('299', '2830', '9', '1', 'en_us', '3', '', '{\"typeId\":\"9\",\"authorId\":\"1\",\"title\":\"Who We Are\",\"slug\":\"who-we-are\",\"postDate\":1482262860,\"expiryDate\":null,\"enabled\":1,\"parentId\":\"\",\"fields\":{\"78\":{\"new1\":{\"type\":\"introSection\",\"enabled\":\"1\",\"fields\":{\"sectionTitle\":\"Who are we?\",\"sectionText\":\"<p>We\\u2019re teachers. We\\u2019re principals. We\\u2019re counselors and coaches. We\\u2019re policy experts and data analysts and community anchors. Most of all, we\\u2019re moms and dads who know how hard it can be to figure out schools and keep kids on track, no matter who you are or where you live.&nbsp;<\\/p>\"}},\"new2\":{\"type\":\"introSection\",\"enabled\":\"1\",\"fields\":{\"sectionTitle\":\"Our Mission\",\"sectionText\":\"<p>We founded EdNavigator because we believe that education is the path to a better life. But navigating schools and education systems isn\\u2019t easy. The stakes are high, and there are so many questions, deadlines, and decisions along the way. That\\u2019s why we\\u2019re here&mdash;so you don\\u2019t have to do it all alone.<\\/p>\"}}},\"77\":\"\",\"48\":\"We\\u2019re a nonprofit organization working to help busy families and students achieve their educational dreams. \",\"7\":\"\",\"6\":\"\"}}', '2017-01-26 20:12:10', '2017-01-26 20:12:10', '1843f9a0-c70d-4939-899b-2c4c895f3fc3'),
 ('300', '2830', '9', '1', 'en_us', '4', '', '{\"typeId\":\"9\",\"authorId\":\"1\",\"title\":\"Who We Are\",\"slug\":\"who-we-are\",\"postDate\":1482262860,\"expiryDate\":null,\"enabled\":1,\"parentId\":\"\",\"fields\":{\"78\":{\"2926\":{\"type\":\"introSection\",\"enabled\":\"1\",\"fields\":{\"sectionTitle\":\"Who are we?\",\"sectionText\":\"<p>We\\u2019re teachers. We\\u2019re principals. We\\u2019re counselors and coaches. We\\u2019re policy experts and data analysts and community anchors. Most of all, we\\u2019re moms and dads who know how hard it can be to figure out schools and keep kids on track, no matter who you are or where you live.&nbsp;<\\/p>\"}},\"2927\":{\"type\":\"introSection\",\"enabled\":\"1\",\"fields\":{\"sectionTitle\":\"Our Mission\",\"sectionText\":\"<p>We founded EdNavigator because we believe that education is the path to a better life. But navigating schools and education systems isn\\u2019t easy. The stakes are high, and there are so many questions, deadlines, and decisions along the way. That\\u2019s why we\\u2019re here&mdash;so you don\\u2019t have to do it all alone.<\\/p>\"}}},\"77\":\"\",\"48\":\"We\\u2019re a nonprofit organization working to help busy families and students achieve their educational dreams. \",\"44\":{\"new1\":{\"type\":\"principle\",\"enabled\":\"1\",\"fields\":{\"principleIcon\":[\"2925\"],\"principleLabel\":\"You always come first\",\"principleDescription\":\"We always put the needs of families and students first. We represent no one\\u2019s interests but yours. Ever\"}}},\"7\":\"\",\"6\":\"\"}}', '2017-01-26 20:14:15', '2017-01-26 20:14:15', 'c246ab9a-7f51-43de-9f54-d5183165efef'),
 ('301', '2830', '9', '1', 'en_us', '5', '', '{\"typeId\":\"9\",\"authorId\":\"1\",\"title\":\"Who We Are\",\"slug\":\"who-we-are\",\"postDate\":1482262860,\"expiryDate\":null,\"enabled\":1,\"parentId\":\"\",\"fields\":{\"78\":{\"2926\":{\"type\":\"introSection\",\"enabled\":\"1\",\"fields\":{\"sectionTitle\":\"Who are we?\",\"sectionText\":\"<p>We\\u2019re teachers. We\\u2019re principals. We\\u2019re counselors and coaches. We\\u2019re policy experts and data analysts and community anchors. Most of all, we\\u2019re moms and dads who know how hard it can be to figure out schools and keep kids on track, no matter who you are or where you live.&nbsp;<\\/p>\"}},\"2927\":{\"type\":\"introSection\",\"enabled\":\"1\",\"fields\":{\"sectionTitle\":\"Our Mission\",\"sectionText\":\"<p>We founded EdNavigator because we believe that education is the path to a better life. But navigating schools and education systems isn\\u2019t easy. The stakes are high, and there are so many questions, deadlines, and decisions along the way. That\\u2019s why we\\u2019re here&mdash;so you don\\u2019t have to do it all alone.<\\/p>\"}}},\"77\":\"\",\"48\":\"We\\u2019re a nonprofit organization working to help busy families and students achieve their educational dreams. \",\"44\":{\"2929\":{\"type\":\"principle\",\"enabled\":\"1\",\"fields\":{\"principleIcon\":[\"2925\"],\"principleLabel\":\"You always come first\",\"principleDescription\":\"We always put the needs of families and students first. We represent no one\\u2019s interests but yours. Ever\"}},\"new1\":{\"type\":\"principle\",\"enabled\":\"1\",\"fields\":{\"principleIcon\":[\"2930\"],\"principleLabel\":\"We put you in charge\",\"principleDescription\":\"We provide guidance and honest advice, but you set the course. We never act without your permission or make choices for you. Our job is to help you get what you want. \"}}},\"7\":\"\",\"6\":\"\"}}', '2017-01-26 20:22:20', '2017-01-26 20:22:20', '263de905-087c-4d89-99f5-74f70239865a'),
 ('302', '2830', '9', '1', 'en_us', '6', '', '{\"typeId\":\"9\",\"authorId\":\"1\",\"title\":\"Who We Are\",\"slug\":\"who-we-are\",\"postDate\":1482262860,\"expiryDate\":null,\"enabled\":1,\"parentId\":\"\",\"fields\":{\"78\":{\"2926\":{\"type\":\"introSection\",\"enabled\":\"1\",\"fields\":{\"sectionTitle\":\"Who are we?\",\"sectionText\":\"<p>We\\u2019re teachers. We\\u2019re principals. We\\u2019re counselors and coaches. We\\u2019re policy experts and data analysts and community anchors. Most of all, we\\u2019re moms and dads who know how hard it can be to figure out schools and keep kids on track, no matter who you are or where you live.&nbsp;<\\/p>\"}},\"2927\":{\"type\":\"introSection\",\"enabled\":\"1\",\"fields\":{\"sectionTitle\":\"Our Mission\",\"sectionText\":\"<p>We founded EdNavigator because we believe that education is the path to a better life. But navigating schools and education systems isn\\u2019t easy. The stakes are high, and there are so many questions, deadlines, and decisions along the way. That\\u2019s why we\\u2019re here&mdash;so you don\\u2019t have to do it all alone.<\\/p>\"}}},\"77\":\"\",\"48\":\"We\\u2019re a nonprofit organization working to help busy families and students achieve their educational dreams. \",\"44\":{\"2929\":{\"type\":\"principle\",\"enabled\":\"1\",\"fields\":{\"principleIcon\":[\"2925\"],\"principleLabel\":\"You always come first\",\"principleDescription\":\"We always put the needs of families and students first. We represent no one\\u2019s interests but yours. Ever\"}},\"2931\":{\"type\":\"principle\",\"enabled\":\"1\",\"fields\":{\"principleIcon\":[\"2930\"],\"principleLabel\":\"We put you in charge\",\"principleDescription\":\"We provide guidance and honest advice, but you set the course. We never act without your permission or make choices for you. Our job is to help you get what you want. \"}},\"new1\":{\"type\":\"principle\",\"enabled\":\"1\",\"fields\":{\"principleIcon\":\"\",\"principleLabel\":\"\",\"principleDescription\":\"\"}}},\"7\":\"\",\"6\":\"\"}}', '2017-01-26 23:13:28', '2017-01-26 23:13:28', '0a30bb3c-bab5-4c0a-9fd7-965ed21ddb42'),
 ('303', '2830', '9', '1', 'en_us', '7', '', '{\"typeId\":\"9\",\"authorId\":\"1\",\"title\":\"Who We Are\",\"slug\":\"who-we-are\",\"postDate\":1482262860,\"expiryDate\":null,\"enabled\":1,\"parentId\":\"\",\"fields\":{\"78\":{\"2926\":{\"type\":\"introSection\",\"enabled\":\"1\",\"fields\":{\"sectionTitle\":\"Who are we?\",\"sectionContent\":\"<p>We\\u2019re teachers. We\\u2019re principals. We\\u2019re counselors and coaches. We\\u2019re policy experts and data analysts and community anchors. Most of all, we\\u2019re moms and dads who know how hard it can be to figure out schools and keep kids on track, no matter who you are or where you live.&nbsp;<\\/p>\"}},\"2927\":{\"type\":\"introSection\",\"enabled\":\"1\",\"fields\":{\"sectionTitle\":\"Our Mission\",\"sectionContent\":\"<p>We founded EdNavigator because we believe that education is the path to a better life. But navigating schools and education systems isn\\u2019t easy. The stakes are high, and there are so many questions, deadlines, and decisions along the way. That\\u2019s why we\\u2019re here&mdash;so you don\\u2019t have to do it all alone.<\\/p>\"}}},\"77\":\"\",\"48\":\"We\\u2019re a nonprofit organization working to help busy families and students achieve their educational dreams. \",\"44\":{\"2929\":{\"type\":\"principle\",\"enabled\":\"1\",\"fields\":{\"principleIcon\":[\"2925\"],\"principleLabel\":\"You always come first\",\"principleDescription\":\"We always put the needs of families and students first. We represent no one\\u2019s interests but yours. Ever\"}},\"2931\":{\"type\":\"principle\",\"enabled\":\"1\",\"fields\":{\"principleIcon\":[\"2930\"],\"principleLabel\":\"We put you in charge\",\"principleDescription\":\"We provide guidance and honest advice, but you set the course. We never act without your permission or make choices for you. Our job is to help you get what you want. \"}}},\"7\":\"\",\"6\":\"\"}}', '2017-01-26 23:16:07', '2017-01-26 23:16:07', '398f1495-0073-4b25-9f26-76b667de70b9'),
 ('304', '2830', '9', '1', 'en_us', '8', '', '{\"typeId\":\"9\",\"authorId\":\"1\",\"title\":\"Who We Are\",\"slug\":\"who-we-are\",\"postDate\":1482262860,\"expiryDate\":null,\"enabled\":1,\"parentId\":\"\",\"fields\":{\"78\":{\"2926\":{\"type\":\"introSection\",\"enabled\":\"1\",\"fields\":{\"sectionTitle\":\"Who are we?\",\"sectionContent\":\"<p>We\\u2019re teachers. We\\u2019re principals. We\\u2019re counselors and coaches. We\\u2019re policy experts and data analysts and community anchors. Most of all, we\\u2019re moms and dads who know how hard it can be to figure out schools and keep kids on track, no matter who you are or where you live.&nbsp;<\\/p>\"}},\"2927\":{\"type\":\"introSection\",\"enabled\":\"1\",\"fields\":{\"sectionTitle\":\"Our Mission\",\"sectionContent\":\"<p>We founded EdNavigator because we believe that education is the path to a better life. But navigating schools and education systems isn\\u2019t easy. The stakes are high, and there are so many questions, deadlines, and decisions along the way. That\\u2019s why we\\u2019re here&mdash;so you don\\u2019t have to do it all alone.<\\/p>\"}}},\"77\":\"\",\"48\":\"We\\u2019re a nonprofit organization working to help busy families and students achieve their educational dreams. \",\"44\":{\"2929\":{\"type\":\"principle\",\"enabled\":\"1\",\"fields\":{\"principleIcon\":[\"2925\"],\"principleLabel\":\"You always come first\",\"principleDescription\":\"We always put the needs of families and students first. We represent no one\\u2019s interests but yours. Ever\"}},\"2931\":{\"type\":\"principle\",\"enabled\":\"1\",\"fields\":{\"principleIcon\":[\"2930\"],\"principleLabel\":\"We put you in charge\",\"principleDescription\":\"We provide guidance and honest advice, but you set the course. We never act without your permission or make choices for you. Our job is to help you get what you want. \"}},\"new1\":{\"type\":\"principle\",\"enabled\":\"1\",\"fields\":{\"principleIcon\":[\"2933\"],\"principleLabel\":\"We treat you like family\",\"principleDescription\":\"We share your sense of urgency. We respond quickly, take your concerns seriously, and always treat you with dignity and respect. Your problems are our problems.\"}},\"new2\":{\"type\":\"principle\",\"enabled\":\"1\",\"fields\":{\"principleIcon\":[\"2934\"],\"principleLabel\":\"We find a way\",\"principleDescription\":\"We don\\u2019t let systems, processes, paperwork or unwritten rules get in the way of doing right by a family or student. We find a way to make it happen.\"}},\"new3\":{\"type\":\"principle\",\"enabled\":\"1\",\"fields\":{\"principleIcon\":[\"2935\"],\"principleLabel\":\"We protect your privacy\",\"principleDescription\":\"We maintain best-in-class privacy controls to protect you. We never share information about you or your children without your consent. \"}},\"new4\":{\"type\":\"principle\",\"enabled\":\"1\",\"fields\":{\"principleIcon\":[\"2936\"],\"principleLabel\":\"We level the playing field\",\"principleDescription\":\"We champion the right of all families to an excellent education, especially those who have faced disadvantages in the past.\"}}},\"7\":\"\",\"6\":\"\"}}', '2017-01-26 23:47:39', '2017-01-26 23:47:39', 'd17cd94e-2928-4032-8704-6dca9b2382b0'),
 ('305', '2845', '9', '1', 'en_us', '2', '', '{\"typeId\":\"15\",\"authorId\":\"1\",\"title\":\"Leadership\",\"slug\":\"leadership\",\"postDate\":1482273600,\"expiryDate\":null,\"enabled\":1,\"parentId\":\"2830\",\"fields\":{\"48\":\"Our leadership team has nearly 60 years of combined experience in education at all levels, from leading classrooms to shaping federal policy.\",\"36\":{\"2846\":{\"type\":\"person\",\"enabled\":\"1\",\"fields\":{\"personName\":\"Timothy Daly\",\"personTitle\":\"Founding Partner\",\"bio\":\"\",\"photo\":\"\"}},\"2847\":{\"type\":\"person\",\"enabled\":\"1\",\"fields\":{\"personName\":\"Whitney Henderson\",\"personTitle\":\"Navigator-in-chief\",\"bio\":\"\",\"photo\":\"\"}},\"2848\":{\"type\":\"person\",\"enabled\":\"1\",\"fields\":{\"personName\":\"David Keeling\",\"personTitle\":\"Founding Partner\",\"bio\":\"\",\"photo\":\"\"}},\"2849\":{\"type\":\"person\",\"enabled\":\"1\",\"fields\":{\"personName\":\"Ariela Rozman\",\"personTitle\":\"Founding Partner\",\"bio\":\"\",\"photo\":\"\"}}},\"7\":\"\",\"6\":\"\"}}', '2017-01-30 17:43:59', '2017-01-30 17:43:59', 'a437c1b5-30b1-4eda-9ab8-4006185b9802'),
 ('306', '2845', '9', '1', 'en_us', '3', '', '{\"typeId\":\"15\",\"authorId\":\"1\",\"title\":\"Leadership\",\"slug\":\"leadership\",\"postDate\":1482273600,\"expiryDate\":null,\"enabled\":1,\"parentId\":\"2830\",\"fields\":{\"48\":\"Our leadership team has nearly 60 years of combined experience in education at all levels, from leading classrooms to shaping federal policy.\",\"36\":{\"2846\":{\"type\":\"person\",\"enabled\":\"1\",\"fields\":{\"personName\":\"Timothy Daly\",\"personTitle\":\"Founding Partner\",\"personDescription\":\"<p>Tim brings 17 years of experience in public education to EdNavigator, including service as an urban school teacher, organizational leader, and policy expert. Prior to founding EdNavigator, he served alongside Ariela Rozman as President of TNTP, a leading education nonprofit organization that partners with school systems and states to ensure that all students get excellent teachers. During his eight years in that role, TNTP became a leading source of innovative research and a respected independent voice on teacher quality issues. Before joining TNTP in 2001, Tim taught social studies at Northeast Middle School in Baltimore. He holds a MA in Teaching from Johns Hopkins University and a BA in American Studies from Northwestern University. He lives in Chicago with his wife and two children.<\\/p>\",\"personImage\":\"\"}},\"2847\":{\"type\":\"person\",\"enabled\":\"1\",\"fields\":{\"personName\":\"Whitney Henderson\",\"personTitle\":\"Navigator-in-chief\",\"personDescription\":\"<p>A native of East St. Louis, IL, Whitney brings to her work 10 years of experience as an award-winning teacher, school principal and instructional expert. Her career in education began in New Orleans, where she moved after Hurricane Katrina to become a founding teacher and eventually 7th-9th grade principal at KIPP Central City Academy. Her extraordinary success with students earned her the 2011 Fishman Prize, a $25,000 award given annually to just four teachers nationwide. Whitney holds a BA in English and Modern Foreign Languages from Jackson State University, a MA in Organizational Leadership from Teacher\\u2019s College at Columbia University, and a Master\\u2019s in Education Policy and Management from the Harvard Graduate School of Education. She lives in New Orleans, LA.&nbsp;<\\/p>\",\"personImage\":\"\"}},\"2848\":{\"type\":\"person\",\"enabled\":\"1\",\"fields\":{\"personName\":\"David Keeling\",\"personTitle\":\"Founding Partner\",\"personDescription\":\"<p>David Keeling has 16 years of experience in strategic communications and public education. Over the last decade and a half, his words have appeared in teacher recruitment ads in the New York City subway, in news outlets from Education Week to The New York Times, and in the remarks and messages of some of the nation\\u2019s most prominent education leaders. Before EdNavigator, he served for six years as Vice President of Communications for TNTP, leading the organization\\u2019s communications, marketing and publications strategy and advising TNTP staff, state education agencies and urban school systems nationwide on communicating with teachers, parents, school leaders, and other stakeholders.&nbsp; He holds a BA in English from Middlebury College and lives with his wife and two children in Chicago.<\\/p>\",\"personImage\":\"\"}},\"2849\":{\"type\":\"person\",\"enabled\":\"1\",\"fields\":{\"personName\":\"Ariela Rozman\",\"personTitle\":\"Founding Partner\",\"personDescription\":\"<p>Before founding EdNavigator, Ariela Rozman served for eight years as Chief Executive Officer of TNTP. Under her tenure as CEO, TNTP tripled in size, growing to a staff of 370 full-time employees across 41 states and an annual budget of more than $60 million.&nbsp; Today, TNTP has a presence in more than 50 cities and states, including most of the country\\u2019s largest urban areas. In 2012, she and then-TNTP President Tim Daly received the Harold W. McGraw, Jr. Prize in Education for their leadership. Prior to joining TNTP in 2001, Ariela worked in consulting for Bain & Company and helped launch and grow the e-commerce site PlanetRx.com. She holds a BA in Political and Social Thought from the University of Virginia and lives in Brooklyn, NY with her husband and two children.<\\/p>\",\"personImage\":\"\"}}},\"81\":\"Our Leadership Team\",\"7\":\"\",\"6\":\"\"}}', '2017-01-30 18:40:34', '2017-01-30 18:40:34', '1b51794a-9cd2-468a-8bcf-dc46948562d2'),
 ('307', '2845', '9', '1', 'en_us', '4', '', '{\"typeId\":\"15\",\"authorId\":\"1\",\"title\":\"Leadership\",\"slug\":\"leadership\",\"postDate\":1482273600,\"expiryDate\":null,\"enabled\":1,\"parentId\":\"2830\",\"fields\":{\"48\":\"Our leadership team has nearly 60 years of combined experience in education at all levels, from leading classrooms to shaping federal policy.\",\"36\":{\"2846\":{\"type\":\"person\",\"enabled\":\"1\",\"fields\":{\"personName\":\"Timothy Daly\",\"personTitle\":\"Founding Partner\",\"personDescription\":\"<p>Tim brings 17 years of experience in public education to EdNavigator, including service as an urban school teacher, organizational leader, and policy expert. Prior to founding EdNavigator, he served alongside Ariela Rozman as President of TNTP, a leading education nonprofit organization that partners with school systems and states to ensure that all students get excellent teachers. During his eight years in that role, TNTP became a leading source of innovative research and a respected independent voice on teacher quality issues. Before joining TNTP in 2001, Tim taught social studies at Northeast Middle School in Baltimore. He holds a MA in Teaching from Johns Hopkins University and a BA in American Studies from Northwestern University. He lives in Chicago with his wife and two children.<\\/p>\",\"personImage\":[\"2941\"]}},\"2847\":{\"type\":\"person\",\"enabled\":\"1\",\"fields\":{\"personName\":\"Whitney Henderson\",\"personTitle\":\"Navigator-in-chief\",\"personDescription\":\"<p>A native of East St. Louis, IL, Whitney brings to her work 10 years of experience as an award-winning teacher, school principal and instructional expert. Her career in education began in New Orleans, where she moved after Hurricane Katrina to become a founding teacher and eventually 7th-9th grade principal at KIPP Central City Academy. Her extraordinary success with students earned her the 2011 Fishman Prize, a $25,000 award given annually to just four teachers nationwide. Whitney holds a BA in English and Modern Foreign Languages from Jackson State University, a MA in Organizational Leadership from Teacher\\u2019s College at Columbia University, and a Master\\u2019s in Education Policy and Management from the Harvard Graduate School of Education. She lives in New Orleans, LA.&nbsp;<\\/p>\",\"personImage\":\"\"}},\"2848\":{\"type\":\"person\",\"enabled\":\"1\",\"fields\":{\"personName\":\"David Keeling\",\"personTitle\":\"Founding Partner\",\"personDescription\":\"<p>David Keeling has 16 years of experience in strategic communications and public education. Over the last decade and a half, his words have appeared in teacher recruitment ads in the New York City subway, in news outlets from Education Week to The New York Times, and in the remarks and messages of some of the nation\\u2019s most prominent education leaders. Before EdNavigator, he served for six years as Vice President of Communications for TNTP, leading the organization\\u2019s communications, marketing and publications strategy and advising TNTP staff, state education agencies and urban school systems nationwide on communicating with teachers, parents, school leaders, and other stakeholders.&nbsp; He holds a BA in English from Middlebury College and lives with his wife and two children in Chicago.<\\/p>\",\"personImage\":\"\"}},\"2849\":{\"type\":\"person\",\"enabled\":\"1\",\"fields\":{\"personName\":\"Ariela Rozman\",\"personTitle\":\"Founding Partner\",\"personDescription\":\"<p>Before founding EdNavigator, Ariela Rozman served for eight years as Chief Executive Officer of TNTP. Under her tenure as CEO, TNTP tripled in size, growing to a staff of 370 full-time employees across 41 states and an annual budget of more than $60 million.&nbsp; Today, TNTP has a presence in more than 50 cities and states, including most of the country\\u2019s largest urban areas. In 2012, she and then-TNTP President Tim Daly received the Harold W. McGraw, Jr. Prize in Education for their leadership. Prior to joining TNTP in 2001, Ariela worked in consulting for Bain & Company and helped launch and grow the e-commerce site PlanetRx.com. She holds a BA in Political and Social Thought from the University of Virginia and lives in Brooklyn, NY with her husband and two children.<\\/p>\",\"personImage\":\"\"}}},\"81\":\"Our Leadership Team\",\"7\":\"\",\"6\":\"\"}}', '2017-01-30 22:23:15', '2017-01-30 22:23:15', '7080cfbc-cda0-4185-8bca-9f2824845dbe'),
 ('308', '2850', '9', '1', 'en_us', '2', '', '{\"typeId\":\"15\",\"authorId\":\"1\",\"title\":\"Board of Directors\",\"slug\":\"board-of-directors\",\"postDate\":1482274140,\"expiryDate\":null,\"enabled\":1,\"parentId\":\"2830\",\"fields\":{\"48\":\"Our Board of Directors broadens our perspective while helping us keep our eyes on the ball.\",\"36\":{\"2851\":{\"type\":\"person\",\"enabled\":\"1\",\"fields\":{\"personName\":\"Kriste Dragon\",\"personTitle\":\"Co-founder and Chief Executive Officer, Citizens of the World Charter Schools\",\"personDescription\":\"\",\"personImage\":\"\"}},\"2852\":{\"type\":\"person\",\"enabled\":\"1\",\"fields\":{\"personName\":\"Kaya Henderson\",\"personTitle\":\"Former Chancellor,  DC Public Schools\",\"personDescription\":\"\",\"personImage\":\"\"}},\"2853\":{\"type\":\"person\",\"enabled\":\"1\",\"fields\":{\"personName\":\"Ryan Smith\",\"personTitle\":\"Executive Director,  Education Trust-West\",\"personDescription\":\"\",\"personImage\":\"\"}},\"2854\":{\"type\":\"person\",\"enabled\":\"1\",\"fields\":{\"personName\":\"Chris Stewart\",\"personTitle\":\"Director of Outreach and External Affairs, Education Post\",\"personDescription\":\"\",\"personImage\":\"\"}}},\"81\":\"\",\"7\":\"\",\"6\":\"\"}}', '2017-01-30 23:17:17', '2017-01-30 23:17:17', '6e8e359e-8787-4153-b33a-f041a0ba2ffb'),
 ('309', '2856', '9', '1', 'en_us', '2', '', '{\"typeId\":\"15\",\"authorId\":\"1\",\"title\":\"Our Partners                 \",\"slug\":\"our-partners\",\"postDate\":1482274800,\"expiryDate\":null,\"enabled\":1,\"parentId\":\"2830\",\"fields\":{\"48\":\"We\\u2019re proud to partner with leading businesses to help hard-working people give their children a great education and achieve their own educational goals.\",\"36\":{\"2857\":{\"type\":\"person\",\"enabled\":\"1\",\"fields\":{\"personName\":\"International House Hotel\",\"personTitle\":\"Anchor Partner\",\"personDescription\":\"<p>International House Hotel is a luxury boutique hotel located in downtown New Orleans, with 117 rooms. EdNavigator support is available to any eligible employee who is interested.&nbsp;<\\/p>\",\"personImage\":\"\"}},\"2858\":{\"type\":\"person\",\"enabled\":\"1\",\"fields\":{\"personName\":\"The New Orleans marriott\",\"personTitle\":\"\",\"personDescription\":\"<p>Located on Canal Street, the New Orleans Marriott is the city\\u2019s second-largest hotel, with 1,330 rooms.<\\/p>\",\"personImage\":\"\"}},\"2859\":{\"type\":\"person\",\"enabled\":\"1\",\"fields\":{\"personName\":\"The Hyatt Regency New Orleans\",\"personTitle\":\"\",\"personDescription\":\"\",\"personImage\":\"\"}},\"2860\":{\"type\":\"person\",\"enabled\":\"1\",\"fields\":{\"personName\":\"The JW Marriott New Orleans\",\"personTitle\":\"\",\"personDescription\":\"\",\"personImage\":\"\"}},\"2861\":{\"type\":\"person\",\"enabled\":\"1\",\"fields\":{\"personName\":\"The Ritz-Carlton New Orleans\",\"personTitle\":\"\",\"personDescription\":\"\",\"personImage\":\"\"}},\"2862\":{\"type\":\"person\",\"enabled\":\"1\",\"fields\":{\"personName\":\"The Residence Inn New Orleans Downtwon\",\"personTitle\":\"\",\"personDescription\":\"\",\"personImage\":\"\"}},\"2863\":{\"type\":\"person\",\"enabled\":\"1\",\"fields\":{\"personName\":\"The New Orleans Marriott At The Convention Center\",\"personTitle\":\"\",\"personDescription\":\"\",\"personImage\":\"\"}}},\"81\":\"Our Partners\",\"7\":\"\",\"6\":\"\"}}', '2017-01-30 23:19:24', '2017-01-30 23:19:24', '13ca5fee-4388-48bd-8440-4cf3ed188b98'),
 ('310', '2850', '9', '1', 'en_us', '3', '', '{\"typeId\":\"15\",\"authorId\":\"1\",\"title\":\"Board of Directors\",\"slug\":\"board-of-directors\",\"postDate\":1482274140,\"expiryDate\":null,\"enabled\":1,\"parentId\":\"2830\",\"fields\":{\"48\":\"Our Board of Directors broadens our perspective while helping us keep our eyes on the ball.\",\"36\":{\"2851\":{\"type\":\"person\",\"enabled\":\"1\",\"fields\":{\"personName\":\"Kriste Dragon\",\"personTitle\":\"Co-founder and Chief Executive Officer, Citizens of the World Charter Schools\",\"personDescription\":\"\",\"personImage\":\"\"}},\"2852\":{\"type\":\"person\",\"enabled\":\"1\",\"fields\":{\"personName\":\"Kaya Henderson\",\"personTitle\":\"Former Chancellor,  DC Public Schools\",\"personDescription\":\"\",\"personImage\":\"\"}},\"2853\":{\"type\":\"person\",\"enabled\":\"1\",\"fields\":{\"personName\":\"Ryan Smith\",\"personTitle\":\"Executive Director,  Education Trust-West\",\"personDescription\":\"\",\"personImage\":\"\"}},\"2854\":{\"type\":\"person\",\"enabled\":\"1\",\"fields\":{\"personName\":\"Chris Stewart\",\"personTitle\":\"Director of Outreach and External Affairs, Education Post\",\"personDescription\":\"\",\"personImage\":\"\"}}},\"81\":\"Board of Directors\",\"7\":\"\",\"6\":\"\"}}', '2017-01-30 23:19:39', '2017-01-30 23:19:39', '471b089d-bedf-44c5-961d-de041c7cce8e'),
 ('311', '2843', '9', '1', 'en_us', '3', '', '{\"typeId\":\"15\",\"authorId\":\"1\",\"title\":\"Navigators\",\"slug\":\"navigators\",\"postDate\":1482271260,\"expiryDate\":null,\"enabled\":1,\"parentId\":\"2830\",\"fields\":{\"48\":\"\",\"36\":{\"new1\":{\"type\":\"person\",\"enabled\":\"1\",\"fields\":{\"personName\":\"Tophy Woxen\",\"personTitle\":\"Navigator\",\"personDescription\":\"<p>Lorem ipsum dolor sit amet, consectetur adipiscing elit. Nullam quis risus eget urna mollis ornare vel eu leo. Praesent commodo cursus magna, vel scelerisque nisl consectetur et.<\\/p>\",\"personImage\":[\"2941\"]}}},\"81\":\"\",\"7\":\"\",\"6\":\"\"}}', '2017-02-02 18:13:29', '2017-02-02 18:13:29', 'a649cf81-5311-46e7-8e8a-4d69fcb48956'),
 ('312', '2843', '9', '1', 'en_us', '4', '', '{\"typeId\":\"15\",\"authorId\":\"1\",\"title\":\"Navigators\",\"slug\":\"navigators\",\"postDate\":1482271260,\"expiryDate\":null,\"enabled\":1,\"parentId\":\"2830\",\"fields\":{\"48\":\"Navigators bring to their work deep roots in their communities and an insider\\u2019s perspective on schools and school systems. \",\"36\":{\"2942\":{\"type\":\"person\",\"enabled\":\"1\",\"fields\":{\"personName\":\"Tophy Woxen\",\"personTitle\":\"Navigator\",\"personDescription\":\"<p>Lorem ipsum dolor sit amet, consectetur adipiscing elit. Nullam quis risus eget urna mollis ornare vel eu leo. Praesent commodo cursus magna, vel scelerisque nisl consectetur et.<\\/p>\",\"personImage\":[\"2941\"]}}},\"81\":\"Our Navigators\",\"7\":\"\",\"6\":\"\"}}', '2017-02-02 18:14:02', '2017-02-02 18:14:02', 'b8cb1497-7a33-4815-99f4-3bb9f03d2d88'),
 ('313', '2843', '9', '1', 'en_us', '5', '', '{\"typeId\":\"15\",\"authorId\":\"1\",\"title\":\"Navigators\",\"slug\":\"navigators\",\"postDate\":1482271260,\"expiryDate\":null,\"enabled\":1,\"parentId\":\"2830\",\"fields\":{\"48\":\"Navigators bring to their work deep roots in their communities and an insider\\u2019s perspective on schools and school systems. \",\"36\":{\"2942\":{\"type\":\"person\",\"enabled\":\"1\",\"fields\":{\"personName\":\"Tophy Woxen\",\"personTitle\":\"Navigator\",\"personDescription\":\"<p>Lorem ipsum dolor sit amet, consectetur adipiscing elit. Nullam quis risus eget urna mollis ornare vel eu leo. Praesent commodo cursus magna, vel scelerisque nisl consectetur et.<\\/p>\",\"personImage\":[\"2941\"]}},\"new1\":{\"type\":\"person\",\"enabled\":\"1\",\"fields\":{\"personName\":\"Jillanthy Kimblestall\",\"personTitle\":\"Navigator\",\"personDescription\":\"<p>Lorem ipsum dolor sit amet, consectetur adipiscing elit. Nullam quis risus eget urna mollis ornare vel eu leo. Praesent commodo cursus magna, vel scelerisque nisl consectetur et.<\\/p>\",\"personImage\":[\"2943\"]}}},\"81\":\"Our Navigators\",\"7\":\"\",\"6\":\"\"}}', '2017-02-02 18:28:59', '2017-02-02 18:28:59', '624769e4-f2b5-44f9-af17-a0a371f5590a'),
 ('314', '2845', '9', '1', 'en_us', '5', '', '{\"typeId\":\"15\",\"authorId\":\"1\",\"title\":\"Leadership\",\"slug\":\"leadership\",\"postDate\":1482273600,\"expiryDate\":null,\"enabled\":1,\"parentId\":\"2830\",\"fields\":{\"48\":\"Our leadership team has nearly 60 years of combined experience in education at all levels, from leading classrooms to shaping federal policy.\",\"36\":{\"2846\":{\"type\":\"person\",\"enabled\":\"1\",\"fields\":{\"personName\":\"Timothy Daly\",\"personTitle\":\"Founding Partner\",\"personDescription\":\"<p>Tim brings 17 years of experience in public education to EdNavigator, including service as an urban school teacher, organizational leader, and policy expert. Prior to founding EdNavigator, he served alongside Ariela Rozman as President of TNTP, a leading education nonprofit organization that partners with school systems and states to ensure that all students get excellent teachers. During his eight years in that role, TNTP became a leading source of innovative research and a respected independent voice on teacher quality issues. Before joining TNTP in 2001, Tim taught social studies at Northeast Middle School in Baltimore. He holds a MA in Teaching from Johns Hopkins University and a BA in American Studies from Northwestern University. He lives in Chicago with his wife and two children.<\\/p>\",\"personImage\":[\"2941\"]}},\"2847\":{\"type\":\"person\",\"enabled\":\"1\",\"fields\":{\"personName\":\"Whitney Henderson\",\"personTitle\":\"Navigator-in-chief\",\"personDescription\":\"<p>A native of East St. Louis, IL, Whitney brings to her work 10 years of experience as an award-winning teacher, school principal and instructional expert. Her career in education began in New Orleans, where she moved after Hurricane Katrina to become a founding teacher and eventually 7th-9th grade principal at KIPP Central City Academy. Her extraordinary success with students earned her the 2011 Fishman Prize, a $25,000 award given annually to just four teachers nationwide. Whitney holds a BA in English and Modern Foreign Languages from Jackson State University, a MA in Organizational Leadership from Teacher\\u2019s College at Columbia University, and a Master\\u2019s in Education Policy and Management from the Harvard Graduate School of Education. She lives in New Orleans, LA.&nbsp;<\\/p>\",\"personImage\":[\"2943\"]}},\"2848\":{\"type\":\"person\",\"enabled\":\"1\",\"fields\":{\"personName\":\"David Keeling\",\"personTitle\":\"Founding Partner\",\"personDescription\":\"<p>David Keeling has 16 years of experience in strategic communications and public education. Over the last decade and a half, his words have appeared in teacher recruitment ads in the New York City subway, in news outlets from Education Week to The New York Times, and in the remarks and messages of some of the nation\\u2019s most prominent education leaders. Before EdNavigator, he served for six years as Vice President of Communications for TNTP, leading the organization\\u2019s communications, marketing and publications strategy and advising TNTP staff, state education agencies and urban school systems nationwide on communicating with teachers, parents, school leaders, and other stakeholders.&nbsp; He holds a BA in English from Middlebury College and lives with his wife and two children in Chicago.<\\/p>\",\"personImage\":[\"2943\"]}},\"2849\":{\"type\":\"person\",\"enabled\":\"1\",\"fields\":{\"personName\":\"Ariela Rozman\",\"personTitle\":\"Founding Partner\",\"personDescription\":\"<p>Before founding EdNavigator, Ariela Rozman served for eight years as Chief Executive Officer of TNTP. Under her tenure as CEO, TNTP tripled in size, growing to a staff of 370 full-time employees across 41 states and an annual budget of more than $60 million.&nbsp; Today, TNTP has a presence in more than 50 cities and states, including most of the country\\u2019s largest urban areas. In 2012, she and then-TNTP President Tim Daly received the Harold W. McGraw, Jr. Prize in Education for their leadership. Prior to joining TNTP in 2001, Ariela worked in consulting for Bain & Company and helped launch and grow the e-commerce site PlanetRx.com. She holds a BA in Political and Social Thought from the University of Virginia and lives in Brooklyn, NY with her husband and two children.<\\/p>\",\"personImage\":[\"2941\"]}}},\"81\":\"Our Leadership Team\",\"7\":\"\",\"6\":\"\"}}', '2017-02-02 18:42:49', '2017-02-02 18:42:49', '25e27e2a-8eec-4020-9165-c4d9f195c287');
INSERT INTO `craft_entryversions` (`id`, `entryId`, `sectionId`, `creatorId`, `locale`, `num`, `notes`, `data`, `dateCreated`, `dateUpdated`, `uid`) VALUES
 ('315', '2850', '9', '1', 'en_us', '4', '', '{\"typeId\":\"15\",\"authorId\":\"1\",\"title\":\"Board of Directors\",\"slug\":\"board-of-directors\",\"postDate\":1482274140,\"expiryDate\":null,\"enabled\":1,\"parentId\":\"2830\",\"fields\":{\"48\":\"Our Board of Directors broadens our perspective while helping us keep our eyes on the ball.\",\"36\":{\"2851\":{\"type\":\"person\",\"enabled\":\"1\",\"fields\":{\"personName\":\"Kriste Dragon\",\"personTitle\":\"Co-founder and Chief Executive Officer, Citizens of the World Charter Schools\",\"personDescription\":\"\",\"personImage\":[\"2943\"]}},\"2852\":{\"type\":\"person\",\"enabled\":\"1\",\"fields\":{\"personName\":\"Kaya Henderson\",\"personTitle\":\"Former Chancellor,  DC Public Schools\",\"personDescription\":\"\",\"personImage\":[\"2941\"]}},\"2853\":{\"type\":\"person\",\"enabled\":\"1\",\"fields\":{\"personName\":\"Ryan Smith\",\"personTitle\":\"Executive Director,  Education Trust-West\",\"personDescription\":\"\",\"personImage\":[\"2943\"]}},\"2854\":{\"type\":\"person\",\"enabled\":\"1\",\"fields\":{\"personName\":\"Chris Stewart\",\"personTitle\":\"Director of Outreach and External Affairs, Education Post\",\"personDescription\":\"\",\"personImage\":[\"2941\"]}}},\"81\":\"Board of Directors\",\"7\":\"\",\"6\":\"\"}}', '2017-02-02 19:07:59', '2017-02-02 19:07:59', 'dd8dbec0-315c-4d88-8b76-86cce3a36cbd'),
 ('316', '2856', '9', '1', 'en_us', '3', '', '{\"typeId\":\"15\",\"authorId\":\"1\",\"title\":\"Our Partners                 \",\"slug\":\"our-partners\",\"postDate\":1482274800,\"expiryDate\":null,\"enabled\":1,\"parentId\":\"2830\",\"fields\":{\"48\":\"We\\u2019re proud to partner with leading businesses to help hard-working people give their children a great education and achieve their own educational goals.\",\"36\":{\"2857\":{\"type\":\"person\",\"enabled\":\"1\",\"fields\":{\"personName\":\"International House Hotel\",\"personTitle\":\"Anchor Partner\",\"personDescription\":\"<p>International House Hotel is a luxury boutique hotel located in downtown New Orleans, with 117 rooms. EdNavigator support is available to any eligible employee who is interested.&nbsp;<\\/p>\",\"personImage\":[\"2945\"]}},\"2858\":{\"type\":\"person\",\"enabled\":\"1\",\"fields\":{\"personName\":\"The New Orleans marriott\",\"personTitle\":\"\",\"personDescription\":\"<p>Located on Canal Street, the New Orleans Marriott is the city\\u2019s second-largest hotel, with 1,330 rooms.<\\/p>\",\"personImage\":\"\"}},\"2859\":{\"type\":\"person\",\"enabled\":\"1\",\"fields\":{\"personName\":\"The Hyatt Regency New Orleans\",\"personTitle\":\"\",\"personDescription\":\"\",\"personImage\":\"\"}},\"2860\":{\"type\":\"person\",\"enabled\":\"1\",\"fields\":{\"personName\":\"The JW Marriott New Orleans\",\"personTitle\":\"\",\"personDescription\":\"\",\"personImage\":\"\"}},\"2861\":{\"type\":\"person\",\"enabled\":\"1\",\"fields\":{\"personName\":\"The Ritz-Carlton New Orleans\",\"personTitle\":\"\",\"personDescription\":\"\",\"personImage\":\"\"}},\"2862\":{\"type\":\"person\",\"enabled\":\"1\",\"fields\":{\"personName\":\"The Residence Inn New Orleans Downtwon\",\"personTitle\":\"\",\"personDescription\":\"\",\"personImage\":\"\"}},\"2863\":{\"type\":\"person\",\"enabled\":\"1\",\"fields\":{\"personName\":\"The New Orleans Marriott At The Convention Center\",\"personTitle\":\"\",\"personDescription\":\"\",\"personImage\":\"\"}}},\"81\":\"Our Partners\",\"7\":\"\",\"6\":\"\"}}', '2017-02-02 19:16:22', '2017-02-02 19:16:22', '259ee0bc-3ce1-4476-9998-5fb60ec3931c'),
 ('317', '2856', '9', '1', 'en_us', '4', '', '{\"typeId\":\"15\",\"authorId\":\"1\",\"title\":\"Our Partners                 \",\"slug\":\"our-partners\",\"postDate\":1482274800,\"expiryDate\":null,\"enabled\":1,\"parentId\":\"2830\",\"fields\":{\"48\":\"We\\u2019re proud to partner with leading businesses to help hard-working people give their children a great education and achieve their own educational goals.\",\"36\":{\"2857\":{\"type\":\"person\",\"enabled\":\"1\",\"fields\":{\"personName\":\"International House Hotel\",\"personTitle\":\"Anchor Partner\",\"personDescription\":\"<p>International House Hotel is a luxury boutique hotel located in downtown New Orleans, with 117 rooms. EdNavigator support is available to any eligible employee who is interested.&nbsp;<\\/p>\",\"personImage\":[\"2945\"]}},\"2858\":{\"type\":\"person\",\"enabled\":\"1\",\"fields\":{\"personName\":\"The New Orleans marriott\",\"personTitle\":\"\",\"personDescription\":\"<p>Located on Canal Street, the New Orleans Marriott is the city\\u2019s second-largest hotel, with 1,330 rooms.<\\/p>\",\"personImage\":[\"2946\"]}},\"2859\":{\"type\":\"person\",\"enabled\":\"1\",\"fields\":{\"personName\":\"The Hyatt Regency New Orleans\",\"personTitle\":\"\",\"personDescription\":\"\",\"personImage\":\"\"}},\"2860\":{\"type\":\"person\",\"enabled\":\"1\",\"fields\":{\"personName\":\"The JW Marriott New Orleans\",\"personTitle\":\"\",\"personDescription\":\"\",\"personImage\":\"\"}},\"2861\":{\"type\":\"person\",\"enabled\":\"1\",\"fields\":{\"personName\":\"The Ritz-Carlton New Orleans\",\"personTitle\":\"\",\"personDescription\":\"\",\"personImage\":\"\"}},\"2862\":{\"type\":\"person\",\"enabled\":\"1\",\"fields\":{\"personName\":\"The Residence Inn New Orleans Downtwon\",\"personTitle\":\"\",\"personDescription\":\"\",\"personImage\":\"\"}},\"2863\":{\"type\":\"person\",\"enabled\":\"1\",\"fields\":{\"personName\":\"The New Orleans Marriott At The Convention Center\",\"personTitle\":\"\",\"personDescription\":\"\",\"personImage\":\"\"}}},\"81\":\"Our Partners\",\"7\":\"\",\"6\":\"\"}}', '2017-02-02 20:58:45', '2017-02-02 20:58:45', '229219c7-3c81-4fa4-80e7-1cadecfdb2ca'),
 ('318', '2856', '9', '1', 'en_us', '5', '', '{\"typeId\":\"15\",\"authorId\":\"1\",\"title\":\"Our Partners                 \",\"slug\":\"our-partners\",\"postDate\":1482274800,\"expiryDate\":null,\"enabled\":1,\"parentId\":\"2830\",\"fields\":{\"48\":\"We\\u2019re proud to partner with leading businesses to help hard-working people give their children a great education and achieve their own educational goals.\",\"36\":{\"2857\":{\"type\":\"person\",\"enabled\":\"1\",\"fields\":{\"personName\":\"International House Hotel\",\"personTitle\":\"Anchor Partner\",\"personDescription\":\"<p>International House Hotel is a luxury boutique hotel located in downtown New Orleans, with 117 rooms. EdNavigator support is available to any eligible employee who is interested.&nbsp;<\\/p>\",\"personImage\":[\"2945\"]}},\"2858\":{\"type\":\"person\",\"enabled\":\"1\",\"fields\":{\"personName\":\"The New Orleans marriott\",\"personTitle\":\"\",\"personDescription\":\"<p>Located on Canal Street, the New Orleans Marriott is the city\\u2019s second-largest hotel, with 1,330 rooms.<\\/p>\",\"personImage\":[\"2946\"]}},\"2859\":{\"type\":\"person\",\"enabled\":\"1\",\"fields\":{\"personName\":\"The Hyatt Regency New Orleans\",\"personTitle\":\"\",\"personDescription\":\"<p>The JW Marriott has 500 rooms and is located on Canal Street across from the historic French Quarter in New Orleans.&nbsp;<\\/p>\",\"personImage\":[\"2947\"]}},\"2860\":{\"type\":\"person\",\"enabled\":\"1\",\"fields\":{\"personName\":\"The JW Marriott New Orleans\",\"personTitle\":\"\",\"personDescription\":\"<p>The JW Marriott has 500 rooms and is located on Canal Street across from the historic French Quarter in New Orleans.&nbsp;<\\/p>\",\"personImage\":[\"2948\"]}},\"2861\":{\"type\":\"person\",\"enabled\":\"1\",\"fields\":{\"personName\":\"The Ritz-Carlton New Orleans\",\"personTitle\":\"\",\"personDescription\":\"<p>A luxury 4-Star hotel in the French Quarter, The&nbsp;Ritz-Carlton is one of New Orleans\\u2019 premiere destinations.<\\/p>\",\"personImage\":[\"2949\"]}},\"2862\":{\"type\":\"person\",\"enabled\":\"1\",\"fields\":{\"personName\":\"The Residence Inn New Orleans Downtwon\",\"personTitle\":\"\",\"personDescription\":\"<p>This extended-stay hotel is located in New Orlean\\u2019s vibrant Warehouse District.<\\/p>\",\"personImage\":[\"2948\"]}},\"2863\":{\"type\":\"person\",\"enabled\":\"1\",\"fields\":{\"personName\":\"The New Orleans Marriott At The Convention Center\",\"personTitle\":\"\",\"personDescription\":\"<p>Housed in a 19th-century cotton mill, this upscale hotel is adjacent to New Orleans\\u2019 convention center complex.<\\/p>\",\"personImage\":[\"2945\"]}}},\"81\":\"Our Partners\",\"7\":\"\",\"6\":\"\"}}', '2017-02-02 21:07:12', '2017-02-02 21:07:12', '020639ca-39e0-4be0-9bb9-83b27cbf1dfe'),
 ('319', '2953', '12', '1', 'en_us', '1', '', '{\"typeId\":null,\"authorId\":\"1\",\"title\":\"How to Make Parent-Teacher Conferences More Parent-Friendly\",\"slug\":\"how-to-make-parent-teacher-conferences-more-parent-friendly\",\"postDate\":1486070929,\"expiryDate\":null,\"enabled\":1,\"parentId\":null,\"fields\":{\"50\":[\"2952\"],\"49\":\"<p>At schools across the county, parent-teacher conferences are happening right now.&nbsp; The first report cards of the year were probably sent home in the past few weeks.&nbsp; Now, it\\u2019s time for parents and teachers to discuss how things are going.&nbsp; This is arguably the most critical moment of the school year for parent engagement.&nbsp; Parents trust teachers more than any other source of information when it comes to their child\\u2019s education. When I was a teacher, I really looked forward to these first-quarter conferences. They offered an opportunity to set the tone and get everyone on the same page early in the year, when there was still time to make bigger adjustments.<\\/p>\\r\\n<p>We recently offered parents some tips on how to read report cards in our EdTips newsletter (it\\u2019s not as easy as you think). As teachers prep for the initial round of report card conferences, we hope that they will offer an honest and comprehensive view of each student\\u2019s performance. That\\u2019s not easy, either. Teachers only have a few minutes with each parent, and there\\u2019s a lot to cover. If the student\\u2019s not doing so well, it can be a tough conversation. I know I had plenty of those as a teacher, and there were always conferences I wished I\\u2019d handled differently.<\\/p>\\r\\n<p>Today, when teachers ask me how they can make sure parent-teacher conferences are useful to families, here\\u2019s what I tell them: &nbsp;<\\/p>\\r\\n<p>Be clear<\\/p>\\r\\n<p>Make sure parents fully understand what their child\\u2019s report card is saying. Go beyond generic statements like, \\u201cYour child needs to focus on math.\\u201d Provide examples of student work and show families where students are struggling or thriving, specifically. Parents crave specifics because such details inspire them to play a more active role in their child\\u2019s learning development and help them understand how they can be helpful at home. Likewise, don\\u2019t assume that they can interpret, \\u201cshe\\u2019s very enthusiastic in class\\u201d when you actually mean \\u201cshe needs to practice waiting her turn and raising her hand\\u201d \\u2013 be direct and say things plainly.<\\/p>\\r\\n<p>Be candid<\\/p>\\r\\n<p>When you go to the doctor, you expect to get an honest assessment of your health. If a blood test shows a problem, your doctor is ethically obligated to tell you about it&mdash;even if it\\u2019s not what you want to hear. Parents should be able to expect the same from their children\\u2019s teachers. They aren\\u2019t expecting to be overloaded with information as they\\u2019re juggling their own set of responsibilities, but schools should never sugarcoat issues.<\\/p>\\r\\n<p>Research shows that more than 90% of parents believe their children are performing on grade level when the data says otherwise. They aren\\u2019t delusional; they just aren\\u2019t getting good information. It is essential for teachers to clearly explain to parents where their children are academically. If a child is struggling, make sure her parents understand how serious the issue is and what has to happen in order to get her back on track. The goal isn\\u2019t to scare anyone, but rather to build a shared sense of urgency and focus.<\\/p>\\r\\n<p>Be collaborative<\\/p>\\r\\n<p>As teachers, you won\\u2019t find a better partner to work with than parents. They know their kids better than anyone, so use them! Parents can provide insights into their children\\u2019s behavior, habits, motivations, and general quirks that can help you reach them in the classroom. When students see their teacher and parents on the same page, it pushes them to meet and exceed expectations. The message is clear: there are no loopholes. Success is the only option.<\\/p>\\r\\n<p>At the end of the report card conference, parents should have a clear set of next steps, understanding exactly what the school will do to support their child moving forward and tips on how they can reasonably help at home.&nbsp; But these meetings aren\\u2019t just about setting clear expectations for the student; they\\u2019re also about enabling parents to actively participate in their child\\u2019s education and to hold the school accountable.<\\/p>\\r\\n<p>One last thing, teachers and principals: Please make sure that parents get a copy of the report card! This might sound obvious, but many schools ask parents to sign and return the report card, leaving them with no reference of progress. We all know that report cards make nice refrigerator decorations, so don\\u2019t deprive parents of that!<\\/p>\",\"7\":\"\",\"6\":\"\",\"2\":[\"2950\",\"2951\"]}}', '2017-02-02 21:28:49', '2017-02-02 21:28:49', '97e40e16-6ff6-4b68-88f9-b267b64813e0'),
 ('320', '2953', '12', '1', 'en_us', '2', '', '{\"typeId\":\"12\",\"authorId\":\"1\",\"title\":\"How to Make Parent-Teacher Conferences More Parent-Friendly\",\"slug\":\"how-to-make-parent-teacher-conferences-more-parent-friendly\",\"postDate\":1486070880,\"expiryDate\":null,\"enabled\":1,\"parentId\":null,\"fields\":{\"50\":[\"2952\"],\"49\":\"<p>At schools across the county, parent-teacher conferences are happening right now.&nbsp; The first report cards of the year were probably sent home in the past few weeks.&nbsp; Now, it\\u2019s time for parents and teachers to discuss how things are going.&nbsp; This is arguably the most critical moment of the school year for parent engagement.&nbsp; Parents trust teachers more than any other source of information when it comes to their child\\u2019s education. When I was a teacher, I really looked forward to these first-quarter conferences. They offered an opportunity to set the tone and get everyone on the same page early in the year, when there was still time to make bigger adjustments.<\\/p>\\r\\n<p>We recently offered parents some tips on how to read report cards in our EdTips newsletter (it\\u2019s not as easy as you think). As teachers prep for the initial round of report card conferences, we hope that they will offer an honest and comprehensive view of each student\\u2019s performance. That\\u2019s not easy, either. Teachers only have a few minutes with each parent, and there\\u2019s a lot to cover. If the student\\u2019s not doing so well, it can be a tough conversation. I know I had plenty of those as a teacher, and there were always conferences I wished I\\u2019d handled differently.<\\/p>\\r\\n<p>Today, when teachers ask me how they can make sure parent-teacher conferences are useful to families, here\\u2019s what I tell them: &nbsp;<\\/p>\\r\\n<p>Be clear<\\/p>\\r\\n<p>Make sure parents fully understand what their child\\u2019s report card is saying. Go beyond generic statements like, \\u201cYour child needs to focus on math.\\u201d Provide examples of student work and show families where students are struggling or thriving, specifically. Parents crave specifics because such details inspire them to play a more active role in their child\\u2019s learning development and help them understand how they can be helpful at home. Likewise, don\\u2019t assume that they can interpret, \\u201cshe\\u2019s very enthusiastic in class\\u201d when you actually mean \\u201cshe needs to practice waiting her turn and raising her hand\\u201d \\u2013 be direct and say things plainly.<\\/p>\\r\\n<p>Be candid<\\/p>\\r\\n<p>When you go to the doctor, you expect to get an honest assessment of your health. If a blood test shows a problem, your doctor is ethically obligated to tell you about it&mdash;even if it\\u2019s not what you want to hear. Parents should be able to expect the same from their children\\u2019s teachers. They aren\\u2019t expecting to be overloaded with information as they\\u2019re juggling their own set of responsibilities, but schools should never sugarcoat issues.<\\/p>\\r\\n<p>Research shows that more than 90% of parents believe their children are performing on grade level when the data says otherwise. They aren\\u2019t delusional; they just aren\\u2019t getting good information. It is essential for teachers to clearly explain to parents where their children are academically. If a child is struggling, make sure her parents understand how serious the issue is and what has to happen in order to get her back on track. The goal isn\\u2019t to scare anyone, but rather to build a shared sense of urgency and focus.<\\/p>\\r\\n<p>Be collaborative<\\/p>\\r\\n<p>As teachers, you won\\u2019t find a better partner to work with than parents. They know their kids better than anyone, so use them! Parents can provide insights into their children\\u2019s behavior, habits, motivations, and general quirks that can help you reach them in the classroom. When students see their teacher and parents on the same page, it pushes them to meet and exceed expectations. The message is clear: there are no loopholes. Success is the only option.<\\/p>\\r\\n<p>At the end of the report card conference, parents should have a clear set of next steps, understanding exactly what the school will do to support their child moving forward and tips on how they can reasonably help at home.&nbsp; But these meetings aren\\u2019t just about setting clear expectations for the student; they\\u2019re also about enabling parents to actively participate in their child\\u2019s education and to hold the school accountable.<\\/p>\\r\\n<p>One last thing, teachers and principals: Please make sure that parents get a copy of the report card! This might sound obvious, but many schools ask parents to sign and return the report card, leaving them with no reference of progress. We all know that report cards make nice refrigerator decorations, so don\\u2019t deprive parents of that!<\\/p>\",\"82\":\"When teachers ask me how they can make sure parent-teacher conferences are useful to families, here\\u2019s what I tell them.\",\"7\":\"\",\"6\":\"\",\"2\":[\"2950\",\"2951\"]}}', '2017-02-02 22:20:27', '2017-02-02 22:20:27', '21231bec-0a86-4252-a89f-8e1d533a6953'),
 ('321', '2956', '12', '1', 'en_us', '1', '', '{\"typeId\":null,\"authorId\":\"1\",\"title\":\"Louisiana Proposes a Smarter Way to Grade Schools\",\"slug\":\"louisiana-proposes-a-smarter-way-to-grade-schools\",\"postDate\":1486074086,\"expiryDate\":null,\"enabled\":1,\"parentId\":null,\"fields\":{\"50\":[\"2954\"],\"49\":\"<p>Duis mollis, est non commodo luctus, nisi erat porttitor ligula, eget lacinia odio sem nec elit. Cras mattis consectetur purus sit amet fermentum. Curabitur blandit tempus porttitor. Curabitur blandit tempus porttitor. Lorem ipsum dolor sit amet, consectetur adipiscing elit. Fusce dapibus, tellus ac cursus commodo, tortor mauris condimentum nibh, ut fermentum massa justo sit amet risus.<\\/p>\\r\\n<p>Integer posuere erat a ante venenatis dapibus posuere velit aliquet. Maecenas faucibus mollis interdum. Vivamus sagittis lacus vel augue laoreet rutrum faucibus dolor auctor. Fusce dapibus, tellus ac cursus commodo, tortor mauris condimentum nibh, ut fermentum massa justo sit amet risus. Donec sed odio dui. Donec sed odio dui. Nulla vitae elit libero, a pharetra augue.<\\/p>\\r\\n<p>Donec ullamcorper nulla non metus auctor fringilla. Lorem ipsum dolor sit amet, consectetur adipiscing elit. Duis mollis, est non commodo luctus, nisi erat porttitor ligula, eget lacinia odio sem nec elit. Lorem ipsum dolor sit amet, consectetur adipiscing elit. Aenean eu leo quam. Pellentesque ornare sem lacinia quam venenatis vestibulum. Cras mattis consectetur purus sit amet fermentum. Aenean eu leo quam. Pellentesque ornare sem lacinia quam venenatis vestibulum.<\\/p>\\r\\n<p>Lorem ipsum dolor sit amet, consectetur adipiscing elit. Aenean lacinia bibendum nulla sed consectetur. Cras mattis consectetur purus sit amet fermentum. Sed posuere consectetur est at lobortis.<\\/p>\",\"82\":\"The state\\u2019s plan to base 25 percent of a school\\u2019s grade on how much students grow at the school is a step in the right direction.\",\"7\":\"\",\"6\":\"\",\"2\":[\"2955\"]}}', '2017-02-02 22:21:26', '2017-02-02 22:21:26', '249fe908-5538-4c99-81f5-140cef50b899'),
 ('323', '2958', '15', '1', 'en_us', '1', NULL, '{\"typeId\":\"20\",\"authorId\":null,\"title\":\"Blog\",\"slug\":\"blog\",\"postDate\":1486075705,\"expiryDate\":null,\"enabled\":1,\"parentId\":null,\"fields\":[]}', '2017-02-02 22:48:25', '2017-02-02 22:48:25', '31a35c63-f66c-41e6-b582-143d9233da67'),
 ('324', '2958', '15', '1', 'en_us', '2', '', '{\"typeId\":null,\"authorId\":null,\"title\":\"Blog\",\"slug\":\"blog\",\"postDate\":1486075705,\"expiryDate\":null,\"enabled\":1,\"parentId\":null,\"fields\":{\"48\":\"Fusce dapibus tellus ac cursus curabitur blandit tempus porttitor.\"}}', '2017-02-02 22:49:50', '2017-02-02 22:49:50', 'b5602e06-10f1-47d5-a8a4-8e8145bdc655'),
 ('325', '2956', '12', '1', 'en_us', '2', '', '{\"typeId\":\"12\",\"authorId\":\"1\",\"title\":\"Louisiana Proposes a Smarter Way to Grade Schools\",\"slug\":\"louisiana-proposes-a-smarter-way-to-grade-schools\",\"postDate\":1486074060,\"expiryDate\":null,\"enabled\":1,\"parentId\":null,\"fields\":{\"50\":[\"2954\"],\"83\":[\"2960\"],\"84\":\"\",\"49\":\"<p>Duis mollis, est non commodo luctus, nisi erat porttitor ligula, eget lacinia odio sem nec elit. Cras mattis consectetur purus sit amet fermentum. Curabitur blandit tempus porttitor. Curabitur blandit tempus porttitor. Lorem ipsum dolor sit amet, consectetur adipiscing elit. Fusce dapibus, tellus ac cursus commodo, tortor mauris condimentum nibh, ut fermentum massa justo sit amet risus.<\\/p>\\r\\n<p>Integer posuere erat a ante venenatis dapibus posuere velit aliquet. Maecenas faucibus mollis interdum. Vivamus sagittis lacus vel augue laoreet rutrum faucibus dolor auctor. Fusce dapibus, tellus ac cursus commodo, tortor mauris condimentum nibh, ut fermentum massa justo sit amet risus. Donec sed odio dui. Donec sed odio dui. Nulla vitae elit libero, a pharetra augue.<\\/p>\\r\\n<p>Donec ullamcorper nulla non metus auctor fringilla. Lorem ipsum dolor sit amet, consectetur adipiscing elit. Duis mollis, est non commodo luctus, nisi erat porttitor ligula, eget lacinia odio sem nec elit. Lorem ipsum dolor sit amet, consectetur adipiscing elit. Aenean eu leo quam. Pellentesque ornare sem lacinia quam venenatis vestibulum. Cras mattis consectetur purus sit amet fermentum. Aenean eu leo quam. Pellentesque ornare sem lacinia quam venenatis vestibulum.<\\/p>\\r\\n<p>Lorem ipsum dolor sit amet, consectetur adipiscing elit. Aenean lacinia bibendum nulla sed consectetur. Cras mattis consectetur purus sit amet fermentum. Sed posuere consectetur est at lobortis.<\\/p>\",\"82\":\"The state\\u2019s plan to base 25 percent of a school\\u2019s grade on how much students grow at the school is a step in the right direction.\",\"7\":\"\",\"6\":\"\"}}', '2017-02-03 15:40:23', '2017-02-03 15:40:23', '88e76ed1-6948-42b5-a129-e20bd789968a'),
 ('326', '2953', '12', '1', 'en_us', '3', '', '{\"typeId\":\"12\",\"authorId\":\"1\",\"title\":\"How to Make Parent-Teacher Conferences More Parent-Friendly\",\"slug\":\"how-to-make-parent-teacher-conferences-more-parent-friendly\",\"postDate\":1486070880,\"expiryDate\":null,\"enabled\":1,\"parentId\":null,\"fields\":{\"50\":[\"2952\"],\"83\":[\"2959\"],\"84\":\"\",\"49\":\"<p>At schools across the county, parent-teacher conferences are happening right now.&nbsp; The first report cards of the year were probably sent home in the past few weeks.&nbsp; Now, it\\u2019s time for parents and teachers to discuss how things are going.&nbsp; This is arguably the most critical moment of the school year for parent engagement.&nbsp; Parents trust teachers more than any other source of information when it comes to their child\\u2019s education. When I was a teacher, I really looked forward to these first-quarter conferences. They offered an opportunity to set the tone and get everyone on the same page early in the year, when there was still time to make bigger adjustments.<\\/p>\\r\\n<p>We recently offered parents some tips on how to read report cards in our EdTips newsletter (it\\u2019s not as easy as you think). As teachers prep for the initial round of report card conferences, we hope that they will offer an honest and comprehensive view of each student\\u2019s performance. That\\u2019s not easy, either. Teachers only have a few minutes with each parent, and there\\u2019s a lot to cover. If the student\\u2019s not doing so well, it can be a tough conversation. I know I had plenty of those as a teacher, and there were always conferences I wished I\\u2019d handled differently.<\\/p>\\r\\n<p>Today, when teachers ask me how they can make sure parent-teacher conferences are useful to families, here\\u2019s what I tell them: &nbsp;<\\/p>\\r\\n<p>Be clear<\\/p>\\r\\n<p>Make sure parents fully understand what their child\\u2019s report card is saying. Go beyond generic statements like, \\u201cYour child needs to focus on math.\\u201d Provide examples of student work and show families where students are struggling or thriving, specifically. Parents crave specifics because such details inspire them to play a more active role in their child\\u2019s learning development and help them understand how they can be helpful at home. Likewise, don\\u2019t assume that they can interpret, \\u201cshe\\u2019s very enthusiastic in class\\u201d when you actually mean \\u201cshe needs to practice waiting her turn and raising her hand\\u201d \\u2013 be direct and say things plainly.<\\/p>\\r\\n<p>Be candid<\\/p>\\r\\n<p>When you go to the doctor, you expect to get an honest assessment of your health. If a blood test shows a problem, your doctor is ethically obligated to tell you about it&mdash;even if it\\u2019s not what you want to hear. Parents should be able to expect the same from their children\\u2019s teachers. They aren\\u2019t expecting to be overloaded with information as they\\u2019re juggling their own set of responsibilities, but schools should never sugarcoat issues.<\\/p>\\r\\n<p>Research shows that more than 90% of parents believe their children are performing on grade level when the data says otherwise. They aren\\u2019t delusional; they just aren\\u2019t getting good information. It is essential for teachers to clearly explain to parents where their children are academically. If a child is struggling, make sure her parents understand how serious the issue is and what has to happen in order to get her back on track. The goal isn\\u2019t to scare anyone, but rather to build a shared sense of urgency and focus.<\\/p>\\r\\n<p>Be collaborative<\\/p>\\r\\n<p>As teachers, you won\\u2019t find a better partner to work with than parents. They know their kids better than anyone, so use them! Parents can provide insights into their children\\u2019s behavior, habits, motivations, and general quirks that can help you reach them in the classroom. When students see their teacher and parents on the same page, it pushes them to meet and exceed expectations. The message is clear: there are no loopholes. Success is the only option.<\\/p>\\r\\n<p>At the end of the report card conference, parents should have a clear set of next steps, understanding exactly what the school will do to support their child moving forward and tips on how they can reasonably help at home.&nbsp; But these meetings aren\\u2019t just about setting clear expectations for the student; they\\u2019re also about enabling parents to actively participate in their child\\u2019s education and to hold the school accountable.<\\/p>\\r\\n<p>One last thing, teachers and principals: Please make sure that parents get a copy of the report card! This might sound obvious, but many schools ask parents to sign and return the report card, leaving them with no reference of progress. We all know that report cards make nice refrigerator decorations, so don\\u2019t deprive parents of that!<\\/p>\",\"82\":\"When teachers ask me how they can make sure parent-teacher conferences are useful to families, here\\u2019s what I tell them.\",\"7\":\"\",\"6\":\"\"}}', '2017-02-03 15:40:53', '2017-02-03 15:40:53', '552a6b18-937e-4910-97a7-22277dc8ff7a'),
 ('327', '2953', '12', '1', 'en_us', '4', '', '{\"typeId\":\"12\",\"authorId\":\"1\",\"title\":\"How to Make Parent-Teacher Conferences More Parent-Friendly\",\"slug\":\"how-to-make-parent-teacher-conferences-more-parent-friendly\",\"postDate\":1480714080,\"expiryDate\":null,\"enabled\":1,\"parentId\":null,\"fields\":{\"50\":[\"2952\"],\"83\":[\"2959\"],\"84\":\"\",\"49\":\"<p>At schools across the county, parent-teacher conferences are happening right now.&nbsp; The first report cards of the year were probably sent home in the past few weeks.&nbsp; Now, it\\u2019s time for parents and teachers to discuss how things are going.&nbsp; This is arguably the most critical moment of the school year for parent engagement.&nbsp; Parents trust teachers more than any other source of information when it comes to their child\\u2019s education. When I was a teacher, I really looked forward to these first-quarter conferences. They offered an opportunity to set the tone and get everyone on the same page early in the year, when there was still time to make bigger adjustments.<\\/p>\\r\\n<p>We recently offered parents some tips on how to read report cards in our EdTips newsletter (it\\u2019s not as easy as you think). As teachers prep for the initial round of report card conferences, we hope that they will offer an honest and comprehensive view of each student\\u2019s performance. That\\u2019s not easy, either. Teachers only have a few minutes with each parent, and there\\u2019s a lot to cover. If the student\\u2019s not doing so well, it can be a tough conversation. I know I had plenty of those as a teacher, and there were always conferences I wished I\\u2019d handled differently.<\\/p>\\r\\n<p>Today, when teachers ask me how they can make sure parent-teacher conferences are useful to families, here\\u2019s what I tell them: &nbsp;<\\/p>\\r\\n<p>Be clear<\\/p>\\r\\n<p>Make sure parents fully understand what their child\\u2019s report card is saying. Go beyond generic statements like, \\u201cYour child needs to focus on math.\\u201d Provide examples of student work and show families where students are struggling or thriving, specifically. Parents crave specifics because such details inspire them to play a more active role in their child\\u2019s learning development and help them understand how they can be helpful at home. Likewise, don\\u2019t assume that they can interpret, \\u201cshe\\u2019s very enthusiastic in class\\u201d when you actually mean \\u201cshe needs to practice waiting her turn and raising her hand\\u201d \\u2013 be direct and say things plainly.<\\/p>\\r\\n<p>Be candid<\\/p>\\r\\n<p>When you go to the doctor, you expect to get an honest assessment of your health. If a blood test shows a problem, your doctor is ethically obligated to tell you about it&mdash;even if it\\u2019s not what you want to hear. Parents should be able to expect the same from their children\\u2019s teachers. They aren\\u2019t expecting to be overloaded with information as they\\u2019re juggling their own set of responsibilities, but schools should never sugarcoat issues.<\\/p>\\r\\n<p>Research shows that more than 90% of parents believe their children are performing on grade level when the data says otherwise. They aren\\u2019t delusional; they just aren\\u2019t getting good information. It is essential for teachers to clearly explain to parents where their children are academically. If a child is struggling, make sure her parents understand how serious the issue is and what has to happen in order to get her back on track. The goal isn\\u2019t to scare anyone, but rather to build a shared sense of urgency and focus.<\\/p>\\r\\n<p>Be collaborative<\\/p>\\r\\n<p>As teachers, you won\\u2019t find a better partner to work with than parents. They know their kids better than anyone, so use them! Parents can provide insights into their children\\u2019s behavior, habits, motivations, and general quirks that can help you reach them in the classroom. When students see their teacher and parents on the same page, it pushes them to meet and exceed expectations. The message is clear: there are no loopholes. Success is the only option.<\\/p>\\r\\n<p>At the end of the report card conference, parents should have a clear set of next steps, understanding exactly what the school will do to support their child moving forward and tips on how they can reasonably help at home.&nbsp; But these meetings aren\\u2019t just about setting clear expectations for the student; they\\u2019re also about enabling parents to actively participate in their child\\u2019s education and to hold the school accountable.<\\/p>\\r\\n<p>One last thing, teachers and principals: Please make sure that parents get a copy of the report card! This might sound obvious, but many schools ask parents to sign and return the report card, leaving them with no reference of progress. We all know that report cards make nice refrigerator decorations, so don\\u2019t deprive parents of that!<\\/p>\",\"82\":\"When teachers ask me how they can make sure parent-teacher conferences are useful to families, here\\u2019s what I tell them.\",\"7\":\"\",\"6\":\"\"}}', '2017-02-03 16:47:52', '2017-02-03 16:47:52', 'ca007b20-257f-408b-83ac-a8a1d04f101c'),
 ('328', '2953', '12', '1', 'en_us', '5', '', '{\"typeId\":\"12\",\"authorId\":\"1\",\"title\":\"How to Make Parent-Teacher Conferences More Parent-Friendly\",\"slug\":\"how-to-make-parent-teacher-conferences-more-parent-friendly\",\"postDate\":1480714080,\"expiryDate\":null,\"enabled\":1,\"parentId\":null,\"fields\":{\"50\":[\"2952\"],\"83\":[\"2959\"],\"84\":[\"2964\"],\"49\":\"<p>At schools across the county, parent-teacher conferences are happening right now.&nbsp; The first report cards of the year were probably sent home in the past few weeks.&nbsp; Now, it\\u2019s time for parents and teachers to discuss how things are going.&nbsp; This is arguably the most critical moment of the school year for parent engagement.&nbsp; Parents trust teachers more than any other source of information when it comes to their child\\u2019s education. When I was a teacher, I really looked forward to these first-quarter conferences. They offered an opportunity to set the tone and get everyone on the same page early in the year, when there was still time to make bigger adjustments.<\\/p>\\r\\n<p>We recently offered parents some tips on how to read report cards in our EdTips newsletter (it\\u2019s not as easy as you think). As teachers prep for the initial round of report card conferences, we hope that they will offer an honest and comprehensive view of each student\\u2019s performance. That\\u2019s not easy, either. Teachers only have a few minutes with each parent, and there\\u2019s a lot to cover. If the student\\u2019s not doing so well, it can be a tough conversation. I know I had plenty of those as a teacher, and there were always conferences I wished I\\u2019d handled differently.<\\/p>\\r\\n<p>Today, when teachers ask me how they can make sure parent-teacher conferences are useful to families, here\\u2019s what I tell them: &nbsp;<\\/p>\\r\\n<p>Be clear<\\/p>\\r\\n<p>Make sure parents fully understand what their child\\u2019s report card is saying. Go beyond generic statements like, \\u201cYour child needs to focus on math.\\u201d Provide examples of student work and show families where students are struggling or thriving, specifically. Parents crave specifics because such details inspire them to play a more active role in their child\\u2019s learning development and help them understand how they can be helpful at home. Likewise, don\\u2019t assume that they can interpret, \\u201cshe\\u2019s very enthusiastic in class\\u201d when you actually mean \\u201cshe needs to practice waiting her turn and raising her hand\\u201d \\u2013 be direct and say things plainly.<\\/p>\\r\\n<p>Be candid<\\/p>\\r\\n<p>When you go to the doctor, you expect to get an honest assessment of your health. If a blood test shows a problem, your doctor is ethically obligated to tell you about it&mdash;even if it\\u2019s not what you want to hear. Parents should be able to expect the same from their children\\u2019s teachers. They aren\\u2019t expecting to be overloaded with information as they\\u2019re juggling their own set of responsibilities, but schools should never sugarcoat issues.<\\/p>\\r\\n<p>Research shows that more than 90% of parents believe their children are performing on grade level when the data says otherwise. They aren\\u2019t delusional; they just aren\\u2019t getting good information. It is essential for teachers to clearly explain to parents where their children are academically. If a child is struggling, make sure her parents understand how serious the issue is and what has to happen in order to get her back on track. The goal isn\\u2019t to scare anyone, but rather to build a shared sense of urgency and focus.<\\/p>\\r\\n<p>Be collaborative<\\/p>\\r\\n<p>As teachers, you won\\u2019t find a better partner to work with than parents. They know their kids better than anyone, so use them! Parents can provide insights into their children\\u2019s behavior, habits, motivations, and general quirks that can help you reach them in the classroom. When students see their teacher and parents on the same page, it pushes them to meet and exceed expectations. The message is clear: there are no loopholes. Success is the only option.<\\/p>\\r\\n<p>At the end of the report card conference, parents should have a clear set of next steps, understanding exactly what the school will do to support their child moving forward and tips on how they can reasonably help at home.&nbsp; But these meetings aren\\u2019t just about setting clear expectations for the student; they\\u2019re also about enabling parents to actively participate in their child\\u2019s education and to hold the school accountable.<\\/p>\\r\\n<p>One last thing, teachers and principals: Please make sure that parents get a copy of the report card! This might sound obvious, but many schools ask parents to sign and return the report card, leaving them with no reference of progress. We all know that report cards make nice refrigerator decorations, so don\\u2019t deprive parents of that!<\\/p>\",\"82\":\"When teachers ask me how they can make sure parent-teacher conferences are useful to families, here\\u2019s what I tell them.\",\"7\":\"\",\"6\":\"\"}}', '2017-02-03 17:58:41', '2017-02-03 17:58:41', '8d14b921-9ce5-4aca-b494-3808bd56187a'),
 ('329', '2953', '12', '1', 'en_us', '6', '', '{\"typeId\":\"12\",\"authorId\":\"1\",\"title\":\"How to Make Parent-Teacher Conferences More Parent-Friendly\",\"slug\":\"how-to-make-parent-teacher-conferences-more-parent-friendly\",\"postDate\":1480714080,\"expiryDate\":null,\"enabled\":1,\"parentId\":null,\"fields\":{\"50\":[\"2952\"],\"83\":[\"2959\"],\"84\":[\"2965\",\"2966\",\"2967\"],\"49\":\"<p>At schools across the county, parent-teacher conferences are happening right now.&nbsp; The first report cards of the year were probably sent home in the past few weeks.&nbsp; Now, it\\u2019s time for parents and teachers to discuss how things are going.&nbsp; This is arguably the most critical moment of the school year for parent engagement.&nbsp; Parents trust teachers more than any other source of information when it comes to their child\\u2019s education. When I was a teacher, I really looked forward to these first-quarter conferences. They offered an opportunity to set the tone and get everyone on the same page early in the year, when there was still time to make bigger adjustments.<\\/p>\\r\\n<p>We recently offered parents some tips on how to read report cards in our EdTips newsletter (it\\u2019s not as easy as you think). As teachers prep for the initial round of report card conferences, we hope that they will offer an honest and comprehensive view of each student\\u2019s performance. That\\u2019s not easy, either. Teachers only have a few minutes with each parent, and there\\u2019s a lot to cover. If the student\\u2019s not doing so well, it can be a tough conversation. I know I had plenty of those as a teacher, and there were always conferences I wished I\\u2019d handled differently.<\\/p>\\r\\n<p>Today, when teachers ask me how they can make sure parent-teacher conferences are useful to families, here\\u2019s what I tell them: &nbsp;<\\/p>\\r\\n<p>Be clear<\\/p>\\r\\n<p>Make sure parents fully understand what their child\\u2019s report card is saying. Go beyond generic statements like, \\u201cYour child needs to focus on math.\\u201d Provide examples of student work and show families where students are struggling or thriving, specifically. Parents crave specifics because such details inspire them to play a more active role in their child\\u2019s learning development and help them understand how they can be helpful at home. Likewise, don\\u2019t assume that they can interpret, \\u201cshe\\u2019s very enthusiastic in class\\u201d when you actually mean \\u201cshe needs to practice waiting her turn and raising her hand\\u201d \\u2013 be direct and say things plainly.<\\/p>\\r\\n<p>Be candid<\\/p>\\r\\n<p>When you go to the doctor, you expect to get an honest assessment of your health. If a blood test shows a problem, your doctor is ethically obligated to tell you about it&mdash;even if it\\u2019s not what you want to hear. Parents should be able to expect the same from their children\\u2019s teachers. They aren\\u2019t expecting to be overloaded with information as they\\u2019re juggling their own set of responsibilities, but schools should never sugarcoat issues.<\\/p>\\r\\n<p>Research shows that more than 90% of parents believe their children are performing on grade level when the data says otherwise. They aren\\u2019t delusional; they just aren\\u2019t getting good information. It is essential for teachers to clearly explain to parents where their children are academically. If a child is struggling, make sure her parents understand how serious the issue is and what has to happen in order to get her back on track. The goal isn\\u2019t to scare anyone, but rather to build a shared sense of urgency and focus.<\\/p>\\r\\n<p>Be collaborative<\\/p>\\r\\n<p>As teachers, you won\\u2019t find a better partner to work with than parents. They know their kids better than anyone, so use them! Parents can provide insights into their children\\u2019s behavior, habits, motivations, and general quirks that can help you reach them in the classroom. When students see their teacher and parents on the same page, it pushes them to meet and exceed expectations. The message is clear: there are no loopholes. Success is the only option.<\\/p>\\r\\n<p>At the end of the report card conference, parents should have a clear set of next steps, understanding exactly what the school will do to support their child moving forward and tips on how they can reasonably help at home.&nbsp; But these meetings aren\\u2019t just about setting clear expectations for the student; they\\u2019re also about enabling parents to actively participate in their child\\u2019s education and to hold the school accountable.<\\/p>\\r\\n<p>One last thing, teachers and principals: Please make sure that parents get a copy of the report card! This might sound obvious, but many schools ask parents to sign and return the report card, leaving them with no reference of progress. We all know that report cards make nice refrigerator decorations, so don\\u2019t deprive parents of that!<\\/p>\",\"82\":\"When teachers ask me how they can make sure parent-teacher conferences are useful to families, here\\u2019s what I tell them.\",\"7\":\"\",\"6\":\"\"}}', '2017-02-03 18:00:04', '2017-02-03 18:00:04', '6c0b9ef0-7d28-40f2-b0da-c3dd75682b3d'),
 ('330', '2953', '12', '1', 'en_us', '7', '', '{\"typeId\":\"12\",\"authorId\":\"1\",\"title\":\"How to Make Parent-Teacher Conferences More Parent-Friendly\",\"slug\":\"how-to-make-parent-teacher-conferences-more-parent-friendly\",\"postDate\":1480714080,\"expiryDate\":null,\"enabled\":1,\"parentId\":null,\"fields\":{\"50\":[\"2952\"],\"83\":[\"2959\"],\"84\":[\"2966\",\"2968\",\"2967\"],\"49\":\"<p>At schools across the county, parent-teacher conferences are happening right now.&nbsp; The first report cards of the year were probably sent home in the past few weeks.&nbsp; Now, it\\u2019s time for parents and teachers to discuss how things are going.&nbsp; This is arguably the most critical moment of the school year for parent engagement.&nbsp; Parents trust teachers more than any other source of information when it comes to their child\\u2019s education. When I was a teacher, I really looked forward to these first-quarter conferences. They offered an opportunity to set the tone and get everyone on the same page early in the year, when there was still time to make bigger adjustments.<\\/p>\\r\\n<p>We recently offered parents some tips on how to read report cards in our EdTips newsletter (it\\u2019s not as easy as you think). As teachers prep for the initial round of report card conferences, we hope that they will offer an honest and comprehensive view of each student\\u2019s performance. That\\u2019s not easy, either. Teachers only have a few minutes with each parent, and there\\u2019s a lot to cover. If the student\\u2019s not doing so well, it can be a tough conversation. I know I had plenty of those as a teacher, and there were always conferences I wished I\\u2019d handled differently.<\\/p>\\r\\n<p>Today, when teachers ask me how they can make sure parent-teacher conferences are useful to families, here\\u2019s what I tell them: &nbsp;<\\/p>\\r\\n<p>Be clear<\\/p>\\r\\n<p>Make sure parents fully understand what their child\\u2019s report card is saying. Go beyond generic statements like, \\u201cYour child needs to focus on math.\\u201d Provide examples of student work and show families where students are struggling or thriving, specifically. Parents crave specifics because such details inspire them to play a more active role in their child\\u2019s learning development and help them understand how they can be helpful at home. Likewise, don\\u2019t assume that they can interpret, \\u201cshe\\u2019s very enthusiastic in class\\u201d when you actually mean \\u201cshe needs to practice waiting her turn and raising her hand\\u201d \\u2013 be direct and say things plainly.<\\/p>\\r\\n<p>Be candid<\\/p>\\r\\n<p>When you go to the doctor, you expect to get an honest assessment of your health. If a blood test shows a problem, your doctor is ethically obligated to tell you about it&mdash;even if it\\u2019s not what you want to hear. Parents should be able to expect the same from their children\\u2019s teachers. They aren\\u2019t expecting to be overloaded with information as they\\u2019re juggling their own set of responsibilities, but schools should never sugarcoat issues.<\\/p>\\r\\n<p>Research shows that more than 90% of parents believe their children are performing on grade level when the data says otherwise. They aren\\u2019t delusional; they just aren\\u2019t getting good information. It is essential for teachers to clearly explain to parents where their children are academically. If a child is struggling, make sure her parents understand how serious the issue is and what has to happen in order to get her back on track. The goal isn\\u2019t to scare anyone, but rather to build a shared sense of urgency and focus.<\\/p>\\r\\n<p>Be collaborative<\\/p>\\r\\n<p>As teachers, you won\\u2019t find a better partner to work with than parents. They know their kids better than anyone, so use them! Parents can provide insights into their children\\u2019s behavior, habits, motivations, and general quirks that can help you reach them in the classroom. When students see their teacher and parents on the same page, it pushes them to meet and exceed expectations. The message is clear: there are no loopholes. Success is the only option.<\\/p>\\r\\n<p>At the end of the report card conference, parents should have a clear set of next steps, understanding exactly what the school will do to support their child moving forward and tips on how they can reasonably help at home.&nbsp; But these meetings aren\\u2019t just about setting clear expectations for the student; they\\u2019re also about enabling parents to actively participate in their child\\u2019s education and to hold the school accountable.<\\/p>\\r\\n<p>One last thing, teachers and principals: Please make sure that parents get a copy of the report card! This might sound obvious, but many schools ask parents to sign and return the report card, leaving them with no reference of progress. We all know that report cards make nice refrigerator decorations, so don\\u2019t deprive parents of that!<\\/p>\",\"82\":\"When teachers ask me how they can make sure parent-teacher conferences are useful to families, here\\u2019s what I tell them.\",\"7\":\"\",\"6\":\"\"}}', '2017-02-03 18:00:37', '2017-02-03 18:00:37', 'fc31169e-4442-4a94-9dbd-675b5e853397'),
 ('331', '2969', '16', '1', 'en_us', '1', NULL, '{\"typeId\":\"21\",\"authorId\":null,\"title\":\"Resources\",\"slug\":\"resources\",\"postDate\":1486153342,\"expiryDate\":null,\"enabled\":1,\"parentId\":null,\"fields\":[]}', '2017-02-03 20:22:22', '2017-02-03 20:22:22', '658690d0-3a68-4288-ac0b-5fe712f78d7f'),
 ('332', '2969', '16', '1', 'en_us', '2', '', '{\"typeId\":null,\"authorId\":null,\"title\":\"Resources\",\"slug\":\"resources\",\"postDate\":1486153342,\"expiryDate\":null,\"enabled\":1,\"parentId\":null,\"fields\":{\"48\":\"Useful tips, guides and tools for parents and families.\"}}', '2017-02-03 20:58:49', '2017-02-03 20:58:49', '01e3fbe0-e870-4427-9114-0be60df516e5'),
 ('333', '2979', '11', '1', 'en_us', '1', '', '{\"typeId\":null,\"authorId\":\"1\",\"title\":\"10 Common Questions about OneApp, Answered\",\"slug\":\"10-common-questions-about-oneapp-answered\",\"postDate\":1486416482,\"expiryDate\":null,\"enabled\":1,\"parentId\":null,\"fields\":{\"50\":[\"2977\"],\"49\":\"<p>Believe it or not, it\'s school choice season again for New Orleans families. To help you through the process, we\'ve compiled a list of some of the most common questions we hear about it.<\\/p>\\r\\n<h3>1. What is OneApp, anyway?<\\/h3>\\r\\n<p>OneApp is New Orleans\\u2019 centralized school enrollment system. Unlike most cities around the country, where your home address determines where your children go to school, New Orleans allows families to choose their schools. &nbsp;If you want your child to attend a public school in Orleans Parish, it\\u2019s the system you need to use to select your school preferences and submit your application. OneApp is operated by EnrollNOLA, which is part of the Recovery School District.<\\/p>\\r\\n<p><em>See also:<\\/em><\\/p>\\r\\n<ul><li><a href=\\\"https:\\/\\/enrollnola.org\\/\\\">EnrollNOLA\\u2019s website<\\/a><\\/li><li><a href=\\\"http:\\/\\/www.nola.com\\/education\\/index.ssf\\/2016\\/11\\/oneapp_basics_parents.html\\\">OneApp Basics for Parents via NOLA.com<\\/a><\\/li><li><a href=\\\"https:\\/\\/enrollnola.org\\/about\\/about-oneapp\\/\\\">OneApp 101 via EnrollNOLA<\\/a><\\/li><li><a href=\\\"https:\\/\\/vimeo.com\\/152376137\\\">Spanish Version of OneApp\'s Informational Video<\\/a><\\/li><\\/ul>\\r\\n<h3>&nbsp;<\\/h3>\\r\\n<h3>2. So can I apply to&nbsp;<em>any<\\/em>&nbsp;school in New Orleans through OneApp?<\\/h3>\\r\\n<p>No. Almost every public school in New Orleans utilizes OneApp, but there are some exceptions. Audubon Charter, Ben Franklin High, Edward Hynes, Lake Forest Charter, Lusher Charter, New Orleans Center for Creative Arts (NOCCA) and Robert Moton Charter are not in OneApp. If you\\u2019re interested in these schools, you\\u2019ll need to&nbsp;<a href=\\\"http:\\/\\/www.ednavigator.com\\/blog\\/2015\\/11\\/30\\/how-to-apply-to-a-non-oneapp-school-in-new-orleans\\\">apply to them separately<\\/a>. Since they are selective enrollment schools that draw lots of applications every year, we\\u2019d recommend that you apply to a few public schools via OneApp as well. &nbsp;Private schools, including most of New Orleans\\u2019 many Catholic schools, are not in OneApp either (the exception here: Catholic schools that accept&nbsp;<a href=\\\"http:\\/\\/catholicschoolguide.ednavigator.com\\/paying-for-catholic-school\\/the-louisiana-scholarship-program\\\">Louisiana Scholarship Program<\\/a>&nbsp;vouchers).<\\/p>\\r\\n<p><em>See also:<\\/em><\\/p>\\r\\n<ul><li><a href=\\\"http:\\/\\/www.ednavigator.com\\/blog\\/2015\\/11\\/30\\/how-to-apply-to-a-non-oneapp-school-in-new-orleans\\\">How to Apply for a Non-OneApp School<\\/a><\\/li><li><a href=\\\"http:\\/\\/catholicschoolguide.ednavigator.com\\/\\\">EdNavigator\\u2019s Guide to Catholic Schools in New Orleans<\\/a><\\/li><\\/ul>\\r\\n<p>&nbsp;<\\/p>\\r\\n<h3>3. When do I need to worry about all this?<\\/h3>\\r\\n<p>Sooner than you think! The OneApp process starts early \\u2013 about nine months before the start of the school year. Here are the big dates for 2016-17:<\\/p>\\r\\n<ul><li>Application Opens:&nbsp;<strong>November 1, 2016<\\/strong><\\/li><li>Early Application Deadline:&nbsp;<strong>December 16, 2016<\\/strong><\\/li><li>Schools Expo 2017:&nbsp;<strong>February 4, 2017<\\/strong><\\/li><li>Main Round Application Deadline:&nbsp;<strong>February 24, 2017<\\/strong><\\/li><li>Main Round Results Available:&nbsp;<strong>Week of April 10, 2017<\\/strong><\\/li><li>Seat Acceptance Deadline:&nbsp;<strong>May 12, 2017<\\/strong><\\/li><\\/ul>\\r\\n<p>Another application round takes place later in the year, for families who were not able to participate in the main round or were not assigned a school (more on that below). You have the best chances of getting into one of your preferred schools if you apply by the main round application deadline, though, so&nbsp;<em>don\\u2019t miss it<\\/em>.<\\/p>\\r\\n<p>&nbsp;<\\/p>\\r\\n<h3>4. How many schools can I apply for in OneApp?<\\/h3>\\r\\n<p>OneApp allows families to apply to up to eight participating schools. Keep in mind that your child will only be accepted to ONE school from your list, and there are no re-dos. Don\\u2019t include any school you wouldn\\u2019t be comfortable having your child attend. Be realistic though; if you\\u2019re applying for one of New Orleans\\u2019 most popular schools, consider including a backup school that would still be a good fit for your child, but sees less demand.<\\/p>\\r\\n<p>&nbsp;<\\/p>\\r\\n<h3>5. How do I figure out which schools might be the right fit?<\\/h3>\\r\\n<p>The downside of having so many choices is that sorting through them isn\\u2019t always easy.&nbsp;<a href=\\\"https:\\/\\/enrollnola.org\\/k12\\/\\\">EnrollNOLA\\u2019s school finder tool<\\/a>&nbsp;is a good place to start. It allows you to narrow down your options based on things like locations and state letter grades. Once you have a short list of possibilities, we\\u2019d recommend visiting the schools (many offer open houses) and talking to other families to get a better feel for them.<\\/p>\\r\\n<p>See also:<\\/p>\\r\\n<ul><li><a href=\\\"http:\\/\\/www.nola.com\\/education\\/index.ssf\\/2016\\/11\\/2016_performance_score_databas.html\\\">2016 School Grades\\/Performance Scores<\\/a><\\/li><li><a href=\\\"http:\\/\\/www.ednavigator.com\\/blog\\/2016\\/5\\/2\\/whats-the-measure-of-a-good-school\\\">EdNavigator\\u2019s 2016 Adjusted School Grades<\\/a><\\/li><li><a href=\\\"http:\\/\\/neworleansparentsguide.org\\/\\\">New Orleans Parents\\u2019 Guide to Public Schools<\\/a><\\/li><\\/ul>\\r\\n<p>&nbsp;<\\/p>\\r\\n<h3>6. My child\\u2019s already in a school that we like. Do I still need to participate in OneApp?<\\/h3>\\r\\n<p>No. If your child is happy at their current school, you should NOT submit a OneApp. If you do submit a OneApp and they are assigned to a school on that application, your child WILL lose the guarantee on the spot at their current school assignment.<\\/p>\\r\\n<p>&nbsp;<\\/p>\\r\\n<h3>7. Am I guaranteed to get one of the schools I list?<\\/h3>\\r\\n<p>Unfortunately, no. It\\u2019s possible that you may not get any of your choices (which could happen if you only indicate one or two very in-demand schools, for instance), in which case you would repeat the process again in the next round. For this reason, it\\u2019s a good idea to include a mix of schools \\u2013 but&nbsp;<em>only<\\/em>&nbsp;schools that you would be comfortable with your child attending.<\\/p>\\r\\n<p><em>See also:<\\/em><\\/p>\\r\\n<ul><li><a href=\\\"https:\\/\\/vimeo.com\\/152375695\\\">How OneApp Works (EnrollNOLA Video)<\\/a><\\/li><\\/ul>\\r\\n<p>&nbsp;<\\/p>\\r\\n<h3>8. How do I submit an application?<\\/h3>\\r\\n<p>You can do it&nbsp;<a href=\\\"https:\\/\\/enrollnola.org\\/how-to-enroll-in-nops\\/apply-transfer-next-school-year\\/\\\" target=\\\"_blank\\\">online<\\/a>. If you prefer, you can also visit one of EnrollNOLA\\u2019s three&nbsp;<a href=\\\"https:\\/\\/enrollnola.org\\/resources\\/family-resource-centers\\/\\\">Family Resource Centers<\\/a>&nbsp;to do it in person. In addition to providing free access to computers for families who would like to fill out the application online, the Resource Centers are staffed with school choice advisors who can help answer basic questions. You can also get help with general questions by contacting EnrollNOLA at 877-343-4773.<\\/p>\\r\\n<p>&nbsp;<\\/p>\\r\\n<h3>9. What if I don\\u2019t speak English?<\\/h3>\\r\\n<p>There are Spanish and Vietnamese versions of OneApp online for families. The Family Resource Centers also have access to translators.&nbsp;<\\/p>\\r\\n<p>&nbsp;<\\/p>\\r\\n<h3>10. I got started and now I\\u2019m totally overwhelmed. What do I do?<\\/h3>\\r\\n<p>Before you start checking out real estate listings in other parishes, take a deep breath. OneApp is designed to be easy to use, but it\\u2019s also easy to get confused. Choosing the right school for your child is a huge responsibility! Feel free to reach out to us via email at&nbsp;<a href=\\\"mailto:info@ednavigator.com\\\">info@ednavigator.com<\\/a>&nbsp;if you\\u2019d like to talk to one of our Navigators about your options.<\\/p>\",\"82\":\"We\'ll start with the basics: \\\"What is OneApp, anyway?\\\"\",\"86\":[\"2978\"],\"85\":[\"2973\"]}}', '2017-02-06 21:28:02', '2017-02-06 21:28:02', '077cec83-4949-4439-8cb1-ecd791e73383'),
 ('334', '2979', '11', '1', 'en_us', '2', '', '{\"typeId\":\"11\",\"authorId\":\"1\",\"title\":\"10 Common Questions about OneApp, Answered\",\"slug\":\"10-common-questions-about-oneapp-answered\",\"postDate\":1486416480,\"expiryDate\":null,\"enabled\":1,\"parentId\":null,\"fields\":{\"50\":[\"2977\"],\"49\":\"<p>Believe it or not, it\'s school choice season again for New Orleans families. To help you through the process, we\'ve compiled a list of some of the most common questions we hear about it.<\\/p>\\r\\n<h3>1. What is OneApp, anyway?<\\/h3>\\r\\n<p>OneApp is New Orleans\\u2019 centralized school enrollment system. Unlike most cities around the country, where your home address determines where your children go to school, New Orleans allows families to choose their schools. &nbsp;If you want your child to attend a public school in Orleans Parish, it\\u2019s the system you need to use to select your school preferences and submit your application. OneApp is operated by EnrollNOLA, which is part of the Recovery School District.<\\/p>\\r\\n<p><em>See also:<\\/em><\\/p>\\r\\n<ul><li><a href=\\\"https:\\/\\/enrollnola.org\\/\\\">EnrollNOLA\\u2019s website<\\/a><\\/li><li><a href=\\\"http:\\/\\/www.nola.com\\/education\\/index.ssf\\/2016\\/11\\/oneapp_basics_parents.html\\\">OneApp Basics for Parents via NOLA.com<\\/a><\\/li><li><a href=\\\"https:\\/\\/enrollnola.org\\/about\\/about-oneapp\\/\\\">OneApp 101 via EnrollNOLA<\\/a><\\/li><li><a href=\\\"https:\\/\\/vimeo.com\\/152376137\\\">Spanish Version of OneApp\'s Informational Video<\\/a><\\/li><\\/ul>\\r\\n<h3>&nbsp;<\\/h3>\\r\\n<h3>2. So can I apply to&nbsp;<em>any<\\/em>&nbsp;school in New Orleans through OneApp?<\\/h3>\\r\\n<p>No. Almost every public school in New Orleans utilizes OneApp, but there are some exceptions. Audubon Charter, Ben Franklin High, Edward Hynes, Lake Forest Charter, Lusher Charter, New Orleans Center for Creative Arts (NOCCA) and Robert Moton Charter are not in OneApp. If you\\u2019re interested in these schools, you\\u2019ll need to&nbsp;<a href=\\\"http:\\/\\/www.ednavigator.com\\/blog\\/2015\\/11\\/30\\/how-to-apply-to-a-non-oneapp-school-in-new-orleans\\\">apply to them separately<\\/a>. Since they are selective enrollment schools that draw lots of applications every year, we\\u2019d recommend that you apply to a few public schools via OneApp as well. &nbsp;Private schools, including most of New Orleans\\u2019 many Catholic schools, are not in OneApp either (the exception here: Catholic schools that accept&nbsp;<a href=\\\"http:\\/\\/catholicschoolguide.ednavigator.com\\/paying-for-catholic-school\\/the-louisiana-scholarship-program\\\">Louisiana Scholarship Program<\\/a>&nbsp;vouchers).<\\/p>\\r\\n<p><em>See also:<\\/em><\\/p>\\r\\n<ul><li><a href=\\\"http:\\/\\/www.ednavigator.com\\/blog\\/2015\\/11\\/30\\/how-to-apply-to-a-non-oneapp-school-in-new-orleans\\\">How to Apply for a Non-OneApp School<\\/a><\\/li><li><a href=\\\"http:\\/\\/catholicschoolguide.ednavigator.com\\/\\\">EdNavigator\\u2019s Guide to Catholic Schools in New Orleans<\\/a><\\/li><\\/ul>\\r\\n<p>&nbsp;<\\/p>\\r\\n<h3>3. When do I need to worry about all this?<\\/h3>\\r\\n<p>Sooner than you think! The OneApp process starts early \\u2013 about nine months before the start of the school year. Here are the big dates for 2016-17:<\\/p>\\r\\n<ul><li>Application Opens:&nbsp;<strong>November 1, 2016<\\/strong><\\/li><li>Early Application Deadline:&nbsp;<strong>December 16, 2016<\\/strong><\\/li><li>Schools Expo 2017:&nbsp;<strong>February 4, 2017<\\/strong><\\/li><li>Main Round Application Deadline:&nbsp;<strong>February 24, 2017<\\/strong><\\/li><li>Main Round Results Available:&nbsp;<strong>Week of April 10, 2017<\\/strong><\\/li><li>Seat Acceptance Deadline:&nbsp;<strong>May 12, 2017<\\/strong><\\/li><\\/ul>\\r\\n<p>Another application round takes place later in the year, for families who were not able to participate in the main round or were not assigned a school (more on that below). You have the best chances of getting into one of your preferred schools if you apply by the main round application deadline, though, so&nbsp;<em>don\\u2019t miss it<\\/em>.<\\/p>\\r\\n<p>&nbsp;<\\/p>\\r\\n<h3>4. How many schools can I apply for in OneApp?<\\/h3>\\r\\n<p>OneApp allows families to apply to up to eight participating schools. Keep in mind that your child will only be accepted to ONE school from your list, and there are no re-dos. Don\\u2019t include any school you wouldn\\u2019t be comfortable having your child attend. Be realistic though; if you\\u2019re applying for one of New Orleans\\u2019 most popular schools, consider including a backup school that would still be a good fit for your child, but sees less demand.<\\/p>\\r\\n<p>&nbsp;<\\/p>\\r\\n<h3>5. How do I figure out which schools might be the right fit?<\\/h3>\\r\\n<p>The downside of having so many choices is that sorting through them isn\\u2019t always easy.&nbsp;<a href=\\\"https:\\/\\/enrollnola.org\\/k12\\/\\\">EnrollNOLA\\u2019s school finder tool<\\/a>&nbsp;is a good place to start. It allows you to narrow down your options based on things like locations and state letter grades. Once you have a short list of possibilities, we\\u2019d recommend visiting the schools (many offer open houses) and talking to other families to get a better feel for them.<\\/p>\\r\\n<p>See also:<\\/p>\\r\\n<ul><li><a href=\\\"http:\\/\\/www.nola.com\\/education\\/index.ssf\\/2016\\/11\\/2016_performance_score_databas.html\\\">2016 School Grades\\/Performance Scores<\\/a><\\/li><li><a href=\\\"http:\\/\\/www.ednavigator.com\\/blog\\/2016\\/5\\/2\\/whats-the-measure-of-a-good-school\\\">EdNavigator\\u2019s 2016 Adjusted School Grades<\\/a><\\/li><li><a href=\\\"http:\\/\\/neworleansparentsguide.org\\/\\\">New Orleans Parents\\u2019 Guide to Public Schools<\\/a><\\/li><\\/ul>\\r\\n<p>&nbsp;<\\/p>\\r\\n<h3>6. My child\\u2019s already in a school that we like. Do I still need to participate in OneApp?<\\/h3>\\r\\n<p>No. If your child is happy at their current school, you should NOT submit a OneApp. If you do submit a OneApp and they are assigned to a school on that application, your child WILL lose the guarantee on the spot at their current school assignment.<\\/p>\\r\\n<p>&nbsp;<\\/p>\\r\\n<h3>7. Am I guaranteed to get one of the schools I list?<\\/h3>\\r\\n<p>Unfortunately, no. It\\u2019s possible that you may not get any of your choices (which could happen if you only indicate one or two very in-demand schools, for instance), in which case you would repeat the process again in the next round. For this reason, it\\u2019s a good idea to include a mix of schools \\u2013 but&nbsp;<em>only<\\/em>&nbsp;schools that you would be comfortable with your child attending.<\\/p>\\r\\n<p><em>See also:<\\/em><\\/p>\\r\\n<ul><li><a href=\\\"https:\\/\\/vimeo.com\\/152375695\\\">How OneApp Works (EnrollNOLA Video)<\\/a><\\/li><\\/ul>\\r\\n<p>&nbsp;<\\/p>\\r\\n<h3>8. How do I submit an application?<\\/h3>\\r\\n<p>You can do it&nbsp;<a href=\\\"https:\\/\\/enrollnola.org\\/how-to-enroll-in-nops\\/apply-transfer-next-school-year\\/\\\" target=\\\"_blank\\\" rel=\\\"noreferrer\\\">online<\\/a>. If you prefer, you can also visit one of EnrollNOLA\\u2019s three&nbsp;<a href=\\\"https:\\/\\/enrollnola.org\\/resources\\/family-resource-centers\\/\\\">Family Resource Centers<\\/a>&nbsp;to do it in person. In addition to providing free access to computers for families who would like to fill out the application online, the Resource Centers are staffed with school choice advisors who can help answer basic questions. You can also get help with general questions by contacting EnrollNOLA at 877-343-4773.<\\/p>\\r\\n<p>&nbsp;<\\/p>\\r\\n<h3>9. What if I don\\u2019t speak English?<\\/h3>\\r\\n<p>There are Spanish and Vietnamese versions of OneApp online for families. The Family Resource Centers also have access to translators.&nbsp;<\\/p>\\r\\n<p>&nbsp;<\\/p>\\r\\n<h3>10. I got started and now I\\u2019m totally overwhelmed. What do I do?<\\/h3>\\r\\n<p>Before you start checking out real estate listings in other parishes, take a deep breath. OneApp is designed to be easy to use, but it\\u2019s also easy to get confused. Choosing the right school for your child is a huge responsibility! Feel free to reach out to us via email at&nbsp;<a href=\\\"mailto:info@ednavigator.com\\\">info@ednavigator.com<\\/a>&nbsp;if you\\u2019d like to talk to one of our Navigators about your options.<\\/p>\",\"82\":\"We\'ll start with the basics: \\\"What is OneApp, anyway?\\\"\",\"86\":[\"2978\"],\"85\":[\"2974\"]}}', '2017-02-06 22:11:13', '2017-02-06 22:11:13', 'dc17e8e6-8525-43ca-8572-0310e59fc1d5'),
 ('335', '2981', '11', '1', 'en_us', '1', '', '{\"typeId\":null,\"authorId\":\"1\",\"title\":\"The EdNavigator Guide to Catholic Schools in New Orleans\",\"slug\":\"the-ednavigator-guide-to-catholic-schools-in-new-orleans\",\"postDate\":1486419382,\"expiryDate\":null,\"enabled\":1,\"parentId\":null,\"fields\":{\"50\":[\"2980\"],\"49\":\"<p>You might not realize it, but there are more than 80 Catholic schools in the greater New Orleans area. All told, they serve a total of around&nbsp;<a href=\\\"http:\\/\\/www.nola.com\\/education\\/index.ssf\\/2015\\/09\\/for_catholic_schools_new_plan.html\\\">37,000 students<\\/a>. For reference, public schools in Orleans Parish enroll approximately 49,000 students. For families, Catholic schools represent a substantial portion of the school landscape \\u2013 and an important option.<\\/p>\\r\\n<p>Today, we\\u2019re releasing a&nbsp;<a href=\\\"http:\\/\\/catholicschoolguide.ednavigator.com\\/\\\">new online guide<\\/a>&nbsp;to help New Orleans families who are considering Catholic schools understand the process and explore schools that might be right for their children. It features profiles of each school, frequently asked questions, information on scholarship programs, and an interactive Find a School tool. It\\u2019s the first time all of this information has been compiled in one publicly accessible online location.<\\/p>\\r\\n<h3>Why a guide to Catholic schools?<\\/h3>\\r\\n<p>Over the last decade, New Orleans has invested heavily in its system of school choice and the infrastructure necessary to support it. Most notably, it adopted a universal enrollment system,&nbsp;<a href=\\\"http:\\/\\/www.enrollnola.org\\/\\\" target=\\\"_blank\\\">OneApp<\\/a>, to make the process of applying to public schools easier and fairer for families. Parents can use the system to view available schools and apply to those they prefer all at once. They also have access to the&nbsp;<a href=\\\"http:\\/\\/neworleansparentsguide.org\\/\\\">New Orleans Parents Guide to Public Schools<\\/a>, Family Resource Centers, and other sources of information to help them make their choices.<\\/p>\\r\\n<p>That\\u2019s not the case for the Catholic school system, however. Families interested in sending their children to Catholic schools have to research and apply to each school separately, and the process, requirements and timelines for applying differ from school to school. Then there\\u2019s the added complexity of applying for the three different kinds of scholarships available to lower-income students, which involves unraveling a whole new tangle of timelines and eligibility criteria.<\\/p>\\r\\n<p>All of this translates to a lot of work and stress for parents. Overwhelmed by the prospect of researching schools, submitting applications, and figuring out the finances, many give up and don\\u2019t bother considering Catholic schools at all. It effectively puts off-limits a wide swath of local schools, particularly for parents who may not have the time or resources to deal with all the logistical demands. &nbsp;<\\/p>\\r\\n<h3>We wanted to make it easier.<\\/h3>\\r\\n<p>Catholic schools have a long history in New Orleans, and many families love the values- and faith-based education they provide.&nbsp; We know Catholic schools aren\\u2019t right for everyone, but we believe that families should be aware of ALL of their school options and empowered to pursue any school that might be a good fit for their children. Confusing processes and unclear information should never stand in their way.<\\/p>\\r\\n<p>The guide was created with great cooperation from the Office of Catholic Schools at the Archdiocese of New Orleans.&nbsp; We see it as a work in progress. Our team spent time surveying and meeting with school leaders to hear what they wanted to share with prospective families about their schools, and we are grateful to all the educators who contributed to it. Not all schools provided full information, but we plan to update the school profiles with additional data as we receive it. In the future, we also hope to add new information that gives families greater insight into each school and its success with students, in particular.<\\/p>\\r\\n<p>For now, we hope the guide serves as a useful starting point for families who are interested in Catholic schools and want to narrow down their options. Check it out at&nbsp;<a href=\\\"http:\\/\\/catholicschoolguide.ednavigator.com\\/\\\">www.catholicschoolsguide.ednavigator.com<\\/a>&nbsp;and please share it with anyone who might benefit.<\\/p>\",\"82\":\"The EdNavigator Guide to Catholic Schools in New Orleans features profiles of 80+ schools, frequently asked questions, information on scholarship programs, and an interactive Find a School tool.\",\"86\":[\"2978\"],\"85\":[\"2974\"]}}', '2017-02-06 22:16:22', '2017-02-06 22:16:22', '23c611db-8eff-417f-b82c-e9b56aebe4a3'),
 ('336', '2981', '11', '1', 'en_us', '2', '', '{\"typeId\":\"11\",\"authorId\":\"1\",\"title\":\"The EdNavigator Guide to Catholic Schools in New Orleans\",\"slug\":\"the-ednavigator-guide-to-catholic-schools-in-new-orleans\",\"postDate\":1486419360,\"expiryDate\":null,\"enabled\":1,\"parentId\":null,\"fields\":{\"50\":[\"2980\"],\"49\":\"<p>You might not realize it, but there are more than 80 Catholic schools in the greater New Orleans area. All told, they serve a total of around&nbsp;<a href=\\\"http:\\/\\/www.nola.com\\/education\\/index.ssf\\/2015\\/09\\/for_catholic_schools_new_plan.html\\\">37,000 students<\\/a>. For reference, public schools in Orleans Parish enroll approximately 49,000 students. For families, Catholic schools represent a substantial portion of the school landscape \\u2013 and an important option.<\\/p>\\r\\n<p>Today, we\\u2019re releasing a&nbsp;<a href=\\\"http:\\/\\/catholicschoolguide.ednavigator.com\\/\\\">new online guide<\\/a>&nbsp;to help New Orleans families who are considering Catholic schools understand the process and explore schools that might be right for their children. It features profiles of each school, frequently asked questions, information on scholarship programs, and an interactive Find a School tool. It\\u2019s the first time all of this information has been compiled in one publicly accessible online location.<\\/p>\\r\\n<h3>Why a guide to Catholic schools?<\\/h3>\\r\\n<p>Over the last decade, New Orleans has invested heavily in its system of school choice and the infrastructure necessary to support it. Most notably, it adopted a universal enrollment system,&nbsp;<a href=\\\"http:\\/\\/www.enrollnola.org\\/\\\" target=\\\"_blank\\\" rel=\\\"noreferrer\\\">OneApp<\\/a>, to make the process of applying to public schools easier and fairer for families. Parents can use the system to view available schools and apply to those they prefer all at once. They also have access to the&nbsp;<a href=\\\"http:\\/\\/neworleansparentsguide.org\\/\\\">New Orleans Parents Guide to Public Schools<\\/a>, Family Resource Centers, and other sources of information to help them make their choices.<\\/p>\\r\\n<p>That\\u2019s not the case for the Catholic school system, however. Families interested in sending their children to Catholic schools have to research and apply to each school separately, and the process, requirements and timelines for applying differ from school to school. Then there\\u2019s the added complexity of applying for the three different kinds of scholarships available to lower-income students, which involves unraveling a whole new tangle of timelines and eligibility criteria.<\\/p>\\r\\n<p>All of this translates to a lot of work and stress for parents. Overwhelmed by the prospect of researching schools, submitting applications, and figuring out the finances, many give up and don\\u2019t bother considering Catholic schools at all. It effectively puts off-limits a wide swath of local schools, particularly for parents who may not have the time or resources to deal with all the logistical demands. &nbsp;<\\/p>\\r\\n<h3>We wanted to make it easier.<\\/h3>\\r\\n<p>Catholic schools have a long history in New Orleans, and many families love the values- and faith-based education they provide.&nbsp; We know Catholic schools aren\\u2019t right for everyone, but we believe that families should be aware of ALL of their school options and empowered to pursue any school that might be a good fit for their children. Confusing processes and unclear information should never stand in their way.<\\/p>\\r\\n<p>The guide was created with great cooperation from the Office of Catholic Schools at the Archdiocese of New Orleans.&nbsp; We see it as a work in progress. Our team spent time surveying and meeting with school leaders to hear what they wanted to share with prospective families about their schools, and we are grateful to all the educators who contributed to it. Not all schools provided full information, but we plan to update the school profiles with additional data as we receive it. In the future, we also hope to add new information that gives families greater insight into each school and its success with students, in particular.<\\/p>\\r\\n<p>For now, we hope the guide serves as a useful starting point for families who are interested in Catholic schools and want to narrow down their options. Check it out at&nbsp;<a href=\\\"http:\\/\\/catholicschoolguide.ednavigator.com\\/\\\">www.catholicschoolsguide.ednavigator.com<\\/a>&nbsp;and please share it with anyone who might benefit.<\\/p>\",\"82\":\"The EdNavigator Guide to Catholic Schools in New Orleans features profiles of 80+ schools, frequently asked questions, information on scholarship programs, and an interactive Find a School tool.\",\"86\":[\"2978\"],\"85\":[\"2975\"]}}', '2017-02-06 22:17:57', '2017-02-06 22:17:57', 'aa25964d-4771-4cc5-8946-12cedefb9db1'),
 ('337', '2984', '12', '1', 'en_us', '1', '', '{\"typeId\":null,\"authorId\":\"1\",\"title\":\"A Surprising New Look at School Spending in New Orleans\",\"slug\":\"a-surprising-new-look-at-school-spending-in-new-orleans\",\"postDate\":1486422054,\"expiryDate\":null,\"enabled\":1,\"parentId\":null,\"fields\":{\"50\":[\"2982\"],\"83\":[\"2963\"],\"84\":[\"2983\"],\"49\":\"<p>Just when you think you have a pretty good idea of how schools in New Orleans changed after Hurricane Katrina, along comes some&nbsp;<a href=\\\"http:\\/\\/educationresearchalliancenola.org\\/publications\\/does-school-reform-spending-reform-the-effect-of-the-new-orleans-school-reforms-on-the-use-and-level-of-school-expenditures\\\">new research<\\/a>&nbsp;that rocks your world a little bit.<\\/p>\\r\\n<p>Such was the case when the Education Research Alliance for New Orleans (housed at Tulane University) released the latest in its long-running series of indispensable studies.&nbsp; This time, the researchers looked at school spending.<\\/p>\\r\\n<p>In a nutshell, spending went up during the recovery years and after New Orleans shifted to a charter school-based system.&nbsp; That\\u2019s not terribly surprising. It\\u2019s&nbsp;<em>how<\\/em>&nbsp;the spending increased that\\u2019s worth a closer look.&nbsp; Three highlights:<\\/p>\\r\\n<h3>1) Schools spent quite a bit more on administrators<\\/h3>\\r\\n<p>It wasn\\u2019t just that they hired more administrators \\u2013 which they did \\u2013 but they also paid them more than their predecessors in pre-Katrina New Orleans. We\\u2019re not just talking school principals but all the administrative roles across individual charter schools and networks, from research and evaluation staff to information technology specialists.&nbsp;<\\/p>\\r\\n<h3>2)&nbsp;While spending on administrators went up, on a per-pupil basis, spending on classroom instruction went down.&nbsp;<\\/h3>\\r\\n<p>How did that happen?&nbsp; It\\u2019s worth reading the whole report for details on this one.&nbsp; In general, teachers of the same experience level earn more today than they did in the old system.&nbsp; However, the typical teacher has less experience, hence a lower average salary.&nbsp; Also, schools are spending less on benefits.&nbsp; The biggest driver is lower pension costs, as most schools today opt-out of the state teacher retirement system, which has become&nbsp;<a href=\\\"http:\\/\\/www.theadvocate.com\\/baton_rouge\\/news\\/politics\\/article_82444dee-2fa0-59fb-8398-bbd4d2b4aab6.html\\\">badly underfunded and expensive<\\/a>, making it a poor bargain for new entrants.&nbsp;<\\/p>\\r\\n<h3>3)&nbsp;Transportation costs are up $300 per student, per year.&nbsp;<\\/h3>\\r\\n<p>While that\\u2019s a sizable figure, some increase was to be expected as New Orleans shifted away from attendance zone schools to an all-choice system that permits families to apply citywide.&nbsp; Moving students across greater distances costs more.&nbsp;<\\/p>\\r\\n<h3>What does it all mean?&nbsp;<\\/h3>\\r\\n<p>The authors of the study pose some questions about scalability for charters, given that hopes of lower overhead in charter systems aren\\u2019t being fulfilled, in this study or others. That\\u2019s a topic well worth discussing.<\\/p>\\r\\n<p>But for New Orleans, I think the key question is this:&nbsp;<em>Did these spending changes contribute to the large improvements in student achievement over the past decade?&nbsp;<\\/em><\\/p>\\r\\n<p>It\\u2019s possible that simply spending more, in general, led to better outcomes. However, the authors are quite skeptical of that hypothesis. Critics of charter schools and New Orleans\\u2019 strategy for reform may also argue that it confirms their worst suspicions \\u2013 that when school operators get this much autonomy, they spend a lot on overhead and pay for it by hiring cheaper, less experienced teachers.<\\/p>\\r\\n<p>It\\u2019s also possible that investing in greater administrative capacity was a smart move, instructionally. Teachers are constantly worried about their load of paperwork, discipline, and non-instructional duties. Maybe it provided greater support to teachers or freed them to focus on their classrooms rather than distractions.&nbsp; Maybe it made the schools feel safer and operate more efficiently. Maybe it helped school teams look more closely at data trends and incorporate them into teaching.<\\/p>\\r\\n<p>I don\\u2019t know.&nbsp; But we now have a pretty good idea of what&nbsp;<em>didn\\u2019t&nbsp;<\\/em>happen.&nbsp; A bloated, centralized, failing school system was not replaced by a leaner, meaner, low-overhead set of charter networks that cut the fat and pushed funding down to the classroom.&nbsp; Something else happened.&nbsp; And yet it wasn\\u2019t a failure.&nbsp; Students are doing&nbsp;<a href=\\\"http:\\/\\/educationnext.org\\/good-news-new-orleans-evidence-reform-student-achievement\\/\\\">much better<\\/a>.<\\/p>\\r\\n<p>This study reminds us that it\\u2019s too easy to buy into existing narratives about education&mdash;and that the real story is usually far more complex. In the case of New Orleans, there is still plenty of the story left to be learned. What\\u2019s to account for its improvement? What can other cities and school systems learn from its experience? We all should be grateful to groups like the Education Research Alliance for asking these questions, and pushing us to scrutinize the usual answers.<\\/p>\",\"82\":\"It\'s not terribly surprising that school spending went up after Hurricane Katrina and as New Orleans shifted to a charter school-based system. It\\u2019s how the spending increased that\\u2019s worth a closer look.\",\"7\":\"\",\"6\":\"\"}}', '2017-02-06 23:00:54', '2017-02-06 23:00:54', '3cb9b62e-56e5-4a0a-8b75-a5ad313ef60a'),
 ('338', '2984', '12', '1', 'en_us', '2', '', '{\"typeId\":\"12\",\"authorId\":\"2985\",\"title\":\"A Surprising New Look at School Spending in New Orleans\",\"slug\":\"a-surprising-new-look-at-school-spending-in-new-orleans\",\"postDate\":1486422000,\"expiryDate\":null,\"enabled\":1,\"parentId\":null,\"fields\":{\"50\":[\"2982\"],\"83\":[\"2963\"],\"84\":[\"2983\"],\"49\":\"<p>Just when you think you have a pretty good idea of how schools in New Orleans changed after Hurricane Katrina, along comes some&nbsp;<a href=\\\"http:\\/\\/educationresearchalliancenola.org\\/publications\\/does-school-reform-spending-reform-the-effect-of-the-new-orleans-school-reforms-on-the-use-and-level-of-school-expenditures\\\">new research<\\/a>&nbsp;that rocks your world a little bit.<\\/p>\\r\\n<p>Such was the case when the Education Research Alliance for New Orleans (housed at Tulane University) released the latest in its long-running series of indispensable studies.&nbsp; This time, the researchers looked at school spending.<\\/p>\\r\\n<p>In a nutshell, spending went up during the recovery years and after New Orleans shifted to a charter school-based system.&nbsp; That\\u2019s not terribly surprising. It\\u2019s&nbsp;<em>how<\\/em>&nbsp;the spending increased that\\u2019s worth a closer look.&nbsp; Three highlights:<\\/p>\\r\\n<h3>1) Schools spent quite a bit more on administrators<\\/h3>\\r\\n<p>It wasn\\u2019t just that they hired more administrators \\u2013 which they did \\u2013 but they also paid them more than their predecessors in pre-Katrina New Orleans. We\\u2019re not just talking school principals but all the administrative roles across individual charter schools and networks, from research and evaluation staff to information technology specialists.&nbsp;<\\/p>\\r\\n<h3>2)&nbsp;While spending on administrators went up, on a per-pupil basis, spending on classroom instruction went down.&nbsp;<\\/h3>\\r\\n<p>How did that happen?&nbsp; It\\u2019s worth reading the whole report for details on this one.&nbsp; In general, teachers of the same experience level earn more today than they did in the old system.&nbsp; However, the typical teacher has less experience, hence a lower average salary.&nbsp; Also, schools are spending less on benefits.&nbsp; The biggest driver is lower pension costs, as most schools today opt-out of the state teacher retirement system, which has become&nbsp;<a href=\\\"http:\\/\\/www.theadvocate.com\\/baton_rouge\\/news\\/politics\\/article_82444dee-2fa0-59fb-8398-bbd4d2b4aab6.html\\\">badly underfunded and expensive<\\/a>, making it a poor bargain for new entrants.&nbsp;<\\/p>\\r\\n<h3>3)&nbsp;Transportation costs are up $300 per student, per year.&nbsp;<\\/h3>\\r\\n<p>While that\\u2019s a sizable figure, some increase was to be expected as New Orleans shifted away from attendance zone schools to an all-choice system that permits families to apply citywide.&nbsp; Moving students across greater distances costs more.&nbsp;<\\/p>\\r\\n<h3>What does it all mean?&nbsp;<\\/h3>\\r\\n<p>The authors of the study pose some questions about scalability for charters, given that hopes of lower overhead in charter systems aren\\u2019t being fulfilled, in this study or others. That\\u2019s a topic well worth discussing.<\\/p>\\r\\n<p>But for New Orleans, I think the key question is this:&nbsp;<em>Did these spending changes contribute to the large improvements in student achievement over the past decade?&nbsp;<\\/em><\\/p>\\r\\n<p>It\\u2019s possible that simply spending more, in general, led to better outcomes. However, the authors are quite skeptical of that hypothesis. Critics of charter schools and New Orleans\\u2019 strategy for reform may also argue that it confirms their worst suspicions \\u2013 that when school operators get this much autonomy, they spend a lot on overhead and pay for it by hiring cheaper, less experienced teachers.<\\/p>\\r\\n<p>It\\u2019s also possible that investing in greater administrative capacity was a smart move, instructionally. Teachers are constantly worried about their load of paperwork, discipline, and non-instructional duties. Maybe it provided greater support to teachers or freed them to focus on their classrooms rather than distractions.&nbsp; Maybe it made the schools feel safer and operate more efficiently. Maybe it helped school teams look more closely at data trends and incorporate them into teaching.<\\/p>\\r\\n<p>I don\\u2019t know.&nbsp; But we now have a pretty good idea of what&nbsp;<em>didn\\u2019t&nbsp;<\\/em>happen.&nbsp; A bloated, centralized, failing school system was not replaced by a leaner, meaner, low-overhead set of charter networks that cut the fat and pushed funding down to the classroom.&nbsp; Something else happened.&nbsp; And yet it wasn\\u2019t a failure.&nbsp; Students are doing&nbsp;<a href=\\\"http:\\/\\/educationnext.org\\/good-news-new-orleans-evidence-reform-student-achievement\\/\\\">much better<\\/a>.<\\/p>\\r\\n<p>This study reminds us that it\\u2019s too easy to buy into existing narratives about education&mdash;and that the real story is usually far more complex. In the case of New Orleans, there is still plenty of the story left to be learned. What\\u2019s to account for its improvement? What can other cities and school systems learn from its experience? We all should be grateful to groups like the Education Research Alliance for asking these questions, and pushing us to scrutinize the usual answers.<\\/p>\",\"82\":\"It\'s not terribly surprising that school spending went up after Hurricane Katrina and as New Orleans shifted to a charter school-based system. It\\u2019s how the spending increased that\\u2019s worth a closer look.\",\"7\":\"\",\"6\":\"\"}}', '2017-02-07 18:51:55', '2017-02-07 18:51:55', '42a93a1e-f795-4670-98f9-deb4c660ab15'),
 ('339', '2984', '12', '1', 'en_us', '3', '', '{\"typeId\":\"12\",\"authorId\":\"2985\",\"title\":\"A Surprising New Look at School Spending in New Orleans\",\"slug\":\"a-surprising-new-look-at-school-spending-in-new-orleans\",\"postDate\":1486422000,\"expiryDate\":null,\"enabled\":1,\"parentId\":null,\"fields\":{\"50\":[\"2982\"],\"83\":[\"2963\"],\"84\":[\"2983\",\"2986\"],\"49\":\"<p>Just when you think you have a pretty good idea of how schools in New Orleans changed after Hurricane Katrina, along comes some&nbsp;<a href=\\\"http:\\/\\/educationresearchalliancenola.org\\/publications\\/does-school-reform-spending-reform-the-effect-of-the-new-orleans-school-reforms-on-the-use-and-level-of-school-expenditures\\\">new research<\\/a>&nbsp;that rocks your world a little bit.<\\/p>\\r\\n<p>Such was the case when the Education Research Alliance for New Orleans (housed at Tulane University) released the latest in its long-running series of indispensable studies.&nbsp; This time, the researchers looked at school spending.<\\/p>\\r\\n<p>In a nutshell, spending went up during the recovery years and after New Orleans shifted to a charter school-based system.&nbsp; That\\u2019s not terribly surprising. It\\u2019s&nbsp;<em>how<\\/em>&nbsp;the spending increased that\\u2019s worth a closer look.&nbsp; Three highlights:<\\/p>\\r\\n<h3>1) Schools spent quite a bit more on administrators<\\/h3>\\r\\n<p>It wasn\\u2019t just that they hired more administrators \\u2013 which they did \\u2013 but they also paid them more than their predecessors in pre-Katrina New Orleans. We\\u2019re not just talking school principals but all the administrative roles across individual charter schools and networks, from research and evaluation staff to information technology specialists.&nbsp;<\\/p>\\r\\n<h3>2)&nbsp;While spending on administrators went up, on a per-pupil basis, spending on classroom instruction went down.&nbsp;<\\/h3>\\r\\n<p>How did that happen?&nbsp; It\\u2019s worth reading the whole report for details on this one.&nbsp; In general, teachers of the same experience level earn more today than they did in the old system.&nbsp; However, the typical teacher has less experience, hence a lower average salary.&nbsp; Also, schools are spending less on benefits.&nbsp; The biggest driver is lower pension costs, as most schools today opt-out of the state teacher retirement system, which has become&nbsp;<a href=\\\"http:\\/\\/www.theadvocate.com\\/baton_rouge\\/news\\/politics\\/article_82444dee-2fa0-59fb-8398-bbd4d2b4aab6.html\\\">badly underfunded and expensive<\\/a>, making it a poor bargain for new entrants.&nbsp;<\\/p>\\r\\n<h3>3)&nbsp;Transportation costs are up $300 per student, per year.&nbsp;<\\/h3>\\r\\n<p>While that\\u2019s a sizable figure, some increase was to be expected as New Orleans shifted away from attendance zone schools to an all-choice system that permits families to apply citywide.&nbsp; Moving students across greater distances costs more.&nbsp;<\\/p>\\r\\n<h3>What does it all mean?&nbsp;<\\/h3>\\r\\n<p>The authors of the study pose some questions about scalability for charters, given that hopes of lower overhead in charter systems aren\\u2019t being fulfilled, in this study or others. That\\u2019s a topic well worth discussing.<\\/p>\\r\\n<p>But for New Orleans, I think the key question is this:&nbsp;<em>Did these spending changes contribute to the large improvements in student achievement over the past decade?&nbsp;<\\/em><\\/p>\\r\\n<p>It\\u2019s possible that simply spending more, in general, led to better outcomes. However, the authors are quite skeptical of that hypothesis. Critics of charter schools and New Orleans\\u2019 strategy for reform may also argue that it confirms their worst suspicions \\u2013 that when school operators get this much autonomy, they spend a lot on overhead and pay for it by hiring cheaper, less experienced teachers.<\\/p>\\r\\n<p>It\\u2019s also possible that investing in greater administrative capacity was a smart move, instructionally. Teachers are constantly worried about their load of paperwork, discipline, and non-instructional duties. Maybe it provided greater support to teachers or freed them to focus on their classrooms rather than distractions.&nbsp; Maybe it made the schools feel safer and operate more efficiently. Maybe it helped school teams look more closely at data trends and incorporate them into teaching.<\\/p>\\r\\n<p>I don\\u2019t know.&nbsp; But we now have a pretty good idea of what&nbsp;<em>didn\\u2019t&nbsp;<\\/em>happen.&nbsp; A bloated, centralized, failing school system was not replaced by a leaner, meaner, low-overhead set of charter networks that cut the fat and pushed funding down to the classroom.&nbsp; Something else happened.&nbsp; And yet it wasn\\u2019t a failure.&nbsp; Students are doing&nbsp;<a href=\\\"http:\\/\\/educationnext.org\\/good-news-new-orleans-evidence-reform-student-achievement\\/\\\">much better<\\/a>.<\\/p>\\r\\n<p>This study reminds us that it\\u2019s too easy to buy into existing narratives about education&mdash;and that the real story is usually far more complex. In the case of New Orleans, there is still plenty of the story left to be learned. What\\u2019s to account for its improvement? What can other cities and school systems learn from its experience? We all should be grateful to groups like the Education Research Alliance for asking these questions, and pushing us to scrutinize the usual answers.<\\/p>\",\"82\":\"It\'s not terribly surprising that school spending went up after Hurricane Katrina and as New Orleans shifted to a charter school-based system. It\\u2019s how the spending increased that\\u2019s worth a closer look.\",\"7\":\"\",\"6\":\"\"}}', '2017-02-07 21:23:45', '2017-02-07 21:23:45', '265b0dba-7fec-4a1f-9525-111ebb5ea4dd'),
 ('340', '2984', '12', '1', 'en_us', '4', '', '{\"typeId\":\"12\",\"authorId\":\"2985\",\"title\":\"A Surprising New Look at School Spending in New Orleans\",\"slug\":\"a-surprising-new-look-at-school-spending-in-new-orleans\",\"postDate\":1486422000,\"expiryDate\":null,\"enabled\":1,\"parentId\":null,\"fields\":{\"50\":[\"2982\"],\"83\":[\"2963\"],\"84\":[\"2983\",\"2986\"],\"49\":\"<p>Just when you think you have a pretty good idea of how schools in New Orleans changed after Hurricane Katrina, along comes some&nbsp;<a href=\\\"http:\\/\\/educationresearchalliancenola.org\\/publications\\/does-school-reform-spending-reform-the-effect-of-the-new-orleans-school-reforms-on-the-use-and-level-of-school-expenditures\\\">new research<\\/a>&nbsp;that rocks your world a little bit.<\\/p>\\r\\n<p>Such was the case when the Education Research Alliance for New Orleans (housed at Tulane University) released the latest in its long-running series of indispensable studies.&nbsp; This time, the researchers looked at <strong>school spending<\\/strong>.<\\/p>\\r\\n<p>In a nutshell, spending went up during the recovery years and after New Orleans shifted to a charter school-based system.&nbsp; That\\u2019s not terribly surprising. It\\u2019s&nbsp;<em>how<\\/em>&nbsp;the spending increased that\\u2019s worth a closer look.&nbsp; Three highlights:<\\/p>\\r\\n<h3>1) Schools spent quite a bit more on administrators<\\/h3>\\r\\n<p>It wasn\\u2019t just that they hired more administrators \\u2013 which they did \\u2013 but they also paid them more than their predecessors in pre-Katrina New Orleans. We\\u2019re not just talking school principals but all the administrative roles across individual charter schools and networks, from research and evaluation staff to information technology specialists.&nbsp;<\\/p>\\r\\n<h3>2)&nbsp;While spending on administrators went up, on a per-pupil basis, spending on classroom instruction went down.&nbsp;<\\/h3>\\r\\n<p>How did that happen?&nbsp; It\\u2019s worth reading the whole report for details on this one.&nbsp; In general, teachers of the same experience level earn more today than they did in the old system.&nbsp; However, the typical teacher has less experience, hence a lower average salary.&nbsp; Also, schools are spending less on benefits.&nbsp; The biggest driver is lower pension costs, as most schools today opt-out of the state teacher retirement system, which has become&nbsp;<a href=\\\"http:\\/\\/www.theadvocate.com\\/baton_rouge\\/news\\/politics\\/article_82444dee-2fa0-59fb-8398-bbd4d2b4aab6.html\\\">badly underfunded and expensive<\\/a>, making it a poor bargain for new entrants.&nbsp;<\\/p>\\r\\n<h3>3)&nbsp;Transportation costs are up $300 per student, per year.&nbsp;<\\/h3>\\r\\n<p>While that\\u2019s a sizable figure, some increase was to be expected as New Orleans shifted away from attendance zone schools to an all-choice system that permits families to apply citywide.&nbsp; Moving students across greater distances costs more.&nbsp;<\\/p>\\r\\n<h3>What does it all mean?&nbsp;<\\/h3>\\r\\n<p>The authors of the study pose some questions about scalability for charters, given that hopes of lower overhead in charter systems aren\\u2019t being fulfilled, in this study or others. That\\u2019s a topic well worth discussing.<\\/p>\\r\\n<p>But for New Orleans, I think the key question is this:&nbsp;<em>Did these spending changes contribute to the large improvements in student achievement over the past decade?&nbsp;<\\/em><\\/p>\\r\\n<p>It\\u2019s possible that simply spending more, in general, led to better outcomes. However, the authors are quite skeptical of that hypothesis. Critics of charter schools and New Orleans\\u2019 strategy for reform may also argue that it confirms their worst suspicions \\u2013 that when school operators get this much autonomy, they spend a lot on overhead and pay for it by hiring cheaper, less experienced teachers.<\\/p>\\r\\n<p>It\\u2019s also possible that investing in greater administrative capacity was a smart move, instructionally. Teachers are constantly worried about their load of paperwork, discipline, and non-instructional duties. Maybe it provided greater support to teachers or freed them to focus on their classrooms rather than distractions.&nbsp; Maybe it made the schools feel safer and operate more efficiently. Maybe it helped school teams look more closely at data trends and incorporate them into teaching.<\\/p>\\r\\n<p>I don\\u2019t know.&nbsp; But we now have a pretty good idea of what&nbsp;<em>didn\\u2019t&nbsp;<\\/em>happen.&nbsp; A bloated, centralized, failing school system was not replaced by a leaner, meaner, low-overhead set of charter networks that cut the fat and pushed funding down to the classroom.&nbsp; Something else happened.&nbsp; And yet it wasn\\u2019t a failure.&nbsp; Students are doing&nbsp;<a href=\\\"http:\\/\\/educationnext.org\\/good-news-new-orleans-evidence-reform-student-achievement\\/\\\">much better<\\/a>.<\\/p>\\r\\n<p>This study reminds us that it\\u2019s too easy to buy into existing narratives about education&mdash;and that the real story is usually far more complex. In the case of New Orleans, there is still plenty of the story left to be learned. What\\u2019s to account for its improvement? What can other cities and school systems learn from its experience? We all should be grateful to groups like the Education Research Alliance for asking these questions, and pushing us to scrutinize the usual answers.<\\/p>\",\"82\":\"It\'s not terribly surprising that school spending went up after Hurricane Katrina and as New Orleans shifted to a charter school-based system. It\\u2019s how the spending increased that\\u2019s worth a closer look.\",\"7\":\"\",\"6\":\"\"}}', '2017-02-08 15:50:08', '2017-02-08 15:50:08', '2b7fd52d-683e-43e5-b0d0-1b8dde7483bb'),
 ('341', '2984', '12', '1', 'en_us', '5', '', '{\"typeId\":\"12\",\"authorId\":\"2985\",\"title\":\"A Surprising New Look at School Spending in New Orleans\",\"slug\":\"a-surprising-new-look-at-school-spending-in-new-orleans\",\"postDate\":1486422000,\"expiryDate\":null,\"enabled\":1,\"parentId\":null,\"fields\":{\"50\":[\"2982\"],\"83\":[\"2963\"],\"87\":[\"2987\"],\"84\":[\"2983\",\"2986\"],\"49\":\"<p>Just when you think you have a pretty good idea of how schools in New Orleans changed after Hurricane Katrina, along comes some&nbsp;<a href=\\\"http:\\/\\/educationresearchalliancenola.org\\/publications\\/does-school-reform-spending-reform-the-effect-of-the-new-orleans-school-reforms-on-the-use-and-level-of-school-expenditures\\\">new research<\\/a>&nbsp;that rocks your world a little bit.<\\/p>\\r\\n<p>Such was the case when the Education Research Alliance for New Orleans (housed at Tulane University) released the latest in its long-running series of indispensable studies.&nbsp; This time, the researchers looked at <strong>school spending<\\/strong>.<\\/p>\\r\\n<p>In a nutshell, spending went up during the recovery years and after New Orleans shifted to a charter school-based system.&nbsp; That\\u2019s not terribly surprising. It\\u2019s&nbsp;<em>how<\\/em>&nbsp;the spending increased that\\u2019s worth a closer look.&nbsp; Three highlights:<\\/p>\\r\\n<h3>1) Schools spent quite a bit more on administrators<\\/h3>\\r\\n<p>It wasn\\u2019t just that they hired more administrators \\u2013 which they did \\u2013 but they also paid them more than their predecessors in pre-Katrina New Orleans. We\\u2019re not just talking school principals but all the administrative roles across individual charter schools and networks, from research and evaluation staff to information technology specialists.&nbsp;<\\/p>\\r\\n<h3>2)&nbsp;While spending on administrators went up, on a per-pupil basis, spending on classroom instruction went down.&nbsp;<\\/h3>\\r\\n<p>How did that happen?&nbsp; It\\u2019s worth reading the whole report for details on this one.&nbsp; In general, teachers of the same experience level earn more today than they did in the old system.&nbsp; However, the typical teacher has less experience, hence a lower average salary.&nbsp; Also, schools are spending less on benefits.&nbsp; The biggest driver is lower pension costs, as most schools today opt-out of the state teacher retirement system, which has become&nbsp;<a href=\\\"http:\\/\\/www.theadvocate.com\\/baton_rouge\\/news\\/politics\\/article_82444dee-2fa0-59fb-8398-bbd4d2b4aab6.html\\\">badly underfunded and expensive<\\/a>, making it a poor bargain for new entrants.&nbsp;<\\/p>\\r\\n<h3>3)&nbsp;Transportation costs are up $300 per student, per year.&nbsp;<\\/h3>\\r\\n<p>While that\\u2019s a sizable figure, some increase was to be expected as New Orleans shifted away from attendance zone schools to an all-choice system that permits families to apply citywide.&nbsp; Moving students across greater distances costs more.&nbsp;<\\/p>\\r\\n<h3>What does it all mean?&nbsp;<\\/h3>\\r\\n<p>The authors of the study pose some questions about scalability for charters, given that hopes of lower overhead in charter systems aren\\u2019t being fulfilled, in this study or others. That\\u2019s a topic well worth discussing.<\\/p>\\r\\n<p>But for New Orleans, I think the key question is this:&nbsp;<em>Did these spending changes contribute to the large improvements in student achievement over the past decade?&nbsp;<\\/em><\\/p>\\r\\n<p>It\\u2019s possible that simply spending more, in general, led to better outcomes. However, the authors are quite skeptical of that hypothesis. Critics of charter schools and New Orleans\\u2019 strategy for reform may also argue that it confirms their worst suspicions \\u2013 that when school operators get this much autonomy, they spend a lot on overhead and pay for it by hiring cheaper, less experienced teachers.<\\/p>\\r\\n<p>It\\u2019s also possible that investing in greater administrative capacity was a smart move, instructionally. Teachers are constantly worried about their load of paperwork, discipline, and non-instructional duties. Maybe it provided greater support to teachers or freed them to focus on their classrooms rather than distractions.&nbsp; Maybe it made the schools feel safer and operate more efficiently. Maybe it helped school teams look more closely at data trends and incorporate them into teaching.<\\/p>\\r\\n<p>I don\\u2019t know.&nbsp; But we now have a pretty good idea of what&nbsp;<em>didn\\u2019t&nbsp;<\\/em>happen.&nbsp; A bloated, centralized, failing school system was not replaced by a leaner, meaner, low-overhead set of charter networks that cut the fat and pushed funding down to the classroom.&nbsp; Something else happened.&nbsp; And yet it wasn\\u2019t a failure.&nbsp; Students are doing&nbsp;<a href=\\\"http:\\/\\/educationnext.org\\/good-news-new-orleans-evidence-reform-student-achievement\\/\\\">much better<\\/a>.<\\/p>\\r\\n<p>This study reminds us that it\\u2019s too easy to buy into existing narratives about education&mdash;and that the real story is usually far more complex. In the case of New Orleans, there is still plenty of the story left to be learned. What\\u2019s to account for its improvement? What can other cities and school systems learn from its experience? We all should be grateful to groups like the Education Research Alliance for asking these questions, and pushing us to scrutinize the usual answers.<\\/p>\",\"82\":\"It\'s not terribly surprising that school spending went up after Hurricane Katrina and as New Orleans shifted to a charter school-based system. It\\u2019s how the spending increased that\\u2019s worth a closer look.\",\"7\":\"\",\"6\":\"\"}}', '2017-02-08 19:45:42', '2017-02-08 19:45:42', '40a3c60d-4fc8-4c01-974d-9b8280d3322d'),
 ('342', '2956', '12', '1', 'en_us', '3', '', '{\"typeId\":\"12\",\"authorId\":\"1\",\"title\":\"Louisiana Proposes a Smarter Way to Grade Schools\",\"slug\":\"louisiana-proposes-a-smarter-way-to-grade-schools\",\"postDate\":1486074060,\"expiryDate\":null,\"enabled\":1,\"parentId\":null,\"fields\":{\"50\":[\"2954\"],\"83\":[\"2962\"],\"87\":[\"2988\"],\"84\":\"\",\"49\":\"<p>Duis mollis, est non commodo luctus, nisi erat porttitor ligula, eget lacinia odio sem nec elit. Cras mattis consectetur purus sit amet fermentum. Curabitur blandit tempus porttitor. Curabitur blandit tempus porttitor. Lorem ipsum dolor sit amet, consectetur adipiscing elit. Fusce dapibus, tellus ac cursus commodo, tortor mauris condimentum nibh, ut fermentum massa justo sit amet risus.<\\/p>\\r\\n<p>Integer posuere erat a ante venenatis dapibus posuere velit aliquet. Maecenas faucibus mollis interdum. Vivamus sagittis lacus vel augue laoreet rutrum faucibus dolor auctor. Fusce dapibus, tellus ac cursus commodo, tortor mauris condimentum nibh, ut fermentum massa justo sit amet risus. Donec sed odio dui. Donec sed odio dui. Nulla vitae elit libero, a pharetra augue.<\\/p>\\r\\n<p>Donec ullamcorper nulla non metus auctor fringilla. Lorem ipsum dolor sit amet, consectetur adipiscing elit. Duis mollis, est non commodo luctus, nisi erat porttitor ligula, eget lacinia odio sem nec elit. Lorem ipsum dolor sit amet, consectetur adipiscing elit. Aenean eu leo quam. Pellentesque ornare sem lacinia quam venenatis vestibulum. Cras mattis consectetur purus sit amet fermentum. Aenean eu leo quam. Pellentesque ornare sem lacinia quam venenatis vestibulum.<\\/p>\\r\\n<p>Lorem ipsum dolor sit amet, consectetur adipiscing elit. Aenean lacinia bibendum nulla sed consectetur. Cras mattis consectetur purus sit amet fermentum. Sed posuere consectetur est at lobortis.<\\/p>\",\"82\":\"The state\\u2019s plan to base 25 percent of a school\\u2019s grade on how much students grow at the school is a step in the right direction.\",\"7\":\"\",\"6\":\"\"}}', '2017-02-08 19:46:03', '2017-02-08 19:46:03', 'aa9ec6da-4a94-4b69-b604-d3240164359a'),
 ('343', '2953', '12', '1', 'en_us', '8', '', '{\"typeId\":\"12\",\"authorId\":\"1\",\"title\":\"How to Make Parent-Teacher Conferences More Parent-Friendly\",\"slug\":\"how-to-make-parent-teacher-conferences-more-parent-friendly\",\"postDate\":1480714080,\"expiryDate\":null,\"enabled\":1,\"parentId\":null,\"fields\":{\"50\":[\"2952\"],\"83\":[\"2963\"],\"87\":[\"2989\"],\"84\":[\"2966\",\"2968\",\"2967\"],\"49\":\"<p>At schools across the county, parent-teacher conferences are happening right now.&nbsp; The first report cards of the year were probably sent home in the past few weeks.&nbsp; Now, it\\u2019s time for parents and teachers to discuss how things are going.&nbsp; This is arguably the most critical moment of the school year for parent engagement.&nbsp; Parents trust teachers more than any other source of information when it comes to their child\\u2019s education. When I was a teacher, I really looked forward to these first-quarter conferences. They offered an opportunity to set the tone and get everyone on the same page early in the year, when there was still time to make bigger adjustments.<\\/p>\\r\\n<p>We recently offered parents some tips on how to read report cards in our EdTips newsletter (it\\u2019s not as easy as you think). As teachers prep for the initial round of report card conferences, we hope that they will offer an honest and comprehensive view of each student\\u2019s performance. That\\u2019s not easy, either. Teachers only have a few minutes with each parent, and there\\u2019s a lot to cover. If the student\\u2019s not doing so well, it can be a tough conversation. I know I had plenty of those as a teacher, and there were always conferences I wished I\\u2019d handled differently.<\\/p>\\r\\n<p>Today, when teachers ask me how they can make sure parent-teacher conferences are useful to families, here\\u2019s what I tell them: &nbsp;<\\/p>\\r\\n<p>Be clear<\\/p>\\r\\n<p>Make sure parents fully understand what their child\\u2019s report card is saying. Go beyond generic statements like, \\u201cYour child needs to focus on math.\\u201d Provide examples of student work and show families where students are struggling or thriving, specifically. Parents crave specifics because such details inspire them to play a more active role in their child\\u2019s learning development and help them understand how they can be helpful at home. Likewise, don\\u2019t assume that they can interpret, \\u201cshe\\u2019s very enthusiastic in class\\u201d when you actually mean \\u201cshe needs to practice waiting her turn and raising her hand\\u201d \\u2013 be direct and say things plainly.<\\/p>\\r\\n<p>Be candid<\\/p>\\r\\n<p>When you go to the doctor, you expect to get an honest assessment of your health. If a blood test shows a problem, your doctor is ethically obligated to tell you about it&mdash;even if it\\u2019s not what you want to hear. Parents should be able to expect the same from their children\\u2019s teachers. They aren\\u2019t expecting to be overloaded with information as they\\u2019re juggling their own set of responsibilities, but schools should never sugarcoat issues.<\\/p>\\r\\n<p>Research shows that more than 90% of parents believe their children are performing on grade level when the data says otherwise. They aren\\u2019t delusional; they just aren\\u2019t getting good information. It is essential for teachers to clearly explain to parents where their children are academically. If a child is struggling, make sure her parents understand how serious the issue is and what has to happen in order to get her back on track. The goal isn\\u2019t to scare anyone, but rather to build a shared sense of urgency and focus.<\\/p>\\r\\n<p>Be collaborative<\\/p>\\r\\n<p>As teachers, you won\\u2019t find a better partner to work with than parents. They know their kids better than anyone, so use them! Parents can provide insights into their children\\u2019s behavior, habits, motivations, and general quirks that can help you reach them in the classroom. When students see their teacher and parents on the same page, it pushes them to meet and exceed expectations. The message is clear: there are no loopholes. Success is the only option.<\\/p>\\r\\n<p>At the end of the report card conference, parents should have a clear set of next steps, understanding exactly what the school will do to support their child moving forward and tips on how they can reasonably help at home.&nbsp; But these meetings aren\\u2019t just about setting clear expectations for the student; they\\u2019re also about enabling parents to actively participate in their child\\u2019s education and to hold the school accountable.<\\/p>\\r\\n<p>One last thing, teachers and principals: Please make sure that parents get a copy of the report card! This might sound obvious, but many schools ask parents to sign and return the report card, leaving them with no reference of progress. We all know that report cards make nice refrigerator decorations, so don\\u2019t deprive parents of that!<\\/p>\",\"82\":\"When teachers ask me how they can make sure parent-teacher conferences are useful to families, here\\u2019s what I tell them.\",\"7\":\"\",\"6\":\"\"}}', '2017-02-08 19:46:20', '2017-02-08 19:46:20', '6277691c-5889-4345-a66b-49666eefeb4d'),
 ('344', '2956', '12', '1', 'en_us', '4', '', '{\"typeId\":\"12\",\"authorId\":\"1\",\"title\":\"Louisiana Proposes a Smarter Way to Grade Schools\",\"slug\":\"louisiana-proposes-a-smarter-way-to-grade-schools\",\"postDate\":1486074060,\"expiryDate\":null,\"enabled\":1,\"parentId\":null,\"fields\":{\"50\":[\"2954\"],\"83\":[\"2962\"],\"87\":[\"2988\"],\"84\":[\"2983\"],\"49\":\"<p>Duis mollis, est non commodo luctus, nisi erat porttitor ligula, eget lacinia odio sem nec elit. Cras mattis consectetur purus sit amet fermentum. Curabitur blandit tempus porttitor. Curabitur blandit tempus porttitor. Lorem ipsum dolor sit amet, consectetur adipiscing elit. Fusce dapibus, tellus ac cursus commodo, tortor mauris condimentum nibh, ut fermentum massa justo sit amet risus.<\\/p>\\r\\n<p>Integer posuere erat a ante venenatis dapibus posuere velit aliquet. Maecenas faucibus mollis interdum. Vivamus sagittis lacus vel augue laoreet rutrum faucibus dolor auctor. Fusce dapibus, tellus ac cursus commodo, tortor mauris condimentum nibh, ut fermentum massa justo sit amet risus. Donec sed odio dui. Donec sed odio dui. Nulla vitae elit libero, a pharetra augue.<\\/p>\\r\\n<p>Donec ullamcorper nulla non metus auctor fringilla. Lorem ipsum dolor sit amet, consectetur adipiscing elit. Duis mollis, est non commodo luctus, nisi erat porttitor ligula, eget lacinia odio sem nec elit. Lorem ipsum dolor sit amet, consectetur adipiscing elit. Aenean eu leo quam. Pellentesque ornare sem lacinia quam venenatis vestibulum. Cras mattis consectetur purus sit amet fermentum. Aenean eu leo quam. Pellentesque ornare sem lacinia quam venenatis vestibulum.<\\/p>\\r\\n<p>Lorem ipsum dolor sit amet, consectetur adipiscing elit. Aenean lacinia bibendum nulla sed consectetur. Cras mattis consectetur purus sit amet fermentum. Sed posuere consectetur est at lobortis.<\\/p>\",\"82\":\"The state\\u2019s plan to base 25 percent of a school\\u2019s grade on how much students grow at the school is a step in the right direction.\",\"7\":\"\",\"6\":\"\"}}', '2017-02-08 20:00:51', '2017-02-08 20:00:51', 'ceab9c9b-db28-42a3-9771-031246314b3c'),
 ('345', '2956', '12', '1', 'en_us', '5', '', '{\"typeId\":\"12\",\"authorId\":\"1\",\"title\":\"Louisiana Proposes a Smarter Way to Grade Schools\",\"slug\":\"louisiana-proposes-a-smarter-way-to-grade-schools\",\"postDate\":1486074060,\"expiryDate\":null,\"enabled\":1,\"parentId\":null,\"fields\":{\"50\":[\"2954\"],\"83\":[\"2963\"],\"87\":[\"2988\"],\"84\":[\"2983\"],\"49\":\"<p>Duis mollis, est non commodo luctus, nisi erat porttitor ligula, eget lacinia odio sem nec elit. Cras mattis consectetur purus sit amet fermentum. Curabitur blandit tempus porttitor. Curabitur blandit tempus porttitor. Lorem ipsum dolor sit amet, consectetur adipiscing elit. Fusce dapibus, tellus ac cursus commodo, tortor mauris condimentum nibh, ut fermentum massa justo sit amet risus.<\\/p>\\r\\n<p>Integer posuere erat a ante venenatis dapibus posuere velit aliquet. Maecenas faucibus mollis interdum. Vivamus sagittis lacus vel augue laoreet rutrum faucibus dolor auctor. Fusce dapibus, tellus ac cursus commodo, tortor mauris condimentum nibh, ut fermentum massa justo sit amet risus. Donec sed odio dui. Donec sed odio dui. Nulla vitae elit libero, a pharetra augue.<\\/p>\\r\\n<p>Donec ullamcorper nulla non metus auctor fringilla. Lorem ipsum dolor sit amet, consectetur adipiscing elit. Duis mollis, est non commodo luctus, nisi erat porttitor ligula, eget lacinia odio sem nec elit. Lorem ipsum dolor sit amet, consectetur adipiscing elit. Aenean eu leo quam. Pellentesque ornare sem lacinia quam venenatis vestibulum. Cras mattis consectetur purus sit amet fermentum. Aenean eu leo quam. Pellentesque ornare sem lacinia quam venenatis vestibulum.<\\/p>\\r\\n<p>Lorem ipsum dolor sit amet, consectetur adipiscing elit. Aenean lacinia bibendum nulla sed consectetur. Cras mattis consectetur purus sit amet fermentum. Sed posuere consectetur est at lobortis.<\\/p>\",\"82\":\"The state\\u2019s plan to base 25 percent of a school\\u2019s grade on how much students grow at the school is a step in the right direction.\",\"7\":\"\",\"6\":\"\"}}', '2017-02-08 20:01:15', '2017-02-08 20:01:15', '48b0b9fc-9186-46e1-bb80-bf0359cf8233'),
 ('346', '2981', '11', '1', 'en_us', '3', '', '{\"typeId\":\"11\",\"authorId\":\"1\",\"title\":\"The EdNavigator Guide to Catholic Schools in New Orleans\",\"slug\":\"the-ednavigator-guide-to-catholic-schools-in-new-orleans\",\"postDate\":1486419360,\"expiryDate\":null,\"enabled\":1,\"parentId\":null,\"fields\":{\"50\":[\"2980\"],\"49\":\"<p>You might not realize it, but there are more than 80 Catholic schools in the greater New Orleans area. All told, they serve a total of around&nbsp;<a href=\\\"http:\\/\\/www.nola.com\\/education\\/index.ssf\\/2015\\/09\\/for_catholic_schools_new_plan.html\\\">37,000 students<\\/a>. For reference, public schools in Orleans Parish enroll approximately 49,000 students. For families, Catholic schools represent a substantial portion of the school landscape \\u2013 and an important option.<\\/p>\\r\\n<p>Today, we\\u2019re releasing a&nbsp;<a href=\\\"http:\\/\\/catholicschoolguide.ednavigator.com\\/\\\">new online guide<\\/a>&nbsp;to help New Orleans families who are considering Catholic schools understand the process and explore schools that might be right for their children. It features profiles of each school, frequently asked questions, information on scholarship programs, and an interactive Find a School tool. It\\u2019s the first time all of this information has been compiled in one publicly accessible online location.<\\/p>\\r\\n<h3>Why a guide to Catholic schools?<\\/h3>\\r\\n<p>Over the last decade, New Orleans has invested heavily in its system of school choice and the infrastructure necessary to support it. Most notably, it adopted a universal enrollment system,&nbsp;<a href=\\\"http:\\/\\/www.enrollnola.org\\/\\\" target=\\\"_blank\\\" rel=\\\"noreferrer\\\">OneApp<\\/a>, to make the process of applying to public schools easier and fairer for families. Parents can use the system to view available schools and apply to those they prefer all at once. They also have access to the&nbsp;<a href=\\\"http:\\/\\/neworleansparentsguide.org\\/\\\">New Orleans Parents Guide to Public Schools<\\/a>, Family Resource Centers, and other sources of information to help them make their choices.<\\/p>\\r\\n<p>That\\u2019s not the case for the Catholic school system, however. Families interested in sending their children to Catholic schools have to research and apply to each school separately, and the process, requirements and timelines for applying differ from school to school. Then there\\u2019s the added complexity of applying for the three different kinds of scholarships available to lower-income students, which involves unraveling a whole new tangle of timelines and eligibility criteria.<\\/p>\\r\\n<p>All of this translates to a lot of work and stress for parents. Overwhelmed by the prospect of researching schools, submitting applications, and figuring out the finances, many give up and don\\u2019t bother considering Catholic schools at all. It effectively puts off-limits a wide swath of local schools, particularly for parents who may not have the time or resources to deal with all the logistical demands. &nbsp;<\\/p>\\r\\n<h3>We wanted to make it easier.<\\/h3>\\r\\n<p>Catholic schools have a long history in New Orleans, and many families love the values- and faith-based education they provide.&nbsp; We know Catholic schools aren\\u2019t right for everyone, but we believe that families should be aware of ALL of their school options and empowered to pursue any school that might be a good fit for their children. Confusing processes and unclear information should never stand in their way.<\\/p>\\r\\n<p>The guide was created with great cooperation from the Office of Catholic Schools at the Archdiocese of New Orleans.&nbsp; We see it as a work in progress. Our team spent time surveying and meeting with school leaders to hear what they wanted to share with prospective families about their schools, and we are grateful to all the educators who contributed to it. Not all schools provided full information, but we plan to update the school profiles with additional data as we receive it. In the future, we also hope to add new information that gives families greater insight into each school and its success with students, in particular.<\\/p>\\r\\n<p>For now, we hope the guide serves as a useful starting point for families who are interested in Catholic schools and want to narrow down their options. Check it out at&nbsp;<a href=\\\"http:\\/\\/catholicschoolguide.ednavigator.com\\/\\\">www.catholicschoolsguide.ednavigator.com<\\/a>&nbsp;and please share it with anyone who might benefit.<\\/p>\",\"82\":\"The EdNavigator Guide to Catholic Schools in New Orleans features profiles of 80+ schools, frequently asked questions, information on scholarship programs, and an interactive Find a School tool.\",\"86\":[\"2978\"],\"85\":\"\"}}', '2017-02-08 21:11:02', '2017-02-08 21:11:02', 'ef80c778-74ae-4135-8ca3-38bab1e8ad1b'),
 ('347', '2981', '11', '1', 'en_us', '4', '', '{\"typeId\":\"11\",\"authorId\":\"1\",\"title\":\"The EdNavigator Guide to Catholic Schools in New Orleans\",\"slug\":\"the-ednavigator-guide-to-catholic-schools-in-new-orleans\",\"postDate\":1486419360,\"expiryDate\":null,\"enabled\":1,\"parentId\":null,\"fields\":{\"50\":[\"2980\"],\"49\":\"<p>You might not realize it, but there are more than 80 Catholic schools in the greater New Orleans area. All told, they serve a total of around&nbsp;<a href=\\\"http:\\/\\/www.nola.com\\/education\\/index.ssf\\/2015\\/09\\/for_catholic_schools_new_plan.html\\\">37,000 students<\\/a>. For reference, public schools in Orleans Parish enroll approximately 49,000 students. For families, Catholic schools represent a substantial portion of the school landscape \\u2013 and an important option.<\\/p>\\r\\n<p>Today, we\\u2019re releasing a&nbsp;<a href=\\\"http:\\/\\/catholicschoolguide.ednavigator.com\\/\\\">new online guide<\\/a>&nbsp;to help New Orleans families who are considering Catholic schools understand the process and explore schools that might be right for their children. It features profiles of each school, frequently asked questions, information on scholarship programs, and an interactive Find a School tool. It\\u2019s the first time all of this information has been compiled in one publicly accessible online location.<\\/p>\\r\\n<h3>Why a guide to Catholic schools?<\\/h3>\\r\\n<p>Over the last decade, New Orleans has invested heavily in its system of school choice and the infrastructure necessary to support it. Most notably, it adopted a universal enrollment system,&nbsp;<a href=\\\"http:\\/\\/www.enrollnola.org\\/\\\" target=\\\"_blank\\\" rel=\\\"noreferrer\\\">OneApp<\\/a>, to make the process of applying to public schools easier and fairer for families. Parents can use the system to view available schools and apply to those they prefer all at once. They also have access to the&nbsp;<a href=\\\"http:\\/\\/neworleansparentsguide.org\\/\\\">New Orleans Parents Guide to Public Schools<\\/a>, Family Resource Centers, and other sources of information to help them make their choices.<\\/p>\\r\\n<p>That\\u2019s not the case for the Catholic school system, however. Families interested in sending their children to Catholic schools have to research and apply to each school separately, and the process, requirements and timelines for applying differ from school to school. Then there\\u2019s the added complexity of applying for the three different kinds of scholarships available to lower-income students, which involves unraveling a whole new tangle of timelines and eligibility criteria.<\\/p>\\r\\n<p>All of this translates to a lot of work and stress for parents. Overwhelmed by the prospect of researching schools, submitting applications, and figuring out the finances, many give up and don\\u2019t bother considering Catholic schools at all. It effectively puts off-limits a wide swath of local schools, particularly for parents who may not have the time or resources to deal with all the logistical demands. &nbsp;<\\/p>\\r\\n<h3>We wanted to make it easier.<\\/h3>\\r\\n<p>Catholic schools have a long history in New Orleans, and many families love the values- and faith-based education they provide.&nbsp; We know Catholic schools aren\\u2019t right for everyone, but we believe that families should be aware of ALL of their school options and empowered to pursue any school that might be a good fit for their children. Confusing processes and unclear information should never stand in their way.<\\/p>\\r\\n<p>The guide was created with great cooperation from the Office of Catholic Schools at the Archdiocese of New Orleans.&nbsp; We see it as a work in progress. Our team spent time surveying and meeting with school leaders to hear what they wanted to share with prospective families about their schools, and we are grateful to all the educators who contributed to it. Not all schools provided full information, but we plan to update the school profiles with additional data as we receive it. In the future, we also hope to add new information that gives families greater insight into each school and its success with students, in particular.<\\/p>\\r\\n<p>For now, we hope the guide serves as a useful starting point for families who are interested in Catholic schools and want to narrow down their options. Check it out at&nbsp;<a href=\\\"http:\\/\\/catholicschoolguide.ednavigator.com\\/\\\">www.catholicschoolsguide.ednavigator.com<\\/a>&nbsp;and please share it with anyone who might benefit.<\\/p>\",\"82\":\"The EdNavigator Guide to Catholic Schools in New Orleans features profiles of 80+ schools, frequently asked questions, information on scholarship programs, and an interactive Find a School tool.\",\"86\":[\"2978\"],\"88\":[\"2990\"],\"85\":\"\"}}', '2017-02-08 21:28:24', '2017-02-08 21:28:24', 'bd8dd3b1-6c5f-4e7e-b590-813e3f2f4846'),
 ('348', '2979', '11', '1', 'en_us', '3', '', '{\"typeId\":\"11\",\"authorId\":\"1\",\"title\":\"10 Common Questions about OneApp, Answered\",\"slug\":\"10-common-questions-about-oneapp-answered\",\"postDate\":1486416480,\"expiryDate\":null,\"enabled\":1,\"parentId\":null,\"fields\":{\"50\":[\"2977\"],\"49\":\"<p>Believe it or not, it\'s school choice season again for New Orleans families. To help you through the process, we\'ve compiled a list of some of the most common questions we hear about it.<\\/p>\\r\\n<h3>1. What is OneApp, anyway?<\\/h3>\\r\\n<p>OneApp is New Orleans\\u2019 centralized school enrollment system. Unlike most cities around the country, where your home address determines where your children go to school, New Orleans allows families to choose their schools. &nbsp;If you want your child to attend a public school in Orleans Parish, it\\u2019s the system you need to use to select your school preferences and submit your application. OneApp is operated by EnrollNOLA, which is part of the Recovery School District.<\\/p>\\r\\n<p><em>See also:<\\/em><\\/p>\\r\\n<ul><li><a href=\\\"https:\\/\\/enrollnola.org\\/\\\">EnrollNOLA\\u2019s website<\\/a><\\/li><li><a href=\\\"http:\\/\\/www.nola.com\\/education\\/index.ssf\\/2016\\/11\\/oneapp_basics_parents.html\\\">OneApp Basics for Parents via NOLA.com<\\/a><\\/li><li><a href=\\\"https:\\/\\/enrollnola.org\\/about\\/about-oneapp\\/\\\">OneApp 101 via EnrollNOLA<\\/a><\\/li><li><a href=\\\"https:\\/\\/vimeo.com\\/152376137\\\">Spanish Version of OneApp\'s Informational Video<\\/a><\\/li><\\/ul>\\r\\n<h3>&nbsp;<\\/h3>\\r\\n<h3>2. So can I apply to&nbsp;<em>any<\\/em>&nbsp;school in New Orleans through OneApp?<\\/h3>\\r\\n<p>No. Almost every public school in New Orleans utilizes OneApp, but there are some exceptions. Audubon Charter, Ben Franklin High, Edward Hynes, Lake Forest Charter, Lusher Charter, New Orleans Center for Creative Arts (NOCCA) and Robert Moton Charter are not in OneApp. If you\\u2019re interested in these schools, you\\u2019ll need to&nbsp;<a href=\\\"http:\\/\\/www.ednavigator.com\\/blog\\/2015\\/11\\/30\\/how-to-apply-to-a-non-oneapp-school-in-new-orleans\\\">apply to them separately<\\/a>. Since they are selective enrollment schools that draw lots of applications every year, we\\u2019d recommend that you apply to a few public schools via OneApp as well. &nbsp;Private schools, including most of New Orleans\\u2019 many Catholic schools, are not in OneApp either (the exception here: Catholic schools that accept&nbsp;<a href=\\\"http:\\/\\/catholicschoolguide.ednavigator.com\\/paying-for-catholic-school\\/the-louisiana-scholarship-program\\\">Louisiana Scholarship Program<\\/a>&nbsp;vouchers).<\\/p>\\r\\n<p><em>See also:<\\/em><\\/p>\\r\\n<ul><li><a href=\\\"http:\\/\\/www.ednavigator.com\\/blog\\/2015\\/11\\/30\\/how-to-apply-to-a-non-oneapp-school-in-new-orleans\\\">How to Apply for a Non-OneApp School<\\/a><\\/li><li><a href=\\\"http:\\/\\/catholicschoolguide.ednavigator.com\\/\\\">EdNavigator\\u2019s Guide to Catholic Schools in New Orleans<\\/a><\\/li><\\/ul>\\r\\n<p>&nbsp;<\\/p>\\r\\n<h3>3. When do I need to worry about all this?<\\/h3>\\r\\n<p>Sooner than you think! The OneApp process starts early \\u2013 about nine months before the start of the school year. Here are the big dates for 2016-17:<\\/p>\\r\\n<ul><li>Application Opens:&nbsp;<strong>November 1, 2016<\\/strong><\\/li><li>Early Application Deadline:&nbsp;<strong>December 16, 2016<\\/strong><\\/li><li>Schools Expo 2017:&nbsp;<strong>February 4, 2017<\\/strong><\\/li><li>Main Round Application Deadline:&nbsp;<strong>February 24, 2017<\\/strong><\\/li><li>Main Round Results Available:&nbsp;<strong>Week of April 10, 2017<\\/strong><\\/li><li>Seat Acceptance Deadline:&nbsp;<strong>May 12, 2017<\\/strong><\\/li><\\/ul>\\r\\n<p>Another application round takes place later in the year, for families who were not able to participate in the main round or were not assigned a school (more on that below). You have the best chances of getting into one of your preferred schools if you apply by the main round application deadline, though, so&nbsp;<em>don\\u2019t miss it<\\/em>.<\\/p>\\r\\n<p>&nbsp;<\\/p>\\r\\n<h3>4. How many schools can I apply for in OneApp?<\\/h3>\\r\\n<p>OneApp allows families to apply to up to eight participating schools. Keep in mind that your child will only be accepted to ONE school from your list, and there are no re-dos. Don\\u2019t include any school you wouldn\\u2019t be comfortable having your child attend. Be realistic though; if you\\u2019re applying for one of New Orleans\\u2019 most popular schools, consider including a backup school that would still be a good fit for your child, but sees less demand.<\\/p>\\r\\n<p>&nbsp;<\\/p>\\r\\n<h3>5. How do I figure out which schools might be the right fit?<\\/h3>\\r\\n<p>The downside of having so many choices is that sorting through them isn\\u2019t always easy.&nbsp;<a href=\\\"https:\\/\\/enrollnola.org\\/k12\\/\\\">EnrollNOLA\\u2019s school finder tool<\\/a>&nbsp;is a good place to start. It allows you to narrow down your options based on things like locations and state letter grades. Once you have a short list of possibilities, we\\u2019d recommend visiting the schools (many offer open houses) and talking to other families to get a better feel for them.<\\/p>\\r\\n<p>See also:<\\/p>\\r\\n<ul><li><a href=\\\"http:\\/\\/www.nola.com\\/education\\/index.ssf\\/2016\\/11\\/2016_performance_score_databas.html\\\">2016 School Grades\\/Performance Scores<\\/a><\\/li><li><a href=\\\"http:\\/\\/www.ednavigator.com\\/blog\\/2016\\/5\\/2\\/whats-the-measure-of-a-good-school\\\">EdNavigator\\u2019s 2016 Adjusted School Grades<\\/a><\\/li><li><a href=\\\"http:\\/\\/neworleansparentsguide.org\\/\\\">New Orleans Parents\\u2019 Guide to Public Schools<\\/a><\\/li><\\/ul>\\r\\n<p>&nbsp;<\\/p>\\r\\n<h3>6. My child\\u2019s already in a school that we like. Do I still need to participate in OneApp?<\\/h3>\\r\\n<p>No. If your child is happy at their current school, you should NOT submit a OneApp. If you do submit a OneApp and they are assigned to a school on that application, your child WILL lose the guarantee on the spot at their current school assignment.<\\/p>\\r\\n<p>&nbsp;<\\/p>\\r\\n<h3>7. Am I guaranteed to get one of the schools I list?<\\/h3>\\r\\n<p>Unfortunately, no. It\\u2019s possible that you may not get any of your choices (which could happen if you only indicate one or two very in-demand schools, for instance), in which case you would repeat the process again in the next round. For this reason, it\\u2019s a good idea to include a mix of schools \\u2013 but&nbsp;<em>only<\\/em>&nbsp;schools that you would be comfortable with your child attending.<\\/p>\\r\\n<p><em>See also:<\\/em><\\/p>\\r\\n<ul><li><a href=\\\"https:\\/\\/vimeo.com\\/152375695\\\">How OneApp Works (EnrollNOLA Video)<\\/a><\\/li><\\/ul>\\r\\n<p>&nbsp;<\\/p>\\r\\n<h3>8. How do I submit an application?<\\/h3>\\r\\n<p>You can do it&nbsp;<a href=\\\"https:\\/\\/enrollnola.org\\/how-to-enroll-in-nops\\/apply-transfer-next-school-year\\/\\\" target=\\\"_blank\\\" rel=\\\"noreferrer\\\">online<\\/a>. If you prefer, you can also visit one of EnrollNOLA\\u2019s three&nbsp;<a href=\\\"https:\\/\\/enrollnola.org\\/resources\\/family-resource-centers\\/\\\">Family Resource Centers<\\/a>&nbsp;to do it in person. In addition to providing free access to computers for families who would like to fill out the application online, the Resource Centers are staffed with school choice advisors who can help answer basic questions. You can also get help with general questions by contacting EnrollNOLA at 877-343-4773.<\\/p>\\r\\n<p>&nbsp;<\\/p>\\r\\n<h3>9. What if I don\\u2019t speak English?<\\/h3>\\r\\n<p>There are Spanish and Vietnamese versions of OneApp online for families. The Family Resource Centers also have access to translators.&nbsp;<\\/p>\\r\\n<p>&nbsp;<\\/p>\\r\\n<h3>10. I got started and now I\\u2019m totally overwhelmed. What do I do?<\\/h3>\\r\\n<p>Before you start checking out real estate listings in other parishes, take a deep breath. OneApp is designed to be easy to use, but it\\u2019s also easy to get confused. Choosing the right school for your child is a huge responsibility! Feel free to reach out to us via email at&nbsp;<a href=\\\"mailto:info@ednavigator.com\\\">info@ednavigator.com<\\/a>&nbsp;if you\\u2019d like to talk to one of our Navigators about your options.<\\/p>\",\"82\":\"We\'ll start with the basics: \\\"What is OneApp, anyway?\\\"\",\"86\":[\"2978\"],\"88\":[\"2991\"],\"85\":\"\"}}', '2017-02-08 21:28:33', '2017-02-08 21:28:33', 'd45e6954-e824-4e74-bbd2-5ace97817e17'),
 ('349', '2981', '11', '1', 'en_us', '5', '', '{\"typeId\":\"11\",\"authorId\":\"1\",\"title\":\"The EdNavigator Guide to Catholic Schools in New Orleans\",\"slug\":\"the-ednavigator-guide-to-catholic-schools-in-new-orleans\",\"postDate\":1486419360,\"expiryDate\":null,\"enabled\":1,\"parentId\":null,\"fields\":{\"50\":[\"2980\"],\"49\":\"<p>You might not realize it, but there are more than 80 Catholic schools in the greater New Orleans area. All told, they serve a total of around&nbsp;<a href=\\\"http:\\/\\/www.nola.com\\/education\\/index.ssf\\/2015\\/09\\/for_catholic_schools_new_plan.html\\\">37,000 students<\\/a>. For reference, public schools in Orleans Parish enroll approximately 49,000 students. For families, Catholic schools represent a substantial portion of the school landscape \\u2013 and an important option.<\\/p>\\r\\n<p>Today, we\\u2019re releasing a&nbsp;<a href=\\\"http:\\/\\/catholicschoolguide.ednavigator.com\\/\\\">new online guide<\\/a>&nbsp;to help New Orleans families who are considering Catholic schools understand the process and explore schools that might be right for their children. It features profiles of each school, frequently asked questions, information on scholarship programs, and an interactive Find a School tool. It\\u2019s the first time all of this information has been compiled in one publicly accessible online location.<\\/p>\\r\\n<h3>Why a guide to Catholic schools?<\\/h3>\\r\\n<p>Over the last decade, New Orleans has invested heavily in its system of school choice and the infrastructure necessary to support it. Most notably, it adopted a universal enrollment system,&nbsp;<a href=\\\"http:\\/\\/www.enrollnola.org\\/\\\" target=\\\"_blank\\\" rel=\\\"noreferrer\\\">OneApp<\\/a>, to make the process of applying to public schools easier and fairer for families. Parents can use the system to view available schools and apply to those they prefer all at once. They also have access to the&nbsp;<a href=\\\"http:\\/\\/neworleansparentsguide.org\\/\\\">New Orleans Parents Guide to Public Schools<\\/a>, Family Resource Centers, and other sources of information to help them make their choices.<\\/p>\\r\\n<p>That\\u2019s not the case for the Catholic school system, however. Families interested in sending their children to Catholic schools have to research and apply to each school separately, and the process, requirements and timelines for applying differ from school to school. Then there\\u2019s the added complexity of applying for the three different kinds of scholarships available to lower-income students, which involves unraveling a whole new tangle of timelines and eligibility criteria.<\\/p>\\r\\n<p>All of this translates to a lot of work and stress for parents. Overwhelmed by the prospect of researching schools, submitting applications, and figuring out the finances, many give up and don\\u2019t bother considering Catholic schools at all. It effectively puts off-limits a wide swath of local schools, particularly for parents who may not have the time or resources to deal with all the logistical demands. &nbsp;<\\/p>\\r\\n<h3>We wanted to make it easier.<\\/h3>\\r\\n<p>Catholic schools have a long history in New Orleans, and many families love the values- and faith-based education they provide.&nbsp; We know Catholic schools aren\\u2019t right for everyone, but we believe that families should be aware of ALL of their school options and empowered to pursue any school that might be a good fit for their children. Confusing processes and unclear information should never stand in their way.<\\/p>\\r\\n<p>The guide was created with great cooperation from the Office of Catholic Schools at the Archdiocese of New Orleans.&nbsp; We see it as a work in progress. Our team spent time surveying and meeting with school leaders to hear what they wanted to share with prospective families about their schools, and we are grateful to all the educators who contributed to it. Not all schools provided full information, but we plan to update the school profiles with additional data as we receive it. In the future, we also hope to add new information that gives families greater insight into each school and its success with students, in particular.<\\/p>\\r\\n<p>For now, we hope the guide serves as a useful starting point for families who are interested in Catholic schools and want to narrow down their options. Check it out at&nbsp;<a href=\\\"http:\\/\\/catholicschoolguide.ednavigator.com\\/\\\">www.catholicschoolsguide.ednavigator.com<\\/a>&nbsp;and please share it with anyone who might benefit.<\\/p>\",\"82\":\"The EdNavigator Guide to Catholic Schools in New Orleans features profiles of 80+ schools, frequently asked questions, information on scholarship programs, and an interactive Find a School tool.\",\"86\":[\"2978\"],\"88\":[\"2990\"],\"85\":[\"2993\"]}}', '2017-02-08 21:35:04', '2017-02-08 21:35:04', '6f52c456-f2a2-4a37-85a9-402941a76c4e'),
 ('350', '2979', '11', '1', 'en_us', '4', '', '{\"typeId\":\"11\",\"authorId\":\"1\",\"title\":\"10 Common Questions about OneApp, Answered\",\"slug\":\"10-common-questions-about-oneapp-answered\",\"postDate\":1486416480,\"expiryDate\":null,\"enabled\":1,\"parentId\":null,\"fields\":{\"50\":[\"2977\"],\"49\":\"<p>Believe it or not, it\'s school choice season again for New Orleans families. To help you through the process, we\'ve compiled a list of some of the most common questions we hear about it.<\\/p>\\r\\n<h3>1. What is OneApp, anyway?<\\/h3>\\r\\n<p>OneApp is New Orleans\\u2019 centralized school enrollment system. Unlike most cities around the country, where your home address determines where your children go to school, New Orleans allows families to choose their schools. &nbsp;If you want your child to attend a public school in Orleans Parish, it\\u2019s the system you need to use to select your school preferences and submit your application. OneApp is operated by EnrollNOLA, which is part of the Recovery School District.<\\/p>\\r\\n<p><em>See also:<\\/em><\\/p>\\r\\n<ul><li><a href=\\\"https:\\/\\/enrollnola.org\\/\\\">EnrollNOLA\\u2019s website<\\/a><\\/li><li><a href=\\\"http:\\/\\/www.nola.com\\/education\\/index.ssf\\/2016\\/11\\/oneapp_basics_parents.html\\\">OneApp Basics for Parents via NOLA.com<\\/a><\\/li><li><a href=\\\"https:\\/\\/enrollnola.org\\/about\\/about-oneapp\\/\\\">OneApp 101 via EnrollNOLA<\\/a><\\/li><li><a href=\\\"https:\\/\\/vimeo.com\\/152376137\\\">Spanish Version of OneApp\'s Informational Video<\\/a><\\/li><\\/ul>\\r\\n<h3>&nbsp;<\\/h3>\\r\\n<h3>2. So can I apply to&nbsp;<em>any<\\/em>&nbsp;school in New Orleans through OneApp?<\\/h3>\\r\\n<p>No. Almost every public school in New Orleans utilizes OneApp, but there are some exceptions. Audubon Charter, Ben Franklin High, Edward Hynes, Lake Forest Charter, Lusher Charter, New Orleans Center for Creative Arts (NOCCA) and Robert Moton Charter are not in OneApp. If you\\u2019re interested in these schools, you\\u2019ll need to&nbsp;<a href=\\\"http:\\/\\/www.ednavigator.com\\/blog\\/2015\\/11\\/30\\/how-to-apply-to-a-non-oneapp-school-in-new-orleans\\\">apply to them separately<\\/a>. Since they are selective enrollment schools that draw lots of applications every year, we\\u2019d recommend that you apply to a few public schools via OneApp as well. &nbsp;Private schools, including most of New Orleans\\u2019 many Catholic schools, are not in OneApp either (the exception here: Catholic schools that accept&nbsp;<a href=\\\"http:\\/\\/catholicschoolguide.ednavigator.com\\/paying-for-catholic-school\\/the-louisiana-scholarship-program\\\">Louisiana Scholarship Program<\\/a>&nbsp;vouchers).<\\/p>\\r\\n<p><em>See also:<\\/em><\\/p>\\r\\n<ul><li><a href=\\\"http:\\/\\/www.ednavigator.com\\/blog\\/2015\\/11\\/30\\/how-to-apply-to-a-non-oneapp-school-in-new-orleans\\\">How to Apply for a Non-OneApp School<\\/a><\\/li><li><a href=\\\"http:\\/\\/catholicschoolguide.ednavigator.com\\/\\\">EdNavigator\\u2019s Guide to Catholic Schools in New Orleans<\\/a><\\/li><\\/ul>\\r\\n<p>&nbsp;<\\/p>\\r\\n<h3>3. When do I need to worry about all this?<\\/h3>\\r\\n<p>Sooner than you think! The OneApp process starts early \\u2013 about nine months before the start of the school year. Here are the big dates for 2016-17:<\\/p>\\r\\n<ul><li>Application Opens:&nbsp;<strong>November 1, 2016<\\/strong><\\/li><li>Early Application Deadline:&nbsp;<strong>December 16, 2016<\\/strong><\\/li><li>Schools Expo 2017:&nbsp;<strong>February 4, 2017<\\/strong><\\/li><li>Main Round Application Deadline:&nbsp;<strong>February 24, 2017<\\/strong><\\/li><li>Main Round Results Available:&nbsp;<strong>Week of April 10, 2017<\\/strong><\\/li><li>Seat Acceptance Deadline:&nbsp;<strong>May 12, 2017<\\/strong><\\/li><\\/ul>\\r\\n<p>Another application round takes place later in the year, for families who were not able to participate in the main round or were not assigned a school (more on that below). You have the best chances of getting into one of your preferred schools if you apply by the main round application deadline, though, so&nbsp;<em>don\\u2019t miss it<\\/em>.<\\/p>\\r\\n<p>&nbsp;<\\/p>\\r\\n<h3>4. How many schools can I apply for in OneApp?<\\/h3>\\r\\n<p>OneApp allows families to apply to up to eight participating schools. Keep in mind that your child will only be accepted to ONE school from your list, and there are no re-dos. Don\\u2019t include any school you wouldn\\u2019t be comfortable having your child attend. Be realistic though; if you\\u2019re applying for one of New Orleans\\u2019 most popular schools, consider including a backup school that would still be a good fit for your child, but sees less demand.<\\/p>\\r\\n<p>&nbsp;<\\/p>\\r\\n<h3>5. How do I figure out which schools might be the right fit?<\\/h3>\\r\\n<p>The downside of having so many choices is that sorting through them isn\\u2019t always easy.&nbsp;<a href=\\\"https:\\/\\/enrollnola.org\\/k12\\/\\\">EnrollNOLA\\u2019s school finder tool<\\/a>&nbsp;is a good place to start. It allows you to narrow down your options based on things like locations and state letter grades. Once you have a short list of possibilities, we\\u2019d recommend visiting the schools (many offer open houses) and talking to other families to get a better feel for them.<\\/p>\\r\\n<p>See also:<\\/p>\\r\\n<ul><li><a href=\\\"http:\\/\\/www.nola.com\\/education\\/index.ssf\\/2016\\/11\\/2016_performance_score_databas.html\\\">2016 School Grades\\/Performance Scores<\\/a><\\/li><li><a href=\\\"http:\\/\\/www.ednavigator.com\\/blog\\/2016\\/5\\/2\\/whats-the-measure-of-a-good-school\\\">EdNavigator\\u2019s 2016 Adjusted School Grades<\\/a><\\/li><li><a href=\\\"http:\\/\\/neworleansparentsguide.org\\/\\\">New Orleans Parents\\u2019 Guide to Public Schools<\\/a><\\/li><\\/ul>\\r\\n<p>&nbsp;<\\/p>\\r\\n<h3>6. My child\\u2019s already in a school that we like. Do I still need to participate in OneApp?<\\/h3>\\r\\n<p>No. If your child is happy at their current school, you should NOT submit a OneApp. If you do submit a OneApp and they are assigned to a school on that application, your child WILL lose the guarantee on the spot at their current school assignment.<\\/p>\\r\\n<p>&nbsp;<\\/p>\\r\\n<h3>7. Am I guaranteed to get one of the schools I list?<\\/h3>\\r\\n<p>Unfortunately, no. It\\u2019s possible that you may not get any of your choices (which could happen if you only indicate one or two very in-demand schools, for instance), in which case you would repeat the process again in the next round. For this reason, it\\u2019s a good idea to include a mix of schools \\u2013 but&nbsp;<em>only<\\/em>&nbsp;schools that you would be comfortable with your child attending.<\\/p>\\r\\n<p><em>See also:<\\/em><\\/p>\\r\\n<ul><li><a href=\\\"https:\\/\\/vimeo.com\\/152375695\\\">How OneApp Works (EnrollNOLA Video)<\\/a><\\/li><\\/ul>\\r\\n<p>&nbsp;<\\/p>\\r\\n<h3>8. How do I submit an application?<\\/h3>\\r\\n<p>You can do it&nbsp;<a href=\\\"https:\\/\\/enrollnola.org\\/how-to-enroll-in-nops\\/apply-transfer-next-school-year\\/\\\" target=\\\"_blank\\\" rel=\\\"noreferrer\\\">online<\\/a>. If you prefer, you can also visit one of EnrollNOLA\\u2019s three&nbsp;<a href=\\\"https:\\/\\/enrollnola.org\\/resources\\/family-resource-centers\\/\\\">Family Resource Centers<\\/a>&nbsp;to do it in person. In addition to providing free access to computers for families who would like to fill out the application online, the Resource Centers are staffed with school choice advisors who can help answer basic questions. You can also get help with general questions by contacting EnrollNOLA at 877-343-4773.<\\/p>\\r\\n<p>&nbsp;<\\/p>\\r\\n<h3>9. What if I don\\u2019t speak English?<\\/h3>\\r\\n<p>There are Spanish and Vietnamese versions of OneApp online for families. The Family Resource Centers also have access to translators.&nbsp;<\\/p>\\r\\n<p>&nbsp;<\\/p>\\r\\n<h3>10. I got started and now I\\u2019m totally overwhelmed. What do I do?<\\/h3>\\r\\n<p>Before you start checking out real estate listings in other parishes, take a deep breath. OneApp is designed to be easy to use, but it\\u2019s also easy to get confused. Choosing the right school for your child is a huge responsibility! Feel free to reach out to us via email at&nbsp;<a href=\\\"mailto:info@ednavigator.com\\\">info@ednavigator.com<\\/a>&nbsp;if you\\u2019d like to talk to one of our Navigators about your options.<\\/p>\",\"82\":\"We\'ll start with the basics: \\\"What is OneApp, anyway?\\\"\",\"86\":[\"2978\"],\"88\":[\"2991\"],\"85\":[\"2993\"]}}', '2017-02-08 21:35:12', '2017-02-08 21:35:12', 'c8d4d1fa-7f17-45b5-81f4-0a2fd848d794'),
 ('351', '2995', '12', '1', 'en_us', '1', '', '{\"typeId\":null,\"authorId\":\"1\",\"title\":\"Blog Post Test\",\"slug\":\"blog-post-test\",\"postDate\":1486653493,\"expiryDate\":null,\"enabled\":1,\"parentId\":null,\"fields\":{\"50\":[\"2994\"],\"83\":[\"2962\"],\"87\":[\"2987\"],\"84\":\"\",\"49\":\"\",\"82\":\"Donec id elit non mi porta gravida at eget metus. Donec sed odio dui. Duis mollis, est non commodo luctus, nisi erat porttitor ligula, eget lacinia odio sem nec elit.\",\"7\":\"\",\"6\":\"\"}}', '2017-02-09 15:18:13', '2017-02-09 15:18:13', '281226bf-96a5-4ec4-8063-627f0fe36094'),
 ('352', '2995', '12', '1', 'en_us', '2', '', '{\"typeId\":\"12\",\"authorId\":\"1\",\"title\":\"Blog Post Test\",\"slug\":\"blog-post-test\",\"postDate\":1486653480,\"expiryDate\":null,\"enabled\":1,\"parentId\":null,\"fields\":{\"89\":[\"2996\"],\"83\":[\"2962\"],\"87\":[\"2987\"],\"84\":\"\",\"49\":\"<p>&lt;p&gt;&lt;strong&gt;Pellentesque habitant morbi tristique&lt;\\/strong&gt; senectus et netus et malesuada fames ac turpis egestas. Vestibulum tortor quam, feugiat vitae, ultricies eget, tempor sit amet, ante. Donec eu libero sit amet quam egestas semper. &lt;em&gt;Aenean ultricies mi vitae est.&lt;\\/em&gt; Mauris placerat eleifend leo. Quisque sit amet est et sapien ullamcorper pharetra. Vestibulum erat wisi, condimentum sed, &lt;code&gt;commodo vitae&lt;\\/code&gt;, ornare sit amet, wisi. Aenean fermentum, elit eget tincidunt condimentum, eros ipsum rutrum orci, sagittis tempus lacus enim ac dui. &lt;a href=\\\"#\\\"&gt;Donec non enim&lt;\\/a&gt; in turpis pulvinar facilisis. Ut felis.&lt;\\/p&gt;<br><\\/p>\\r\\n<p>&lt;h2&gt;Header Level 2&lt;\\/h2&gt;<\\/p>\\r\\n<p>&lt;ol&gt;<br>&nbsp; &nbsp;&lt;li&gt;Lorem ipsum dolor sit amet, consectetuer adipiscing elit.&lt;\\/li&gt;<br>&nbsp; &nbsp;&lt;li&gt;Aliquam tincidunt mauris eu risus.&lt;\\/li&gt;<br>&lt;\\/ol&gt;<\\/p>\\r\\n<p>&lt;blockquote&gt;&lt;p&gt;Lorem ipsum dolor sit amet, consectetur adipiscing elit. Vivamus magna. Cras in mi at felis aliquet congue. Ut a est eget ligula molestie gravida. Curabitur massa. Donec eleifend, libero at sagittis mollis, tellus est malesuada tellus, at luctus turpis elit sit amet quam. Vivamus pretium ornare est.&lt;\\/p&gt;&lt;\\/blockquote&gt;<\\/p>\\r\\n<p>&lt;h3&gt;Header Level 3&lt;\\/h3&gt;<\\/p>\\r\\n<p>&lt;ul&gt;<br>&nbsp; &nbsp;&lt;li&gt;Lorem ipsum dolor sit amet, consectetuer adipiscing elit.&lt;\\/li&gt;<br>&nbsp; &nbsp;&lt;li&gt;Aliquam tincidunt mauris eu risus.&lt;\\/li&gt;<br>&lt;\\/ul&gt;<\\/p>\",\"82\":\"Donec id elit non mi porta gravida at eget metus. Donec sed odio dui. Duis mollis, est non commodo luctus, nisi erat porttitor ligula, eget lacinia odio sem nec elit.\",\"7\":\"\",\"6\":\"\"}}', '2017-02-09 16:12:04', '2017-02-09 16:12:04', 'e3844385-86c0-4975-a775-694409928a76'),
 ('353', '2995', '12', '1', 'en_us', '3', '', '{\"typeId\":\"12\",\"authorId\":\"1\",\"title\":\"Blog Post Test\",\"slug\":\"blog-post-test\",\"postDate\":1486653480,\"expiryDate\":null,\"enabled\":1,\"parentId\":null,\"fields\":{\"89\":[\"2996\"],\"83\":[\"2962\"],\"87\":[\"2987\"],\"84\":\"\",\"49\":\"<p><strong>Pellentesque habitant morbi tristique<\\/strong> senectus et netus et malesuada fames ac turpis egestas. Vestibulum tortor quam, feugiat vitae, ultricies eget, tempor sit amet, ante. Donec eu libero sit amet quam egestas semper. <em>Aenean ultricies mi vitae est.<\\/em> Mauris placerat eleifend leo. Quisque sit amet est et sapien ullamcorper pharetra. Vestibulum erat wisi, condimentum sed, <code>commodo vitae<\\/code>, ornare sit amet, wisi. Aenean fermentum, elit eget tincidunt condimentum, eros ipsum rutrum orci, sagittis tempus lacus enim ac dui. <a href=\\\"#\\\">Donec non enim<\\/a> in turpis pulvinar facilisis. Ut felis.<\\/p>\\r\\n\\r\\n<h2>Header Level 2<\\/h2>\\r\\n\\r\\n<ol>\\r\\n   <li>Lorem ipsum dolor sit amet, consectetuer adipiscing elit.<\\/li>\\r\\n   <li>Aliquam tincidunt mauris eu risus.<\\/li>\\r\\n<\\/ol>\\r\\n\\r\\n<blockquote><p>Lorem ipsum dolor sit amet, consectetur adipiscing elit. Vivamus magna. Cras in mi at felis aliquet congue. Ut a est eget ligula molestie gravida. Curabitur massa. Donec eleifend, libero at sagittis mollis, tellus est malesuada tellus, at luctus turpis elit sit amet quam. Vivamus pretium ornare est.<\\/p><\\/blockquote>\\r\\n\\r\\n<h3>Header Level 3<\\/h3>\\r\\n\\r\\n<ul>\\r\\n   <li>Lorem ipsum dolor sit amet, consectetuer adipiscing elit.<\\/li>\\r\\n   <li>Aliquam tincidunt mauris eu risus.<\\/li>\\r\\n<\\/ul>\",\"82\":\"Donec id elit non mi porta gravida at eget metus. Donec sed odio dui. Duis mollis, est non commodo luctus, nisi erat porttitor ligula, eget lacinia odio sem nec elit.\",\"7\":\"\",\"6\":\"\"}}', '2017-02-09 16:14:48', '2017-02-09 16:14:48', '70cd76ea-7493-4243-afbf-ee99af5b1918'),
 ('354', '2995', '12', '1', 'en_us', '4', '', '{\"typeId\":\"12\",\"authorId\":\"1\",\"title\":\"Blog Post Test\",\"slug\":\"blog-post-test\",\"postDate\":1486653480,\"expiryDate\":null,\"enabled\":1,\"parentId\":null,\"fields\":{\"89\":[\"2996\"],\"83\":[\"2962\"],\"87\":[\"2987\"],\"84\":\"\",\"49\":\"<p><strong>Pellentesque habitant morbi tristique (bold)<\\/strong> senectus et netus et malesuada fames ac turpis egestas. Vestibulum tortor quam, feugiat vitae, ultricies eget, tempor sit amet, ante. Donec eu libero sit amet quam egestas semper. <em>Aenean ultricies&nbsp;mi vitae est (italic).<\\/em> Mauris placerat eleifend leo. Quisque sit amet est et sapien ullamcorper pharetra. Vestibulum erat wisi, condimentum sed, ornare sit amet, wisi. Aenean fermentum, elit eget tincidunt condimentum, eros ipsum rutrum orci, sagittis tempus lacus enim ac dui. <a href=\\\"#\\\">Donec non enim<\\/a> in turpis pulvinar facilisis. Ut felis.<\\/p>\\r\\n<h2>Header Level 2<\\/h2>\\r\\n<ol><li>Lorem ipsum dolor sit amet, consectetuer adipiscing elit.<\\/li>\\r\\n   <li>Aliquam tincidunt mauris eu risus.<\\/li><li>(orderd list)<\\/li>\\r\\n<\\/ol>\\r\\n<blockquote>Blockquote &mdash;&nbsp;Lorem ipsum dolor sit amet, consectetur adipiscing elit. Vivamus magna. Cras in mi at felis aliquet congue. Ut a est eget ligula molestie gravida. Curabitur massa. Donec eleifend, libero at sagittis mollis, tellus est malesuada tellus, at luctus turpis elit sit amet quam. Vivamus pretium ornare est.<br><\\/blockquote>\\r\\n<h3>Header Level 3<\\/h3>\\r\\n<ul><li>Lorem ipsum dolor sit amet, consectetuer adipiscing elit.<\\/li>\\r\\n   <li>Aliquam tincidunt mauris eu risus.<\\/li><li>(unordered list)<\\/li>\\r\\n<\\/ul>\",\"82\":\"Donec id elit non mi porta gravida at eget metus. Donec sed odio dui. Duis mollis, est non commodo luctus, nisi erat porttitor ligula, eget lacinia odio sem nec elit.\",\"7\":\"\",\"6\":\"\"}}', '2017-02-09 16:16:30', '2017-02-09 16:16:30', '221074ab-393f-4f5c-9389-57e134cd890a'),
 ('355', '2995', '12', '1', 'en_us', '5', '', '{\"typeId\":\"12\",\"authorId\":\"1\",\"title\":\"Blog Post Test\",\"slug\":\"blog-post-test\",\"postDate\":1486653480,\"expiryDate\":null,\"enabled\":1,\"parentId\":null,\"fields\":{\"89\":[\"2996\"],\"83\":[\"2962\"],\"87\":[\"2987\"],\"84\":\"\",\"49\":\"<p><strong>Pellentesque habitant morbi tristique (bold)<\\/strong> senectus et netus et malesuada fames ac turpis egestas. Vestibulum tortor quam, feugiat vitae, ultricies eget, tempor sit amet, ante. Donec eu libero sit amet quam egestas semper. <em>Aenean ultricies&nbsp;mi vitae est (italic).<\\/em> Mauris placerat eleifend leo. Quisque sit amet est et sapien ullamcorper pharetra. Vestibulum erat wisi, condimentum sed, ornare sit amet, wisi. Aenean fermentum, elit eget tincidunt condimentum, eros ipsum rutrum orci, sagittis tempus lacus enim ac dui. <a href=\\\"#\\\">Donec non enim<\\/a> in turpis pulvinar facilisis. Ut felis.<\\/p>\\r\\n<h2>Header Level 2<\\/h2>\\r\\n<ol><li>Lorem ipsum dolor sit amet, consectetuer adipiscing elit.<\\/li>\\r\\n   <li>Aliquam tincidunt mauris eu risus.<\\/li><li>(orderd list)<\\/li>\\r\\n<\\/ol>\\r\\n<blockquote>Blockquote &mdash;&nbsp;Lorem ipsum dolor sit amet, consectetur adipiscing elit. Vivamus magna. Cras in mi at felis aliquet congue. Ut a est eget ligula molestie gravida. Curabitur massa. Donec eleifend, libero at sagittis mollis, tellus est malesuada tellus, at luctus turpis elit sit amet quam. Vivamus pretium ornare est.<\\/blockquote>\\r\\n<h3>Header Level 3<\\/h3>\\r\\n<ul><li>Lorem ipsum dolor sit amet, consectetuer adipiscing elit.<\\/li>\\r\\n   <li>Aliquam tincidunt mauris eu risus.<\\/li><li>(unordered list)<\\/li>\\r\\n<\\/ul>\",\"82\":\"Donec id elit non mi porta gravida at eget metus. Donec sed odio dui. Duis mollis, est non commodo luctus, nisi erat porttitor ligula, eget lacinia odio sem nec elit.\",\"7\":\"\",\"6\":\"\"}}', '2017-02-09 16:53:47', '2017-02-09 16:53:47', '4952aba1-7e27-433c-8c42-7f0187277874'),
 ('356', '2984', '12', '1', 'en_us', '6', '', '{\"typeId\":\"12\",\"authorId\":\"2985\",\"title\":\"A Surprising New Look at School Spending in New Orleans\",\"slug\":\"a-surprising-new-look-at-school-spending-in-new-orleans\",\"postDate\":1486422000,\"expiryDate\":null,\"enabled\":1,\"parentId\":null,\"fields\":{\"89\":[\"2997\"],\"83\":[\"2963\"],\"87\":[\"2987\"],\"84\":[\"2983\",\"2986\"],\"49\":\"<p>Just when you think you have a pretty good idea of how schools in New Orleans changed after Hurricane Katrina, along comes some&nbsp;<a href=\\\"http:\\/\\/educationresearchalliancenola.org\\/publications\\/does-school-reform-spending-reform-the-effect-of-the-new-orleans-school-reforms-on-the-use-and-level-of-school-expenditures\\\">new research<\\/a>&nbsp;that rocks your world a little bit.<\\/p>\\r\\n<p>Such was the case when the Education Research Alliance for New Orleans (housed at Tulane University) released the latest in its long-running series of indispensable studies.&nbsp; This time, the researchers looked at <strong>school spending<\\/strong>.<\\/p>\\r\\n<p>In a nutshell, spending went up during the recovery years and after New Orleans shifted to a charter school-based system.&nbsp; That\\u2019s not terribly surprising. It\\u2019s&nbsp;<em>how<\\/em>&nbsp;the spending increased that\\u2019s worth a closer look.&nbsp; Three highlights:<\\/p>\\r\\n<h3>1) Schools spent quite a bit more on administrators<\\/h3>\\r\\n<p>It wasn\\u2019t just that they hired more administrators \\u2013 which they did \\u2013 but they also paid them more than their predecessors in pre-Katrina New Orleans. We\\u2019re not just talking school principals but all the administrative roles across individual charter schools and networks, from research and evaluation staff to information technology specialists.&nbsp;<\\/p>\\r\\n<h3>2)&nbsp;While spending on administrators went up, on a per-pupil basis, spending on classroom instruction went down.&nbsp;<\\/h3>\\r\\n<p>How did that happen?&nbsp; It\\u2019s worth reading the whole report for details on this one.&nbsp; In general, teachers of the same experience level earn more today than they did in the old system.&nbsp; However, the typical teacher has less experience, hence a lower average salary.&nbsp; Also, schools are spending less on benefits.&nbsp; The biggest driver is lower pension costs, as most schools today opt-out of the state teacher retirement system, which has become&nbsp;<a href=\\\"http:\\/\\/www.theadvocate.com\\/baton_rouge\\/news\\/politics\\/article_82444dee-2fa0-59fb-8398-bbd4d2b4aab6.html\\\">badly underfunded and expensive<\\/a>, making it a poor bargain for new entrants.&nbsp;<\\/p>\\r\\n<h3>3)&nbsp;Transportation costs are up $300 per student, per year.&nbsp;<\\/h3>\\r\\n<p>While that\\u2019s a sizable figure, some increase was to be expected as New Orleans shifted away from attendance zone schools to an all-choice system that permits families to apply citywide.&nbsp; Moving students across greater distances costs more.&nbsp;<\\/p>\\r\\n<h3>What does it all mean?&nbsp;<\\/h3>\\r\\n<p>The authors of the study pose some questions about scalability for charters, given that hopes of lower overhead in charter systems aren\\u2019t being fulfilled, in this study or others. That\\u2019s a topic well worth discussing.<\\/p>\\r\\n<p>But for New Orleans, I think the key question is this:&nbsp;<em>Did these spending changes contribute to the large improvements in student achievement over the past decade?&nbsp;<\\/em><\\/p>\\r\\n<p>It\\u2019s possible that simply spending more, in general, led to better outcomes. However, the authors are quite skeptical of that hypothesis. Critics of charter schools and New Orleans\\u2019 strategy for reform may also argue that it confirms their worst suspicions \\u2013 that when school operators get this much autonomy, they spend a lot on overhead and pay for it by hiring cheaper, less experienced teachers.<\\/p>\\r\\n<p>It\\u2019s also possible that investing in greater administrative capacity was a smart move, instructionally. Teachers are constantly worried about their load of paperwork, discipline, and non-instructional duties. Maybe it provided greater support to teachers or freed them to focus on their classrooms rather than distractions.&nbsp; Maybe it made the schools feel safer and operate more efficiently. Maybe it helped school teams look more closely at data trends and incorporate them into teaching.<\\/p>\\r\\n<p>I don\\u2019t know.&nbsp; But we now have a pretty good idea of what&nbsp;<em>didn\\u2019t&nbsp;<\\/em>happen.&nbsp; A bloated, centralized, failing school system was not replaced by a leaner, meaner, low-overhead set of charter networks that cut the fat and pushed funding down to the classroom.&nbsp; Something else happened.&nbsp; And yet it wasn\\u2019t a failure.&nbsp; Students are doing&nbsp;<a href=\\\"http:\\/\\/educationnext.org\\/good-news-new-orleans-evidence-reform-student-achievement\\/\\\">much better<\\/a>.<\\/p>\\r\\n<p>This study reminds us that it\\u2019s too easy to buy into existing narratives about education&mdash;and that the real story is usually far more complex. In the case of New Orleans, there is still plenty of the story left to be learned. What\\u2019s to account for its improvement? What can other cities and school systems learn from its experience? We all should be grateful to groups like the Education Research Alliance for asking these questions, and pushing us to scrutinize the usual answers.<\\/p>\",\"82\":\"It\'s not terribly surprising that school spending went up after Hurricane Katrina and as New Orleans shifted to a charter school-based system. It\\u2019s how the spending increased that\\u2019s worth a closer look.\",\"7\":\"\",\"6\":\"\"}}', '2017-02-09 16:54:17', '2017-02-09 16:54:17', '50826360-2b04-4baa-9f63-7133edadd001'),
 ('357', '2995', '12', '1', 'en_us', '6', '', '{\"typeId\":\"12\",\"authorId\":\"1\",\"title\":\"Blog Post Test\",\"slug\":\"blog-post-test\",\"postDate\":1486653480,\"expiryDate\":null,\"enabled\":1,\"parentId\":null,\"fields\":{\"89\":[\"2996\"],\"83\":[\"2962\"],\"87\":[\"2987\"],\"84\":\"\",\"49\":\"<p><strong>Pellentesque habitant morbi tristique (bold)<\\/strong> senectus et netus et malesuada fames ac turpis egestas. Vestibulum tortor quam, feugiat vitae, ultricies eget, tempor sit amet, ante. Donec eu libero sit amet quam egestas semper. <em>Aenean ultricies&nbsp;mi vitae est (italic).<\\/em> Mauris placerat eleifend leo. Quisque sit amet est et sapien ullamcorper pharetra. Vestibulum erat wisi, condimentum sed, ornare sit amet, wisi. Aenean fermentum, elit eget tincidunt condimentum, eros ipsum rutrum orci, sagittis tempus lacus enim ac dui. <a href=\\\"#\\\">Donec non enim<\\/a> in turpis pulvinar facilisis. Ut felis.<\\/p>\\r\\n<h2>Header Level 2<\\/h2>\\r\\n<ol><li>Lorem ipsum dolor sit amet, consectetuer adipiscing elit.<\\/li>\\r\\n   <li>Aliquam tincidunt mauris eu risus.<\\/li><li>(orderd list)<\\/li>\\r\\n<\\/ol>\\r\\n<blockquote>Blockquote &mdash;&nbsp;Lorem ipsum dolor sit amet, consectetur adipiscing elit. Vivamus magna. Cras in mi at felis aliquet congue. Ut a est eget ligula molestie gravida. Curabitur massa. Donec eleifend, libero at sagittis mollis, tellus est malesuada tellus, at luctus turpis elit sit amet quam. Vivamus pretium ornare est.<\\/blockquote>\\r\\n<h3>Header Level 3<\\/h3>\\r\\n<ul><li>Lorem ipsum dolor sit amet, consectetuer adipiscing elit.<\\/li>\\r\\n   <li>Aliquam tincidunt mauris eu risus.<\\/li><li>(unordered list)<\\/li>\\r\\n<\\/ul>\",\"82\":\"Donec id elit non mi porta gravida at eget metus. Donec sed odio dui. Duis mollis, est non commodo luctus, nisi erat porttitor ligula, eget lacinia odio sem nec elit.\",\"7\":\"\",\"6\":\"\"}}', '2017-02-09 17:22:32', '2017-02-09 17:22:32', '99b2fa33-6837-459d-ab8e-b1fdb6be549d'),
 ('358', '2995', '12', '1', 'en_us', '7', '', '{\"typeId\":\"12\",\"authorId\":\"1\",\"title\":\"Blog Post Test\",\"slug\":\"blog-post-test\",\"postDate\":1486653480,\"expiryDate\":null,\"enabled\":1,\"parentId\":null,\"fields\":{\"89\":[\"2996\"],\"83\":[\"2962\"],\"87\":[\"2987\"],\"84\":\"\",\"49\":\"<p><strong>Pellentesque habitant morbi tristique (bold)<\\/strong> senectus et netus et malesuada fames ac turpis egestas. Vestibulum tortor quam, feugiat vitae, ultricies eget, tempor sit amet, ante. Donec eu libero sit amet quam egestas semper. <em>Aenean ultricies&nbsp;mi vitae est (italic).<\\/em> Mauris placerat eleifend leo. Quisque sit amet est et sapien ullamcorper pharetra. Vestibulum erat wisi, condimentum sed, ornare sit amet, wisi. Aenean fermentum, elit eget tincidunt condimentum, eros ipsum rutrum orci, sagittis tempus lacus enim ac dui. <a href=\\\"#\\\">Donec non enim<\\/a> in turpis pulvinar facilisis. Ut felis.<\\/p><hr><p><br><\\/p>\\r\\n<h2>Header Level 2<\\/h2>\\r\\n<ol><li>Lorem ipsum dolor sit amet, consectetuer adipiscing elit.<\\/li>\\r\\n   <li>Aliquam tincidunt mauris eu risus.<\\/li><li>(orderd list)<\\/li>\\r\\n<\\/ol>\\r\\n<blockquote>Blockquote &mdash;&nbsp;Lorem ipsum dolor sit amet, consectetur adipiscing elit. Vivamus magna. Cras in mi at felis aliquet congue. Ut a est eget ligula molestie gravida. Curabitur massa. Donec eleifend, libero at sagittis mollis, tellus est malesuada tellus, at luctus turpis elit sit amet quam. Vivamus pretium ornare est.<\\/blockquote>\\r\\n<h3>Header Level 3<\\/h3>\\r\\n<ul><li>Lorem ipsum dolor sit amet, consectetuer adipiscing elit.<\\/li>\\r\\n   <li>Aliquam tincidunt mauris eu risus.<\\/li><li>(unordered list)<\\/li>\\r\\n<\\/ul>\",\"82\":\"Donec id elit non mi porta gravida at eget metus. Donec sed odio dui. Duis mollis, est non commodo luctus, nisi erat porttitor ligula, eget lacinia odio sem nec elit.\",\"7\":\"\",\"6\":\"\"}}', '2017-02-09 17:25:39', '2017-02-09 17:25:39', '8eb96cdf-e972-4499-8b5a-a2d3a14bc8d2'),
 ('359', '2995', '12', '1', 'en_us', '8', '', '{\"typeId\":\"12\",\"authorId\":\"1\",\"title\":\"Blog Post Test\",\"slug\":\"blog-post-test\",\"postDate\":1486653480,\"expiryDate\":null,\"enabled\":1,\"parentId\":null,\"fields\":{\"89\":[\"2996\"],\"83\":[\"2962\"],\"87\":[\"2987\"],\"84\":\"\",\"49\":\"<p><strong>Pellentesque habitant morbi tristique (bold)<\\/strong> senectus et netus et malesuada fames ac turpis egestas. Vestibulum tortor quam, feugiat vitae, ultricies eget, tempor sit amet, ante. Donec eu libero sit amet quam egestas semper. <em>Aenean ultricies&nbsp;mi vitae est (italic).<\\/em> Mauris placerat eleifend leo. Quisque sit amet est et sapien ullamcorper pharetra. Vestibulum erat wisi, condimentum sed, ornare sit amet, wisi. Aenean fermentum, elit eget tincidunt condimentum, eros ipsum rutrum orci, sagittis tempus lacus enim ac dui. <a href=\\\"#\\\">Donec non enim<\\/a> in turpis pulvinar facilisis. Ut felis.<\\/p><hr>\\r\\n<h2>Header Level 2<\\/h2>\\r\\n<ol><li>Lorem ipsum dolor sit amet, consectetuer adipiscing elit.<\\/li>\\r\\n   <li>Aliquam tincidunt mauris eu risus.<\\/li><li>(orderd list)<\\/li>\\r\\n<\\/ol>\\r\\n<blockquote>Blockquote &mdash;&nbsp;Lorem ipsum dolor sit amet, consectetur adipiscing elit. Vivamus magna. Cras in mi at felis aliquet congue. Ut a est eget ligula molestie gravida. Curabitur massa. Donec eleifend, libero at sagittis mollis, tellus est malesuada tellus, at luctus turpis elit sit amet quam. Vivamus pretium ornare est.<\\/blockquote>\\r\\n<h3>Header Level 3<\\/h3>\\r\\n<ul><li>Lorem ipsum dolor sit amet, consectetuer adipiscing elit.<\\/li>\\r\\n   <li>Aliquam tincidunt mauris eu risus.<\\/li><li>(unordered list)<\\/li>\\r\\n<\\/ul>\",\"82\":\"Donec id elit non mi porta gravida at eget metus. Donec sed odio dui. Duis mollis, est non commodo luctus, nisi erat porttitor ligula, eget lacinia odio sem nec elit.\",\"7\":\"\",\"6\":\"\"}}', '2017-02-09 17:26:47', '2017-02-09 17:26:47', '28b1e7a7-ff06-4b52-bb73-d38bab56d904'),
 ('360', '2995', '12', '1', 'en_us', '9', '', '{\"typeId\":\"12\",\"authorId\":\"1\",\"title\":\"Blog Post Test\",\"slug\":\"blog-post-test\",\"postDate\":1486653480,\"expiryDate\":null,\"enabled\":1,\"parentId\":null,\"fields\":{\"89\":[\"2996\"],\"83\":[\"2962\"],\"87\":[\"2987\"],\"84\":\"\",\"49\":\"<p><strong>Pellentesque habitant morbi tristique (bold)<\\/strong> senectus et netus et malesuada fames ac turpis egestas. Vestibulum tortor quam, feugiat vitae, ultricies eget, tempor sit amet, ante. Donec eu libero sit amet quam egestas semper. <em>Aenean ultricies&nbsp;mi vitae est (italic).<\\/em> Mauris placerat eleifend leo. Quisque sit amet est et sapien ullamcorper pharetra. Vestibulum erat wisi, condimentum sed, ornare sit amet, wisi. Aenean fermentum, elit eget tincidunt condimentum, eros ipsum rutrum orci, sagittis tempus lacus enim ac dui. <a href=\\\"#\\\">Donec non enim<\\/a> in turpis pulvinar facilisis. Ut felis.<\\/p>\\r\\n<hr>\\r\\n<h2>Header Level 2<\\/h2>\\r\\n<ol><li>Lorem ipsum dolor sit amet, consectetuer adipiscing elit.<\\/li>\\r\\n   <li>Aliquam tincidunt mauris eu risus.<\\/li><li>(orderd list)<\\/li>\\r\\n<\\/ol>\\r\\n<blockquote>Blockquote &mdash;&nbsp;Lorem ipsum dolor sit amet, consectetur adipiscing elit. Vivamus magna. Cras in mi at felis aliquet congue. Ut a est eget ligula molestie gravida. Curabitur massa. Donec eleifend, libero at sagittis mollis, tellus est malesuada tellus, at luctus turpis elit sit amet quam. Vivamus pretium ornare est.<\\/blockquote>\\r\\n<h3>Header Level 3<\\/h3>\\r\\n<ul><li>Lorem ipsum dolor sit amet, consectetuer adipiscing elit.<\\/li>\\r\\n   <li>Aliquam tincidunt mauris eu risus.<\\/li><li>(unordered list)<\\/li>\\r\\n<\\/ul>\",\"82\":\"Donec id elit non mi porta gravida at eget metus. Donec sed odio dui. Duis mollis, est non commodo luctus, nisi erat porttitor ligula, eget lacinia odio sem nec elit.\",\"7\":\"\",\"6\":\"\",\"91\":\"https:\\/\\/www.youtube.com\\/watch?v=abfLDg_7Hjo\"}}', '2017-02-09 20:13:13', '2017-02-09 20:13:13', 'c8e8a979-073a-43b4-8c19-02bc402ffdbb'),
 ('361', '2995', '12', '1', 'en_us', '10', '', '{\"typeId\":\"12\",\"authorId\":\"1\",\"title\":\"Blog Post Test\",\"slug\":\"blog-post-test\",\"postDate\":1486653480,\"expiryDate\":null,\"enabled\":1,\"parentId\":null,\"fields\":{\"89\":[\"2996\"],\"83\":[\"2962\"],\"87\":[\"2987\"],\"84\":\"\",\"49\":\"<p><strong>Pellentesque habitant morbi tristique (bold)<\\/strong> senectus et netus et malesuada fames ac turpis egestas. Vestibulum tortor quam, feugiat vitae, ultricies eget, tempor sit amet, ante. Donec eu libero sit amet quam egestas semper. <em>Aenean ultricies&nbsp;mi vitae est (italic).<\\/em> Mauris placerat eleifend leo. Quisque sit amet est et sapien ullamcorper pharetra. Vestibulum erat wisi, condimentum sed, ornare sit amet, wisi. Aenean fermentum, elit eget tincidunt condimentum, eros ipsum rutrum orci, sagittis tempus lacus enim ac dui. <a href=\\\"#\\\">Donec non enim<\\/a> in turpis pulvinar facilisis. Ut felis.<\\/p>\\r\\n<hr>\\r\\n<h2>Header Level 2<\\/h2>\\r\\n<ol><li>Lorem ipsum dolor sit amet, consectetuer adipiscing elit.<\\/li>\\r\\n   <li>Aliquam tincidunt mauris eu risus.<\\/li><li>(orderd list)<\\/li>\\r\\n<\\/ol>\\r\\n<blockquote>Blockquote &mdash;&nbsp;Lorem ipsum dolor sit amet, consectetur adipiscing elit. Vivamus magna. Cras in mi at felis aliquet congue. Ut a est eget ligula molestie gravida. Curabitur massa. Donec eleifend, libero at sagittis mollis, tellus est malesuada tellus, at luctus turpis elit sit amet quam. Vivamus pretium ornare est.<\\/blockquote>\\r\\n<h3>Header Level 3<\\/h3>\\r\\n<ul><li>Lorem ipsum dolor sit amet, consectetuer adipiscing elit.<\\/li>\\r\\n   <li>Aliquam tincidunt mauris eu risus.<\\/li><li>(unordered list)<\\/li>\\r\\n<\\/ul>\",\"82\":\"Donec id elit non mi porta gravida at eget metus. Donec sed odio dui. Duis mollis, est non commodo luctus, nisi erat porttitor ligula, eget lacinia odio sem nec elit.\",\"7\":\"\",\"6\":\"\",\"91\":\"https:\\/\\/youtu.be\\/-mAxcwBTWj4\"}}', '2017-02-09 21:48:20', '2017-02-09 21:48:20', 'f894bd53-83f6-421c-8af2-fa800d9523b3'),
 ('362', '2995', '12', '1', 'en_us', '11', '', '{\"typeId\":\"12\",\"authorId\":\"1\",\"title\":\"Blog Post Test\",\"slug\":\"blog-post-test\",\"postDate\":1486653480,\"expiryDate\":null,\"enabled\":1,\"parentId\":null,\"fields\":{\"89\":[\"2996\"],\"83\":[\"2962\"],\"87\":[\"2987\"],\"84\":\"\",\"49\":\"<p><strong>Pellentesque habitant morbi tristique (bold)<\\/strong> senectus et netus et malesuada fames ac turpis egestas. Vestibulum tortor quam, feugiat vitae, ultricies eget, tempor sit amet, ante. Donec eu libero sit amet quam egestas semper. <em>Aenean ultricies&nbsp;mi vitae est (italic).<\\/em> Mauris placerat eleifend leo. Quisque sit amet est et sapien ullamcorper pharetra. Vestibulum erat wisi, condimentum sed, ornare sit amet, wisi. Aenean fermentum, elit eget tincidunt condimentum, eros ipsum rutrum orci, sagittis tempus lacus enim ac dui. <a href=\\\"#\\\">Donec non enim<\\/a> in turpis pulvinar facilisis. Ut felis.<\\/p>\\r\\n<hr>\\r\\n<h2>Header Level 2<\\/h2>\\r\\n<ol><li>Lorem ipsum dolor sit amet, consectetuer adipiscing elit.<\\/li>\\r\\n   <li>Aliquam tincidunt mauris eu risus.<\\/li><li>(orderd list)<\\/li>\\r\\n<\\/ol>\\r\\n<blockquote>Blockquote &mdash;&nbsp;Lorem ipsum dolor sit amet, consectetur adipiscing elit. Vivamus magna. Cras in mi at felis aliquet congue. Ut a est eget ligula molestie gravida. Curabitur massa. Donec eleifend, libero at sagittis mollis, tellus est malesuada tellus, at luctus turpis elit sit amet quam. Vivamus pretium ornare est.<\\/blockquote>\\r\\n<h3>Header Level 3<\\/h3>\\r\\n<ul><li>Lorem ipsum dolor sit amet, consectetuer adipiscing elit.<\\/li>\\r\\n   <li>Aliquam tincidunt mauris eu risus.<\\/li><li>(unordered list)<\\/li>\\r\\n<\\/ul>\",\"82\":\"Donec id elit non mi porta gravida at eget metus. Donec sed odio dui. Duis mollis, est non commodo luctus, nisi erat porttitor ligula, eget lacinia odio sem nec elit.\",\"7\":\"\",\"6\":\"\",\"91\":\"https:\\/\\/www.youtube.com\\/watch?v=TNm6X-vFoug\"}}', '2017-02-09 22:32:42', '2017-02-09 22:32:42', 'fe22848d-cbac-40d8-b29b-3cb3648d76d3'),
 ('363', '2995', '12', '1', 'en_us', '12', '', '{\"typeId\":\"12\",\"authorId\":\"1\",\"title\":\"Blog Post Test\",\"slug\":\"blog-post-test\",\"postDate\":1486653480,\"expiryDate\":null,\"enabled\":1,\"parentId\":null,\"fields\":{\"89\":[\"2996\"],\"83\":[\"2962\"],\"87\":[\"2987\"],\"84\":\"\",\"49\":\"<p><strong>Pellentesque habitant morbi tristique (bold)<\\/strong> senectus et netus et malesuada fames ac turpis egestas. Vestibulum tortor quam, feugiat vitae, ultricies eget, tempor sit amet, ante. Donec eu libero sit amet quam egestas semper. <em>Aenean ultricies&nbsp;mi vitae est (italic).<\\/em> Mauris placerat eleifend leo. Quisque sit amet est et sapien ullamcorper pharetra. Vestibulum erat wisi, condimentum sed, ornare sit amet, wisi. Aenean fermentum, elit eget tincidunt condimentum, eros ipsum rutrum orci, sagittis tempus lacus enim ac dui. <a href=\\\"#\\\">Donec non enim<\\/a> in turpis pulvinar facilisis. Ut felis.<\\/p>\\r\\n<hr>\\r\\n<h2>Header Level 2<\\/h2>\\r\\n<ol><li>Lorem ipsum dolor sit amet, consectetuer adipiscing elit.<\\/li>\\r\\n   <li>Aliquam tincidunt mauris eu risus.<\\/li><li>(orderd list)<\\/li>\\r\\n<\\/ol>\\r\\n<blockquote>Blockquote &mdash;&nbsp;Lorem ipsum dolor sit amet, consectetur adipiscing elit. Vivamus magna. Cras in mi at felis aliquet congue. Ut a est eget ligula molestie gravida. Curabitur massa. Donec eleifend, libero at sagittis mollis, tellus est malesuada tellus, at luctus turpis elit sit amet quam. Vivamus pretium ornare est.<\\/blockquote>\\r\\n<h3>Header Level 3<\\/h3>\\r\\n<ul><li>Lorem ipsum dolor sit amet, consectetuer adipiscing elit.<\\/li>\\r\\n   <li>Aliquam tincidunt mauris eu risus.<\\/li><li>(unordered list)<\\/li>\\r\\n<\\/ul>\",\"82\":\"Donec id elit non mi porta gravida at eget metus. Donec sed odio dui. Duis mollis, est non commodo luctus, nisi erat porttitor ligula, eget lacinia odio sem nec elit.\",\"7\":\"\",\"6\":\"\",\"91\":\"TNm6X-vFoug\"}}', '2017-02-10 15:30:20', '2017-02-10 15:30:20', 'e6d96480-c9b4-462d-878d-5f6c23c88080'),
 ('364', '2995', '12', '1', 'en_us', '13', '', '{\"typeId\":\"12\",\"authorId\":\"1\",\"title\":\"Blog Post Test\",\"slug\":\"blog-post-test\",\"postDate\":1486653480,\"expiryDate\":null,\"enabled\":1,\"parentId\":null,\"fields\":{\"89\":[\"2996\"],\"83\":[\"2962\"],\"87\":[\"2987\"],\"84\":\"\",\"49\":\"<p><strong>Pellentesque habitant morbi tristique (bold)<\\/strong> senectus et netus et malesuada fames ac turpis egestas. Vestibulum tortor quam, feugiat vitae, ultricies eget, tempor sit amet, ante. Donec eu libero sit amet quam egestas semper. <em>Aenean ultricies&nbsp;mi vitae est (italic).<\\/em> Mauris placerat eleifend leo. Quisque sit amet est et sapien ullamcorper pharetra. Vestibulum erat wisi, condimentum sed, ornare sit amet, wisi. Aenean fermentum, elit eget tincidunt condimentum, eros ipsum rutrum orci, sagittis tempus lacus enim ac dui. <a href=\\\"#\\\">Donec non enim<\\/a> in turpis pulvinar facilisis. Ut felis.<\\/p>\\r\\n<hr>\\r\\n<h2>Header Level 2<\\/h2>\\r\\n<ol><li>Lorem ipsum dolor sit amet, consectetuer adipiscing elit.<\\/li>\\r\\n   <li>Aliquam tincidunt mauris eu risus.<\\/li><li>(orderd list)<\\/li>\\r\\n<\\/ol>\\r\\n<blockquote>Blockquote &mdash;&nbsp;Lorem ipsum dolor sit amet, consectetur adipiscing elit. Vivamus magna. Cras in mi at felis aliquet congue. Ut a est eget ligula molestie gravida. Curabitur massa. Donec eleifend, libero at sagittis mollis, tellus est malesuada tellus, at luctus turpis elit sit amet quam. Vivamus pretium ornare est.<\\/blockquote>\\r\\n<h3>Header Level 3<\\/h3>\\r\\n<ul><li>Lorem ipsum dolor sit amet, consectetuer adipiscing elit.<\\/li>\\r\\n   <li>Aliquam tincidunt mauris eu risus.<\\/li><li>(unordered list)<\\/li>\\r\\n<\\/ul>\",\"82\":\"Donec id elit non mi porta gravida at eget metus. Donec sed odio dui. Duis mollis, est non commodo luctus, nisi erat porttitor ligula, eget lacinia odio sem nec elit.\",\"7\":\"\",\"6\":\"\",\"91\":\"https:\\/\\/www.youtube.com\\/watch?v=wX67e3q_pzo\"}}', '2017-02-10 15:32:38', '2017-02-10 15:32:38', '6b7edbe3-b847-44b8-afdb-472e8ec86ac2'),
 ('365', '2995', '12', '1', 'en_us', '14', '', '{\"typeId\":\"12\",\"authorId\":\"1\",\"title\":\"Blog Post Test\",\"slug\":\"blog-post-test\",\"postDate\":1486653480,\"expiryDate\":null,\"enabled\":1,\"parentId\":null,\"fields\":{\"89\":[\"2996\"],\"83\":[\"2962\"],\"87\":[\"2987\"],\"84\":\"\",\"49\":\"<p><strong>Pellentesque habitant morbi tristique (bold)<\\/strong> senectus et netus et malesuada fames ac turpis egestas. Vestibulum tortor quam, feugiat vitae, ultricies eget, tempor sit amet, ante. Donec eu libero sit amet quam egestas semper. <em>Aenean ultricies&nbsp;mi vitae est (italic).<\\/em> Mauris placerat eleifend leo. Quisque sit amet est et sapien ullamcorper pharetra. Vestibulum erat wisi, condimentum sed, ornare sit amet, wisi. Aenean fermentum, elit eget tincidunt condimentum, eros ipsum rutrum orci, sagittis tempus lacus enim ac dui. <a href=\\\"#\\\">Donec non enim<\\/a> in turpis pulvinar facilisis. Ut felis.<\\/p>\\r\\n<hr>\\r\\n<h2>Header Level 2<\\/h2>\\r\\n<ol><li>Lorem ipsum dolor sit amet, consectetuer adipiscing elit.<\\/li>\\r\\n   <li>Aliquam tincidunt mauris eu risus.<\\/li><li>(orderd list)<\\/li>\\r\\n<\\/ol>\\r\\n<blockquote>Blockquote &mdash;&nbsp;Lorem ipsum dolor sit amet, consectetur adipiscing elit. Vivamus magna. Cras in mi at felis aliquet congue. Ut a est eget ligula molestie gravida. Curabitur massa. Donec eleifend, libero at sagittis mollis, tellus est malesuada tellus, at luctus turpis elit sit amet quam. Vivamus pretium ornare est.<\\/blockquote>\\r\\n<h3>Header Level 3<\\/h3>\\r\\n<ul><li>Lorem ipsum dolor sit amet, consectetuer adipiscing elit.<\\/li>\\r\\n   <li>Aliquam tincidunt mauris eu risus.<\\/li><li>(unordered list)<\\/li>\\r\\n<\\/ul>\",\"82\":\"Donec id elit non mi porta gravida at eget metus. Donec sed odio dui. Duis mollis, est non commodo luctus, nisi erat porttitor ligula, eget lacinia odio sem nec elit.\",\"7\":\"\",\"6\":\"\",\"91\":\"G01nkoEZ8UM\"}}', '2017-02-10 15:47:26', '2017-02-10 15:47:26', 'f8761ea1-ab9b-4923-aec6-f514854f71c1'),
 ('366', '2984', '12', '1', 'en_us', '7', '', '{\"typeId\":\"12\",\"authorId\":\"2985\",\"title\":\"A Surprising New Look at School Spending in New Orleans\",\"slug\":\"a-surprising-new-look-at-school-spending-in-new-orleans\",\"postDate\":1486422000,\"expiryDate\":null,\"enabled\":1,\"parentId\":null,\"fields\":{\"89\":[\"2997\"],\"83\":[\"2963\"],\"87\":[\"2987\"],\"84\":[\"2983\",\"2986\"],\"49\":\"<p>Just when you think you have a pretty good idea of how schools in New Orleans changed after Hurricane Katrina, along comes some&nbsp;<a href=\\\"http:\\/\\/educationresearchalliancenola.org\\/publications\\/does-school-reform-spending-reform-the-effect-of-the-new-orleans-school-reforms-on-the-use-and-level-of-school-expenditures\\\">new research<\\/a>&nbsp;that rocks your world a little bit.<\\/p>\\r\\n<p>Such was the case when the Education Research Alliance for New Orleans (housed at Tulane University) released the latest in its long-running series of indispensable studies.&nbsp; This time, the researchers looked at <strong>school spending<\\/strong>.<\\/p>\\r\\n<p>In a nutshell, spending went up during the recovery years and after New Orleans shifted to a charter school-based system.&nbsp; That\\u2019s not terribly surprising. It\\u2019s&nbsp;<em>how<\\/em>&nbsp;the spending increased that\\u2019s worth a closer look.&nbsp; Three highlights:<\\/p>\\r\\n<h3>1) Schools spent quite a bit more on administrators<\\/h3>\\r\\n<p>It wasn\\u2019t just that they hired more administrators \\u2013 which they did \\u2013 but they also paid them more than their predecessors in pre-Katrina New Orleans. We\\u2019re not just talking school principals but all the administrative roles across individual charter schools and networks, from research and evaluation staff to information technology specialists.&nbsp;<\\/p>\\r\\n<h3>2)&nbsp;While spending on administrators went up, on a per-pupil basis, spending on classroom instruction went down.&nbsp;<\\/h3>\\r\\n<p>How did that happen?&nbsp; It\\u2019s worth reading the whole report for details on this one.&nbsp; In general, teachers of the same experience level earn more today than they did in the old system.&nbsp; However, the typical teacher has less experience, hence a lower average salary.&nbsp; Also, schools are spending less on benefits.&nbsp; The biggest driver is lower pension costs, as most schools today opt-out of the state teacher retirement system, which has become&nbsp;<a href=\\\"http:\\/\\/www.theadvocate.com\\/baton_rouge\\/news\\/politics\\/article_82444dee-2fa0-59fb-8398-bbd4d2b4aab6.html\\\">badly underfunded and expensive<\\/a>, making it a poor bargain for new entrants.&nbsp;<\\/p>\\r\\n<h3>3)&nbsp;Transportation costs are up $300 per student, per year.&nbsp;<\\/h3>\\r\\n<p>While that\\u2019s a sizable figure, some increase was to be expected as New Orleans shifted away from attendance zone schools to an all-choice system that permits families to apply citywide.&nbsp; Moving students across greater distances costs more.&nbsp;<\\/p>\\r\\n<h3>What does it all mean?&nbsp;<\\/h3>\\r\\n<p>The authors of the study pose some questions about scalability for charters, given that hopes of lower overhead in charter systems aren\\u2019t being fulfilled, in this study or others. That\\u2019s a topic well worth discussing.<\\/p>\\r\\n<p>But for New Orleans, I think the key question is this:&nbsp;<em>Did these spending changes contribute to the large improvements in student achievement over the past decade?&nbsp;<\\/em><\\/p>\\r\\n<p>It\\u2019s possible that simply spending more, in general, led to better outcomes. However, the authors are quite skeptical of that hypothesis. Critics of charter schools and New Orleans\\u2019 strategy for reform may also argue that it confirms their worst suspicions \\u2013 that when school operators get this much autonomy, they spend a lot on overhead and pay for it by hiring cheaper, less experienced teachers.<\\/p>\\r\\n<p>It\\u2019s also possible that investing in greater administrative capacity was a smart move, instructionally. Teachers are constantly worried about their load of paperwork, discipline, and non-instructional duties. Maybe it provided greater support to teachers or freed them to focus on their classrooms rather than distractions.&nbsp; Maybe it made the schools feel safer and operate more efficiently. Maybe it helped school teams look more closely at data trends and incorporate them into teaching.<\\/p>\\r\\n<p>I don\\u2019t know.&nbsp; But we now have a pretty good idea of what&nbsp;<em>didn\\u2019t&nbsp;<\\/em>happen.&nbsp; A bloated, centralized, failing school system was not replaced by a leaner, meaner, low-overhead set of charter networks that cut the fat and pushed funding down to the classroom.&nbsp; Something else happened.&nbsp; And yet it wasn\\u2019t a failure.&nbsp; Students are doing&nbsp;<a href=\\\"http:\\/\\/educationnext.org\\/good-news-new-orleans-evidence-reform-student-achievement\\/\\\">much better<\\/a>.<\\/p>\\r\\n<p>This study reminds us that it\\u2019s too easy to buy into existing narratives about education&mdash;and that the real story is usually far more complex. In the case of New Orleans, there is still plenty of the story left to be learned. What\\u2019s to account for its improvement? What can other cities and school systems learn from its experience? We all should be grateful to groups like the Education Research Alliance for asking these questions, and pushing us to scrutinize the usual answers.<\\/p>\",\"82\":\"It\'s not terribly surprising that school spending went up after Hurricane Katrina and as New Orleans shifted to a charter school-based system. It\\u2019s how the spending increased that\\u2019s worth a closer look.\",\"7\":\"\",\"6\":\"\",\"91\":\"yqEeP1acj4Y\"}}', '2017-02-10 20:35:24', '2017-02-10 20:35:24', '7f6906c1-69be-45b0-aed1-a638c8a2b9f7'),
 ('367', '2981', '11', '1', 'en_us', '6', '', '{\"typeId\":\"11\",\"authorId\":\"1\",\"title\":\"The EdNavigator Guide to Catholic Schools in New Orleans\",\"slug\":\"the-ednavigator-guide-to-catholic-schools-in-new-orleans\",\"postDate\":1486419360,\"expiryDate\":null,\"enabled\":1,\"parentId\":null,\"fields\":{\"90\":[\"2998\"],\"49\":\"<p>You might not realize it, but there are more than 80 Catholic schools in the greater New Orleans area. All told, they serve a total of around&nbsp;<a href=\\\"http:\\/\\/www.nola.com\\/education\\/index.ssf\\/2015\\/09\\/for_catholic_schools_new_plan.html\\\">37,000 students<\\/a>. For reference, public schools in Orleans Parish enroll approximately 49,000 students. For families, Catholic schools represent a substantial portion of the school landscape \\u2013 and an important option.<\\/p>\\r\\n<p>Today, we\\u2019re releasing a&nbsp;<a href=\\\"http:\\/\\/catholicschoolguide.ednavigator.com\\/\\\">new online guide<\\/a>&nbsp;to help New Orleans families who are considering Catholic schools understand the process and explore schools that might be right for their children. It features profiles of each school, frequently asked questions, information on scholarship programs, and an interactive Find a School tool. It\\u2019s the first time all of this information has been compiled in one publicly accessible online location.<\\/p>\\r\\n<h3>Why a guide to Catholic schools?<\\/h3>\\r\\n<p>Over the last decade, New Orleans has invested heavily in its system of school choice and the infrastructure necessary to support it. Most notably, it adopted a universal enrollment system,&nbsp;<a href=\\\"http:\\/\\/www.enrollnola.org\\/\\\" target=\\\"_blank\\\" rel=\\\"noreferrer\\\">OneApp<\\/a>, to make the process of applying to public schools easier and fairer for families. Parents can use the system to view available schools and apply to those they prefer all at once. They also have access to the&nbsp;<a href=\\\"http:\\/\\/neworleansparentsguide.org\\/\\\">New Orleans Parents Guide to Public Schools<\\/a>, Family Resource Centers, and other sources of information to help them make their choices.<\\/p>\\r\\n<p>That\\u2019s not the case for the Catholic school system, however. Families interested in sending their children to Catholic schools have to research and apply to each school separately, and the process, requirements and timelines for applying differ from school to school. Then there\\u2019s the added complexity of applying for the three different kinds of scholarships available to lower-income students, which involves unraveling a whole new tangle of timelines and eligibility criteria.<\\/p>\\r\\n<p>All of this translates to a lot of work and stress for parents. Overwhelmed by the prospect of researching schools, submitting applications, and figuring out the finances, many give up and don\\u2019t bother considering Catholic schools at all. It effectively puts off-limits a wide swath of local schools, particularly for parents who may not have the time or resources to deal with all the logistical demands. &nbsp;<\\/p>\\r\\n<h3>We wanted to make it easier.<\\/h3>\\r\\n<p>Catholic schools have a long history in New Orleans, and many families love the values- and faith-based education they provide.&nbsp; We know Catholic schools aren\\u2019t right for everyone, but we believe that families should be aware of ALL of their school options and empowered to pursue any school that might be a good fit for their children. Confusing processes and unclear information should never stand in their way.<\\/p>\\r\\n<p>The guide was created with great cooperation from the Office of Catholic Schools at the Archdiocese of New Orleans.&nbsp; We see it as a work in progress. Our team spent time surveying and meeting with school leaders to hear what they wanted to share with prospective families about their schools, and we are grateful to all the educators who contributed to it. Not all schools provided full information, but we plan to update the school profiles with additional data as we receive it. In the future, we also hope to add new information that gives families greater insight into each school and its success with students, in particular.<\\/p>\\r\\n<p>For now, we hope the guide serves as a useful starting point for families who are interested in Catholic schools and want to narrow down their options. Check it out at&nbsp;<a href=\\\"http:\\/\\/catholicschoolguide.ednavigator.com\\/\\\">www.catholicschoolsguide.ednavigator.com<\\/a>&nbsp;and please share it with anyone who might benefit.<\\/p>\",\"82\":\"The EdNavigator Guide to Catholic Schools in New Orleans features profiles of 80+ schools, frequently asked questions, information on scholarship programs, and an interactive Find a School tool.\",\"86\":[\"2978\"],\"88\":[\"2990\"],\"85\":[\"2993\"],\"7\":\"\",\"6\":\"\",\"91\":\"eaIvk1cSyG8\"}}', '2017-02-10 20:52:30', '2017-02-10 20:52:30', '5360ec8a-37ac-4a75-b6f3-bbf98556ed4b'),
 ('369', '3006', '12', '1', 'en_us', '1', '', '{\"typeId\":null,\"authorId\":\"1\",\"title\":\"What Does \\\"Navigating Education\\\" Really Mean?\",\"slug\":\"what-does-navigating-education-really-mean\",\"postDate\":1446508800,\"expiryDate\":null,\"enabled\":1,\"parentId\":null,\"fields\":{\"89\":[\"3005\"],\"83\":[\"2962\"],\"87\":[\"2987\"],\"84\":\"\",\"49\":\"<h3>As parents, we all dream of a beautiful future for our kids.<\\/h3>\\r\\n<p>From the day they\\u2019re born, we pour our energy into building those dreams \\u2013 with countless bedtime stories, with tooth-brushing practice, with impromptu lessons on playing nice at the park, with coats and sneakers and Halloween costumes, and a thousand other things. We want to give them big blue skies.<\\/p>\\r\\n<p>Eventually, it comes time to send them off to school. We know from our own experiences&mdash;for better or for worse&mdash;how important education is to unlocking a life of opportunity and making those dreams real. And that\\u2019s where things start to get really stressful.<\\/p>\\r\\n<p>In cities across the country, we have more information about schools than ever, and more school choices than ever. Yet understanding that information and making sense of those choices can be confusing and frustrating. We\\u2019re bombarded with data, decisions, and obligations that begin with pre-school and continue through college. Figuring it all out can be a challenge for even the most well-organized and persistent of us.<\\/p>\\r\\n<p>In the end, most of us enroll our children in school, do what we can, and hope for the best. Too often, though, our hopes aren\\u2019t realized. Consider that, although more than <a target=\\\"_blank\\\" href=\\\"http:\\/\\/www.pewsocialtrends.org\\/files\\/2011\\/05\\/higher-ed-report.pdf\\\" rel=\\\"noreferrer\\\">90 percent<\\/a> of parents expect their kids to go to college,&nbsp;only about one-third of all students actually earn a bachelor\\u2019s degree by the age of 25. The rest settle for less.&nbsp; Many students veer off-course early in their journeys \\u2013 and parents don\\u2019t even know it is happening.&nbsp;<\\/p>\\r\\n<h3>We created EdNavigator to help parents do more than hope.<\\/h3>\\r\\n<p>Our goal is to help them demand excellence and get the best education for their children. To that end, we give every one of the parents we work with personalized support from expert Navigators who understand schools deeply, know the local community intimately, and can help make things happen.<\\/p>\\r\\n<p>What does it mean to \\u201cnavigate\\u201d education? For us, it means understanding where each family wants to go and doing whatever it takes to help them get there. We focus on things like:<\\/p>\\r\\n<ul style=\\\"margin-left:40px;\\\"><li><strong>Asking the right questions: <\\/strong>Is this student on grade level? The school is beautiful&mdash;but are kids actually learning? Why is this child getting good grades but doing poorly on state tests?<\\/li><li><strong>Translating school-speak: <\\/strong>For example, \\u201cHe does all his work\\u201d usually means he\\u2019s compliant but struggling academically.<\\/li><li><strong>Insisting on action: <\\/strong>This student has been struggling in reading for four years. Why isn\\u2019t there a plan in place?<\\/li><li><strong>Improving communication: <\\/strong>A parent shouldn\\u2019t have to call school five times before getting a call back.<\\/li><li><strong>Making the options manageable: <\\/strong>Based on where this family lives, there are three pretty good elementary schools with open seats.<\\/li><li><strong>Being there at critical moments: <\\/strong>This child\\u2019s progress report shows some red flags, but mom has a family emergency and can\\u2019t get to school. We\\u2019ll send a Navigator to the meeting.<\\/li><\\/ul>\\r\\n<p>It\\u2019s all too easy for families to get lost in the requirements, processes and red tape of today\\u2019s school systems, and all too easy for kids to fall off track without anyone raising the alarm. By providing families with useful information, honest advice, and hands-on support to solve problems, we hope to ensure that they have a more positive experience, from kindergarten to college.<\\/p>\\r\\n<h3>Over the long term, we have larger ambitions.<\\/h3>\\r\\n<p>Through this work, we hope to grow and strengthen the connections between businesses, communities, families and schools. We hope to shine a spotlight on the challenges that we see families facing along the path to a good education, and to put positive pressure on school systems to ensure that they\\u2019re responsive to the families who trust them with the lives of the people they love most.<\\/p>\\r\\n<p><a href=\\\"\\/uploads\\/blog\\/blog-8_1.png#asset:3004:url\\\">Blog 8 1<\\/a><br><\\/p>\\r\\n<p>There\\u2019s a long road ahead. We plan to share what we\\u2019re learning on this blog, along with resources and information that can help parents and schools support every child\\u2019s success. We hope you\\u2019ll join us along the way.<\\/p>\",\"82\":\"As parents, we all dream of a beautiful future for our kids. From the day they\\u2019re born, we pour our energy into building those dreams \\u2013 with countless bedtime stories, with tooth-brushing practice, with impromptu lessons on playing nice at the park, with coats and sneakers and Halloween costumes, and a thousand other things. We want to give them big blue skies.\",\"7\":\"\",\"6\":\"\",\"91\":\"\"}}', '2017-02-17 17:52:44', '2017-02-17 17:52:44', 'f6955d6f-d1c9-41cf-b8eb-1ed023e95508'),
 ('370', '3006', '12', '1', 'en_us', '2', '', '{\"typeId\":\"12\",\"authorId\":\"1\",\"title\":\"What Does \\\"Navigating Education\\\" Really Mean?\",\"slug\":\"what-does-navigating-education-really-mean\",\"postDate\":1446508800,\"expiryDate\":null,\"enabled\":1,\"parentId\":null,\"fields\":{\"89\":[\"3005\"],\"83\":[\"2962\"],\"87\":[\"2987\"],\"84\":\"\",\"49\":\"<h3>As parents, we all dream of a beautiful future for our kids.<\\/h3>\\r\\n<p>From the day they\\u2019re born, we pour our energy into building those dreams \\u2013 with countless bedtime stories, with tooth-brushing practice, with impromptu lessons on playing nice at the park, with coats and sneakers and Halloween costumes, and a thousand other things. We want to give them big blue skies.<\\/p>\\r\\n<p>Eventually, it comes time to send them off to school. We know from our own experiences&mdash;for better or for worse&mdash;how important education is to unlocking a life of opportunity and making those dreams real. And that\\u2019s where things start to get really stressful.<\\/p>\\r\\n<p>In cities across the country, we have more information about schools than ever, and more school choices than ever. Yet understanding that information and making sense of those choices can be confusing and frustrating. We\\u2019re bombarded with data, decisions, and obligations that begin with pre-school and continue through college. Figuring it all out can be a challenge for even the most well-organized and persistent of us.<\\/p>\\r\\n<p>In the end, most of us enroll our children in school, do what we can, and hope for the best. Too often, though, our hopes aren\\u2019t realized. Consider that, although more than <a target=\\\"_blank\\\" href=\\\"http:\\/\\/www.pewsocialtrends.org\\/files\\/2011\\/05\\/higher-ed-report.pdf\\\" rel=\\\"noreferrer\\\">90 percent<\\/a> of parents expect their kids to go to college,&nbsp;only about one-third of all students actually earn a bachelor\\u2019s degree by the age of 25. The rest settle for less.&nbsp; Many students veer off-course early in their journeys \\u2013 and parents don\\u2019t even know it is happening.&nbsp;<\\/p>\\r\\n<h3>We created EdNavigator to help parents do more than hope.<\\/h3>\\r\\n<p>Our goal is to help them demand excellence and get the best education for their children. To that end, we give every one of the parents we work with personalized support from expert Navigators who understand schools deeply, know the local community intimately, and can help make things happen.<\\/p>\\r\\n<p>What does it mean to \\u201cnavigate\\u201d education? For us, it means understanding where each family wants to go and doing whatever it takes to help them get there. We focus on things like:<\\/p>\\r\\n<ul style=\\\"margin-left:40px;\\\"><li><strong>Asking the right questions: <\\/strong>Is this student on grade level? The school is beautiful&mdash;but are kids actually learning? Why is this child getting good grades but doing poorly on state tests?<\\/li><li><strong>Translating school-speak: <\\/strong>For example, \\u201cHe does all his work\\u201d usually means he\\u2019s compliant but struggling academically.<\\/li><li><strong>Insisting on action: <\\/strong>This student has been struggling in reading for four years. Why isn\\u2019t there a plan in place?<\\/li><li><strong>Improving communication: <\\/strong>A parent shouldn\\u2019t have to call school five times before getting a call back.<\\/li><li><strong>Making the options manageable: <\\/strong>Based on where this family lives, there are three pretty good elementary schools with open seats.<\\/li><li><strong>Being there at critical moments: <\\/strong>This child\\u2019s progress report shows some red flags, but mom has a family emergency and can\\u2019t get to school. We\\u2019ll send a Navigator to the meeting.<\\/li><\\/ul>\\r\\n<p>It\\u2019s all too easy for families to get lost in the requirements, processes and red tape of today\\u2019s school systems, and all too easy for kids to fall off track without anyone raising the alarm. By providing families with useful information, honest advice, and hands-on support to solve problems, we hope to ensure that they have a more positive experience, from kindergarten to college.<\\/p>\\r\\n<h3>Over the long term, we have larger ambitions.<\\/h3>\\r\\n<p>Through this work, we hope to grow and strengthen the connections between businesses, communities, families and schools. We hope to shine a spotlight on the challenges that we see families facing along the path to a good education, and to put positive pressure on school systems to ensure that they\\u2019re responsive to the families who trust them with the lives of the people they love most.<\\/p>\\r\\n<p><a href=\\\"\\/uploads\\/blog\\/_hero\\/blog-8_1.png#asset:3004\\\">Blog 8 1<\\/a><br><\\/p><p>There\\u2019s a long road ahead. We plan to share what we\\u2019re learning on this blog, along with resources and information that can help parents and schools support every child\\u2019s success. We hope you\\u2019ll join us along the way.<\\/p>\",\"82\":\"As parents, we all dream of a beautiful future for our kids. From the day they\\u2019re born, we pour our energy into building those dreams \\u2013 with countless bedtime stories, with tooth-brushing practice, with impromptu lessons on playing nice at the park, with coats and sneakers and Halloween costumes, and a thousand other things. We want to give them big blue skies.\",\"7\":\"\",\"6\":\"\",\"91\":\"\"}}', '2017-02-17 17:54:13', '2017-02-17 17:54:13', 'd75d304d-88fb-4856-8147-a0868741b6b6'),
 ('371', '3006', '12', '1', 'en_us', '3', '', '{\"typeId\":\"12\",\"authorId\":\"2985\",\"title\":\"What Does \\\"Navigating Education\\\" Really Mean?\",\"slug\":\"what-does-navigating-education-really-mean\",\"postDate\":1446508800,\"expiryDate\":null,\"enabled\":1,\"parentId\":null,\"fields\":{\"89\":[\"3005\"],\"83\":[\"2962\"],\"87\":[\"2987\"],\"84\":\"\",\"49\":\"<h3>As parents, we all dream of a beautiful future for our kids.<\\/h3>\\r\\n<p>From the day they\\u2019re born, we pour our energy into building those dreams \\u2013 with countless bedtime stories, with tooth-brushing practice, with impromptu lessons on playing nice at the park, with coats and sneakers and Halloween costumes, and a thousand other things. We want to give them big blue skies.<\\/p>\\r\\n<p>Eventually, it comes time to send them off to school. We know from our own experiences&mdash;for better or for worse&mdash;how important education is to unlocking a life of opportunity and making those dreams real. And that\\u2019s where things start to get really stressful.<\\/p>\\r\\n<p>In cities across the country, we have more information about schools than ever, and more school choices than ever. Yet understanding that information and making sense of those choices can be confusing and frustrating. We\\u2019re bombarded with data, decisions, and obligations that begin with pre-school and continue through college. Figuring it all out can be a challenge for even the most well-organized and persistent of us.<\\/p>\\r\\n<p>In the end, most of us enroll our children in school, do what we can, and hope for the best. Too often, though, our hopes aren\\u2019t realized. Consider that, although more than <a target=\\\"_blank\\\" href=\\\"http:\\/\\/www.pewsocialtrends.org\\/files\\/2011\\/05\\/higher-ed-report.pdf\\\" rel=\\\"noreferrer\\\">90 percent<\\/a> of parents expect their kids to go to college,&nbsp;only about one-third of all students actually earn a bachelor\\u2019s degree by the age of 25. The rest settle for less.&nbsp; Many students veer off-course early in their journeys \\u2013 and parents don\\u2019t even know it is happening.&nbsp;<\\/p>\\r\\n<h3>We created EdNavigator to help parents do more than hope.<\\/h3>\\r\\n<p>Our goal is to help them demand excellence and get the best education for their children. To that end, we give every one of the parents we work with personalized support from expert Navigators who understand schools deeply, know the local community intimately, and can help make things happen.<\\/p>\\r\\n<p>What does it mean to \\u201cnavigate\\u201d education? For us, it means understanding where each family wants to go and doing whatever it takes to help them get there. We focus on things like:<\\/p>\\r\\n<ul style=\\\"margin-left:40px;\\\"><li><strong>Asking the right questions: <\\/strong>Is this student on grade level? The school is beautiful&mdash;but are kids actually learning? Why is this child getting good grades but doing poorly on state tests?<\\/li><li><strong>Translating school-speak: <\\/strong>For example, \\u201cHe does all his work\\u201d usually means he\\u2019s compliant but struggling academically.<\\/li><li><strong>Insisting on action: <\\/strong>This student has been struggling in reading for four years. Why isn\\u2019t there a plan in place?<\\/li><li><strong>Improving communication: <\\/strong>A parent shouldn\\u2019t have to call school five times before getting a call back.<\\/li><li><strong>Making the options manageable: <\\/strong>Based on where this family lives, there are three pretty good elementary schools with open seats.<\\/li><li><strong>Being there at critical moments: <\\/strong>This child\\u2019s progress report shows some red flags, but mom has a family emergency and can\\u2019t get to school. We\\u2019ll send a Navigator to the meeting.<\\/li><\\/ul>\\r\\n<p>It\\u2019s all too easy for families to get lost in the requirements, processes and red tape of today\\u2019s school systems, and all too easy for kids to fall off track without anyone raising the alarm. By providing families with useful information, honest advice, and hands-on support to solve problems, we hope to ensure that they have a more positive experience, from kindergarten to college.<\\/p>\\r\\n<h3>Over the long term, we have larger ambitions.<\\/h3>\\r\\n<p>Through this work, we hope to grow and strengthen the connections between businesses, communities, families and schools. We hope to shine a spotlight on the challenges that we see families facing along the path to a good education, and to put positive pressure on school systems to ensure that they\\u2019re responsive to the families who trust them with the lives of the people they love most.<\\/p>\\r\\n<p><a href=\\\"\\/uploads\\/blog\\/blog-8_1.png#asset:3004:url\\\">Blog 8 1<\\/a><br><\\/p>\\r\\n<p>There\\u2019s a long road ahead. We plan to share what we\\u2019re learning on this blog, along with resources and information that can help parents and schools support every child\\u2019s success. We hope you\\u2019ll join us along the way.<\\/p>\",\"82\":\"As parents, we all dream of a beautiful future for our kids. From the day they\\u2019re born, we pour our energy into building those dreams \\u2013 with countless bedtime stories, with tooth-brushing practice, with impromptu lessons on playing nice at the park, with coats and sneakers and Halloween costumes, and a thousand other things. We want to give them big blue skies.\",\"7\":\"\",\"6\":\"\",\"91\":\"\"}}', '2017-02-17 17:55:08', '2017-02-17 17:55:08', '70e1543c-a182-4be7-bd24-14849e048e22'),
 ('372', '3006', '12', '1', 'en_us', '4', '', '{\"typeId\":\"12\",\"authorId\":\"2985\",\"title\":\"What Does \\\"Navigating Education\\\" Really Mean?\",\"slug\":\"what-does-navigating-education-really-mean\",\"postDate\":1446508800,\"expiryDate\":null,\"enabled\":0,\"parentId\":null,\"fields\":{\"89\":[\"3005\"],\"83\":[\"2962\"],\"87\":[\"2987\"],\"84\":\"\",\"49\":\"<h3>As parents, we all dream of a beautiful future for our kids.<\\/h3>\\r\\n<p>From the day they\\u2019re born, we pour our energy into building those dreams \\u2013 with countless bedtime stories, with tooth-brushing practice, with impromptu lessons on playing nice at the park, with coats and sneakers and Halloween costumes, and a thousand other things. We want to give them big blue skies.<\\/p>\\r\\n<p>Eventually, it comes time to send them off to school. We know from our own experiences&mdash;for better or for worse&mdash;how important education is to unlocking a life of opportunity and making those dreams real. And that\\u2019s where things start to get really stressful.<\\/p>\\r\\n<p>In cities across the country, we have more information about schools than ever, and more school choices than ever. Yet understanding that information and making sense of those choices can be confusing and frustrating. We\\u2019re bombarded with data, decisions, and obligations that begin with pre-school and continue through college. Figuring it all out can be a challenge for even the most well-organized and persistent of us.<\\/p>\\r\\n<p>In the end, most of us enroll our children in school, do what we can, and hope for the best. Too often, though, our hopes aren\\u2019t realized. Consider that, although more than <a target=\\\"_blank\\\" href=\\\"http:\\/\\/www.pewsocialtrends.org\\/files\\/2011\\/05\\/higher-ed-report.pdf\\\" rel=\\\"noreferrer\\\">90 percent<\\/a> of parents expect their kids to go to college,&nbsp;only about one-third of all students actually earn a bachelor\\u2019s degree by the age of 25. The rest settle for less.&nbsp; Many students veer off-course early in their journeys \\u2013 and parents don\\u2019t even know it is happening.&nbsp;<\\/p>\\r\\n<h3>We created EdNavigator to help parents do more than hope.<\\/h3>\\r\\n<p>Our goal is to help them demand excellence and get the best education for their children. To that end, we give every one of the parents we work with personalized support from expert Navigators who understand schools deeply, know the local community intimately, and can help make things happen.<\\/p>\\r\\n<p>What does it mean to \\u201cnavigate\\u201d education? For us, it means understanding where each family wants to go and doing whatever it takes to help them get there. We focus on things like:<\\/p>\\r\\n<ul style=\\\"margin-left:40px;\\\"><li><strong>Asking the right questions: <\\/strong>Is this student on grade level? The school is beautiful&mdash;but are kids actually learning? Why is this child getting good grades but doing poorly on state tests?<\\/li><li><strong>Translating school-speak: <\\/strong>For example, \\u201cHe does all his work\\u201d usually means he\\u2019s compliant but struggling academically.<\\/li><li><strong>Insisting on action: <\\/strong>This student has been struggling in reading for four years. Why isn\\u2019t there a plan in place?<\\/li><li><strong>Improving communication: <\\/strong>A parent shouldn\\u2019t have to call school five times before getting a call back.<\\/li><li><strong>Making the options manageable: <\\/strong>Based on where this family lives, there are three pretty good elementary schools with open seats.<\\/li><li><strong>Being there at critical moments: <\\/strong>This child\\u2019s progress report shows some red flags, but mom has a family emergency and can\\u2019t get to school. We\\u2019ll send a Navigator to the meeting.<\\/li><\\/ul>\\r\\n<p>It\\u2019s all too easy for families to get lost in the requirements, processes and red tape of today\\u2019s school systems, and all too easy for kids to fall off track without anyone raising the alarm. By providing families with useful information, honest advice, and hands-on support to solve problems, we hope to ensure that they have a more positive experience, from kindergarten to college.<\\/p>\\r\\n<h3>Over the long term, we have larger ambitions.<\\/h3>\\r\\n<p>Through this work, we hope to grow and strengthen the connections between businesses, communities, families and schools. We hope to shine a spotlight on the challenges that we see families facing along the path to a good education, and to put positive pressure on school systems to ensure that they\\u2019re responsive to the families who trust them with the lives of the people they love most.<\\/p>\\r\\n<p><a href=\\\"\\/uploads\\/blog\\/blog-8_1.png#asset:3004:url\\\">Blog 8 1<\\/a><br><\\/p>\\r\\n<p>There\\u2019s a long road ahead. We plan to share what we\\u2019re learning on this blog, along with resources and information that can help parents and schools support every child\\u2019s success. We hope you\\u2019ll join us along the way.<\\/p>\",\"82\":\"As parents, we all dream of a beautiful future for our kids. From the day they\\u2019re born, we pour our energy into building those dreams \\u2013 with countless bedtime stories, with tooth-brushing practice, with impromptu lessons on playing nice at the park, with coats and sneakers and Halloween costumes, and a thousand other things. We want to give them big blue skies.\",\"7\":\"\",\"6\":\"\",\"91\":\"\"}}', '2017-02-17 17:55:16', '2017-02-17 17:55:16', '0b042692-dd18-427f-b9b4-6829151d021e'),
 ('373', '3006', '12', '1', 'en_us', '5', '', '{\"typeId\":\"12\",\"authorId\":\"2985\",\"title\":\"What Does \\\"Navigating Education\\\" Really Mean?\",\"slug\":\"what-does-navigating-education-really-mean\",\"postDate\":1446508800,\"expiryDate\":null,\"enabled\":1,\"parentId\":null,\"fields\":{\"89\":[\"2996\"],\"83\":[\"2962\"],\"87\":[\"2987\"],\"84\":\"\",\"49\":\"<h3>As parents, we all dream of a beautiful future for our kids.<\\/h3>\\r\\n<p>From the day they\\u2019re born, we pour our energy into building those dreams \\u2013 with countless bedtime stories, with tooth-brushing practice, with impromptu lessons on playing nice at the park, with coats and sneakers and Halloween costumes, and a thousand other things. We want to give them big blue skies.<\\/p>\\r\\n<p>Eventually, it comes time to send them off to school. We know from our own experiences&mdash;for better or for worse&mdash;how important education is to unlocking a life of opportunity and making those dreams real. And that\\u2019s where things start to get really stressful.<\\/p>\\r\\n<p>In cities across the country, we have more information about schools than ever, and more school choices than ever. Yet understanding that information and making sense of those choices can be confusing and frustrating. We\\u2019re bombarded with data, decisions, and obligations that begin with pre-school and continue through college. Figuring it all out can be a challenge for even the most well-organized and persistent of us.<\\/p>\\r\\n<p>In the end, most of us enroll our children in school, do what we can, and hope for the best. Too often, though, our hopes aren\\u2019t realized. Consider that, although more than <a target=\\\"_blank\\\" href=\\\"http:\\/\\/www.pewsocialtrends.org\\/files\\/2011\\/05\\/higher-ed-report.pdf\\\" rel=\\\"noreferrer\\\">90 percent<\\/a> of parents expect their kids to go to college,&nbsp;only about one-third of all students actually earn a bachelor\\u2019s degree by the age of 25. The rest settle for less.&nbsp; Many students veer off-course early in their journeys \\u2013 and parents don\\u2019t even know it is happening.&nbsp;<\\/p>\\r\\n<h3>We created EdNavigator to help parents do more than hope.<\\/h3>\\r\\n<p>Our goal is to help them demand excellence and get the best education for their children. To that end, we give every one of the parents we work with personalized support from expert Navigators who understand schools deeply, know the local community intimately, and can help make things happen.<\\/p>\\r\\n<p>What does it mean to \\u201cnavigate\\u201d education? For us, it means understanding where each family wants to go and doing whatever it takes to help them get there. We focus on things like:<\\/p>\\r\\n<ul style=\\\"margin-left:40px;\\\"><li><strong>Asking the right questions: <\\/strong>Is this student on grade level? The school is beautiful&mdash;but are kids actually learning? Why is this child getting good grades but doing poorly on state tests?<\\/li><li><strong>Translating school-speak: <\\/strong>For example, \\u201cHe does all his work\\u201d usually means he\\u2019s compliant but struggling academically.<\\/li><li><strong>Insisting on action: <\\/strong>This student has been struggling in reading for four years. Why isn\\u2019t there a plan in place?<\\/li><li><strong>Improving communication: <\\/strong>A parent shouldn\\u2019t have to call school five times before getting a call back.<\\/li><li><strong>Making the options manageable: <\\/strong>Based on where this family lives, there are three pretty good elementary schools with open seats.<\\/li><li><strong>Being there at critical moments: <\\/strong>This child\\u2019s progress report shows some red flags, but mom has a family emergency and can\\u2019t get to school. We\\u2019ll send a Navigator to the meeting.<\\/li><\\/ul>\\r\\n<p>It\\u2019s all too easy for families to get lost in the requirements, processes and red tape of today\\u2019s school systems, and all too easy for kids to fall off track without anyone raising the alarm. By providing families with useful information, honest advice, and hands-on support to solve problems, we hope to ensure that they have a more positive experience, from kindergarten to college.<\\/p>\\r\\n<h3>Over the long term, we have larger ambitions.<\\/h3>\\r\\n<p>Through this work, we hope to grow and strengthen the connections between businesses, communities, families and schools. We hope to shine a spotlight on the challenges that we see families facing along the path to a good education, and to put positive pressure on school systems to ensure that they\\u2019re responsive to the families who trust them with the lives of the people they love most.<\\/p>\\r\\n<p><a href=\\\"\\/uploads\\/blog\\/blog-8_1.png#asset:3004:url\\\">Blog 8 1<\\/a><br><\\/p>\\r\\n<p>There\\u2019s a long road ahead. We plan to share what we\\u2019re learning on this blog, along with resources and information that can help parents and schools support every child\\u2019s success. We hope you\\u2019ll join us along the way.<\\/p>\",\"82\":\"As parents, we all dream of a beautiful future for our kids. From the day they\\u2019re born, we pour our energy into building those dreams \\u2013 with countless bedtime stories, with tooth-brushing practice, with impromptu lessons on playing nice at the park, with coats and sneakers and Halloween costumes, and a thousand other things. We want to give them big blue skies.\",\"7\":\"\",\"6\":\"\",\"91\":\"\"}}', '2017-02-17 17:55:36', '2017-02-17 17:55:36', '94885ac3-0bbe-4ecb-a7be-c72ea48686ae'),
 ('374', '3006', '12', '1', 'en_us', '6', '', '{\"typeId\":\"12\",\"authorId\":\"2985\",\"title\":\"What Does \\\"Navigating Education\\\" Really Mean?\",\"slug\":\"what-does-navigating-education-really-mean\",\"postDate\":1446508800,\"expiryDate\":null,\"enabled\":1,\"parentId\":null,\"fields\":{\"89\":[\"2996\"],\"83\":[\"2962\"],\"87\":[\"2987\"],\"84\":\"\",\"49\":\"<h3>As parents, we all dream of a beautiful future for our kids.<\\/h3>\\r\\n<p>From the day they\\u2019re born, we pour our energy into building those dreams \\u2013 with countless bedtime stories, with tooth-brushing practice, with impromptu lessons on playing nice at the park, with coats and sneakers and Halloween costumes, and a thousand other things. We want to give them big blue skies.<\\/p>\\r\\n<p>Eventually, it comes time to send them off to school. We know from our own experiences&mdash;for better or for worse&mdash;how important education is to unlocking a life of opportunity and making those dreams real. And that\\u2019s where things start to get really stressful.<\\/p>\\r\\n<p>In cities across the country, we have more information about schools than ever, and more school choices than ever. Yet understanding that information and making sense of those choices can be confusing and frustrating. We\\u2019re bombarded with data, decisions, and obligations that begin with pre-school and continue through college. Figuring it all out can be a challenge for even the most well-organized and persistent of us.<\\/p>\\r\\n<p>In the end, most of us enroll our children in school, do what we can, and hope for the best. Too often, though, our hopes aren\\u2019t realized. Consider that, although more than <a target=\\\"_blank\\\" href=\\\"http:\\/\\/www.pewsocialtrends.org\\/files\\/2011\\/05\\/higher-ed-report.pdf\\\" rel=\\\"noreferrer\\\">90 percent<\\/a> of parents expect their kids to go to college,&nbsp;only about one-third of all students actually earn a bachelor\\u2019s degree by the age of 25. The rest settle for less.&nbsp; Many students veer off-course early in their journeys \\u2013 and parents don\\u2019t even know it is happening.&nbsp;<\\/p>\\r\\n<h3>We created EdNavigator to help parents do more than hope.<\\/h3>\\r\\n<p>Our goal is to help them demand excellence and get the best education for their children. To that end, we give every one of the parents we work with personalized support from expert Navigators who understand schools deeply, know the local community intimately, and can help make things happen.<\\/p>\\r\\n<p>What does it mean to \\u201cnavigate\\u201d education? For us, it means understanding where each family wants to go and doing whatever it takes to help them get there. We focus on things like:<\\/p>\\r\\n<ul><li><strong>Asking the right questions: <\\/strong>Is this student on grade level? The school is beautiful&mdash;but are kids actually learning? Why is this child getting good grades but doing poorly on state tests?<\\/li><li><strong>Translating school-speak: <\\/strong>For example, \\u201cHe does all his work\\u201d usually means he\\u2019s compliant but struggling academically.<\\/li><li><strong>Insisting on action: <\\/strong>This student has been struggling in reading for four years. Why isn\\u2019t there a plan in place?<\\/li><li><strong>Improving communication: <\\/strong>A parent shouldn\\u2019t have to call school five times before getting a call back.<\\/li><li><strong>Making the options manageable: <\\/strong>Based on where this family lives, there are three pretty good elementary schools with open seats.<\\/li><li><strong>Being there at critical moments: <\\/strong>This child\\u2019s progress report shows some red flags, but mom has a family emergency and can\\u2019t get to school. We\\u2019ll send a Navigator to the meeting.<\\/li><\\/ul>\\r\\n<p>It\\u2019s all too easy for families to get lost in the requirements, processes and red tape of today\\u2019s school systems, and all too easy for kids to fall off track without anyone raising the alarm. By providing families with useful information, honest advice, and hands-on support to solve problems, we hope to ensure that they have a more positive experience, from kindergarten to college.<\\/p>\\r\\n<h3>Over the long term, we have larger ambitions.<\\/h3>\\r\\n<p>Through this work, we hope to grow and strengthen the connections between businesses, communities, families and schools. We hope to shine a spotlight on the challenges that we see families facing along the path to a good education, and to put positive pressure on school systems to ensure that they\\u2019re responsive to the families who trust them with the lives of the people they love most.<\\/p>\\r\\n<p>There\\u2019s a long road ahead. We plan to share what we\\u2019re learning on this blog, along with resources and information that can help parents and schools support every child\\u2019s success. We hope you\\u2019ll join us along the way.<\\/p>\",\"82\":\"As parents, we all dream of a beautiful future for our kids. From the day they\\u2019re born, we pour our energy into building those dreams \\u2013 with countless bedtime stories, with tooth-brushing practice, with impromptu lessons on playing nice at the park, with coats and sneakers and Halloween costumes, and a thousand other things. We want to give them big blue skies.\",\"7\":\"\",\"6\":\"\",\"91\":\"\"}}', '2017-02-17 18:39:54', '2017-02-17 18:39:54', 'd17083eb-54fa-406f-bfc9-dcd6f48402b4'),
 ('375', '3006', '12', '1', 'en_us', '7', '', '{\"typeId\":\"12\",\"authorId\":\"2985\",\"title\":\"What Does \\\"Navigating Education\\\" Really Mean?\",\"slug\":\"what-does-navigating-education-really-mean\",\"postDate\":1446508800,\"expiryDate\":null,\"enabled\":1,\"parentId\":null,\"fields\":{\"89\":[\"2997\"],\"83\":[\"2962\"],\"87\":[\"2987\"],\"84\":\"\",\"49\":\"<h3>As parents, we all dream of a beautiful future for our kids.<\\/h3>\\r\\n<p>From the day they\\u2019re born, we pour our energy into building those dreams \\u2013 with countless bedtime stories, with tooth-brushing practice, with impromptu lessons on playing nice at the park, with coats and sneakers and Halloween costumes, and a thousand other things. We want to give them big blue skies.<\\/p>\\r\\n<p>Eventually, it comes time to send them off to school. We know from our own experiences&mdash;for better or for worse&mdash;how important education is to unlocking a life of opportunity and making those dreams real. And that\\u2019s where things start to get really stressful.<\\/p>\\r\\n<p>In cities across the country, we have more information about schools than ever, and more school choices than ever. Yet understanding that information and making sense of those choices can be confusing and frustrating. We\\u2019re bombarded with data, decisions, and obligations that begin with pre-school and continue through college. Figuring it all out can be a challenge for even the most well-organized and persistent of us.<\\/p>\\r\\n<p>In the end, most of us enroll our children in school, do what we can, and hope for the best. Too often, though, our hopes aren\\u2019t realized. Consider that, although more than <a target=\\\"_blank\\\" href=\\\"http:\\/\\/www.pewsocialtrends.org\\/files\\/2011\\/05\\/higher-ed-report.pdf\\\" rel=\\\"noreferrer\\\">90 percent<\\/a> of parents expect their kids to go to college,&nbsp;only about one-third of all students actually earn a bachelor\\u2019s degree by the age of 25. The rest settle for less.&nbsp; Many students veer off-course early in their journeys \\u2013 and parents don\\u2019t even know it is happening.&nbsp;<\\/p>\\r\\n<h3>We created EdNavigator to help parents do more than hope.<\\/h3>\\r\\n<p>Our goal is to help them demand excellence and get the best education for their children. To that end, we give every one of the parents we work with personalized support from expert Navigators who understand schools deeply, know the local community intimately, and can help make things happen.<\\/p>\\r\\n<p>What does it mean to \\u201cnavigate\\u201d education? For us, it means understanding where each family wants to go and doing whatever it takes to help them get there. We focus on things like:<\\/p>\\r\\n<ul><li><strong>Asking the right questions: <\\/strong>Is this student on grade level? The school is beautiful&mdash;but are kids actually learning? Why is this child getting good grades but doing poorly on state tests?<\\/li><li><strong>Translating school-speak: <\\/strong>For example, \\u201cHe does all his work\\u201d usually means he\\u2019s compliant but struggling academically.<\\/li><li><strong>Insisting on action: <\\/strong>This student has been struggling in reading for four years. Why isn\\u2019t there a plan in place?<\\/li><li><strong>Improving communication: <\\/strong>A parent shouldn\\u2019t have to call school five times before getting a call back.<\\/li><li><strong>Making the options manageable: <\\/strong>Based on where this family lives, there are three pretty good elementary schools with open seats.<\\/li><li><strong>Being there at critical moments: <\\/strong>This child\\u2019s progress report shows some red flags, but mom has a family emergency and can\\u2019t get to school. We\\u2019ll send a Navigator to the meeting.<\\/li><\\/ul>\\r\\n<p>It\\u2019s all too easy for families to get lost in the requirements, processes and red tape of today\\u2019s school systems, and all too easy for kids to fall off track without anyone raising the alarm. By providing families with useful information, honest advice, and hands-on support to solve problems, we hope to ensure that they have a more positive experience, from kindergarten to college.<\\/p>\\r\\n<h3>Over the long term, we have larger ambitions.<\\/h3>\\r\\n<p>Through this work, we hope to grow and strengthen the connections between businesses, communities, families and schools. We hope to shine a spotlight on the challenges that we see families facing along the path to a good education, and to put positive pressure on school systems to ensure that they\\u2019re responsive to the families who trust them with the lives of the people they love most.<\\/p>\\r\\n<p>There\\u2019s a long road ahead. We plan to share what we\\u2019re learning on this blog, along with resources and information that can help parents and schools support every child\\u2019s success. We hope you\\u2019ll join us along the way.<\\/p>\",\"82\":\"As parents, we all dream of a beautiful future for our kids. From the day they\\u2019re born, we pour our energy into building those dreams \\u2013 with countless bedtime stories, with tooth-brushing practice, with impromptu lessons on playing nice at the park, with coats and sneakers and Halloween costumes, and a thousand other things. We want to give them big blue skies.\",\"7\":\"\",\"6\":\"\",\"91\":\"\"}}', '2017-02-17 18:42:12', '2017-02-17 18:42:12', '3f2747e1-227e-4a72-b0ad-cc9bfb6d6781'),
 ('376', '3006', '12', '1', 'en_us', '8', '', '{\"typeId\":\"12\",\"authorId\":\"2985\",\"title\":\"What Does \\\"Navigating Education\\\" Really Mean?\",\"slug\":\"what-does-navigating-education-really-mean\",\"postDate\":1446508800,\"expiryDate\":null,\"enabled\":1,\"parentId\":null,\"fields\":{\"89\":[\"3005\"],\"83\":[\"2962\"],\"87\":[\"2987\"],\"84\":\"\",\"49\":\"<h3>As parents, we all dream of a beautiful future for our kids.<\\/h3>\\r\\n<p>From the day they\\u2019re born, we pour our energy into building those dreams \\u2013 with countless bedtime stories, with tooth-brushing practice, with impromptu lessons on playing nice at the park, with coats and sneakers and Halloween costumes, and a thousand other things. We want to give them big blue skies.<\\/p>\\r\\n<p>Eventually, it comes time to send them off to school. We know from our own experiences&mdash;for better or for worse&mdash;how important education is to unlocking a life of opportunity and making those dreams real. And that\\u2019s where things start to get really stressful.<\\/p>\\r\\n<p>In cities across the country, we have more information about schools than ever, and more school choices than ever. Yet understanding that information and making sense of those choices can be confusing and frustrating. We\\u2019re bombarded with data, decisions, and obligations that begin with pre-school and continue through college. Figuring it all out can be a challenge for even the most well-organized and persistent of us.<\\/p>\\r\\n<p>In the end, most of us enroll our children in school, do what we can, and hope for the best. Too often, though, our hopes aren\\u2019t realized. Consider that, although more than <a target=\\\"_blank\\\" href=\\\"http:\\/\\/www.pewsocialtrends.org\\/files\\/2011\\/05\\/higher-ed-report.pdf\\\" rel=\\\"noreferrer\\\">90 percent<\\/a> of parents expect their kids to go to college,&nbsp;only about one-third of all students actually earn a bachelor\\u2019s degree by the age of 25. The rest settle for less.&nbsp; Many students veer off-course early in their journeys \\u2013 and parents don\\u2019t even know it is happening.&nbsp;<\\/p>\\r\\n<h3>We created EdNavigator to help parents do more than hope.<\\/h3>\\r\\n<p>Our goal is to help them demand excellence and get the best education for their children. To that end, we give every one of the parents we work with personalized support from expert Navigators who understand schools deeply, know the local community intimately, and can help make things happen.<\\/p>\\r\\n<p>What does it mean to \\u201cnavigate\\u201d education? For us, it means understanding where each family wants to go and doing whatever it takes to help them get there. We focus on things like:<\\/p>\\r\\n<ul><li><strong>Asking the right questions: <\\/strong>Is this student on grade level? The school is beautiful&mdash;but are kids actually learning? Why is this child getting good grades but doing poorly on state tests?<\\/li><li><strong>Translating school-speak: <\\/strong>For example, \\u201cHe does all his work\\u201d usually means he\\u2019s compliant but struggling academically.<\\/li><li><strong>Insisting on action: <\\/strong>This student has been struggling in reading for four years. Why isn\\u2019t there a plan in place?<\\/li><li><strong>Improving communication: <\\/strong>A parent shouldn\\u2019t have to call school five times before getting a call back.<\\/li><li><strong>Making the options manageable: <\\/strong>Based on where this family lives, there are three pretty good elementary schools with open seats.<\\/li><li><strong>Being there at critical moments: <\\/strong>This child\\u2019s progress report shows some red flags, but mom has a family emergency and can\\u2019t get to school. We\\u2019ll send a Navigator to the meeting.<\\/li><\\/ul>\\r\\n<p>It\\u2019s all too easy for families to get lost in the requirements, processes and red tape of today\\u2019s school systems, and all too easy for kids to fall off track without anyone raising the alarm. By providing families with useful information, honest advice, and hands-on support to solve problems, we hope to ensure that they have a more positive experience, from kindergarten to college.<\\/p>\\r\\n<h3>Over the long term, we have larger ambitions.<\\/h3>\\r\\n<p>Through this work, we hope to grow and strengthen the connections between businesses, communities, families and schools. We hope to shine a spotlight on the challenges that we see families facing along the path to a good education, and to put positive pressure on school systems to ensure that they\\u2019re responsive to the families who trust them with the lives of the people they love most.<\\/p>\\r\\n<p>There\\u2019s a long road ahead. We plan to share what we\\u2019re learning on this blog, along with resources and information that can help parents and schools support every child\\u2019s success. We hope you\\u2019ll join us along the way.<\\/p>\",\"82\":\"As parents, we all dream of a beautiful future for our kids. From the day they\\u2019re born, we pour our energy into building those dreams \\u2013 with countless bedtime stories, with tooth-brushing practice, with impromptu lessons on playing nice at the park, with coats and sneakers and Halloween costumes, and a thousand other things. We want to give them big blue skies.\",\"7\":\"\",\"6\":\"\",\"91\":\"\"}}', '2017-02-17 18:43:46', '2017-02-17 18:43:46', '179e00ad-a62e-4cf3-bf96-922df8f49541'),
 ('377', '3006', '12', '1', 'en_us', '9', '', '{\"typeId\":\"12\",\"authorId\":\"2985\",\"title\":\"What Does \\\"Navigating Education\\\" Really Mean?\",\"slug\":\"what-does-navigating-education-really-mean\",\"postDate\":1446508800,\"expiryDate\":null,\"enabled\":1,\"parentId\":null,\"fields\":{\"89\":[\"3005\"],\"83\":[\"2962\"],\"87\":[\"2987\"],\"84\":\"\",\"49\":\"<h3>As parents, we all dream of a beautiful future for our kids.<\\/h3>\\r\\n<p>From the day they\\u2019re born, we pour our energy into building those dreams \\u2013 with countless bedtime stories, with tooth-brushing practice, with impromptu lessons on playing nice at the park, with coats and sneakers and Halloween costumes, and a thousand other things. We want to give them big blue skies.<\\/p>\\r\\n<p>Eventually, it comes time to send them off to school. We know from our own experiences&mdash;for better or for worse&mdash;how important education is to unlocking a life of opportunity and making those dreams real. And that\\u2019s where things start to get really stressful.<\\/p>\\r\\n<p>In cities across the country, we have more information about schools than ever, and more school choices than ever. Yet understanding that information and making sense of those choices can be confusing and frustrating. We\\u2019re bombarded with data, decisions, and obligations that begin with pre-school and continue through college. Figuring it all out can be a challenge for even the most well-organized and persistent of us.<\\/p>\\r\\n<p>In the end, most of us enroll our children in school, do what we can, and hope for the best. Too often, though, our hopes aren\\u2019t realized. Consider that, although more than <a target=\\\"_blank\\\" href=\\\"http:\\/\\/www.pewsocialtrends.org\\/files\\/2011\\/05\\/higher-ed-report.pdf\\\" rel=\\\"noreferrer\\\">90 percent<\\/a> of parents expect their kids to go to college,&nbsp;only about one-third of all students actually earn a bachelor\\u2019s degree by the age of 25. The rest settle for less.&nbsp; Many students veer off-course early in their journeys \\u2013 and parents don\\u2019t even know it is happening.&nbsp;<\\/p>\\r\\n<h3>We created EdNavigator to help parents do more than hope.<\\/h3>\\r\\n<p>Our goal is to help them demand excellence and get the best education for their children. To that end, we give every one of the parents we work with personalized support from expert Navigators who understand schools deeply, know the local community intimately, and can help make things happen.<\\/p>\\r\\n<p>What does it mean to \\u201cnavigate\\u201d education? For us, it means understanding where each family wants to go and doing whatever it takes to help them get there. We focus on things like:<\\/p>\\r\\n<ul><li><strong>Asking the right questions: <\\/strong>Is this student on grade level? The school is beautiful&mdash;but are kids actually learning? Why is this child getting good grades but doing poorly on state tests?<\\/li><li><strong>Translating school-speak: <\\/strong>For example, \\u201cHe does all his work\\u201d usually means he\\u2019s compliant but struggling academically.<\\/li><li><strong>Insisting on action: <\\/strong>This student has been struggling in reading for four years. Why isn\\u2019t there a plan in place?<\\/li><li><strong>Improving communication: <\\/strong>A parent shouldn\\u2019t have to call school five times before getting a call back.<\\/li><li><strong>Making the options manageable: <\\/strong>Based on where this family lives, there are three pretty good elementary schools with open seats.<\\/li><li><strong>Being there at critical moments: <\\/strong>This child\\u2019s progress report shows some red flags, but mom has a family emergency and can\\u2019t get to school. We\\u2019ll send a Navigator to the meeting.<\\/li><\\/ul>\\r\\n<p>It\\u2019s all too easy for families to get lost in the requirements, processes and red tape of today\\u2019s school systems, and all too easy for kids to fall off track without anyone raising the alarm. By providing families with useful information, honest advice, and hands-on support to solve problems, we hope to ensure that they have a more positive experience, from kindergarten to college.<\\/p>\\r\\n<h3>Over the long term, we have larger ambitions.<\\/h3>\\r\\n<p>Through this work, we hope to grow and strengthen the connections between businesses, communities, families and schools. We hope to shine a spotlight on the challenges that we see families facing along the path to a good education, and to put positive pressure on school systems to ensure that they\\u2019re responsive to the families who trust them with the lives of the people they love most.<\\/p>\\r\\n<p>There\\u2019s a long road ahead. We plan to share what we\\u2019re learning on this blog, along with resources and information that can help parents and schools support every child\\u2019s success. We hope you\\u2019ll join us along the way.<\\/p>\",\"82\":\"As parents, we all dream of a beautiful future for our kids. From the day they\\u2019re born, we pour our energy into building those dreams \\u2013 with countless bedtime stories, with tooth-brushing practice, with impromptu lessons on playing nice at the park, with coats and sneakers and Halloween costumes, and a thousand other things. We want to give them big blue skies.\",\"7\":\"\",\"6\":\"\",\"91\":\"\"}}', '2017-02-17 18:44:47', '2017-02-17 18:44:47', 'e1a10ace-7fd7-4768-a725-7ed0cdd136a7');



DROP TABLE IF EXISTS `craft_fieldgroups`;


--
-- Schema for table `craft_fieldgroups`
--
CREATE TABLE `craft_fieldgroups` (
  `id` int(11) NOT NULL AUTO_INCREMENT,
  `name` varchar(255) COLLATE utf8_unicode_ci NOT NULL,
  `dateCreated` datetime NOT NULL,
  `dateUpdated` datetime NOT NULL,
  `uid` char(36) COLLATE utf8_unicode_ci NOT NULL DEFAULT '0',
  PRIMARY KEY (`id`),
  UNIQUE KEY `craft_fieldgroups_name_unq_idx` (`name`)
) ENGINE=InnoDB AUTO_INCREMENT=15 DEFAULT CHARSET=utf8 COLLATE=utf8_unicode_ci;

--
-- Data for table `craft_fieldgroups`
--

INSERT INTO `craft_fieldgroups` (`id`, `name`, `dateCreated`, `dateUpdated`, `uid`) VALUES
 ('1', 'Default', '2016-10-10 20:59:13', '2016-10-10 20:59:13', '9aec6670-8753-4f2e-91d5-03ff2b4f3ef6'),
 ('4', 'SEO', '2016-10-12 16:32:50', '2016-10-12 16:32:50', '9ace857e-959b-4a74-b0e0-42873080c846'),
 ('8', 'Who We Are', '2016-12-20 21:32:41', '2016-12-20 21:32:41', 'c76d81fd-6544-4c75-a833-9f6f2a7a0149'),
 ('9', 'Homepage', '2017-01-05 15:40:31', '2017-01-05 15:40:31', '906608b2-91ed-4a3f-af22-d10f34202903'),
 ('10', 'User Paths', '2017-01-11 16:45:18', '2017-01-11 16:45:18', '217f9a1d-fbe7-4a59-a7ef-45684f8b7220'),
 ('11', 'How We Help', '2017-01-25 18:15:16', '2017-01-25 18:15:16', 'a6a6a3b2-033c-4402-91de-5001380f4f70'),
 ('12', 'Blog', '2017-02-02 21:22:19', '2017-02-02 21:22:19', 'c07eca58-32d2-42c5-9bc5-0149d5f91a25'),
 ('13', 'Resources', '2017-02-06 21:01:59', '2017-02-06 21:01:59', '0200d286-aa37-4a58-9853-7f8a1aeb6cc3'),
 ('14', 'Globals', '2017-02-16 22:37:44', '2017-02-16 22:37:44', 'b8065821-73bc-41b6-9331-08c71b8228ff');



DROP TABLE IF EXISTS `craft_fieldlayoutfields`;


--
-- Schema for table `craft_fieldlayoutfields`
--
CREATE TABLE `craft_fieldlayoutfields` (
  `id` int(11) NOT NULL AUTO_INCREMENT,
  `layoutId` int(11) NOT NULL,
  `tabId` int(11) NOT NULL,
  `fieldId` int(11) NOT NULL,
  `required` tinyint(1) unsigned NOT NULL DEFAULT '0',
  `sortOrder` smallint(6) unsigned DEFAULT NULL,
  `dateCreated` datetime NOT NULL,
  `dateUpdated` datetime NOT NULL,
  `uid` char(36) COLLATE utf8_unicode_ci NOT NULL DEFAULT '0',
  PRIMARY KEY (`id`),
  UNIQUE KEY `craft_fieldlayoutfields_layoutId_fieldId_unq_idx` (`layoutId`,`fieldId`),
  KEY `craft_fieldlayoutfields_sortOrder_idx` (`sortOrder`),
  KEY `craft_fieldlayoutfields_tabId_fk` (`tabId`),
  KEY `craft_fieldlayoutfields_fieldId_fk` (`fieldId`)
) ENGINE=InnoDB AUTO_INCREMENT=543 DEFAULT CHARSET=utf8 COLLATE=utf8_unicode_ci;

--
-- Data for table `craft_fieldlayoutfields`
--

INSERT INTO `craft_fieldlayoutfields` (`id`, `layoutId`, `tabId`, `fieldId`, `required`, `sortOrder`, `dateCreated`, `dateUpdated`, `uid`) VALUES
 ('4', '11', '3', '6', '0', '1', '2016-10-10 21:49:12', '2016-10-10 21:49:12', 'cc34f4d1-238a-49e6-9de4-1123658c449a'),
 ('5', '11', '3', '7', '0', '2', '2016-10-10 21:49:12', '2016-10-10 21:49:12', '3e162947-119f-42b4-9f64-b6ddb5a76206'),
 ('296', '125', '109', '50', '0', '1', '2017-01-09 23:18:20', '2017-01-09 23:18:20', 'c6855cc6-cb7e-48d3-8b7a-444380058907'),
 ('297', '125', '109', '48', '0', '2', '2017-01-09 23:18:20', '2017-01-09 23:18:20', '847d0b03-c557-419f-b296-1bd056847659'),
 ('298', '125', '109', '49', '0', '3', '2017-01-09 23:18:20', '2017-01-09 23:18:20', 'a6777579-abcf-4aac-a448-a93ed457c379'),
 ('299', '125', '109', '51', '0', '4', '2017-01-09 23:18:20', '2017-01-09 23:18:20', 'e701374e-1191-4755-8d63-78e8498bc19d'),
 ('300', '125', '110', '7', '0', '1', '2017-01-09 23:18:20', '2017-01-09 23:18:20', '41b6c25e-d9a6-4a82-981e-c27b7fbb7559'),
 ('301', '125', '110', '6', '0', '2', '2017-01-09 23:18:20', '2017-01-09 23:18:20', '83d1593c-0468-4bea-9348-a76b1453f1b9'),
 ('312', '132', '115', '59', '0', '1', '2017-01-17 20:49:44', '2017-01-17 20:49:44', '580bcc29-20e9-45e4-9c88-141159e9421f'),
 ('335', '138', '121', '59', '0', '1', '2017-01-17 23:10:49', '2017-01-17 23:10:49', 'ff2bef09-cc61-479c-b04e-4023584cdefc'),
 ('358', '143', '126', '67', '0', '1', '2017-01-23 22:12:48', '2017-01-23 22:12:48', '041fcd00-e155-42ee-a72e-be38f50cc63b'),
 ('359', '144', '127', '67', '0', '1', '2017-01-23 22:13:35', '2017-01-23 22:13:35', '3095cf21-5e6d-4a34-b08c-9b191f267cf7'),
 ('360', '145', '128', '65', '0', '1', '2017-01-24 17:52:19', '2017-01-24 17:52:19', 'daa2a042-f7f6-46e6-b6d4-21f069cf692a'),
 ('361', '145', '128', '66', '0', '2', '2017-01-24 17:52:19', '2017-01-24 17:52:19', '365ca6ff-61c6-42e8-a454-9e292d746e0f'),
 ('362', '145', '128', '62', '0', '3', '2017-01-24 17:52:19', '2017-01-24 17:52:19', '704cc9e1-4991-4525-94ac-f3090970eb96'),
 ('363', '145', '128', '63', '0', '4', '2017-01-24 17:52:19', '2017-01-24 17:52:19', '14e994df-49c8-4a15-b535-0983146705d7'),
 ('364', '145', '128', '64', '0', '5', '2017-01-24 17:52:19', '2017-01-24 17:52:19', '78decc91-de10-4c04-a95d-c65e8461e9ef'),
 ('365', '145', '128', '61', '1', '6', '2017-01-24 17:52:19', '2017-01-24 17:52:19', '174830ab-b6b0-46fb-9a77-32682036f452'),
 ('366', '146', '129', '52', '0', '1', '2017-01-24 20:09:04', '2017-01-24 20:09:04', '7a985179-6fd5-4286-bdb4-342a907be97c'),
 ('367', '146', '129', '53', '0', '2', '2017-01-24 20:09:04', '2017-01-24 20:09:04', 'a6ea5d90-b509-478c-aa26-88ba8cf79a83'),
 ('368', '146', '129', '54', '0', '3', '2017-01-24 20:09:04', '2017-01-24 20:09:04', '91117337-cd6d-46af-b75f-573a5b13339a'),
 ('369', '146', '129', '55', '0', '4', '2017-01-24 20:09:04', '2017-01-24 20:09:04', '834b9618-6c38-48ef-959d-1bf5af4c1772'),
 ('370', '147', '130', '69', '0', '1', '2017-01-25 18:35:23', '2017-01-25 18:35:23', '96007eee-fd0d-43d2-99c5-4254d0a0211f'),
 ('371', '147', '130', '70', '0', '2', '2017-01-25 18:35:23', '2017-01-25 18:35:23', 'ead6b9f5-4eaf-4365-9186-4374faa1b230'),
 ('376', '149', '133', '72', '0', '1', '2017-01-25 20:09:23', '2017-01-25 20:09:23', '5a96bd97-b970-443a-bc35-9e9f41e596af'),
 ('377', '149', '133', '73', '0', '2', '2017-01-25 20:09:23', '2017-01-25 20:09:23', '98d88305-e173-452a-96de-b49b57b9395f'),
 ('378', '150', '134', '75', '0', '1', '2017-01-25 20:10:52', '2017-01-25 20:10:52', 'cf73f1e8-021b-45c4-9447-81cf0134ce0f'),
 ('379', '150', '134', '76', '0', '2', '2017-01-25 20:10:53', '2017-01-25 20:10:53', 'f27643c4-b29d-4bb9-bc9d-596482a23d04'),
 ('386', '152', '137', '48', '0', '1', '2017-01-25 21:49:38', '2017-01-25 21:49:38', 'a3b75277-5b68-44f1-a246-ca0f21e6c706'),
 ('387', '152', '137', '68', '0', '2', '2017-01-25 21:49:38', '2017-01-25 21:49:38', '2dc68c9e-d5ea-4e16-9c41-daa01c34fa34'),
 ('388', '152', '137', '74', '0', '3', '2017-01-25 21:49:38', '2017-01-25 21:49:38', 'f4f27d24-550d-41a9-aaf3-9d0abdb95f27'),
 ('389', '152', '137', '71', '0', '4', '2017-01-25 21:49:38', '2017-01-25 21:49:38', '96fa2da1-4f84-4a78-bd59-9b0860bb4735'),
 ('390', '152', '137', '77', '0', '5', '2017-01-25 21:49:38', '2017-01-25 21:49:38', 'e870644a-ba00-40d9-829c-b6126d4201ba'),
 ('391', '152', '138', '7', '0', '1', '2017-01-25 21:49:38', '2017-01-25 21:49:38', '5c4c8010-ef41-4d54-a9b9-bee625298724'),
 ('392', '152', '138', '6', '0', '2', '2017-01-25 21:49:38', '2017-01-25 21:49:38', 'f6a8212a-1f4c-46a5-8a95-b16b5c985530'),
 ('404', '156', '144', '48', '0', '1', '2017-01-26 19:45:53', '2017-01-26 19:45:53', '6c381667-4ce4-4502-b228-9874730c74f8'),
 ('405', '156', '144', '78', '0', '2', '2017-01-26 19:45:53', '2017-01-26 19:45:53', 'cb1625c1-7a64-43d8-ad9d-2a1dba20aaf3'),
 ('406', '156', '144', '44', '0', '3', '2017-01-26 19:45:53', '2017-01-26 19:45:53', 'ad165d6f-1e10-49d9-aaf9-c75ddafb87c0'),
 ('407', '156', '144', '77', '0', '4', '2017-01-26 19:45:53', '2017-01-26 19:45:53', 'bca209e6-88c4-4d97-a4e3-fa2341316d98'),
 ('408', '156', '145', '7', '0', '1', '2017-01-26 19:45:53', '2017-01-26 19:45:53', 'f300c17b-ea94-40a2-808f-dc1d014f1838'),
 ('409', '156', '145', '6', '0', '2', '2017-01-26 19:45:53', '2017-01-26 19:45:53', '9a03b2e9-f88f-4cf0-bebe-2c31367073df'),
 ('416', '159', '148', '45', '0', '1', '2017-01-26 20:15:54', '2017-01-26 20:15:54', '73ad38f1-e248-4a2d-86f5-0375960ef802'),
 ('417', '159', '148', '46', '0', '2', '2017-01-26 20:15:54', '2017-01-26 20:15:54', '8af12388-4cc0-45be-bb7f-2c9fcf5884b5'),
 ('418', '159', '148', '47', '0', '3', '2017-01-26 20:15:54', '2017-01-26 20:15:54', '5e3fd1c3-9d1d-4236-b82c-2abf478cb045'),
 ('419', '160', '149', '79', '0', '1', '2017-01-26 23:13:17', '2017-01-26 23:13:17', 'ec03d40e-8a98-4cab-873f-e70761c2ef92'),
 ('420', '160', '149', '80', '0', '2', '2017-01-26 23:13:17', '2017-01-26 23:13:17', '78e916aa-adce-4a8a-902d-4587a65ce8e7'),
 ('425', '162', '152', '37', '0', '1', '2017-01-30 18:25:24', '2017-01-30 18:25:24', '166d6b1b-b15f-42ba-b570-30bfb078b0ce'),
 ('426', '162', '152', '38', '0', '2', '2017-01-30 18:25:24', '2017-01-30 18:25:24', '5e68d944-68ec-45b0-9b76-cdcbfc9d3337'),
 ('427', '162', '152', '40', '0', '3', '2017-01-30 18:25:24', '2017-01-30 18:25:24', 'af39ca9b-6a25-41d4-9e53-803f7b6ff2b7'),
 ('428', '162', '152', '41', '0', '4', '2017-01-30 18:25:24', '2017-01-30 18:25:24', '1ec48afa-91f0-418a-8366-2c465331e4c8'),
 ('429', '163', '153', '48', '0', '1', '2017-01-30 18:38:13', '2017-01-30 18:38:13', '380e2187-50d6-4102-bfbc-02a0136dacae'),
 ('430', '163', '153', '81', '0', '2', '2017-01-30 18:38:13', '2017-01-30 18:38:13', '34e142c3-c04a-4a0e-bd3b-47c726dda862'),
 ('431', '163', '153', '36', '0', '3', '2017-01-30 18:38:13', '2017-01-30 18:38:13', '461461a6-02c5-4cf3-9e7b-41cbdee6c2ab'),
 ('432', '163', '154', '7', '0', '1', '2017-01-30 18:38:13', '2017-01-30 18:38:13', 'd23e7eac-4e8e-4483-ab1b-f549f65f18ed'),
 ('433', '163', '154', '6', '0', '2', '2017-01-30 18:38:13', '2017-01-30 18:38:13', '22fcf726-a407-4e28-a3d0-b4543f0097b8'),
 ('452', '169', '161', '48', '0', '1', '2017-02-02 22:49:23', '2017-02-02 22:49:23', '0a8b9a1c-b3d0-4272-b5d0-3958d17be561'),
 ('460', '174', '164', '50', '0', '1', '2017-02-03 20:40:49', '2017-02-03 20:40:49', '05156f7d-ba08-49e6-a5ef-35dd57c29b0d'),
 ('461', '174', '164', '48', '0', '2', '2017-02-03 20:40:49', '2017-02-03 20:40:49', '04b1924a-4c48-4da6-aab2-b2d36c71bbc7'),
 ('462', '175', '165', '48', '0', '1', '2017-02-03 20:58:14', '2017-02-03 20:58:14', 'e38dd8e3-7523-4dc0-b6b6-f7a03caedf86'),
 ('472', '181', '168', '48', '0', '1', '2017-02-08 19:41:40', '2017-02-08 19:41:40', '69d69980-6dfb-499a-b20c-36eefbd7d9af'),
 ('515', '192', '178', '89', '1', '1', '2017-02-09 20:06:49', '2017-02-09 20:06:49', '15f3d283-b23b-432c-8b39-985d92223fb6'),
 ('516', '192', '178', '91', '0', '2', '2017-02-09 20:06:49', '2017-02-09 20:06:49', '69f8a675-c34f-400f-b21d-6697783acd26'),
 ('517', '192', '178', '82', '1', '3', '2017-02-09 20:06:49', '2017-02-09 20:06:49', '296fbad2-ee79-46cd-9aba-0631cf1b60bf'),
 ('518', '192', '178', '87', '1', '4', '2017-02-09 20:06:49', '2017-02-09 20:06:49', '1c36c2dc-3eed-45ef-8287-197a39cd1800'),
 ('519', '192', '178', '83', '1', '5', '2017-02-09 20:06:49', '2017-02-09 20:06:49', '9d66b10f-6eb9-4d93-9085-dbf017bfeea1'),
 ('520', '192', '178', '84', '0', '6', '2017-02-09 20:06:49', '2017-02-09 20:06:49', 'b69bd5c8-d5e6-4940-b5f4-fba40cd33ada'),
 ('521', '192', '178', '49', '0', '7', '2017-02-09 20:06:49', '2017-02-09 20:06:49', '34426d20-8ba9-421a-86d6-a1c44ac2ef4d'),
 ('522', '192', '179', '7', '0', '1', '2017-02-09 20:06:49', '2017-02-09 20:06:49', '0d441320-b5fa-45d4-a168-6b94f3da7b3c'),
 ('523', '192', '179', '6', '0', '2', '2017-02-09 20:06:49', '2017-02-09 20:06:49', '171f0133-cadd-49ea-b613-a405ddf9e68e'),
 ('524', '193', '180', '90', '1', '1', '2017-02-09 20:07:08', '2017-02-09 20:07:08', '63c92089-6299-40bc-a4e3-ef4742c4dd20'),
 ('525', '193', '180', '91', '0', '2', '2017-02-09 20:07:08', '2017-02-09 20:07:08', 'e7785500-502c-472e-b8b9-d0e5dfefce8c'),
 ('526', '193', '180', '82', '1', '3', '2017-02-09 20:07:08', '2017-02-09 20:07:08', 'b9c38d8d-c0a3-4e72-89ad-83e2e912ce4b'),
 ('527', '193', '180', '88', '1', '4', '2017-02-09 20:07:08', '2017-02-09 20:07:08', 'f70dd788-8929-4931-a298-083678b4532a'),
 ('528', '193', '180', '85', '1', '5', '2017-02-09 20:07:08', '2017-02-09 20:07:08', '4938db2f-b343-46c0-bb88-492cad43acbe'),
 ('529', '193', '180', '86', '0', '6', '2017-02-09 20:07:08', '2017-02-09 20:07:08', '2baec2ad-7943-4d89-9de4-c249bfb1c537'),
 ('530', '193', '180', '49', '0', '7', '2017-02-09 20:07:08', '2017-02-09 20:07:08', '74769dd2-d772-4942-9cb9-04c965adb4a3'),
 ('531', '193', '181', '7', '0', '1', '2017-02-09 20:07:08', '2017-02-09 20:07:08', '6b4484e0-c7b5-4f20-8b2e-3d674eb1a22a'),
 ('532', '193', '181', '6', '0', '2', '2017-02-09 20:07:08', '2017-02-09 20:07:08', '79e9e466-2bf1-44a5-b6e9-f8d0b161917e'),
 ('539', '202', '185', '97', '0', '1', '2017-02-16 22:48:52', '2017-02-16 22:48:52', 'f10a2fd6-5be1-4ad9-80b7-53376b0449e1'),
 ('540', '202', '185', '98', '0', '2', '2017-02-16 22:48:52', '2017-02-16 22:48:52', '2e325dde-fbe1-4b58-8f1d-876f2a0d68c2'),
 ('541', '202', '185', '99', '0', '3', '2017-02-16 22:48:52', '2017-02-16 22:48:52', '0dccee04-ddeb-4a0b-aca4-53f35865a052'),
 ('542', '202', '185', '100', '0', '4', '2017-02-16 22:48:52', '2017-02-16 22:48:52', '87823180-236c-4533-8e8a-12222c46cd2a');



DROP TABLE IF EXISTS `craft_fieldlayouts`;


--
-- Schema for table `craft_fieldlayouts`
--
CREATE TABLE `craft_fieldlayouts` (
  `id` int(11) NOT NULL AUTO_INCREMENT,
  `type` varchar(150) COLLATE utf8_unicode_ci NOT NULL,
  `dateCreated` datetime NOT NULL,
  `dateUpdated` datetime NOT NULL,
  `uid` char(36) COLLATE utf8_unicode_ci NOT NULL DEFAULT '0',
  PRIMARY KEY (`id`),
  KEY `craft_fieldlayouts_type_idx` (`type`)
) ENGINE=InnoDB AUTO_INCREMENT=204 DEFAULT CHARSET=utf8 COLLATE=utf8_unicode_ci;

--
-- Data for table `craft_fieldlayouts`
--

INSERT INTO `craft_fieldlayouts` (`id`, `type`, `dateCreated`, `dateUpdated`, `uid`) VALUES
 ('1', 'Tag', '2016-10-10 20:59:13', '2016-10-10 20:59:13', '5fe107a1-841e-435d-ac69-445039278f59'),
 ('11', 'GlobalSet', '2016-10-10 21:49:12', '2016-10-10 21:49:12', 'b819f55f-9e15-46d8-b554-e127c3d4dbb4'),
 ('58', 'Asset', '2016-10-17 23:05:25', '2016-10-17 23:05:25', '139a2b05-3b9f-4547-86d0-1bdd90d98920'),
 ('59', 'Asset', '2016-10-17 23:05:33', '2016-10-17 23:05:33', 'f350f4ee-1b7e-4787-9bd3-b4aecfe01ab6'),
 ('60', 'Asset', '2016-10-17 23:05:40', '2016-10-17 23:05:40', 'e9ae0ec1-3ee4-4397-82ed-1531e31d7219'),
 ('96', 'Asset', '2016-12-16 21:34:34', '2016-12-16 21:34:34', '94ec6563-439a-4d92-9afc-9fb968defc6e'),
 ('101', 'Category', '2016-12-20 20:07:11', '2016-12-20 20:07:11', '09a52d3f-9b52-4acb-b3b0-a92a7528b633'),
 ('103', 'Category', '2016-12-20 20:08:03', '2016-12-20 20:08:03', 'faeca10c-19d3-4ebf-ae2f-823037a644c4'),
 ('107', 'Asset', '2016-12-20 21:42:45', '2016-12-20 21:42:45', 'ded5fb02-6281-43a2-8190-e56ae37d880b'),
 ('120', 'Asset', '2017-01-05 18:08:21', '2017-01-05 18:08:21', 'e6c04db6-ebe7-4dc2-bf21-8836befec290'),
 ('125', 'Entry', '2017-01-09 23:18:20', '2017-01-09 23:18:20', '80213540-88c5-4daf-95df-0938bb7f7bd1'),
 ('132', 'Entry', '2017-01-17 20:49:44', '2017-01-17 20:49:44', '432de771-edf9-49c8-8ad3-8fac9fa26d16'),
 ('138', 'Entry', '2017-01-17 23:10:49', '2017-01-17 23:10:49', 'a90ad2ce-a7ff-4050-bf44-c1e1aede63e3'),
 ('143', 'Entry', '2017-01-23 22:12:48', '2017-01-23 22:12:48', '1cb11eb2-2132-40df-89d6-d7b0e75bcb72'),
 ('144', 'Entry', '2017-01-23 22:13:35', '2017-01-23 22:13:35', '1332ca24-3082-4b99-a706-2692e45ee937'),
 ('145', 'MatrixBlock', '2017-01-24 17:52:19', '2017-01-24 17:52:19', '7227db0e-0e4c-48e3-a464-df2e8b0262cc'),
 ('146', 'MatrixBlock', '2017-01-24 20:09:04', '2017-01-24 20:09:04', '48bc8c61-2e6c-46fa-98fa-d209039e6d89'),
 ('147', 'MatrixBlock', '2017-01-25 18:35:23', '2017-01-25 18:35:23', 'ca6ecc06-2a4a-40d8-a142-304d36c06838'),
 ('149', 'MatrixBlock', '2017-01-25 20:09:23', '2017-01-25 20:09:23', '521a2f52-d1bd-45f9-be5d-f409d07d311a'),
 ('150', 'MatrixBlock', '2017-01-25 20:10:52', '2017-01-25 20:10:52', '29eeb2b1-9edd-4fda-a8e1-2ef2f11fbc9f'),
 ('152', 'Entry', '2017-01-25 21:49:38', '2017-01-25 21:49:38', '079bab9b-d66b-4969-8f19-2d8f42b1020f'),
 ('156', 'Entry', '2017-01-26 19:45:53', '2017-01-26 19:45:53', '3f18383d-5018-4651-8210-47ec3340336e'),
 ('159', 'MatrixBlock', '2017-01-26 20:15:54', '2017-01-26 20:15:54', 'e28cd076-ee13-4f46-bde4-c6d5375df914'),
 ('160', 'MatrixBlock', '2017-01-26 23:13:17', '2017-01-26 23:13:17', '5a9a5ee3-2103-4b9a-8eef-029a009ac48c'),
 ('162', 'MatrixBlock', '2017-01-30 18:25:24', '2017-01-30 18:25:24', '9e690ee7-4bf0-4fc5-bd37-18d1022c0ff6'),
 ('163', 'Entry', '2017-01-30 18:38:13', '2017-01-30 18:38:13', '6921dd86-a50f-417e-b610-778df0185b6f'),
 ('166', 'Tag', '2017-02-02 22:33:53', '2017-02-02 22:33:53', 'a4072c56-0335-4aac-bf42-84184628d9d4'),
 ('169', 'Entry', '2017-02-02 22:49:23', '2017-02-02 22:49:23', '3eaaee9a-85ba-4c0a-bb0f-b05f51272ec2'),
 ('174', 'Category', '2017-02-03 20:40:49', '2017-02-03 20:40:49', 'a8cd5608-5835-495f-a2a8-7026c21d832c'),
 ('175', 'Entry', '2017-02-03 20:58:14', '2017-02-03 20:58:14', '92bee130-d238-434d-93f1-85b870f5c0a1'),
 ('176', 'Category', '2017-02-03 21:12:28', '2017-02-03 21:12:28', 'e1ab4d3a-2080-414c-8959-10756489f736'),
 ('178', 'Tag', '2017-02-03 21:19:49', '2017-02-03 21:19:49', '62eabc8c-0fdb-4193-8a5d-de8794338e52'),
 ('181', 'Category', '2017-02-08 19:41:39', '2017-02-08 19:41:39', '23e6df92-e48d-46be-a220-c0b43192ff84'),
 ('184', 'Category', '2017-02-08 20:31:08', '2017-02-08 20:31:08', '834f3548-c1c5-46a5-9ce8-1793579886f1'),
 ('188', 'Asset', '2017-02-09 15:32:06', '2017-02-09 15:32:06', '3f8fe43c-52d1-45cd-a536-72b73d991405'),
 ('189', 'Asset', '2017-02-09 15:32:45', '2017-02-09 15:32:45', '26c69f0a-f3e8-4744-81fa-ccd65e6b0456'),
 ('192', 'Entry', '2017-02-09 20:06:49', '2017-02-09 20:06:49', 'e548bad8-46a1-4bee-bef0-57c9cb908516'),
 ('193', 'Entry', '2017-02-09 20:07:08', '2017-02-09 20:07:08', '9e360d34-80c5-4c85-a44b-9879d4d33bbc'),
 ('195', 'Entry', '2017-02-16 19:27:46', '2017-02-16 19:27:46', 'b1fc62b6-871d-4ce2-9b84-48782fa38c33'),
 ('196', 'Category', '2017-02-16 21:26:54', '2017-02-16 21:26:54', 'de7c9356-838a-457f-898e-0dc8c7347e48'),
 ('202', 'GlobalSet', '2017-02-16 22:48:52', '2017-02-16 22:48:52', 'a8fd0d19-740d-4009-bdb4-130df2362721'),
 ('203', 'GlobalSet', '2017-02-16 22:51:33', '2017-02-16 22:51:33', 'c76db7ea-739b-4757-a97b-ad58e198e912');



DROP TABLE IF EXISTS `craft_fieldlayouttabs`;


--
-- Schema for table `craft_fieldlayouttabs`
--
CREATE TABLE `craft_fieldlayouttabs` (
  `id` int(11) NOT NULL AUTO_INCREMENT,
  `layoutId` int(11) NOT NULL,
  `name` varchar(255) COLLATE utf8_unicode_ci NOT NULL,
  `sortOrder` smallint(6) unsigned DEFAULT NULL,
  `dateCreated` datetime NOT NULL,
  `dateUpdated` datetime NOT NULL,
  `uid` char(36) COLLATE utf8_unicode_ci NOT NULL DEFAULT '0',
  PRIMARY KEY (`id`),
  KEY `craft_fieldlayouttabs_sortOrder_idx` (`sortOrder`),
  KEY `craft_fieldlayouttabs_layoutId_fk` (`layoutId`)
) ENGINE=InnoDB AUTO_INCREMENT=186 DEFAULT CHARSET=utf8 COLLATE=utf8_unicode_ci;

--
-- Data for table `craft_fieldlayouttabs`
--

INSERT INTO `craft_fieldlayouttabs` (`id`, `layoutId`, `name`, `sortOrder`, `dateCreated`, `dateUpdated`, `uid`) VALUES
 ('3', '11', 'Content', '1', '2016-10-10 21:49:12', '2016-10-10 21:49:12', '918017f8-0b8d-4bcb-8991-e6d2f0c360eb'),
 ('109', '125', 'Content', '1', '2017-01-09 23:18:20', '2017-01-09 23:18:20', '3bef3d06-8ea4-46c5-af5d-297cf8ab4cc1'),
 ('110', '125', 'SEO', '2', '2017-01-09 23:18:20', '2017-01-09 23:18:20', '86cefd34-1288-44fb-90f0-1a58aa729280'),
 ('115', '132', 'Page Sections', '1', '2017-01-17 20:49:44', '2017-01-17 20:49:44', 'dbcec19e-39f6-4294-bc8b-0e9a951e2bff'),
 ('121', '138', 'Page Sections', '1', '2017-01-17 23:10:49', '2017-01-17 23:10:49', '66a5f7c0-87d8-42bf-96a9-aeea94dbd0fd'),
 ('126', '143', 'Default', '1', '2017-01-23 22:12:48', '2017-01-23 22:12:48', '736017a0-73ec-4fdb-a7bd-fe1ee46f5d94'),
 ('127', '144', 'Default', '1', '2017-01-23 22:13:35', '2017-01-23 22:13:35', '93a54b89-9237-40a1-b6d2-e2d5b621b560'),
 ('128', '145', 'Content', '1', '2017-01-24 17:52:19', '2017-01-24 17:52:19', '0f6a42ee-7d01-4d8e-b508-a4f105bcf070'),
 ('129', '146', 'Content', '1', '2017-01-24 20:09:04', '2017-01-24 20:09:04', '8103fb54-2f02-43ed-a32c-01df01e46c1e'),
 ('130', '147', 'Content', '1', '2017-01-25 18:35:23', '2017-01-25 18:35:23', '10644fdb-04e1-4b23-8039-cad82a7de49e'),
 ('133', '149', 'Content', '1', '2017-01-25 20:09:23', '2017-01-25 20:09:23', 'f14a1b72-74aa-4181-8992-f53fb1888491'),
 ('134', '150', 'Content', '1', '2017-01-25 20:10:52', '2017-01-25 20:10:52', '2cc26320-715d-4f80-9fa6-408c9666bde9'),
 ('137', '152', 'Tab 1', '1', '2017-01-25 21:49:38', '2017-01-25 21:49:38', '80863821-146f-46aa-a644-dc848be57497'),
 ('138', '152', 'SEO', '2', '2017-01-25 21:49:38', '2017-01-25 21:49:38', 'd7c16137-d86f-4253-91dc-d0618d8cf047'),
 ('144', '156', 'Who We Are', '1', '2017-01-26 19:45:53', '2017-01-26 19:45:53', '016c49f6-27e1-4f8b-b0bc-285be1c412ef'),
 ('145', '156', 'SEO', '2', '2017-01-26 19:45:53', '2017-01-26 19:45:53', 'b9cdd006-7c9d-47e7-9321-ecdf3f2c709c'),
 ('148', '159', 'Content', '1', '2017-01-26 20:15:54', '2017-01-26 20:15:54', '5b06aaa9-48f4-4e92-9723-171062e288c5'),
 ('149', '160', 'Content', '1', '2017-01-26 23:13:17', '2017-01-26 23:13:17', 'be134a2a-0aa1-47b7-b97f-c5c08cdce290'),
 ('152', '162', 'Content', '1', '2017-01-30 18:25:24', '2017-01-30 18:25:24', '720d64b7-62e4-49f6-a3e7-f9f4e9d728bf'),
 ('153', '163', 'Default', '1', '2017-01-30 18:38:13', '2017-01-30 18:38:13', 'fe00e596-aa98-48f9-8024-1d99d9bd7b89'),
 ('154', '163', 'SEO', '2', '2017-01-30 18:38:13', '2017-01-30 18:38:13', '5c231033-ec81-461b-ba2a-9bef9de03ec5'),
 ('161', '169', 'Default', '1', '2017-02-02 22:49:23', '2017-02-02 22:49:23', '55721a96-7d38-463e-815d-5853f2ce9257'),
 ('164', '174', 'Default', '1', '2017-02-03 20:40:49', '2017-02-03 20:40:49', 'fd427c2c-111a-4aab-803c-b85dedb325b5'),
 ('165', '175', 'Default', '1', '2017-02-03 20:58:14', '2017-02-03 20:58:14', '4bae440e-dea0-4e72-ab12-1a0b692890a2'),
 ('168', '181', 'Default', '1', '2017-02-08 19:41:40', '2017-02-08 19:41:40', '9aa96e75-e3c0-4245-aa0a-fa0b3395200e'),
 ('178', '192', 'Main', '1', '2017-02-09 20:06:49', '2017-02-09 20:06:49', 'd3ac7011-4676-4353-8b13-a4f6a575bc14'),
 ('179', '192', 'SEO', '2', '2017-02-09 20:06:49', '2017-02-09 20:06:49', '7ac58d31-d5cf-46d4-87b2-4ac955491e61'),
 ('180', '193', 'Default', '1', '2017-02-09 20:07:08', '2017-02-09 20:07:08', '2cd4b018-8063-4131-9dbb-0e247d0a7601'),
 ('181', '193', 'SEO', '2', '2017-02-09 20:07:08', '2017-02-09 20:07:08', '0ab7cfe1-b4b0-488c-8ed4-91505d4103fa'),
 ('185', '202', 'Content', '1', '2017-02-16 22:48:52', '2017-02-16 22:48:52', '75344232-6aa0-46cc-87b2-554b566b9a2f');



DROP TABLE IF EXISTS `craft_fields`;


--
-- Schema for table `craft_fields`
--
CREATE TABLE `craft_fields` (
  `id` int(11) NOT NULL AUTO_INCREMENT,
  `groupId` int(11) DEFAULT NULL,
  `name` varchar(255) COLLATE utf8_unicode_ci NOT NULL,
  `handle` varchar(58) COLLATE utf8_unicode_ci NOT NULL,
  `context` varchar(255) COLLATE utf8_unicode_ci NOT NULL DEFAULT 'global',
  `instructions` text COLLATE utf8_unicode_ci,
  `translatable` tinyint(1) unsigned NOT NULL DEFAULT '0',
  `type` varchar(150) COLLATE utf8_unicode_ci NOT NULL,
  `settings` text COLLATE utf8_unicode_ci,
  `dateCreated` datetime NOT NULL,
  `dateUpdated` datetime NOT NULL,
  `uid` char(36) COLLATE utf8_unicode_ci NOT NULL DEFAULT '0',
  PRIMARY KEY (`id`),
  UNIQUE KEY `craft_fields_handle_context_unq_idx` (`handle`,`context`),
  KEY `craft_fields_context_idx` (`context`),
  KEY `craft_fields_groupId_fk` (`groupId`)
) ENGINE=InnoDB AUTO_INCREMENT=101 DEFAULT CHARSET=utf8 COLLATE=utf8_unicode_ci;

--
-- Data for table `craft_fields`
--

INSERT INTO `craft_fields` (`id`, `groupId`, `name`, `handle`, `context`, `instructions`, `translatable`, `type`, `settings`, `dateCreated`, `dateUpdated`, `uid`) VALUES
 ('2', '1', 'Tags', 'tags', 'global', NULL, '0', 'Tags', '{\"source\":\"taggroup:1\"}', '2016-10-10 20:59:13', '2016-10-10 20:59:13', '646c04f6-c01d-49af-91e5-ff5d90479af4'),
 ('6', '4', 'SEO Title', 'seoTitle', 'global', 'Custom title override to improve SEO', '0', 'PlainText', '{\"placeholder\":\"\",\"maxLength\":\"69\",\"multiline\":\"\",\"initialRows\":\"4\"}', '2016-10-10 21:41:34', '2016-10-12 16:33:04', '7a978b7f-cab5-448c-88dc-d4e1a9d281cf'),
 ('7', '4', 'SEO Description', 'seoDescription', 'global', 'Used for meta description to improve SEO', '0', 'PlainText', '{\"placeholder\":\"\",\"maxLength\":\"155\",\"multiline\":\"1\",\"initialRows\":\"4\"}', '2016-10-10 21:42:52', '2016-10-12 16:32:57', '8dd0581c-6902-4a9c-8ddd-e11ce7656351'),
 ('36', '8', 'People', 'people', 'global', '', '0', 'Matrix', '{\"maxBlocks\":null}', '2016-12-13 22:24:13', '2017-01-30 18:25:24', 'f68bd23e-cdef-4a93-bc69-d799858a5e37'),
 ('37', NULL, 'Person Name', 'personName', 'matrixBlockType:5', '', '0', 'PlainText', '{\"placeholder\":\"\",\"maxLength\":\"\",\"multiline\":\"\",\"initialRows\":\"4\"}', '2016-12-13 22:24:13', '2017-01-30 18:25:24', '0a33cf4a-e767-459d-80ad-67047568db1e'),
 ('38', NULL, 'Person Title', 'personTitle', 'matrixBlockType:5', '', '0', 'PlainText', '{\"placeholder\":\"\",\"maxLength\":\"\",\"multiline\":\"\",\"initialRows\":\"4\"}', '2016-12-13 22:24:13', '2017-01-30 18:25:24', 'e7d409d4-2f29-4388-9755-f6ab096c7c7f'),
 ('40', NULL, 'Person Description', 'personDescription', 'matrixBlockType:5', '', '1', 'RichText', '{\"configFile\":\"Standard.json\",\"availableAssetSources\":\"\",\"availableTransforms\":\"\",\"cleanupHtml\":\"1\",\"purifyHtml\":\"1\",\"columnType\":\"text\"}', '2016-12-13 22:24:13', '2017-01-30 18:25:24', '8c2775de-f70f-4f07-b5c3-161c0f83715a'),
 ('41', NULL, 'Person Image', 'personImage', 'matrixBlockType:5', '', '0', 'Assets', '{\"useSingleFolder\":\"1\",\"sources\":\"*\",\"defaultUploadLocationSource\":\"2\",\"defaultUploadLocationSubpath\":\"\",\"singleUploadLocationSource\":\"2\",\"singleUploadLocationSubpath\":\"\",\"restrictFiles\":\"1\",\"allowedKinds\":[\"image\"],\"targetLocale\":\"\",\"limit\":\"1\",\"viewMode\":\"large\",\"selectionLabel\":\"\"}', '2016-12-13 22:29:27', '2017-01-30 18:25:24', '8f7d6df0-566a-4c34-b6da-6d9850f19621'),
 ('44', '8', 'Principles', 'principles', 'global', '', '0', 'Matrix', '{\"maxBlocks\":null}', '2016-12-20 21:44:46', '2017-01-26 20:15:54', '26ba242a-7632-4143-8293-8c66f2ce96bb'),
 ('45', NULL, 'Principle Icon', 'principleIcon', 'matrixBlockType:6', 'The svg icon associated with the principle', '0', 'Assets', '{\"useSingleFolder\":\"1\",\"sources\":\"*\",\"defaultUploadLocationSource\":\"2\",\"defaultUploadLocationSubpath\":\"\",\"singleUploadLocationSource\":\"6\",\"singleUploadLocationSubpath\":\"{owner.slug}\",\"restrictFiles\":\"\",\"targetLocale\":\"\",\"limit\":\"1\",\"viewMode\":\"large\",\"selectionLabel\":\"\"}', '2016-12-20 21:44:46', '2017-01-26 20:15:54', 'f91a780c-2d3f-4e61-992a-a374c9ec2761'),
 ('46', NULL, 'Principle Label', 'principleLabel', 'matrixBlockType:6', '', '1', 'PlainText', '{\"placeholder\":\"\",\"maxLength\":\"\",\"multiline\":\"\",\"initialRows\":\"4\"}', '2016-12-20 21:44:46', '2017-01-26 20:15:54', '920975d9-9e93-4ddc-a0b7-88731ac66117'),
 ('47', NULL, 'Principle Description', 'principleDescription', 'matrixBlockType:6', '', '1', 'PlainText', '{\"placeholder\":\"\",\"maxLength\":\"\",\"multiline\":\"\",\"initialRows\":\"4\"}', '2016-12-20 21:44:46', '2017-01-26 20:15:54', 'cc643937-5162-43e6-bd97-5b5cf67471d3'),
 ('48', '1', 'Page Description', 'pageDescription', 'global', 'The big descriptive text at the top of the page', '1', 'PlainText', '{\"placeholder\":\"Page description\",\"maxLength\":\"\",\"multiline\":\"1\",\"initialRows\":\"4\"}', '2017-01-03 16:58:46', '2017-01-24 19:44:01', '32044766-4b09-4e5c-a620-b18d4dbe3ffb'),
 ('49', '1', 'Body', 'body', 'global', 'The body copy', '0', 'RichText', '{\"configFile\":\"Standard.json\",\"availableAssetSources\":\"*\",\"availableTransforms\":\"*\",\"cleanupHtml\":\"1\",\"purifyHtml\":\"1\",\"columnType\":\"text\"}', '2017-01-03 21:26:11', '2017-02-09 16:14:27', 'b16265b0-cb4e-4558-8cc7-36917aa93b69'),
 ('50', '1', 'Banner Image', 'bannerImage', 'global', 'The main page banner image.', '0', 'Assets', '{\"useSingleFolder\":\"1\",\"sources\":\"*\",\"defaultUploadLocationSource\":\"2\",\"defaultUploadLocationSubpath\":\"\",\"singleUploadLocationSource\":\"6\",\"singleUploadLocationSubpath\":\"{slug}\\/\",\"restrictFiles\":\"1\",\"allowedKinds\":[\"image\"],\"targetLocale\":\"en_us\",\"limit\":\"1\",\"viewMode\":\"large\",\"selectionLabel\":\"Choose banner image\"}', '2017-01-04 21:52:48', '2017-02-16 15:44:22', '60fb224d-1163-4fda-8ccc-ec5f35830998'),
 ('51', '9', 'User Paths', 'userPaths', 'global', '', '1', 'Matrix', '{\"maxBlocks\":\"2\"}', '2017-01-05 16:00:40', '2017-01-24 20:09:04', '85a1f5ab-b896-40e8-a681-884f3bc63023'),
 ('52', NULL, 'Path Title', 'pathTitle', 'matrixBlockType:7', 'Example: \'For Employers\'', '1', 'PlainText', '{\"placeholder\":\"\",\"maxLength\":\"\",\"multiline\":\"1\",\"initialRows\":\"2\"}', '2017-01-05 16:00:41', '2017-01-24 20:09:04', '2b29443f-f11c-4c40-bde9-bd0217ec66e8'),
 ('53', NULL, 'Path Link Text', 'pathLinkText', 'matrixBlockType:7', 'Example: \'Invest in your greatest asset — your people\'', '1', 'PlainText', '{\"placeholder\":\"\",\"maxLength\":\"\",\"multiline\":\"1\",\"initialRows\":\"1\"}', '2017-01-05 16:00:41', '2017-01-24 20:09:04', 'd9044559-ef04-48f0-b273-1761b6f2bd18'),
 ('54', NULL, 'Path Page', 'pathPage', 'matrixBlockType:7', '', '1', 'Entries', '{\"sources\":[\"section:13\",\"section:14\",\"singles\",\"section:9\"],\"targetLocale\":\"\",\"limit\":\"1\",\"selectionLabel\":\"\"}', '2017-01-05 16:00:41', '2017-01-24 20:09:04', '587383f8-60df-49ec-8d23-b1f190d45809'),
 ('55', NULL, 'Path Image', 'pathImage', 'matrixBlockType:7', '', '0', 'Assets', '{\"useSingleFolder\":\"1\",\"sources\":\"*\",\"defaultUploadLocationSource\":\"6\",\"defaultUploadLocationSubpath\":\"{owner.slug}\\/\",\"singleUploadLocationSource\":\"6\",\"singleUploadLocationSubpath\":\"{owner.slug}\\/\",\"restrictFiles\":\"1\",\"allowedKinds\":[\"image\"],\"targetLocale\":\"\",\"limit\":\"1\",\"viewMode\":\"large\",\"selectionLabel\":\"\"}', '2017-01-05 16:00:41', '2017-01-24 20:09:04', '20863674-2dde-47c7-b0ac-be13bb21ea04'),
 ('58', '1', 'Linked Page', 'linkedPage', 'global', '', '1', 'Entries', '{\"sources\":[\"section:12\",\"section:11\",\"singles\",\"section:9\"],\"targetLocale\":\"\",\"limit\":\"1\",\"selectionLabel\":\"\"}', '2017-01-11 15:46:31', '2017-01-11 15:46:31', '336d107a-c242-4b41-9ff4-0e806bb1a98f'),
 ('59', '10', 'Path Page Sections', 'pathPageSections', 'global', '', '0', 'Matrix', '{\"maxBlocks\":null}', '2017-01-11 18:25:37', '2017-01-24 17:52:19', '95bacb17-5214-40d3-9d5c-e3afb4dd9dde'),
 ('61', NULL, 'Section Image', 'sectionImage', 'matrixBlockType:8', '', '0', 'Assets', '{\"useSingleFolder\":\"1\",\"sources\":\"*\",\"defaultUploadLocationSource\":\"2\",\"defaultUploadLocationSubpath\":\"\",\"singleUploadLocationSource\":\"6\",\"singleUploadLocationSubpath\":\"user-paths\",\"restrictFiles\":\"1\",\"allowedKinds\":[\"image\"],\"targetLocale\":\"\",\"limit\":\"1\",\"viewMode\":\"large\",\"selectionLabel\":\"\"}', '2017-01-11 18:25:37', '2017-01-24 17:52:19', '05e9eca6-65b2-4480-83d1-7749087481b1'),
 ('62', NULL, 'Section Text', 'sectionText', 'matrixBlockType:8', '', '1', 'PlainText', '{\"placeholder\":\"\",\"maxLength\":\"\",\"multiline\":\"1\",\"initialRows\":\"4\"}', '2017-01-11 18:25:37', '2017-01-24 17:52:19', '5199233a-d5b5-493d-af74-c1e7105a289a'),
 ('63', NULL, 'Section Links', 'sectionLinks', 'matrixBlockType:8', '', '0', 'RichText', '{\"configFile\":\"Standard.json\",\"availableAssetSources\":\"*\",\"availableTransforms\":\"*\",\"cleanupHtml\":\"1\",\"purifyHtml\":\"1\",\"columnType\":\"text\"}', '2017-01-11 18:25:37', '2017-01-24 17:52:19', '7ff6920a-ec74-4679-a3e3-5de49c962233'),
 ('64', NULL, 'Section Color', 'sectionColor', 'matrixBlockType:8', 'The background color of the section', '0', 'Dropdown', '{\"options\":[{\"label\":\"Gray\",\"value\":\"background-gray\",\"default\":\"1\"},{\"label\":\"Blue\",\"value\":\"background-blue\",\"default\":\"\"},{\"label\":\"Yellow\",\"value\":\"background-yellow\",\"default\":\"\"},{\"label\":\"Green\",\"value\":\"background-green\",\"default\":\"\"},{\"label\":\"Orange\",\"value\":\"background-orange\",\"default\":\"\"}]}', '2017-01-17 21:20:00', '2017-01-24 17:52:19', '9f3c7190-2c8d-4b2e-bd3e-5e8ddfa5015f'),
 ('65', NULL, 'Section Title', 'sectionTitle', 'matrixBlockType:8', '', '1', 'PlainText', '{\"placeholder\":\"\",\"maxLength\":\"\",\"multiline\":\"1\",\"initialRows\":\"3\"}', '2017-01-17 22:03:49', '2017-01-24 17:52:19', '0b40c815-a2aa-4735-9ed4-9d4aa3c4b607'),
 ('66', NULL, 'Section Title Style', 'sectionTitleStyle', 'matrixBlockType:8', '', '0', 'Dropdown', '{\"options\":[{\"label\":\"Regular\",\"value\":\"regular\",\"default\":\"1\"},{\"label\":\"Large Numeral\",\"value\":\"largeNumeral\",\"default\":\"1\"},{\"label\":\"Quote\",\"value\":\"quote\",\"default\":\"1\"}]}', '2017-01-20 15:28:21', '2017-01-24 17:52:19', '94a642d8-2005-4fab-98e4-94735603dc3c'),
 ('67', '10', 'User Path Tagline', 'userPathTagline', 'global', 'The tagline that appears above each section title (ex: \"For Employers\")', '1', 'PlainText', '{\"placeholder\":\"\",\"maxLength\":\"\",\"multiline\":\"\",\"initialRows\":\"4\"}', '2017-01-23 22:12:09', '2017-01-23 22:12:09', '3012eec6-1aeb-4830-86b4-2b073df51093'),
 ('68', '11', 'Our Navigators', 'ourNavigators', 'global', '', '1', 'Matrix', '{\"maxBlocks\":null}', '2017-01-25 18:35:23', '2017-01-25 18:35:23', 'cab006ad-ca17-4fb9-8992-5843f87d1477'),
 ('69', NULL, 'Section Title', 'sectionTitle', 'matrixBlockType:9', '', '1', 'PlainText', '{\"placeholder\":\"\",\"maxLength\":\"\",\"multiline\":\"\",\"initialRows\":\"4\"}', '2017-01-25 18:35:23', '2017-01-25 18:35:23', '8a240c1d-8064-4bfa-bd90-6f676e0a6406'),
 ('70', NULL, 'Section Content', 'sectionContent', 'matrixBlockType:9', '', '1', 'RichText', '{\"configFile\":\"\",\"availableAssetSources\":\"\",\"availableTransforms\":\"\",\"cleanupHtml\":\"1\",\"purifyHtml\":\"1\",\"columnType\":\"text\"}', '2017-01-25 18:35:23', '2017-01-25 18:35:23', '1038647a-11c7-45e2-9a42-99a6df338b11'),
 ('71', '11', 'Our Knowledge', 'knowledge', 'global', '', '1', 'Matrix', '{\"maxBlocks\":null}', '2017-01-25 20:09:23', '2017-01-25 20:09:23', '4ff032c1-a872-4d02-93f9-dfeaefe198fe'),
 ('72', NULL, 'Section Title', 'sectionTitle', 'matrixBlockType:10', '', '1', 'PlainText', '{\"placeholder\":\"\",\"maxLength\":\"\",\"multiline\":\"1\",\"initialRows\":\"2\"}', '2017-01-25 20:09:23', '2017-01-25 20:09:23', '8b6e338c-6267-45e7-9523-e319e87213dc'),
 ('73', NULL, 'Section Content', 'sectionContent', 'matrixBlockType:10', '', '1', 'RichText', '{\"configFile\":\"\",\"availableAssetSources\":\"\",\"availableTransforms\":\"\",\"cleanupHtml\":\"1\",\"purifyHtml\":\"1\",\"columnType\":\"text\"}', '2017-01-25 20:09:23', '2017-01-25 20:09:23', '758fb4e2-a135-44cf-911e-bb691953d0ad'),
 ('74', '11', 'Our Approach', 'ourApproach', 'global', '', '1', 'Matrix', '{\"maxBlocks\":null}', '2017-01-25 20:10:52', '2017-01-25 20:10:52', 'ed4e7985-d384-4104-b9b7-17a01c7add34'),
 ('75', NULL, 'Step Title', 'stepTitle', 'matrixBlockType:11', '', '1', 'PlainText', '{\"placeholder\":\"\",\"maxLength\":\"\",\"multiline\":\"1\",\"initialRows\":\"1\"}', '2017-01-25 20:10:52', '2017-01-25 20:10:52', 'a431d242-3d1f-4d45-9daa-4ddadba482a8'),
 ('76', NULL, 'Step Content', 'stepContent', 'matrixBlockType:11', '', '1', 'RichText', '{\"configFile\":\"Simple.json\",\"availableAssetSources\":\"\",\"availableTransforms\":\"\",\"cleanupHtml\":\"1\",\"purifyHtml\":\"1\",\"columnType\":\"text\"}', '2017-01-25 20:10:52', '2017-01-25 20:10:52', 'b7a4c141-49bc-4543-88e0-9545224e9e89'),
 ('77', '1', 'Learn More Links', 'learnMoreLinks', 'global', 'Links to resources at the bottom of the page (each on a new line)', '1', 'RichText', '{\"configFile\":\"\",\"availableAssetSources\":\"*\",\"availableTransforms\":\"*\",\"cleanupHtml\":\"1\",\"purifyHtml\":\"1\",\"columnType\":\"text\"}', '2017-01-25 21:49:21', '2017-01-26 19:45:38', '41ce7bea-1347-4000-9ca1-da80645d25fa'),
 ('78', '1', 'Intro Sections', 'introSections', 'global', 'Sections that appear in the page intro underneath the page description', '1', 'Matrix', '{\"maxBlocks\":null}', '2017-01-26 19:44:43', '2017-01-26 23:13:17', '15eeedeb-4db5-4499-b869-f35d749fa2c5'),
 ('79', NULL, 'Section Title', 'sectionTitle', 'matrixBlockType:12', '', '1', 'PlainText', '{\"placeholder\":\"\",\"maxLength\":\"\",\"multiline\":\"1\",\"initialRows\":\"1\"}', '2017-01-26 19:44:44', '2017-01-26 23:13:17', '2afcb311-2eb9-4815-aa4f-f2b64ec68e58'),
 ('80', NULL, 'Section Content', 'sectionContent', 'matrixBlockType:12', '', '1', 'RichText', '{\"configFile\":\"\",\"availableAssetSources\":\"\",\"availableTransforms\":\"\",\"cleanupHtml\":\"1\",\"purifyHtml\":\"1\",\"columnType\":\"text\"}', '2017-01-26 19:44:44', '2017-01-26 23:13:17', '7fd2d5fc-5eb7-4da7-ae38-e5451a68b129'),
 ('81', '8', 'People Section Label', 'peopleSectionLabel', 'global', '', '1', 'PlainText', '{\"placeholder\":\"\",\"maxLength\":\"\",\"multiline\":\"\",\"initialRows\":\"4\"}', '2017-01-30 18:28:22', '2017-01-30 18:28:22', 'a480320b-7e79-4243-b471-7ecba3d54940'),
 ('82', '12', 'Excerpt', 'excerpt', 'global', 'The excerpt that is displayed on the blog landing page', '0', 'PlainText', '{\"placeholder\":\"\",\"maxLength\":\"\",\"multiline\":\"\",\"initialRows\":\"4\"}', '2017-02-02 22:14:56', '2017-02-02 22:14:56', '50364b57-8731-453d-b212-32fd8d30c25a'),
 ('83', '12', 'Blog Category', 'blogCategory', 'global', '', '0', 'Categories', '{\"source\":\"group:3\",\"targetLocale\":\"\",\"limit\":\"1\",\"selectionLabel\":\"\"}', '2017-02-02 22:33:29', '2017-02-02 22:33:29', '7e9473c0-d218-4bc9-aec1-3f8ecee77162'),
 ('84', '12', 'Blog Tags', 'blogTags', 'global', '', '0', 'Tags', '{\"source\":\"taggroup:3\",\"targetLocale\":\"\",\"selectionLabel\":\"\"}', '2017-02-02 22:37:37', '2017-02-02 22:37:37', '63f7a8c3-67e0-4c08-83ab-05f0fbfddb76'),
 ('85', '13', 'Resource Topic', 'resourceTopic', 'global', '', '0', 'Categories', '{\"source\":\"group:6\",\"targetLocale\":\"\",\"limit\":\"1\",\"selectionLabel\":\"\"}', '2017-02-06 21:06:24', '2017-02-06 21:06:24', '687a30fa-2f0c-44ad-85bd-0c87ffaec0c4'),
 ('86', '13', 'Resource Locations', 'resourceLocations', 'global', '', '0', 'Tags', '{\"source\":\"taggroup:4\",\"targetLocale\":\"\",\"selectionLabel\":\"\"}', '2017-02-06 21:12:48', '2017-02-06 21:12:48', '9628cfbe-7a5e-4469-82f2-63eff08a0681'),
 ('87', '12', 'Blog Post Type', 'blogPostType', 'global', 'Choose what type of post this is', '0', 'Categories', '{\"source\":\"group:7\",\"targetLocale\":\"\",\"limit\":\"1\",\"selectionLabel\":\"\"}', '2017-02-08 19:44:14', '2017-02-08 19:44:14', '84f5bbb9-8e54-46e9-97e3-908ad515c901'),
 ('88', '13', 'Resource Post Type', 'resourcePostType', 'global', 'Choose what type of resource this is', '0', 'Categories', '{\"source\":\"group:8\",\"targetLocale\":\"\",\"limit\":\"1\",\"selectionLabel\":\"\"}', '2017-02-08 20:47:47', '2017-02-08 20:47:47', 'cf9835fc-20c9-4837-82e8-ec16f965f65f'),
 ('89', '12', 'Banner Image', 'blogBannerImage', 'global', 'The featured image used on the blog listing page and the giant banner image at the top of the post.', '0', 'Assets', '{\"useSingleFolder\":\"\",\"sources\":[\"folder:74\"],\"defaultUploadLocationSource\":\"7\",\"defaultUploadLocationSubpath\":\"{slug}\\/\",\"singleUploadLocationSource\":\"2\",\"singleUploadLocationSubpath\":\"\",\"restrictFiles\":\"\",\"targetLocale\":\"\",\"limit\":\"1\",\"viewMode\":\"large\",\"selectionLabel\":\"\"}', '2017-02-09 15:29:15', '2017-02-09 16:53:19', '063f25bb-346d-4c6d-a357-1cff6c92b08f'),
 ('90', '13', 'Banner Image', 'resourcesBannerImage', 'global', 'The featured image used on the resources listing page and the giant banner image at the top of the post.', '0', 'Assets', '{\"useSingleFolder\":\"\",\"sources\":[\"folder:75\"],\"defaultUploadLocationSource\":\"8\",\"defaultUploadLocationSubpath\":\"{slug}\\/\",\"singleUploadLocationSource\":\"8\",\"singleUploadLocationSubpath\":\"\",\"restrictFiles\":\"1\",\"allowedKinds\":[\"image\"],\"targetLocale\":\"\",\"limit\":\"1\",\"viewMode\":\"large\",\"selectionLabel\":\"\"}', '2017-02-09 16:07:23', '2017-02-09 16:53:29', 'b20b524d-39a1-465c-8779-3343f105238a'),
 ('91', '1', 'YouTube Video Id', 'videoId', 'global', 'YouTube video ID (extract from the url, example: in the url \'youtube.com/watch?v=eaIvk1cSyG8\', the id is \'eaIvk1cSyG8\'', '0', 'PlainText', '{\"placeholder\":\"\",\"maxLength\":\"\",\"multiline\":\"\",\"initialRows\":\"4\"}', '2017-02-09 20:04:40', '2017-02-10 20:49:14', '2a183104-63d4-445d-9e90-de8bcd9938c4'),
 ('97', '14', 'Twitter Url', 'twitterUrl', 'global', 'ex: http://twitter.com/ednavigate', '0', 'PlainText', '{\"placeholder\":\"\",\"maxLength\":\"\",\"multiline\":\"\",\"initialRows\":\"4\"}', '2017-02-16 22:46:23', '2017-02-16 22:46:23', 'a3418340-8df9-494d-a2e0-cbc666702ffc'),
 ('98', '14', 'Facebook Url', 'facebookUrl', 'global', 'ex: http://facebook.com/ednavigator', '0', 'PlainText', '{\"placeholder\":\"\",\"maxLength\":\"\",\"multiline\":\"\",\"initialRows\":\"4\"}', '2017-02-16 22:46:45', '2017-02-16 22:46:45', '17a4bb9c-7d8c-49da-b192-85b000c7b38d'),
 ('99', '14', 'LinkedIn Url', 'linkedinUrl', 'global', 'ex: http://linkedin.com/ednavigator', '0', 'PlainText', '{\"placeholder\":\"\",\"maxLength\":\"\",\"multiline\":\"\",\"initialRows\":\"4\"}', '2017-02-16 22:47:08', '2017-02-16 22:47:08', 'afb9c72a-3911-46c1-a3d1-1943fef3dc00'),
 ('100', '14', 'Medium Url', 'mediumUrl', 'global', 'ex: http://medium.com/ednavigator', '0', 'PlainText', '{\"placeholder\":\"\",\"maxLength\":\"\",\"multiline\":\"\",\"initialRows\":\"4\"}', '2017-02-16 22:47:32', '2017-02-16 22:47:32', 'c71e1868-f3f3-4cd7-a727-1f0fbbbd4320');



DROP TABLE IF EXISTS `craft_globalsets`;


--
-- Schema for table `craft_globalsets`
--
CREATE TABLE `craft_globalsets` (
  `id` int(11) NOT NULL,
  `name` varchar(255) COLLATE utf8_unicode_ci NOT NULL,
  `handle` varchar(255) COLLATE utf8_unicode_ci NOT NULL,
  `fieldLayoutId` int(10) DEFAULT NULL,
  `dateCreated` datetime NOT NULL,
  `dateUpdated` datetime NOT NULL,
  `uid` char(36) COLLATE utf8_unicode_ci NOT NULL DEFAULT '0',
  PRIMARY KEY (`id`),
  UNIQUE KEY `craft_globalsets_name_unq_idx` (`name`),
  UNIQUE KEY `craft_globalsets_handle_unq_idx` (`handle`),
  KEY `craft_globalsets_fieldLayoutId_fk` (`fieldLayoutId`)
) ENGINE=InnoDB DEFAULT CHARSET=utf8 COLLATE=utf8_unicode_ci;

--
-- Data for table `craft_globalsets`
--

INSERT INTO `craft_globalsets` (`id`, `name`, `handle`, `fieldLayoutId`, `dateCreated`, `dateUpdated`, `uid`) VALUES
 ('4', 'Global SEO', 'globalSeo', '11', '2016-10-10 21:49:00', '2016-10-10 21:49:12', '8fc0cbd3-030c-4cb9-82a1-d56ba14715ef'),
 ('3001', 'Social Media Links', 'socialMediaLinks', '202', '2017-02-16 22:37:36', '2017-02-16 22:48:52', 'bc0f0c73-2a35-4681-9453-b6af9ef4f636'),
 ('3002', 'App Information', 'appInformation', '203', '2017-02-16 22:51:33', '2017-02-16 22:51:33', 'b04f398e-0964-4bc2-9734-3323a7268957');



DROP TABLE IF EXISTS `craft_import_entries`;


--
-- Schema for table `craft_import_entries`
--
CREATE TABLE `craft_import_entries` (
  `id` int(11) NOT NULL AUTO_INCREMENT,
  `historyId` int(11) DEFAULT NULL,
  `entryId` int(11) DEFAULT NULL,
  `dateCreated` datetime NOT NULL,
  `dateUpdated` datetime NOT NULL,
  `uid` char(36) COLLATE utf8_unicode_ci NOT NULL DEFAULT '0',
  PRIMARY KEY (`id`),
  KEY `craft_import_entries_historyId_fk` (`historyId`),
  KEY `craft_import_entries_entryId_fk` (`entryId`)
) ENGINE=InnoDB DEFAULT CHARSET=utf8 COLLATE=utf8_unicode_ci;

DROP TABLE IF EXISTS `craft_import_history`;


--
-- Schema for table `craft_import_history`
--
CREATE TABLE `craft_import_history` (
  `id` int(11) NOT NULL AUTO_INCREMENT,
  `userId` int(11) DEFAULT NULL,
  `type` varchar(255) COLLATE utf8_unicode_ci DEFAULT NULL,
  `file` varchar(255) COLLATE utf8_unicode_ci DEFAULT NULL,
  `rows` int(10) DEFAULT NULL,
  `behavior` enum('append','replace','delete') COLLATE utf8_unicode_ci DEFAULT NULL,
  `status` enum('started','finished','reverted') COLLATE utf8_unicode_ci DEFAULT NULL,
  `dateCreated` datetime NOT NULL,
  `dateUpdated` datetime NOT NULL,
  `uid` char(36) COLLATE utf8_unicode_ci NOT NULL DEFAULT '0',
  PRIMARY KEY (`id`),
  KEY `craft_import_history_userId_fk` (`userId`)
) ENGINE=InnoDB AUTO_INCREMENT=8 DEFAULT CHARSET=utf8 COLLATE=utf8_unicode_ci;

--
-- Data for table `craft_import_history`
--

INSERT INTO `craft_import_history` (`id`, `userId`, `type`, `file`, `rows`, `behavior`, `status`, `dateCreated`, `dateUpdated`, `uid`) VALUES
 ('1', '1', 'Entry', '84', '1', 'append', 'finished', '2016-12-16 20:00:29', '2016-12-16 20:00:31', 'a6d28602-6ebd-4e21-8a60-e033d9bfdfaa'),
 ('2', '1', 'Entry', '86', '5', 'append', 'finished', '2016-12-16 20:11:02', '2016-12-16 20:11:03', '8691b63d-bf55-461f-a714-4524f7f72d04'),
 ('3', '1', 'Entry', '87', '5', 'append', 'finished', '2016-12-16 20:12:20', '2016-12-16 20:12:20', '107a8827-c712-4853-a4e0-7083c3267bea'),
 ('4', '1', 'Entry', '88', '1', 'append', 'finished', '2016-12-16 20:23:12', '2016-12-16 20:23:13', '46681b87-1bbd-4590-9b7d-a419898416f6'),
 ('5', '1', 'Entry', '90', '41', 'append', 'finished', '2016-12-16 21:17:28', '2016-12-16 21:17:31', 'c8ffcec4-76a2-4fc8-94ec-8eee6573f0f0'),
 ('6', '1', 'Entry', '91', '41', 'replace', 'finished', '2016-12-16 21:20:32', '2016-12-16 21:20:34', 'ab46e9a5-8631-4f88-b3ed-141adcdc6658'),
 ('7', '1', 'Entry', '92', '41', 'append', 'finished', '2016-12-16 21:22:24', '2016-12-16 21:22:27', '4a8d5906-9b98-4fa6-a7f2-9adb29eb2efa');



DROP TABLE IF EXISTS `craft_import_log`;


--
-- Schema for table `craft_import_log`
--
CREATE TABLE `craft_import_log` (
  `id` int(11) NOT NULL AUTO_INCREMENT,
  `historyId` int(11) DEFAULT NULL,
  `line` int(10) DEFAULT NULL,
  `errors` text COLLATE utf8_unicode_ci,
  `dateCreated` datetime NOT NULL,
  `dateUpdated` datetime NOT NULL,
  `uid` char(36) COLLATE utf8_unicode_ci NOT NULL DEFAULT '0',
  PRIMARY KEY (`id`),
  KEY `craft_import_log_historyId_fk` (`historyId`)
) ENGINE=InnoDB AUTO_INCREMENT=51 DEFAULT CHARSET=utf8 COLLATE=utf8_unicode_ci;

--
-- Data for table `craft_import_log`
--

INSERT INTO `craft_import_log` (`id`, `historyId`, `line`, `errors`, `dateCreated`, `dateUpdated`, `uid`) VALUES
 ('1', '2', '2', '[[\"Columns and data did not match, could be due to malformed CSV row.\"]]', '2016-12-16 20:11:03', '2016-12-16 20:11:03', '7e138088-7fd4-4ada-8b74-dd56a988c195'),
 ('2', '2', '3', '[[\"Columns and data did not match, could be due to malformed CSV row.\"]]', '2016-12-16 20:11:03', '2016-12-16 20:11:03', '8b72367a-3f23-464a-8d94-62684223ffc0'),
 ('3', '2', '4', '[[\"Columns and data did not match, could be due to malformed CSV row.\"]]', '2016-12-16 20:11:03', '2016-12-16 20:11:03', 'a1393e99-c24a-4705-b80f-8eb56542dea6'),
 ('4', '2', '5', '[[\"Columns and data did not match, could be due to malformed CSV row.\"]]', '2016-12-16 20:11:03', '2016-12-16 20:11:03', '3be2880e-7ffa-4062-b153-6b07d4c0bd52'),
 ('5', '2', '6', '[[\"Columns and data did not match, could be due to malformed CSV row.\"]]', '2016-12-16 20:11:03', '2016-12-16 20:11:03', '37f1c102-db31-4068-b927-4f03c46514e2'),
 ('6', '3', '2', '[[\"Columns and data did not match, could be due to malformed CSV row.\"]]', '2016-12-16 20:12:20', '2016-12-16 20:12:20', 'c5545985-a0d3-4a1b-8c18-a865626806f1'),
 ('7', '3', '3', '[[\"Columns and data did not match, could be due to malformed CSV row.\"]]', '2016-12-16 20:12:20', '2016-12-16 20:12:20', '6b7e4f53-0f11-4713-b7d1-9cb42e16d547'),
 ('8', '3', '4', '[[\"Columns and data did not match, could be due to malformed CSV row.\"]]', '2016-12-16 20:12:20', '2016-12-16 20:12:20', '93e82851-e5d2-456c-87f3-6f7e167beaf9'),
 ('9', '3', '5', '[[\"Columns and data did not match, could be due to malformed CSV row.\"]]', '2016-12-16 20:12:20', '2016-12-16 20:12:20', 'ca1d7630-04ac-44a1-b6bb-4c518456f0ab'),
 ('10', '3', '6', '[[\"Columns and data did not match, could be due to malformed CSV row.\"]]', '2016-12-16 20:12:20', '2016-12-16 20:12:20', '2e1ba84e-2a8d-4fd0-be57-bd151f1a9ab6'),
 ('11', '5', '2', '{\"exception\":[\"No entry exists with the ID \\u201c1\\u201d.\"]}', '2016-12-16 21:17:30', '2016-12-16 21:17:30', '0edbd5af-a0b9-4a20-92c5-ce0788d6e4aa'),
 ('12', '5', '3', '{\"exception\":[\"No entry exists with the ID \\u201c3\\u201d.\"]}', '2016-12-16 21:17:30', '2016-12-16 21:17:30', '8810d17a-e8a5-429e-9239-c3e9cf9fb829'),
 ('13', '5', '4', '{\"exception\":[\"No entry exists with the ID \\u201c5\\u201d.\"]}', '2016-12-16 21:17:30', '2016-12-16 21:17:30', 'f139c37f-4a30-4d43-945c-79d1e105bfe0'),
 ('14', '5', '5', '{\"exception\":[\"No entry exists with the ID \\u201c11\\u201d.\"]}', '2016-12-16 21:17:30', '2016-12-16 21:17:30', '08cf0a9d-2b1b-492a-982c-81dd22527335'),
 ('15', '5', '6', '{\"exception\":[\"No entry exists with the ID \\u201c22\\u201d.\"]}', '2016-12-16 21:17:30', '2016-12-16 21:17:30', '6dbf74a5-dc8e-4d4a-99ef-ac2a847c4f19'),
 ('16', '5', '7', '{\"exception\":[\"No entry exists with the ID \\u201c23\\u201d.\"]}', '2016-12-16 21:17:30', '2016-12-16 21:17:30', 'f7b980de-0f0e-4b2e-b79f-e8c94f3018f9'),
 ('17', '5', '8', '{\"exception\":[\"No entry exists with the ID \\u201c24\\u201d.\"]}', '2016-12-16 21:17:30', '2016-12-16 21:17:30', '7533689b-87bd-4e67-98d8-b6618e0b37a9'),
 ('18', '5', '9', '{\"exception\":[\"No entry exists with the ID \\u201c37\\u201d.\"]}', '2016-12-16 21:17:30', '2016-12-16 21:17:30', 'a6d85e37-1bc9-466c-9290-ee5fb800b141'),
 ('19', '5', '10', '{\"exception\":[\"No entry exists with the ID \\u201c39\\u201d.\"]}', '2016-12-16 21:17:30', '2016-12-16 21:17:30', '1cdcdaab-ddb6-42ab-9322-037ddcdaa237'),
 ('20', '5', '11', '{\"exception\":[\"No entry exists with the ID \\u201c40\\u201d.\"]}', '2016-12-16 21:17:30', '2016-12-16 21:17:30', 'fa512657-a2bd-440f-9999-9edff9f6f760'),
 ('21', '5', '12', '{\"exception\":[\"No entry exists with the ID \\u201c43\\u201d.\"]}', '2016-12-16 21:17:30', '2016-12-16 21:17:30', '27222e5c-51d8-4873-ba03-592c3c1405ef'),
 ('22', '5', '14', '{\"exception\":[\"No entry exists with the ID \\u201c45\\u201d.\"]}', '2016-12-16 21:17:31', '2016-12-16 21:17:31', 'e03a2533-35c1-49be-820e-23185622272e'),
 ('23', '5', '15', '{\"exception\":[\"No entry exists with the ID \\u201c47\\u201d.\"]}', '2016-12-16 21:17:31', '2016-12-16 21:17:31', '0a34aecf-0cc3-4f3b-a239-849d943dbdb9'),
 ('24', '5', '16', '{\"exception\":[\"No entry exists with the ID \\u201c49\\u201d.\"]}', '2016-12-16 21:17:31', '2016-12-16 21:17:31', 'e7f4aa5f-2db8-4be4-9f5c-ed53f4f18ec0'),
 ('25', '5', '17', '{\"exception\":[\"No entry exists with the ID \\u201c50\\u201d.\"]}', '2016-12-16 21:17:31', '2016-12-16 21:17:31', '6a33b0f4-a3f0-4b74-a3c8-05711ad991e4'),
 ('26', '5', '18', '{\"exception\":[\"No entry exists with the ID \\u201c55\\u201d.\"]}', '2016-12-16 21:17:31', '2016-12-16 21:17:31', '6e52b95f-e8b5-4753-90a1-e89f6afbddbe'),
 ('27', '5', '19', '{\"exception\":[\"No entry exists with the ID \\u201c56\\u201d.\"]}', '2016-12-16 21:17:31', '2016-12-16 21:17:31', '9fce6ade-e370-4418-9576-e168f218fbb4'),
 ('28', '5', '20', '{\"exception\":[\"No entry exists with the ID \\u201c57\\u201d.\"]}', '2016-12-16 21:17:31', '2016-12-16 21:17:31', 'aefde3ba-a076-4679-92ca-f43a48083470'),
 ('29', '5', '21', '{\"exception\":[\"No entry exists with the ID \\u201c59\\u201d.\"]}', '2016-12-16 21:17:31', '2016-12-16 21:17:31', '2f0cbebc-53e5-4e81-97bd-17146e2b5722'),
 ('30', '5', '22', '{\"exception\":[\"No entry exists with the ID \\u201c62\\u201d.\"]}', '2016-12-16 21:17:31', '2016-12-16 21:17:31', '68d764ce-a88e-4c75-ada3-bedd434d8b0e'),
 ('31', '5', '23', '{\"exception\":[\"No entry exists with the ID \\u201c63\\u201d.\"]}', '2016-12-16 21:17:31', '2016-12-16 21:17:31', 'f0bbd389-6db1-4c79-89ee-2cd62f17f16c'),
 ('32', '5', '24', '{\"exception\":[\"No entry exists with the ID \\u201c64\\u201d.\"]}', '2016-12-16 21:17:31', '2016-12-16 21:17:31', '1b3f16e3-9009-4cf7-acb6-4a849840cbd4'),
 ('33', '5', '25', '{\"exception\":[\"No entry exists with the ID \\u201c65\\u201d.\"]}', '2016-12-16 21:17:31', '2016-12-16 21:17:31', 'e869b5f2-46ef-4b32-a928-66d8905a0bc3'),
 ('34', '5', '26', '{\"exception\":[\"No entry exists with the ID \\u201c66\\u201d.\"]}', '2016-12-16 21:17:31', '2016-12-16 21:17:31', '66d9d8e5-82ab-4ffb-a7bb-916f4ea3bb70'),
 ('35', '5', '27', '{\"exception\":[\"No entry exists with the ID \\u201c67\\u201d.\"]}', '2016-12-16 21:17:31', '2016-12-16 21:17:31', 'a1f097b2-a5bf-4cb2-b3ee-9b522adf49c0'),
 ('36', '5', '28', '{\"exception\":[\"No entry exists with the ID \\u201c68\\u201d.\"]}', '2016-12-16 21:17:31', '2016-12-16 21:17:31', '1801c423-3cc2-4ad5-81c0-d719e3f34f44'),
 ('37', '5', '29', '{\"exception\":[\"No entry exists with the ID \\u201c69\\u201d.\"]}', '2016-12-16 21:17:31', '2016-12-16 21:17:31', 'f3a8bf34-d345-40a3-bd4a-b433b5915da9'),
 ('38', '5', '30', '{\"exception\":[\"No entry exists with the ID \\u201c70\\u201d.\"]}', '2016-12-16 21:17:31', '2016-12-16 21:17:31', 'e6dfb11e-ab9a-4485-a0ac-8a2880efad2a'),
 ('39', '5', '31', '{\"exception\":[\"No entry exists with the ID \\u201c71\\u201d.\"]}', '2016-12-16 21:17:31', '2016-12-16 21:17:31', 'eda09963-2bf5-45d8-a846-f16656623050'),
 ('40', '5', '32', '{\"exception\":[\"No entry exists with the ID \\u201c72\\u201d.\"]}', '2016-12-16 21:17:31', '2016-12-16 21:17:31', '04a31a92-edc4-4ba6-9164-31b61dffcd03'),
 ('41', '5', '33', '{\"exception\":[\"No entry exists with the ID \\u201c73\\u201d.\"]}', '2016-12-16 21:17:31', '2016-12-16 21:17:31', '69d247c1-36de-4b6a-9d67-4c75c0b1cdab'),
 ('42', '5', '34', '{\"exception\":[\"No entry exists with the ID \\u201c74\\u201d.\"]}', '2016-12-16 21:17:31', '2016-12-16 21:17:31', '69ab25a4-c77d-4ada-9357-fe179b45f2dd'),
 ('43', '5', '35', '{\"exception\":[\"No entry exists with the ID \\u201c75\\u201d.\"]}', '2016-12-16 21:17:31', '2016-12-16 21:17:31', 'fa39de49-2fe9-4c6e-a32d-6d04aa1787fb'),
 ('44', '5', '36', '{\"exception\":[\"No entry exists with the ID \\u201c76\\u201d.\"]}', '2016-12-16 21:17:31', '2016-12-16 21:17:31', '933d7a61-da77-461a-ab24-cbfba0c0ece5'),
 ('45', '5', '37', '{\"exception\":[\"No entry exists with the ID \\u201c77\\u201d.\"]}', '2016-12-16 21:17:31', '2016-12-16 21:17:31', '31c02714-8639-483e-ac0a-609d6e5cac53'),
 ('46', '5', '38', '{\"exception\":[\"No entry exists with the ID \\u201c78\\u201d.\"]}', '2016-12-16 21:17:31', '2016-12-16 21:17:31', 'acd97a83-b4bc-46ce-941c-de5188390cd6'),
 ('47', '5', '39', '{\"exception\":[\"No entry exists with the ID \\u201c79\\u201d.\"]}', '2016-12-16 21:17:31', '2016-12-16 21:17:31', '9420db34-51a6-4b69-ba9a-dfb2915a88f5'),
 ('48', '5', '40', '{\"exception\":[\"No entry exists with the ID \\u201c82\\u201d.\"]}', '2016-12-16 21:17:31', '2016-12-16 21:17:31', 'a26cb697-fc71-4f04-a671-edbfadea39dd'),
 ('49', '5', '41', '{\"exception\":[\"No entry exists with the ID \\u201c85\\u201d.\"]}', '2016-12-16 21:17:31', '2016-12-16 21:17:31', 'afc202bf-922b-47ec-b770-a57e0f5bc41d'),
 ('50', '5', '42', '{\"exception\":[\"No entry exists with the ID \\u201c86\\u201d.\"]}', '2016-12-16 21:17:31', '2016-12-16 21:17:31', 'daaddc6e-cd65-4b1b-ad0c-c0318053f6b5');



DROP TABLE IF EXISTS `craft_info`;


--
-- Schema for table `craft_info`
--
CREATE TABLE `craft_info` (
  `id` int(11) NOT NULL AUTO_INCREMENT,
  `version` varchar(50) COLLATE utf8_unicode_ci NOT NULL,
  `schemaVersion` varchar(15) COLLATE utf8_unicode_ci NOT NULL,
  `edition` tinyint(1) unsigned NOT NULL DEFAULT '0',
  `siteName` varchar(100) COLLATE utf8_unicode_ci NOT NULL,
  `siteUrl` varchar(255) COLLATE utf8_unicode_ci NOT NULL,
  `timezone` varchar(30) COLLATE utf8_unicode_ci DEFAULT NULL,
  `on` tinyint(1) unsigned NOT NULL DEFAULT '0',
  `maintenance` tinyint(1) unsigned NOT NULL DEFAULT '0',
  `dateCreated` datetime NOT NULL,
  `dateUpdated` datetime NOT NULL,
  `uid` char(36) COLLATE utf8_unicode_ci NOT NULL DEFAULT '0',
  PRIMARY KEY (`id`)
) ENGINE=InnoDB AUTO_INCREMENT=2 DEFAULT CHARSET=utf8 COLLATE=utf8_unicode_ci;

--
-- Data for table `craft_info`
--

INSERT INTO `craft_info` (`id`, `version`, `schemaVersion`, `edition`, `siteName`, `siteUrl`, `timezone`, `on`, `maintenance`, `dateCreated`, `dateUpdated`, `uid`) VALUES
 ('1', '2.6.2959', '2.6.9', '2', 'EdNavigator', 'http://ednavigator.dev', 'UTC', '1', '1', '2016-10-10 20:59:12', '2017-02-17 18:46:39', '7459c730-ac1c-46c6-9fbf-f0b0eadf4090');



DROP TABLE IF EXISTS `craft_locales`;


--
-- Schema for table `craft_locales`
--
CREATE TABLE `craft_locales` (
  `locale` char(12) COLLATE utf8_unicode_ci NOT NULL,
  `sortOrder` smallint(6) unsigned DEFAULT NULL,
  `dateCreated` datetime NOT NULL,
  `dateUpdated` datetime NOT NULL,
  `uid` char(36) COLLATE utf8_unicode_ci NOT NULL DEFAULT '0',
  PRIMARY KEY (`locale`),
  KEY `craft_locales_sortOrder_idx` (`sortOrder`)
) ENGINE=InnoDB DEFAULT CHARSET=utf8 COLLATE=utf8_unicode_ci;

--
-- Data for table `craft_locales`
--

INSERT INTO `craft_locales` (`locale`, `sortOrder`, `dateCreated`, `dateUpdated`, `uid`) VALUES
 ('en_us', '1', '2016-10-10 20:59:12', '2016-10-10 20:59:12', '2cc28313-c1f0-4ff3-8176-2188d5d0ac93'),
 ('es_us', '2', '2017-01-03 21:39:49', '2017-01-03 21:39:49', '0eb8121d-71e2-4f2f-b059-396db410312c');



DROP TABLE IF EXISTS `craft_matrixblocks`;


--
-- Schema for table `craft_matrixblocks`
--
CREATE TABLE `craft_matrixblocks` (
  `id` int(11) NOT NULL,
  `ownerId` int(11) NOT NULL,
  `fieldId` int(11) NOT NULL,
  `typeId` int(11) DEFAULT NULL,
  `sortOrder` smallint(6) unsigned DEFAULT NULL,
  `ownerLocale` char(12) COLLATE utf8_unicode_ci DEFAULT NULL,
  `dateCreated` datetime NOT NULL,
  `dateUpdated` datetime NOT NULL,
  `uid` char(36) COLLATE utf8_unicode_ci NOT NULL DEFAULT '0',
  PRIMARY KEY (`id`),
  KEY `craft_matrixblocks_ownerId_idx` (`ownerId`),
  KEY `craft_matrixblocks_fieldId_idx` (`fieldId`),
  KEY `craft_matrixblocks_typeId_idx` (`typeId`),
  KEY `craft_matrixblocks_sortOrder_idx` (`sortOrder`),
  KEY `craft_matrixblocks_ownerLocale_fk` (`ownerLocale`)
) ENGINE=InnoDB DEFAULT CHARSET=utf8 COLLATE=utf8_unicode_ci;

--
-- Data for table `craft_matrixblocks`
--

INSERT INTO `craft_matrixblocks` (`id`, `ownerId`, `fieldId`, `typeId`, `sortOrder`, `ownerLocale`, `dateCreated`, `dateUpdated`, `uid`) VALUES
 ('2846', '2845', '36', '5', '1', NULL, '2016-12-20 22:40:44', '2017-02-02 18:42:49', '2a26619d-a276-4453-bcc4-a62dd625f189'),
 ('2847', '2845', '36', '5', '2', NULL, '2016-12-20 22:40:44', '2017-02-02 18:42:49', '2a4b4bfb-d4a7-4f36-a865-1c19cd08e55a'),
 ('2848', '2845', '36', '5', '3', NULL, '2016-12-20 22:40:44', '2017-02-02 18:42:49', 'deb1410f-d793-4b05-b545-a4f328043742'),
 ('2849', '2845', '36', '5', '4', NULL, '2016-12-20 22:40:44', '2017-02-02 18:42:49', '5b33eb35-150b-4f1c-b413-206d51792dc5'),
 ('2851', '2850', '36', '5', '1', NULL, '2016-12-20 22:49:44', '2017-02-02 19:07:59', '3ca9776d-94f4-494c-a551-e8e6763d7770'),
 ('2852', '2850', '36', '5', '2', NULL, '2016-12-20 22:49:44', '2017-02-02 19:07:59', '782fa353-2844-4d84-99c9-c6a384621b74'),
 ('2853', '2850', '36', '5', '3', NULL, '2016-12-20 22:49:44', '2017-02-02 19:07:59', '40e6bf11-8e84-4b5d-98f4-de9f758c340b'),
 ('2854', '2850', '36', '5', '4', NULL, '2016-12-20 22:49:44', '2017-02-02 19:07:59', '7ffdf843-61bf-4719-9a6e-159047f6bfc9'),
 ('2857', '2856', '36', '5', '1', NULL, '2016-12-20 23:04:45', '2017-02-02 21:07:12', '5a280070-02ef-4a72-83cb-79878cff9297'),
 ('2858', '2856', '36', '5', '2', NULL, '2016-12-20 23:04:45', '2017-02-02 21:07:12', 'c0729af3-c2fa-4880-9766-2522686e0fb1'),
 ('2859', '2856', '36', '5', '3', NULL, '2016-12-20 23:04:45', '2017-02-02 21:07:12', '1813e05e-3426-4010-8f65-c7ae4ce53488'),
 ('2860', '2856', '36', '5', '4', NULL, '2016-12-20 23:04:45', '2017-02-02 21:07:12', 'bae73286-244e-4bee-a576-68dce65d641d'),
 ('2861', '2856', '36', '5', '5', NULL, '2016-12-20 23:04:45', '2017-02-02 21:07:12', '9cfa784c-711d-485a-ae35-2bc2851e8c0d'),
 ('2862', '2856', '36', '5', '6', NULL, '2016-12-20 23:04:45', '2017-02-02 21:07:12', '7788677f-bcf9-42cb-8917-e330d22697d3'),
 ('2863', '2856', '36', '5', '7', NULL, '2016-12-20 23:04:45', '2017-02-02 21:07:12', '5e8e9192-c028-4821-a8b2-cb9d803bcafe'),
 ('2868', '2', '51', '7', '1', 'en_us', '2017-01-05 16:42:04', '2017-01-26 16:52:05', '7e05f869-2337-4db2-9b48-4060c9a783d6'),
 ('2869', '2', '51', '7', '2', 'en_us', '2017-01-05 16:42:04', '2017-01-26 16:52:05', '3b764204-1eff-43b7-8cde-ccaa8d14d339'),
 ('2881', '2880', '59', '8', '1', NULL, '2017-01-17 20:42:53', '2017-01-24 19:56:25', '8b1a5259-00d3-4c3c-bf5f-e6ffc822907f'),
 ('2886', '2885', '59', '8', '1', NULL, '2017-01-17 22:45:59', '2017-01-23 23:06:07', '476b4e51-d8a9-430b-a440-464c6cab15bc'),
 ('2891', '2890', '59', '8', '1', NULL, '2017-01-17 23:12:01', '2017-01-17 23:12:01', '930c0644-6d03-43f0-bb74-b7c35da10dc8'),
 ('2896', '2895', '59', '8', '1', NULL, '2017-01-17 23:35:21', '2017-01-17 23:35:21', 'dcf68c04-dd7d-4e8b-bc30-b256f24f992c'),
 ('2899', '2897', '59', '8', '1', NULL, '2017-01-18 15:27:16', '2017-01-20 15:28:57', '1af67a36-bf10-4450-8089-bda1448d89a7'),
 ('2901', '2897', '59', '8', '2', NULL, '2017-01-18 15:29:06', '2017-01-20 15:28:57', '1a289414-7466-49ca-8e5c-a25e7acc9981'),
 ('2903', '2902', '59', '8', '1', NULL, '2017-01-18 15:30:09', '2017-01-18 15:30:09', '6f1cbe85-8f5d-4dfa-ac9c-7880618ad086'),
 ('2906', '2905', '59', '8', '1', NULL, '2017-01-18 16:44:06', '2017-01-20 16:29:46', 'ca3e9214-a4cb-479a-a806-733f2171d1a8'),
 ('2907', '2905', '59', '8', '2', NULL, '2017-01-18 16:44:06', '2017-01-20 16:29:46', 'c70fb30c-c59c-4cf1-98bf-efae9409f90f'),
 ('2908', '2905', '59', '8', '3', NULL, '2017-01-20 16:29:46', '2017-01-20 16:29:46', '88968965-c9fe-4fbe-a56c-7e96576e6f86'),
 ('2909', '2885', '59', '8', '2', NULL, '2017-01-23 23:06:07', '2017-01-23 23:06:07', 'ff360edd-04b1-4c15-9cc6-69394e6affc0'),
 ('2912', '2911', '59', '8', '1', NULL, '2017-01-24 17:25:49', '2017-01-24 18:04:49', 'e5f01186-b288-4e9e-8b63-1471da7e3a7c'),
 ('2913', '2911', '59', '8', '2', NULL, '2017-01-24 17:25:49', '2017-01-24 18:04:49', 'dd76a668-d182-4fa2-9caf-40b7dcb662a0'),
 ('2914', '2', '51', '7', '1', 'es_us', '2017-01-24 18:08:41', '2017-01-24 20:49:12', '59299628-313c-4c6a-bbe3-a1d581502fe4'),
 ('2915', '2', '51', '7', '2', 'es_us', '2017-01-24 18:08:41', '2017-01-24 20:49:13', '56fc89a3-aba4-43c0-9fbc-3b8d24eb143c'),
 ('2916', '2831', '68', '9', '1', 'en_us', '2017-01-25 20:35:32', '2017-01-26 16:38:33', 'c744e8b7-97c0-4592-ad27-ae4852d53f2e'),
 ('2917', '2831', '68', '9', '2', 'en_us', '2017-01-25 20:35:32', '2017-01-26 16:38:33', '3e4374c5-358a-43e2-b5ef-2530a801ce56'),
 ('2918', '2831', '74', '11', '1', 'en_us', '2017-01-25 20:35:32', '2017-01-26 16:38:33', 'c4cbd0d6-e677-49be-826a-2141614d533e'),
 ('2919', '2831', '74', '11', '2', 'en_us', '2017-01-25 20:35:32', '2017-01-26 16:38:33', 'c61b7f86-d390-448f-a736-e3157bb0d023'),
 ('2920', '2831', '74', '11', '3', 'en_us', '2017-01-25 20:35:32', '2017-01-26 16:38:33', '187102d5-9f89-4a0b-be1e-b7c7c2fbc2e6'),
 ('2921', '2831', '74', '11', '4', 'en_us', '2017-01-25 20:35:32', '2017-01-26 16:38:33', '5b24aeca-876f-431d-b54f-d567ac83a293'),
 ('2922', '2831', '74', '11', '5', 'en_us', '2017-01-25 20:35:32', '2017-01-26 16:38:33', 'e3e34c77-fc4d-490b-b481-7e6f86e1138c'),
 ('2923', '2831', '71', '10', '1', 'en_us', '2017-01-25 20:35:32', '2017-01-26 16:38:33', '75d151a4-1277-4e7a-848b-10e22aba31d7'),
 ('2924', '2831', '71', '10', '2', 'en_us', '2017-01-25 20:35:32', '2017-01-26 16:38:33', '459453f6-646e-4cca-a6f8-cf6a4c8b62d5'),
 ('2926', '2830', '78', '12', '1', 'en_us', '2017-01-26 20:12:10', '2017-01-26 23:47:39', '6358b3b7-f7d8-468b-8593-fcc202056f02'),
 ('2927', '2830', '78', '12', '2', 'en_us', '2017-01-26 20:12:10', '2017-01-26 23:47:39', '00691bb3-2437-40f0-89c3-8e0f509c929f'),
 ('2929', '2830', '44', '6', '1', NULL, '2017-01-26 20:14:15', '2017-01-26 23:47:39', 'e239035a-b1f5-4b8c-9cba-fc906f5c8b8f'),
 ('2931', '2830', '44', '6', '2', NULL, '2017-01-26 20:22:20', '2017-01-26 23:47:39', '12667a86-f370-4587-927f-bc79ca517442'),
 ('2937', '2830', '44', '6', '3', NULL, '2017-01-26 23:47:39', '2017-01-26 23:47:39', '3b98b45f-7591-4a5c-801a-7cf216c38b0c'),
 ('2938', '2830', '44', '6', '4', NULL, '2017-01-26 23:47:39', '2017-01-26 23:47:39', 'e265fb2d-2451-46db-8b24-9391672d9415'),
 ('2939', '2830', '44', '6', '5', NULL, '2017-01-26 23:47:39', '2017-01-26 23:47:39', '4430ede1-d44f-4169-8ead-aa9aabb47490'),
 ('2940', '2830', '44', '6', '6', NULL, '2017-01-26 23:47:39', '2017-01-26 23:47:39', 'd5ed5fbd-69ef-4e68-9ce9-d760d955a5e0'),
 ('2942', '2843', '36', '5', '1', NULL, '2017-02-02 18:13:29', '2017-02-02 18:28:59', '847a7155-08d0-41f2-9507-5a8f6e9f7e28'),
 ('2944', '2843', '36', '5', '2', NULL, '2017-02-02 18:28:59', '2017-02-02 18:28:59', 'c6a1dfc2-5b46-4758-9249-f0fe96d1c8a7');



DROP TABLE IF EXISTS `craft_matrixblocktypes`;


--
-- Schema for table `craft_matrixblocktypes`
--
CREATE TABLE `craft_matrixblocktypes` (
  `id` int(11) NOT NULL AUTO_INCREMENT,
  `fieldId` int(11) NOT NULL,
  `fieldLayoutId` int(11) DEFAULT NULL,
  `name` varchar(255) COLLATE utf8_unicode_ci NOT NULL,
  `handle` varchar(255) COLLATE utf8_unicode_ci NOT NULL,
  `sortOrder` smallint(6) unsigned DEFAULT NULL,
  `dateCreated` datetime NOT NULL,
  `dateUpdated` datetime NOT NULL,
  `uid` char(36) COLLATE utf8_unicode_ci NOT NULL DEFAULT '0',
  PRIMARY KEY (`id`),
  UNIQUE KEY `craft_matrixblocktypes_name_fieldId_unq_idx` (`name`,`fieldId`),
  UNIQUE KEY `craft_matrixblocktypes_handle_fieldId_unq_idx` (`handle`,`fieldId`),
  KEY `craft_matrixblocktypes_fieldId_fk` (`fieldId`),
  KEY `craft_matrixblocktypes_fieldLayoutId_fk` (`fieldLayoutId`)
) ENGINE=InnoDB AUTO_INCREMENT=14 DEFAULT CHARSET=utf8 COLLATE=utf8_unicode_ci;

--
-- Data for table `craft_matrixblocktypes`
--

INSERT INTO `craft_matrixblocktypes` (`id`, `fieldId`, `fieldLayoutId`, `name`, `handle`, `sortOrder`, `dateCreated`, `dateUpdated`, `uid`) VALUES
 ('5', '36', '162', 'Person', 'person', '1', '2016-12-13 22:24:13', '2017-01-30 18:25:24', 'cf03b594-7ac1-4637-ad23-9ff57745cc34'),
 ('6', '44', '159', 'Principle', 'principle', '1', '2016-12-20 21:44:46', '2017-01-26 20:15:54', '89b9c8ac-1960-498e-897f-4362ed7ab567'),
 ('7', '51', '146', 'User Path', 'userPath', '1', '2017-01-05 16:00:41', '2017-01-24 20:09:04', 'f8d80839-5b49-46de-bbc6-2b18f6d64b70'),
 ('8', '59', '145', 'Page Section', 'pageSection', '1', '2017-01-11 18:25:37', '2017-01-24 17:52:19', 'd1629a19-dcd2-4f80-9fa4-28a03b863b9a'),
 ('9', '68', '147', 'Navigators Info Section', 'navigatorsInfoSection', '1', '2017-01-25 18:35:23', '2017-01-25 18:35:23', '3ebdc14e-af26-4d24-89cd-4eba754c9966'),
 ('10', '71', '149', 'Content Section', 'contentSection', '1', '2017-01-25 20:09:23', '2017-01-25 20:09:23', 'ba278dd0-3536-463d-87c7-6cb7dbc9c7ce'),
 ('11', '74', '150', 'Step', 'step', '1', '2017-01-25 20:10:52', '2017-01-25 20:10:53', '74ebaf99-febe-40b8-9eda-00ff1cb224f2'),
 ('12', '78', '160', 'Intro Section', 'introSection', '1', '2017-01-26 19:44:44', '2017-01-26 23:13:17', '2127e56d-32d9-4894-9bd7-1f3a6dd97729');



DROP TABLE IF EXISTS `craft_matrixcontent_introsections`;


--
-- Schema for table `craft_matrixcontent_introsections`
--
CREATE TABLE `craft_matrixcontent_introsections` (
  `id` int(11) NOT NULL AUTO_INCREMENT,
  `elementId` int(11) NOT NULL,
  `locale` char(12) COLLATE utf8_unicode_ci NOT NULL,
  `field_introSection_sectionTitle` text COLLATE utf8_unicode_ci,
  `field_introSection_sectionContent` text COLLATE utf8_unicode_ci,
  `dateCreated` datetime NOT NULL,
  `dateUpdated` datetime NOT NULL,
  `uid` char(36) COLLATE utf8_unicode_ci NOT NULL DEFAULT '0',
  PRIMARY KEY (`id`),
  UNIQUE KEY `craft_matrixcontent_introsections_elementId_locale_unq_idx` (`elementId`,`locale`),
  KEY `craft_matrixcontent_introsections_locale_fk` (`locale`)
) ENGINE=InnoDB AUTO_INCREMENT=3 DEFAULT CHARSET=utf8 COLLATE=utf8_unicode_ci;

--
-- Data for table `craft_matrixcontent_introsections`
--

INSERT INTO `craft_matrixcontent_introsections` (`id`, `elementId`, `locale`, `field_introSection_sectionTitle`, `field_introSection_sectionContent`, `dateCreated`, `dateUpdated`, `uid`) VALUES
 ('1', '2926', 'en_us', 'Who are we?', '<p>We’re teachers. We’re principals. We’re counselors and coaches. We’re policy experts and data analysts and community anchors. Most of all, we’re moms and dads who know how hard it can be to figure out schools and keep kids on track, no matter who you are or where you live. </p>', '2017-01-26 20:12:10', '2017-01-26 23:47:39', 'ef94a60b-2a0c-47af-8044-14197ae2fe5c'),
 ('2', '2927', 'en_us', 'Our Mission', '<p>We founded EdNavigator because we believe that education is the path to a better life. But navigating schools and education systems isn’t easy. The stakes are high, and there are so many questions, deadlines, and decisions along the way. That’s why we’re here—so you don’t have to do it all alone.</p>', '2017-01-26 20:12:10', '2017-01-26 23:47:39', 'a23e38b8-1976-44af-9dcd-ca56622a94b8');



DROP TABLE IF EXISTS `craft_matrixcontent_knowledge`;


--
-- Schema for table `craft_matrixcontent_knowledge`
--
CREATE TABLE `craft_matrixcontent_knowledge` (
  `id` int(11) NOT NULL AUTO_INCREMENT,
  `elementId` int(11) NOT NULL,
  `locale` char(12) COLLATE utf8_unicode_ci NOT NULL,
  `field_contentSection_sectionTitle` text COLLATE utf8_unicode_ci,
  `field_contentSection_sectionContent` text COLLATE utf8_unicode_ci,
  `dateCreated` datetime NOT NULL,
  `dateUpdated` datetime NOT NULL,
  `uid` char(36) COLLATE utf8_unicode_ci NOT NULL DEFAULT '0',
  PRIMARY KEY (`id`),
  UNIQUE KEY `craft_matrixcontent_knowledge_elementId_locale_unq_idx` (`elementId`,`locale`),
  KEY `craft_matrixcontent_knowledge_locale_fk` (`locale`)
) ENGINE=InnoDB AUTO_INCREMENT=3 DEFAULT CHARSET=utf8 COLLATE=utf8_unicode_ci;

--
-- Data for table `craft_matrixcontent_knowledge`
--

INSERT INTO `craft_matrixcontent_knowledge` (`id`, `elementId`, `locale`, `field_contentSection_sectionTitle`, `field_contentSection_sectionContent`, `dateCreated`, `dateUpdated`, `uid`) VALUES
 ('1', '2923', 'en_us', 'Stronger Schools,\r\nStronger Communities', '<p>Our priority is helping you get the education you want for yourself and your family. Through our work, we also strive to strengthen local schools and communities in a way that benefits everyone. </p>', '2017-01-25 20:35:32', '2017-01-26 16:38:33', 'db66cd5e-b240-4579-adfe-4a3a2ce7c8d6'),
 ('2', '2924', 'en_us', 'Shining a Spotlight \r\non Family Needs', '<p>We’re always sharing new information and resources that help families stay on track while encouraging schools to be more responsive to student and parent needs. <a href=\"{entry:2830:url}\">Read more about what we’re learning</a>.</p>', '2017-01-25 20:35:32', '2017-01-26 16:38:33', '5605e04e-6f22-48f2-9e66-feb302566db1');



DROP TABLE IF EXISTS `craft_matrixcontent_ourapproach`;


--
-- Schema for table `craft_matrixcontent_ourapproach`
--
CREATE TABLE `craft_matrixcontent_ourapproach` (
  `id` int(11) NOT NULL AUTO_INCREMENT,
  `elementId` int(11) NOT NULL,
  `locale` char(12) COLLATE utf8_unicode_ci NOT NULL,
  `field_step_stepTitle` text COLLATE utf8_unicode_ci,
  `field_step_stepContent` text COLLATE utf8_unicode_ci,
  `dateCreated` datetime NOT NULL,
  `dateUpdated` datetime NOT NULL,
  `uid` char(36) COLLATE utf8_unicode_ci NOT NULL DEFAULT '0',
  PRIMARY KEY (`id`),
  UNIQUE KEY `craft_matrixcontent_ourapproach_elementId_locale_unq_idx` (`elementId`,`locale`),
  KEY `craft_matrixcontent_ourapproach_locale_fk` (`locale`)
) ENGINE=InnoDB AUTO_INCREMENT=6 DEFAULT CHARSET=utf8 COLLATE=utf8_unicode_ci;

--
-- Data for table `craft_matrixcontent_ourapproach`
--

INSERT INTO `craft_matrixcontent_ourapproach` (`id`, `elementId`, `locale`, `field_step_stepTitle`, `field_step_stepContent`, `dateCreated`, `dateUpdated`, `uid`) VALUES
 ('1', '2918', 'en_us', 'Sign Up', '<p>You can register to become an EdNavigator member through your employer, a participating community organization, or our website. Members can receive help with their child’s education or with their own learning goals.</p>', '2017-01-25 20:35:32', '2017-01-26 16:38:33', '49ee6eab-88d4-4e43-a72d-4f0985cf7b11'),
 ('2', '2919', 'en_us', 'Review Records', '<p>After registering, you’ll be connected to a Navigator—if you’re a parent, we’ll work together to create a path to success for your child. If you’re an adult learner, we’ll get to work helping you further your education.</p>', '2017-01-25 20:35:32', '2017-01-26 16:38:33', '0c005e9a-2bd3-4ee3-b8eb-5fdbd5dd115b'),
 ('3', '2920', 'en_us', 'Make a Plan', '<p>Your Navigator will help you set clear short- and long-term goals, from getting your child into college to helping you get a degree while balancing work and life. Then together, you’ll create a concrete plan for achieving those goals.</p>', '2017-01-25 20:35:32', '2017-01-26 16:38:33', '7067ba26-8ed5-4a98-aa1e-c3f0f4efb504'),
 ('4', '2921', 'en_us', 'Take Action', '<p>Your Navigator will offer direct, hands-on assistance to help you turn your plans into reality—that may include going with you to school meetings, teaching effective study habits, or connecting you to available community resources.</p>', '2017-01-25 20:35:32', '2017-01-26 16:38:33', 'e59f90c5-6325-4ead-b2f7-8eebe118783b'),
 ('5', '2922', 'en_us', 'Stay on Track', '<p>As students progress, EdNavigator will be there every step of the way—whatever new challenges or opportunities arise, we’re here to support and keep our member families on track to reach their goals.</p>', '2017-01-25 20:35:32', '2017-01-26 16:38:33', 'eff221c5-fddf-4e28-828c-d21edd3d2736');



DROP TABLE IF EXISTS `craft_matrixcontent_ournavigators`;


--
-- Schema for table `craft_matrixcontent_ournavigators`
--
CREATE TABLE `craft_matrixcontent_ournavigators` (
  `id` int(11) NOT NULL AUTO_INCREMENT,
  `elementId` int(11) NOT NULL,
  `locale` char(12) COLLATE utf8_unicode_ci NOT NULL,
  `field_navigatorsInfoSection_sectionTitle` text COLLATE utf8_unicode_ci,
  `field_navigatorsInfoSection_sectionContent` text COLLATE utf8_unicode_ci,
  `dateCreated` datetime NOT NULL,
  `dateUpdated` datetime NOT NULL,
  `uid` char(36) COLLATE utf8_unicode_ci NOT NULL DEFAULT '0',
  PRIMARY KEY (`id`),
  UNIQUE KEY `craft_matrixcontent_ournavigators_elementId_locale_unq_idx` (`elementId`,`locale`),
  KEY `craft_matrixcontent_ournavigators_locale_fk` (`locale`)
) ENGINE=InnoDB AUTO_INCREMENT=3 DEFAULT CHARSET=utf8 COLLATE=utf8_unicode_ci;

--
-- Data for table `craft_matrixcontent_ournavigators`
--

INSERT INTO `craft_matrixcontent_ournavigators` (`id`, `elementId`, `locale`, `field_navigatorsInfoSection_sectionTitle`, `field_navigatorsInfoSection_sectionContent`, `dateCreated`, `dateUpdated`, `uid`) VALUES
 ('1', '2916', 'en_us', 'Personal, Professional Guidance', '<p>Our Navigators combine expert knowledge of schools with a deep understanding of our communities. Most are accomplished former teachers, school leaders, or counselors, and all have passed a background check, received privacy training and adhere to a strict code of confidentiality. </p>\n<p>They’re like pediatricians for your educational health, and they’re always looking out for your best interests.</p>', '2017-01-25 20:35:32', '2017-01-26 16:38:33', '4ec20940-3b9b-450b-bafe-f4e6fd71ae8f'),
 ('2', '2917', 'en_us', 'Help that Finds You', '<p>Your Navigator will meet with you at your worksite—or wherever is most convenient for you—to develop a customized educational plan. They’ll help: </p>\n<ul><li>Set clear learning goals</li><li>Choose the right school and explore financial options</li><li>Communicate with teachers and administrators</li><li>Analyze grades and progress</li><li>Answer your questions via phone, text, or email whenever you need advice</li></ul>', '2017-01-25 20:35:32', '2017-01-26 16:38:33', '567c5b08-1aae-45ec-a3bc-2085e2e1fd52');



DROP TABLE IF EXISTS `craft_matrixcontent_pathpagesections`;


--
-- Schema for table `craft_matrixcontent_pathpagesections`
--
CREATE TABLE `craft_matrixcontent_pathpagesections` (
  `id` int(11) NOT NULL AUTO_INCREMENT,
  `elementId` int(11) NOT NULL,
  `locale` char(12) COLLATE utf8_unicode_ci NOT NULL,
  `field_pageSection_sectionText` text COLLATE utf8_unicode_ci,
  `field_pageSection_sectionLinks` text COLLATE utf8_unicode_ci,
  `field_pageSection_sectionColor` varchar(255) COLLATE utf8_unicode_ci DEFAULT 'background-gray',
  `field_pageSection_sectionTitle` text COLLATE utf8_unicode_ci,
  `field_pageSection_sectionTitleStyle` varchar(255) COLLATE utf8_unicode_ci DEFAULT 'regular',
  `dateCreated` datetime NOT NULL,
  `dateUpdated` datetime NOT NULL,
  `uid` char(36) COLLATE utf8_unicode_ci NOT NULL DEFAULT '0',
  PRIMARY KEY (`id`),
  UNIQUE KEY `craft_matrixcontent_pathpagesections_elementId_locale_unq_idx` (`elementId`,`locale`),
  KEY `craft_matrixcontent_pathpagesections_locale_fk` (`locale`)
) ENGINE=InnoDB AUTO_INCREMENT=29 DEFAULT CHARSET=utf8 COLLATE=utf8_unicode_ci;

--
-- Data for table `craft_matrixcontent_pathpagesections`
--

INSERT INTO `craft_matrixcontent_pathpagesections` (`id`, `elementId`, `locale`, `field_pageSection_sectionText`, `field_pageSection_sectionLinks`, `field_pageSection_sectionColor`, `field_pageSection_sectionTitle`, `field_pageSection_sectionTitleStyle`, `dateCreated`, `dateUpdated`, `uid`) VALUES
 ('1', '2881', 'en_us', 'Whether you are guiding a child through school or working towards your own educational goals, you can count on us to provide expert advice and personalized, hands-on support \r\nevery step of the way.', '<p><a href=\"{entry:2830:url}\">Learn more about Who We Are</a></p>', 'background-blue', 'Find your\r\npath.', 'regular', '2017-01-17 20:42:53', '2017-01-24 23:19:24', '324da5f9-6ffa-4ffd-aff3-d7398eaeb012'),
 ('2', '2881', 'es_us', 'Testing', '<p><a href=\"{entry:2830:url}\">Learn more about Who We Are</a></p>', 'background-blue', 'Español!', 'regular', '2017-01-17 20:42:53', '2017-01-24 23:19:24', '49382db5-e099-4f56-a4c8-8be5f102180d'),
 ('3', '2886', 'en_us', 'Our expert Navigators work with you to set clear goals, create a concrete plan, and take action. We can help you choose the right school, review and analyze academic progress, support learning at home and stand up for students’ needs in the classroom.', '<p><a href=\"{entry:2831:url}\">Learn more about How We Help</a></p>', 'background-gray', 'The help you\r\nneed, when you\r\nneed it.', 'regular', '2017-01-17 22:45:59', '2017-01-24 23:19:24', 'd6b1070b-b02e-4049-aca1-5869380c5980'),
 ('4', '2886', 'es_us', 'Our expert Navigators work with you to set clear goals, create a concrete plan, and take action. We can help you choose the right school, review and analyze academic progress, support learning at home and stand up for students’ needs in the classroom.', '<p><a href=\"{entry:2831:url}\">Learn more about How We Help</a></p>', 'background-gray', 'The help you need, when you need it.', 'regular', '2017-01-17 22:45:59', '2017-01-24 23:19:24', '167a5efe-91f9-42d0-95d1-7ce09eb49a5f'),
 ('5', '2891', 'en_us', 'An investment in your employees’ future is an investment in your business and community. EdNavigator offers employers an innovative way to boost employee morale, reduce turnover, and cut costs while improving educational outcomes for students and helping families, schools, and communities thrive.', '', 'background-gray', 'Invest in your \r\ngreatest asset \r\n— your people.', 'regular', '2017-01-17 23:12:01', '2017-01-24 23:19:24', 'd2e71021-f30d-410c-9bab-2be67ac081b9'),
 ('6', '2891', 'es_us', 'An investment in your employees’ future is an investment in your business and community. EdNavigator offers employers an innovative way to boost employee morale, reduce turnover, and cut costs while improving educational outcomes for students and helping families, schools, and communities thrive.', '', 'background-gray', 'Invest in your \r\ngreatest asset \r\n— your people.', 'regular', '2017-01-17 23:12:01', '2017-01-24 23:19:24', 'bdf5003b-f575-4f28-96da-6b4da81124f0'),
 ('7', '2896', 'en_us', 'Our Employer Partners bring EdNavigator support to the workplace as a benefit for employees. Our expert Navigators help parents keep students on track in school and adult learners in pursuit of their own educational dreams.', '<p><a href=\"{entry:2831:url}\">See how it works</a></p>', 'background-gold', 'Give back with \r\noutstanding \r\nsupport.', 'regular', '2017-01-17 23:35:21', '2017-01-24 23:19:24', 'f1271e99-d423-49db-9b57-ebdff7db46ba'),
 ('8', '2896', 'es_us', 'Our Employer Partners bring EdNavigator support to the workplace as a benefit for employees. Our expert Navigators help parents keep students on track in school and adult learners in pursuit of their own educational dreams.', '<p><a href=\"{entry:2831:url}\">See how it works</a></p>', 'background-gold', 'Give back with \r\noutstanding \r\nsupport.', 'regular', '2017-01-17 23:35:21', '2017-01-24 23:19:24', '24fbc6e9-3276-4503-9c70-62ad9d0fdcb2'),
 ('9', '2899', 'en_us', 'say having EdNavigator makes them \r\nmore likely to keep working for their \r\ncurrent employer', '<p>Find out why EdNavigator\nis good for business</p>', 'background-green', '96%', 'largeNumeral', '2017-01-18 15:27:16', '2017-01-24 23:19:24', '71433d2e-b6cf-418e-a38a-4919bdf20dbe'),
 ('10', '2899', 'es_us', 'say having EdNavigator makes them \r\nmore likely to keep working for their \r\ncurrent employer', '<p>Find out why EdNavigator\nis good for business</p>', 'background-green', '96%', 'largeNumeral', '2017-01-18 15:27:16', '2017-01-24 23:19:24', '410b2e08-c498-4549-a25b-559375366518'),
 ('13', '2901', 'en_us', 'Donec sed odio dui. Nullam quis risus eget urna mollis ornare vel eu leo. Aenean lacinia bibendum nulla sed consectetur.', '<p><a href=\"{entry:2831:url}\">Slide Link</a></p>', 'background-green', 'Slide \r\nTwo.', 'largeNumeral', '2017-01-18 15:29:06', '2017-01-24 23:19:24', '382c9161-5f26-400c-b1ca-283f428d3aab'),
 ('14', '2901', 'es_us', 'Donec sed odio dui. Nullam quis risus eget urna mollis ornare vel eu leo. Aenean lacinia bibendum nulla sed consectetur.', '<p><a href=\"{entry:2831:url}\">Slide Link</a></p>', 'background-green', 'Slide \r\nTwo.', 'largeNumeral', '2017-01-18 15:29:06', '2017-01-24 23:19:24', '5cab2fca-42c1-4386-bc32-d979826f50d0'),
 ('15', '2903', 'en_us', 'We use a shared cost model to maximize reach and minimize costs for your employees. Your contribution as an employer partner will be supplemented by our philanthropic funders. ', '<p><a href=\"{entry:2831:url}\">Our Partners</a></p>', 'background-blue', 'Shared costs, \r\nuniversal \r\nbenefits.', 'regular', '2017-01-18 15:30:09', '2017-01-24 23:19:24', '15b7c806-0683-40fb-8a93-753a09dd3fe3'),
 ('16', '2903', 'es_us', 'We use a shared cost model to maximize reach and minimize costs for your employees. Your contribution as an employer partner will be supplemented by our philanthropic funders. ', '<p><a href=\"{entry:2831:url}\">Our Partners</a></p>', 'background-blue', 'Shared costs, \r\nuniversal \r\nbenefits.', 'regular', '2017-01-18 15:30:09', '2017-01-24 23:19:24', '36cd8571-b47b-4ca7-a335-a6032f298e48'),
 ('17', '2906', 'en_us', 'Sean Cummings, \r\nOwner, International House Hotel, New Orleans', '<p><a href=\"{entry:2831:url}\">Read the full story</a></p>', 'background-gray', ' EdNavigator \r\npays for itself \r\nmore than 3:1.', 'quote', '2017-01-18 16:44:06', '2017-01-24 23:19:25', '3b6b8649-46d4-41af-99e5-c82242b468b6'),
 ('18', '2906', 'es_us', 'Sean Cummings, \r\nOwner, International House Hotel, New Orleans', '<p><a href=\"{entry:2831:url}\">Read the full story</a></p>', 'background-gray', ' “EdNavigator \r\npays for itself \r\nmore than 3:1.”', 'quote', '2017-01-18 16:44:06', '2017-01-24 23:19:25', 'ddfe06e7-7beb-4fc4-8900-4a829850980b'),
 ('19', '2907', 'en_us', 'Etiam porta sem malesuada magna mollis euismod. Fusce dapibus, tellus ac cursus commodo, tortor mauris condimentum nibh, ut fermentum massa justo sit amet risus. Lorem ipsum dolor sit amet, consectetur adipiscing elit. Nullam quis risus eget urna mollis ornare vel eu leo. Vestibulum id ligula porta felis euismod semper.', '<p><a href=\"{entry:2831:url}\">Read the full story</a></p>', 'background-green', 'Story \r\nnumber two.', 'regular', '2017-01-18 16:44:06', '2017-01-24 23:19:25', 'fbf0d62c-fc3a-4e51-8d5a-3092016aa14b'),
 ('20', '2907', 'es_us', 'Etiam porta sem malesuada magna mollis euismod. Fusce dapibus, tellus ac cursus commodo, tortor mauris condimentum nibh, ut fermentum massa justo sit amet risus. Lorem ipsum dolor sit amet, consectetur adipiscing elit. Nullam quis risus eget urna mollis ornare vel eu leo. Vestibulum id ligula porta felis euismod semper.', '<p><a href=\"{entry:2831:url}\">Read the full story</a></p>', 'background-green', 'Story \r\nnumber two.', 'regular', '2017-01-18 16:44:06', '2017-01-24 23:19:25', 'a722351b-fe06-4c5b-bf38-947bf186e4bd'),
 ('21', '2908', 'en_us', 'Lorem ipsum dolor sit amet, consectetur adipiscing elit. Duis mollis, est non commodo luctus, nisi erat porttitor ligula, eget lacinia odio sem nec elit. Vivamus sagittis lacus vel augue laoreet rutrum faucibus dolor auctor. Cum sociis natoque penatibus et magnis dis parturient montes, nascetur ridiculus mus.', '<p><a href=\"{entry:2831:url}\">Link one</a></p><p><a href=\"{entry:2:url}\">Link Two</a></p>', 'background-gray', 'A story \r\nlike no \r\nother.', 'quote', '2017-01-20 16:29:46', '2017-01-24 23:19:25', '1d437327-7f25-473d-90b7-c855f73bbd5b'),
 ('22', '2908', 'es_us', 'Lorem ipsum dolor sit amet, consectetur adipiscing elit. Duis mollis, est non commodo luctus, nisi erat porttitor ligula, eget lacinia odio sem nec elit. Vivamus sagittis lacus vel augue laoreet rutrum faucibus dolor auctor. Cum sociis natoque penatibus et magnis dis parturient montes, nascetur ridiculus mus.', '<p><a href=\"{entry:2831:url}\">Link one</a></p><p><a href=\"{entry:2:url}\">Link Two</a></p>', 'background-gray', 'A story \r\nlike no \r\nother.', 'quote', '2017-01-20 16:29:46', '2017-01-24 23:19:25', '015bb368-7538-44dc-90fa-728c94352832'),
 ('23', '2909', 'en_us', 'Sed posuere consectetur est at lobortis. Nulla vitae elit libero, a pharetra augue. Duis mollis, est non commodo luctus, nisi erat porttitor ligula, eget lacinia odio sem nec elit. Maecenas faucibus mollis interdum. Morbi leo risus, porta ac consectetur ac, vestibulum at eros.', '<p><a href=\"{entry:2831:url}\">Test Link</a></p>', 'background-gray', 'Second \r\nSlide.', 'regular', '2017-01-23 23:06:07', '2017-01-24 23:19:25', '4949f169-8340-4a9f-a08a-70fa51ae22a0'),
 ('24', '2909', 'es_us', 'Sed posuere consectetur est at lobortis. Nulla vitae elit libero, a pharetra augue. Duis mollis, est non commodo luctus, nisi erat porttitor ligula, eget lacinia odio sem nec elit. Maecenas faucibus mollis interdum. Morbi leo risus, porta ac consectetur ac, vestibulum at eros.', '<p><a href=\"{entry:2831:url}\">Test Link</a></p>', 'background-gray', 'Second \r\nSlide.', 'regular', '2017-01-23 23:06:07', '2017-01-24 23:19:25', '75e08eed-5fad-4e30-bb26-11f6bf77e911'),
 ('25', '2912', 'en_us', '', '<p><a href=\"{entry:2831:url}\">Read the full story</a></p>', 'background-orange', 'We helped \r\nKanitra’s \r\ndaughters get \r\nback on track \r\nin school.', 'regular', '2017-01-24 17:25:49', '2017-01-24 23:19:25', '38eb03c2-90a1-40d6-a763-529896ee80b0'),
 ('26', '2912', 'es_us', '', '<p><a href=\"{entry:2831:url}\">Read the full story</a></p>', 'background-orange', 'We helped \r\nKanitra’s \r\ndaughters get \r\nback on track \r\nin school.', 'regular', '2017-01-24 17:25:49', '2017-01-24 23:19:25', '7731ce96-0e32-42b0-a202-0e5a28db8beb'),
 ('27', '2913', 'en_us', '', '<p><a href=\"{entry:2831:url}\">Read the full story</a></p>', 'background-orange', 'Another \r\nstory of \r\ntriumph.', 'regular', '2017-01-24 17:25:49', '2017-01-24 23:19:25', '71080c11-0b95-4765-b388-10db40112752'),
 ('28', '2913', 'es_us', '', '<p><a href=\"{entry:2831:url}\">Read the full story</a></p>', 'background-orange', 'Another \r\nstory of \r\ntriumph.', 'regular', '2017-01-24 17:25:49', '2017-01-24 23:19:25', 'bd7e885e-a330-48b0-a4fd-fe27328c0385');



DROP TABLE IF EXISTS `craft_matrixcontent_people`;


--
-- Schema for table `craft_matrixcontent_people`
--
CREATE TABLE `craft_matrixcontent_people` (
  `id` int(11) NOT NULL AUTO_INCREMENT,
  `elementId` int(11) NOT NULL,
  `locale` char(12) COLLATE utf8_unicode_ci NOT NULL,
  `field_person_personName` text COLLATE utf8_unicode_ci,
  `field_person_personTitle` text COLLATE utf8_unicode_ci,
  `field_person_personDescription` text COLLATE utf8_unicode_ci,
  `dateCreated` datetime NOT NULL,
  `dateUpdated` datetime NOT NULL,
  `uid` char(36) COLLATE utf8_unicode_ci NOT NULL DEFAULT '0',
  PRIMARY KEY (`id`),
  UNIQUE KEY `craft_matrixcontent_people_elementId_locale_unq_idx` (`elementId`,`locale`),
  KEY `craft_matrixcontent_people_locale_fk` (`locale`)
) ENGINE=InnoDB AUTO_INCREMENT=47 DEFAULT CHARSET=utf8 COLLATE=utf8_unicode_ci;

--
-- Data for table `craft_matrixcontent_people`
--

INSERT INTO `craft_matrixcontent_people` (`id`, `elementId`, `locale`, `field_person_personName`, `field_person_personTitle`, `field_person_personDescription`, `dateCreated`, `dateUpdated`, `uid`) VALUES
 ('13', '2846', 'en_us', 'Timothy Daly', 'Founding Partner', '<p>Tim brings 17 years of experience in public education to EdNavigator, including service as an urban school teacher, organizational leader, and policy expert. Prior to founding EdNavigator, he served alongside Ariela Rozman as President of TNTP, a leading education nonprofit organization that partners with school systems and states to ensure that all students get excellent teachers. During his eight years in that role, TNTP became a leading source of innovative research and a respected independent voice on teacher quality issues. Before joining TNTP in 2001, Tim taught social studies at Northeast Middle School in Baltimore. He holds a MA in Teaching from Johns Hopkins University and a BA in American Studies from Northwestern University. He lives in Chicago with his wife and two children.</p>', '2016-12-20 22:40:44', '2017-02-02 18:42:49', '01f973fb-1b26-44ec-975c-d0dbe5f9ab43'),
 ('14', '2847', 'en_us', 'Whitney Henderson', 'Navigator-in-chief', '<p>A native of East St. Louis, IL, Whitney brings to her work 10 years of experience as an award-winning teacher, school principal and instructional expert. Her career in education began in New Orleans, where she moved after Hurricane Katrina to become a founding teacher and eventually 7th-9th grade principal at KIPP Central City Academy. Her extraordinary success with students earned her the 2011 Fishman Prize, a $25,000 award given annually to just four teachers nationwide. Whitney holds a BA in English and Modern Foreign Languages from Jackson State University, a MA in Organizational Leadership from Teacher’s College at Columbia University, and a Master’s in Education Policy and Management from the Harvard Graduate School of Education. She lives in New Orleans, LA. </p>', '2016-12-20 22:40:44', '2017-02-02 18:42:49', '09ec2bbe-d747-404f-8808-a604bdf1b306'),
 ('15', '2848', 'en_us', 'David Keeling', 'Founding Partner', '<p>David Keeling has 16 years of experience in strategic communications and public education. Over the last decade and a half, his words have appeared in teacher recruitment ads in the New York City subway, in news outlets from Education Week to The New York Times, and in the remarks and messages of some of the nation’s most prominent education leaders. Before EdNavigator, he served for six years as Vice President of Communications for TNTP, leading the organization’s communications, marketing and publications strategy and advising TNTP staff, state education agencies and urban school systems nationwide on communicating with teachers, parents, school leaders, and other stakeholders.  He holds a BA in English from Middlebury College and lives with his wife and two children in Chicago.</p>', '2016-12-20 22:40:44', '2017-02-02 18:42:49', 'a299d1e7-dd11-42e4-9eef-b16653c57ae4'),
 ('16', '2849', 'en_us', 'Ariela Rozman', 'Founding Partner', '<p>Before founding EdNavigator, Ariela Rozman served for eight years as Chief Executive Officer of TNTP. Under her tenure as CEO, TNTP tripled in size, growing to a staff of 370 full-time employees across 41 states and an annual budget of more than $60 million.  Today, TNTP has a presence in more than 50 cities and states, including most of the country’s largest urban areas. In 2012, she and then-TNTP President Tim Daly received the Harold W. McGraw, Jr. Prize in Education for their leadership. Prior to joining TNTP in 2001, Ariela worked in consulting for Bain &amp; Company and helped launch and grow the e-commerce site PlanetRx.com. She holds a BA in Political and Social Thought from the University of Virginia and lives in Brooklyn, NY with her husband and two children.</p>', '2016-12-20 22:40:44', '2017-02-02 18:42:49', 'fe7f02c7-20cb-4f40-9c18-bdf27d064f4c'),
 ('17', '2851', 'en_us', 'Kriste Dragon', 'Co-founder and Chief Executive Officer, Citizens of the World Charter Schools', '', '2016-12-20 22:49:44', '2017-02-02 19:07:59', '21e6614c-3466-4163-9f46-17bba659c0c5'),
 ('18', '2852', 'en_us', 'Kaya Henderson', 'Former Chancellor,  DC Public Schools', '', '2016-12-20 22:49:44', '2017-02-02 19:07:59', '7661d7da-ef2f-4e34-94c4-b03553b3dccd'),
 ('19', '2853', 'en_us', 'Ryan Smith', 'Executive Director,  Education Trust-West', '', '2016-12-20 22:49:44', '2017-02-02 19:07:59', '9e1d7647-ed8c-4729-ae8a-c52ae5990138'),
 ('20', '2854', 'en_us', 'Chris Stewart', 'Director of Outreach and External Affairs, Education Post', '', '2016-12-20 22:49:44', '2017-02-02 19:07:59', '102d84f0-b28d-4716-8c74-75aa7ec27e5f'),
 ('21', '2857', 'en_us', 'International House Hotel', 'Anchor Partner', '<p>International House Hotel is a luxury boutique hotel located in downtown New Orleans, with 117 rooms. EdNavigator support is available to any eligible employee who is interested. </p>', '2016-12-20 23:04:45', '2017-02-02 21:07:12', 'fae92c88-93a0-47de-bdcf-4c65127a55be'),
 ('22', '2858', 'en_us', 'The New Orleans marriott', '', '<p>Located on Canal Street, the New Orleans Marriott is the city’s second-largest hotel, with 1,330 rooms.</p>', '2016-12-20 23:04:45', '2017-02-02 21:07:12', 'f18d166d-ac4f-48ef-aa77-5a8911fcd6f8'),
 ('23', '2859', 'en_us', 'The Hyatt Regency New Orleans', '', '<p>The JW Marriott has 500 rooms and is located on Canal Street across from the historic French Quarter in New Orleans. </p>', '2016-12-20 23:04:45', '2017-02-02 21:07:12', '9ed1c920-ca3c-4a19-be59-c76ce6fcca85'),
 ('24', '2860', 'en_us', 'The JW Marriott New Orleans', '', '<p>The JW Marriott has 500 rooms and is located on Canal Street across from the historic French Quarter in New Orleans. </p>', '2016-12-20 23:04:45', '2017-02-02 21:07:12', '1b64829b-2023-4a9f-a346-c37e79f1f92d'),
 ('25', '2861', 'en_us', 'The Ritz-Carlton New Orleans', '', '<p>A luxury 4-Star hotel in the French Quarter, The Ritz-Carlton is one of New Orleans’ premiere destinations.</p>', '2016-12-20 23:04:45', '2017-02-02 21:07:12', '64b71fc8-b613-4f6c-ae38-00515024b962'),
 ('26', '2862', 'en_us', 'The Residence Inn New Orleans Downtwon', '', '<p>This extended-stay hotel is located in New Orlean’s vibrant Warehouse District.</p>', '2016-12-20 23:04:45', '2017-02-02 21:07:12', '133e7ed5-be33-4fd2-9913-d61f2653b367'),
 ('27', '2863', 'en_us', 'The New Orleans Marriott At The Convention Center', '', '<p>Housed in a 19th-century cotton mill, this upscale hotel is adjacent to New Orleans’ convention center complex.</p>', '2016-12-20 23:04:45', '2017-02-02 21:07:12', '76471bfe-9e2a-4c53-9d68-8f429d9bc7f2'),
 ('28', '2846', 'es_us', 'Timothy Daly', 'Founding Partner', '', '2017-01-30 17:43:59', '2017-02-02 18:42:49', 'dc31f450-b0c7-4033-9b52-d5086b68490b'),
 ('29', '2847', 'es_us', 'Whitney Henderson', 'Navigator-in-chief', '', '2017-01-30 17:43:59', '2017-02-02 18:42:49', '89d4286c-317d-4e25-9f59-545ec6d5d6e6'),
 ('30', '2848', 'es_us', 'David Keeling', 'Founding Partner', '', '2017-01-30 17:43:59', '2017-02-02 18:42:49', '4bf0b049-6b70-46f3-ae11-27c84b332cde'),
 ('31', '2849', 'es_us', 'Ariela Rozman', 'Founding Partner', '', '2017-01-30 17:43:59', '2017-02-02 18:42:49', '2236cbb8-d1c5-4776-8f81-846962f7c3eb'),
 ('32', '2851', 'es_us', 'Kriste Dragon', 'Co-founder and Chief Executive Officer, Citizens of the World Charter Schools', '', '2017-01-30 23:17:17', '2017-02-02 19:07:59', 'e865addd-5efd-4869-a296-965ccb95c771'),
 ('33', '2852', 'es_us', 'Kaya Henderson', 'Former Chancellor,  DC Public Schools', '', '2017-01-30 23:17:17', '2017-02-02 19:07:59', 'f271d6f3-7f00-4a8e-9f08-2674509fcaed'),
 ('34', '2853', 'es_us', 'Ryan Smith', 'Executive Director,  Education Trust-West', '', '2017-01-30 23:17:17', '2017-02-02 19:07:59', '1706859f-719c-4c7b-9aef-d83028acda84'),
 ('35', '2854', 'es_us', 'Chris Stewart', 'Director of Outreach and External Affairs, Education Post', '', '2017-01-30 23:17:17', '2017-02-02 19:07:59', '26d1d9cd-5cb4-4652-892e-6a7eed9c1198'),
 ('36', '2857', 'es_us', 'International House Hotel', 'Anchor Partner', '<p>International House Hotel is a luxury boutique hotel located in downtown New Orleans, with 117 rooms. EdNavigator support is available to any eligible employee who is interested. </p>', '2017-01-30 23:19:24', '2017-02-02 21:07:12', 'f00761b3-9b48-42e0-af7b-4a62d157ce1b'),
 ('37', '2858', 'es_us', 'The New Orleans marriott', '', '<p>Located on Canal Street, the New Orleans Marriott is the city’s second-largest hotel, with 1,330 rooms.</p>', '2017-01-30 23:19:24', '2017-02-02 21:07:12', '5aa93682-4098-4934-8648-2a097a7b465c'),
 ('38', '2859', 'es_us', 'The Hyatt Regency New Orleans', '', '', '2017-01-30 23:19:24', '2017-02-02 21:07:12', 'a29bd7c5-b009-4c62-9911-f0f8ebdf3fee'),
 ('39', '2860', 'es_us', 'The JW Marriott New Orleans', '', '', '2017-01-30 23:19:24', '2017-02-02 21:07:12', 'ed9b4479-5288-41a0-96d4-b6e1834867ab'),
 ('40', '2861', 'es_us', 'The Ritz-Carlton New Orleans', '', '', '2017-01-30 23:19:24', '2017-02-02 21:07:12', '0f065af9-7eee-4616-801b-62ea7b8000af'),
 ('41', '2862', 'es_us', 'The Residence Inn New Orleans Downtwon', '', '', '2017-01-30 23:19:24', '2017-02-02 21:07:12', '0e73dafe-7c51-4b96-831a-c70024f485b6'),
 ('42', '2863', 'es_us', 'The New Orleans Marriott At The Convention Center', '', '', '2017-01-30 23:19:24', '2017-02-02 21:07:12', '46e985c1-8829-4857-a1b4-48d73755cd1b'),
 ('43', '2942', 'en_us', 'Tophy Woxen', 'Navigator', '<p>Lorem ipsum dolor sit amet, consectetur adipiscing elit. Nullam quis risus eget urna mollis ornare vel eu leo. Praesent commodo cursus magna, vel scelerisque nisl consectetur et.</p>', '2017-02-02 18:13:29', '2017-02-02 18:28:58', '39d1fe59-e9ad-4185-9b8b-b0db55b5b8e5'),
 ('44', '2942', 'es_us', 'Tophy Woxen', 'Navigator', '<p>Lorem ipsum dolor sit amet, consectetur adipiscing elit. Nullam quis risus eget urna mollis ornare vel eu leo. Praesent commodo cursus magna, vel scelerisque nisl consectetur et.</p>', '2017-02-02 18:13:29', '2017-02-02 18:28:58', 'c579e903-312c-4a20-943f-1621fe8ee777'),
 ('45', '2944', 'en_us', 'Jillanthy Kimblestall', 'Navigator', '<p>Lorem ipsum dolor sit amet, consectetur adipiscing elit. Nullam quis risus eget urna mollis ornare vel eu leo. Praesent commodo cursus magna, vel scelerisque nisl consectetur et.</p>', '2017-02-02 18:28:59', '2017-02-02 18:28:59', '0661c9a5-4ca1-4d6d-bc73-40959fb7f0fc'),
 ('46', '2944', 'es_us', 'Jillanthy Kimblestall', 'Navigator', '<p>Lorem ipsum dolor sit amet, consectetur adipiscing elit. Nullam quis risus eget urna mollis ornare vel eu leo. Praesent commodo cursus magna, vel scelerisque nisl consectetur et.</p>', '2017-02-02 18:28:59', '2017-02-02 18:28:59', '3c1ce832-0bf1-40b3-ad58-06df15eca616');



DROP TABLE IF EXISTS `craft_matrixcontent_principles`;


--
-- Schema for table `craft_matrixcontent_principles`
--
CREATE TABLE `craft_matrixcontent_principles` (
  `id` int(11) NOT NULL AUTO_INCREMENT,
  `elementId` int(11) NOT NULL,
  `locale` char(12) COLLATE utf8_unicode_ci NOT NULL,
  `field_principle_principleLabel` text COLLATE utf8_unicode_ci,
  `field_principle_principleDescription` text COLLATE utf8_unicode_ci,
  `dateCreated` datetime NOT NULL,
  `dateUpdated` datetime NOT NULL,
  `uid` char(36) COLLATE utf8_unicode_ci NOT NULL DEFAULT '0',
  PRIMARY KEY (`id`),
  UNIQUE KEY `craft_matrixcontent_principles_elementId_locale_unq_idx` (`elementId`,`locale`),
  KEY `craft_matrixcontent_principles_locale_idx` (`locale`)
) ENGINE=InnoDB AUTO_INCREMENT=15 DEFAULT CHARSET=utf8 COLLATE=utf8_unicode_ci;

--
-- Data for table `craft_matrixcontent_principles`
--

INSERT INTO `craft_matrixcontent_principles` (`id`, `elementId`, `locale`, `field_principle_principleLabel`, `field_principle_principleDescription`, `dateCreated`, `dateUpdated`, `uid`) VALUES
 ('1', '2929', 'en_us', 'You always come first', 'We always put the needs of families and students first. We represent no one’s interests but yours. Ever', '2017-01-26 20:14:15', '2017-01-26 23:47:39', 'ab25d968-b7b5-4247-aeac-5226fda9295d'),
 ('2', '2929', 'es_us', 'You always come first', 'We always put the needs of families and students first. We represent no one’s interests but yours. Ever', '2017-01-26 20:14:15', '2017-01-26 20:14:15', '1db228c4-3854-42bb-8301-1e3c6a087fc0'),
 ('3', '2931', 'en_us', 'We put you in charge', 'We provide guidance and honest advice, but you set the course. We never act without your permission or make choices for you. Our job is to help you get what you want. ', '2017-01-26 20:22:20', '2017-01-26 23:47:39', 'ffd67360-ef42-4ab5-a281-4f0ab21c4189'),
 ('4', '2931', 'es_us', 'We put you in charge', 'We provide guidance and honest advice, but you set the course. We never act without your permission or make choices for you. Our job is to help you get what you want. ', '2017-01-26 20:22:20', '2017-01-26 20:22:20', '2e4358ed-db43-4df0-806f-17cc5e5918e6'),
 ('7', '2937', 'en_us', 'We treat you like family', 'We share your sense of urgency. We respond quickly, take your concerns seriously, and always treat you with dignity and respect. Your problems are our problems.', '2017-01-26 23:47:39', '2017-01-26 23:47:39', '320b1270-0eaf-495c-a800-31b4955d94fe'),
 ('8', '2937', 'es_us', 'We treat you like family', 'We share your sense of urgency. We respond quickly, take your concerns seriously, and always treat you with dignity and respect. Your problems are our problems.', '2017-01-26 23:47:39', '2017-01-26 23:47:39', '9caae165-0aea-4171-b893-81a1f5b2fe02'),
 ('9', '2938', 'en_us', 'We find a way', 'We don’t let systems, processes, paperwork or unwritten rules get in the way of doing right by a family or student. We find a way to make it happen.', '2017-01-26 23:47:39', '2017-01-26 23:47:39', '35a20bf4-8b91-4db6-9c62-166c43cc1d33'),
 ('10', '2938', 'es_us', 'We find a way', 'We don’t let systems, processes, paperwork or unwritten rules get in the way of doing right by a family or student. We find a way to make it happen.', '2017-01-26 23:47:39', '2017-01-26 23:47:39', 'e3430ad0-abdc-440c-98b5-44377be9da3b'),
 ('11', '2939', 'en_us', 'We protect your privacy', 'We maintain best-in-class privacy controls to protect you. We never share information about you or your children without your consent. ', '2017-01-26 23:47:39', '2017-01-26 23:47:39', '406c9bb2-7aa8-4809-9c81-1fb122386f3c'),
 ('12', '2939', 'es_us', 'We protect your privacy', 'We maintain best-in-class privacy controls to protect you. We never share information about you or your children without your consent. ', '2017-01-26 23:47:39', '2017-01-26 23:47:39', '3701e132-7861-4427-be85-050789d2d2d0'),
 ('13', '2940', 'en_us', 'We level the playing field', 'We champion the right of all families to an excellent education, especially those who have faced disadvantages in the past.', '2017-01-26 23:47:39', '2017-01-26 23:47:39', 'd03702c0-aa8e-4a6b-b12d-26edbc387042'),
 ('14', '2940', 'es_us', 'We level the playing field', 'We champion the right of all families to an excellent education, especially those who have faced disadvantages in the past.', '2017-01-26 23:47:39', '2017-01-26 23:47:39', 'edddbe5e-0996-4b85-9b09-4c081437a806');



DROP TABLE IF EXISTS `craft_matrixcontent_userpaths`;


--
-- Schema for table `craft_matrixcontent_userpaths`
--
CREATE TABLE `craft_matrixcontent_userpaths` (
  `id` int(11) NOT NULL AUTO_INCREMENT,
  `elementId` int(11) NOT NULL,
  `locale` char(12) COLLATE utf8_unicode_ci NOT NULL,
  `field_userPath_pathTitle` text COLLATE utf8_unicode_ci,
  `field_userPath_pathLinkText` text COLLATE utf8_unicode_ci,
  `dateCreated` datetime NOT NULL,
  `dateUpdated` datetime NOT NULL,
  `uid` char(36) COLLATE utf8_unicode_ci NOT NULL DEFAULT '0',
  PRIMARY KEY (`id`),
  UNIQUE KEY `craft_matrixcontent_userpaths_elementId_locale_unq_idx` (`elementId`,`locale`),
  KEY `craft_matrixcontent_userpaths_locale_fk` (`locale`)
) ENGINE=InnoDB AUTO_INCREMENT=5 DEFAULT CHARSET=utf8 COLLATE=utf8_unicode_ci;

--
-- Data for table `craft_matrixcontent_userpaths`
--

INSERT INTO `craft_matrixcontent_userpaths` (`id`, `elementId`, `locale`, `field_userPath_pathTitle`, `field_userPath_pathLinkText`, `dateCreated`, `dateUpdated`, `uid`) VALUES
 ('1', '2868', 'en_us', 'For\r\nEmployers', 'Invest in your greatest \r\nasset — your people.', '2017-01-05 16:42:03', '2017-01-26 16:52:05', '97f4ba05-d36c-414d-b648-a71f08644bbf'),
 ('2', '2869', 'en_us', 'For Families\r\n& Students', 'Find your path.', '2017-01-05 16:42:04', '2017-01-26 16:52:05', '2126789a-9aae-4dd3-a25d-840b33ae9edc'),
 ('3', '2914', 'es_us', 'Para \r\nEmpleyadores', 'Invertir en su \r\nmayor activo — \r\nsu gente.', '2017-01-24 18:08:41', '2017-01-24 20:49:12', '33697754-d045-4847-8039-afce25de63fa'),
 ('4', '2915', 'es_us', 'Para \r\nFamilias & \r\nEstudiantes', 'Encuentra \r\ntu camino.', '2017-01-24 18:08:41', '2017-01-24 20:49:12', '5a7cda8d-2a6e-441c-b68e-1fde429a20a2');



DROP TABLE IF EXISTS `craft_migrations`;


--
-- Schema for table `craft_migrations`
--
CREATE TABLE `craft_migrations` (
  `id` int(11) NOT NULL AUTO_INCREMENT,
  `pluginId` int(11) DEFAULT NULL,
  `version` varchar(255) COLLATE utf8_unicode_ci NOT NULL,
  `applyTime` datetime NOT NULL,
  `dateCreated` datetime NOT NULL,
  `dateUpdated` datetime NOT NULL,
  `uid` char(36) COLLATE utf8_unicode_ci NOT NULL DEFAULT '0',
  PRIMARY KEY (`id`),
  UNIQUE KEY `craft_migrations_version_unq_idx` (`version`),
  KEY `craft_migrations_pluginId_fk` (`pluginId`)
) ENGINE=InnoDB AUTO_INCREMENT=46 DEFAULT CHARSET=utf8 COLLATE=utf8_unicode_ci;

--
-- Data for table `craft_migrations`
--

INSERT INTO `craft_migrations` (`id`, `pluginId`, `version`, `applyTime`, `dateCreated`, `dateUpdated`, `uid`) VALUES
 ('1', NULL, 'm000000_000000_base', '2016-10-10 20:59:12', '2016-10-10 20:59:12', '2016-10-10 20:59:12', '13765fc8-b276-414e-92f6-7cd9858fddfe'),
 ('2', NULL, 'm140730_000001_add_filename_and_format_to_transformindex', '2016-10-10 20:59:12', '2016-10-10 20:59:12', '2016-10-10 20:59:12', 'b02c120a-cd9b-4e04-82ca-0742cbe2d2c7'),
 ('3', NULL, 'm140815_000001_add_format_to_transforms', '2016-10-10 20:59:12', '2016-10-10 20:59:12', '2016-10-10 20:59:12', '591e485d-babd-492f-b8b1-cf46f90d4af3'),
 ('4', NULL, 'm140822_000001_allow_more_than_128_items_per_field', '2016-10-10 20:59:12', '2016-10-10 20:59:12', '2016-10-10 20:59:12', '6e8dc42d-f1a8-4878-8f2d-e3e6f6b04bf1'),
 ('5', NULL, 'm140829_000001_single_title_formats', '2016-10-10 20:59:12', '2016-10-10 20:59:12', '2016-10-10 20:59:12', 'fed7c635-3282-42ee-b3ff-4b4251021ea1'),
 ('6', NULL, 'm140831_000001_extended_cache_keys', '2016-10-10 20:59:12', '2016-10-10 20:59:12', '2016-10-10 20:59:12', '79459758-8ff2-4db1-b88d-716b2beb4ac4'),
 ('7', NULL, 'm140922_000001_delete_orphaned_matrix_blocks', '2016-10-10 20:59:12', '2016-10-10 20:59:12', '2016-10-10 20:59:12', '02660a7b-288e-42b6-bc72-6f51bd9349c7'),
 ('8', NULL, 'm141008_000001_elements_index_tune', '2016-10-10 20:59:12', '2016-10-10 20:59:12', '2016-10-10 20:59:12', 'a9bf7f1d-49a0-434b-83ae-44f314c5fba4'),
 ('9', NULL, 'm141009_000001_assets_source_handle', '2016-10-10 20:59:12', '2016-10-10 20:59:12', '2016-10-10 20:59:12', '85ee644f-be83-4775-9248-015a08ab00a8'),
 ('10', NULL, 'm141024_000001_field_layout_tabs', '2016-10-10 20:59:12', '2016-10-10 20:59:12', '2016-10-10 20:59:12', '6acca276-faf0-4172-9bbe-0e50d3243eb2'),
 ('11', NULL, 'm141030_000000_plugin_schema_versions', '2016-10-10 20:59:12', '2016-10-10 20:59:12', '2016-10-10 20:59:12', 'b88e0df3-8138-4078-bafc-b583d985d9cc'),
 ('12', NULL, 'm141030_000001_drop_structure_move_permission', '2016-10-10 20:59:12', '2016-10-10 20:59:12', '2016-10-10 20:59:12', 'd2a14ac6-a86f-4ea4-b18c-0a1a8feffbf2'),
 ('13', NULL, 'm141103_000001_tag_titles', '2016-10-10 20:59:12', '2016-10-10 20:59:12', '2016-10-10 20:59:12', '017c43c6-3b5c-4841-a382-d47619e02e60'),
 ('14', NULL, 'm141109_000001_user_status_shuffle', '2016-10-10 20:59:12', '2016-10-10 20:59:12', '2016-10-10 20:59:12', '425b570d-93a9-4fe9-986d-c9c365f86b4c'),
 ('15', NULL, 'm141126_000001_user_week_start_day', '2016-10-10 20:59:12', '2016-10-10 20:59:12', '2016-10-10 20:59:12', '1c74d547-f1d8-4902-85f6-64b359ee3f73'),
 ('16', NULL, 'm150210_000001_adjust_user_photo_size', '2016-10-10 20:59:12', '2016-10-10 20:59:12', '2016-10-10 20:59:12', '6ecb28fa-1fea-4045-9449-ce6cb177b238'),
 ('17', NULL, 'm150724_000001_adjust_quality_settings', '2016-10-10 20:59:12', '2016-10-10 20:59:12', '2016-10-10 20:59:12', '7d177cfb-e4db-4bcf-8124-8f77a2b1f336'),
 ('18', NULL, 'm150827_000000_element_index_settings', '2016-10-10 20:59:12', '2016-10-10 20:59:12', '2016-10-10 20:59:12', '6d9efcf7-76ea-4484-8488-cfcbeedfb16b'),
 ('19', NULL, 'm150918_000001_add_colspan_to_widgets', '2016-10-10 20:59:12', '2016-10-10 20:59:12', '2016-10-10 20:59:12', 'db6b15ec-5faa-48f1-a300-fe8f3c4749c4'),
 ('20', NULL, 'm151007_000000_clear_asset_caches', '2016-10-10 20:59:12', '2016-10-10 20:59:12', '2016-10-10 20:59:12', '214be692-f79c-4c20-96a3-66a56b419536'),
 ('21', NULL, 'm151109_000000_text_url_formats', '2016-10-10 20:59:12', '2016-10-10 20:59:12', '2016-10-10 20:59:12', 'f6300cd9-3314-4b35-8e6a-57916453d480'),
 ('22', NULL, 'm151110_000000_move_logo', '2016-10-10 20:59:12', '2016-10-10 20:59:12', '2016-10-10 20:59:12', 'e316fedf-f12d-4b99-97ac-b77dadc9d13e'),
 ('23', NULL, 'm151117_000000_adjust_image_widthheight', '2016-10-10 20:59:12', '2016-10-10 20:59:12', '2016-10-10 20:59:12', 'e561faef-536c-4692-922d-e34cb30e30c3'),
 ('24', NULL, 'm151127_000000_clear_license_key_status', '2016-10-10 20:59:12', '2016-10-10 20:59:12', '2016-10-10 20:59:12', 'f62fe69c-e0e9-4abd-b6bb-4aace6e10534'),
 ('25', NULL, 'm151127_000000_plugin_license_keys', '2016-10-10 20:59:12', '2016-10-10 20:59:12', '2016-10-10 20:59:12', '7d0182c6-3e99-45d8-8789-8188febdbdd9'),
 ('26', NULL, 'm151130_000000_update_pt_widget_feeds', '2016-10-10 20:59:12', '2016-10-10 20:59:12', '2016-10-10 20:59:12', 'df20204f-e388-41db-a7e1-996d88500b27'),
 ('27', NULL, 'm160114_000000_asset_sources_public_url_default_true', '2016-10-10 20:59:12', '2016-10-10 20:59:12', '2016-10-10 20:59:12', '306a939e-b1d0-4ed8-b3aa-ab557333b7be'),
 ('28', NULL, 'm160223_000000_sortorder_to_smallint', '2016-10-10 20:59:12', '2016-10-10 20:59:12', '2016-10-10 20:59:12', 'ba9f71c8-d127-4088-aaea-5ddda5ec8eaf'),
 ('29', NULL, 'm160229_000000_set_default_entry_statuses', '2016-10-10 20:59:12', '2016-10-10 20:59:12', '2016-10-10 20:59:12', 'ad98ae6f-8faf-4fba-be1b-8b9e3b9da015'),
 ('30', NULL, 'm160304_000000_client_permissions', '2016-10-10 20:59:12', '2016-10-10 20:59:12', '2016-10-10 20:59:12', '87a0828a-e445-450c-881f-61efa0963891'),
 ('31', NULL, 'm160322_000000_asset_filesize', '2016-10-10 20:59:12', '2016-10-10 20:59:12', '2016-10-10 20:59:12', '0c5fce02-c7a4-4fd2-af02-a0634424c7d3'),
 ('32', NULL, 'm160503_000000_orphaned_fieldlayouts', '2016-10-10 20:59:12', '2016-10-10 20:59:12', '2016-10-10 20:59:12', 'fc8bb2fe-457f-4adc-8339-802f9191361b'),
 ('33', NULL, 'm160510_000000_tasksettings', '2016-10-10 20:59:12', '2016-10-10 20:59:12', '2016-10-10 20:59:12', 'b5024bef-7214-43fd-9292-cc94ca21f81f'),
 ('34', NULL, 'm160829_000000_pending_user_content_cleanup', '2016-10-10 20:59:12', '2016-10-10 20:59:12', '2016-10-10 20:59:12', '6cf75b4f-0210-4ec6-b8f5-ac394ce9fb02'),
 ('35', NULL, 'm160830_000000_asset_index_uri_increase', '2016-10-10 20:59:12', '2016-10-10 20:59:12', '2016-10-10 20:59:12', '6c629f5b-d2bc-4225-a716-5924579a103b'),
 ('36', NULL, 'm160919_000000_usergroup_handle_title_unique', '2016-10-10 20:59:12', '2016-10-10 20:59:12', '2016-10-10 20:59:12', '9f80c981-76aa-4ff1-bf82-b121e725b46f'),
 ('37', '1', 'm140430_122214_import_ImportHistory', '2016-12-12 18:11:41', '2016-12-12 18:11:41', '2016-12-12 18:11:41', 'b8f000dd-b8fa-41df-91c6-309b608178eb'),
 ('38', '1', 'm140616_080724_import_saveEntryIdAndVersion', '2016-12-12 18:11:41', '2016-12-12 18:11:41', '2016-12-12 18:11:41', '318332ae-59a9-4d84-b993-93708a5222ea'),
 ('39', '1', 'm140903_075432_import_ImportElements', '2016-12-12 18:11:41', '2016-12-12 18:11:41', '2016-12-12 18:11:41', '6d594032-5a98-420b-ab2c-6042a2a2bd62'),
 ('40', NULL, 'm161108_000000_new_version_format', '2016-12-12 20:27:04', '2016-12-12 20:27:04', '2016-12-12 20:27:04', 'fef75201-d7c4-42cc-bd17-9948a669f3b4'),
 ('41', NULL, 'm161109_000000_index_shuffle', '2016-12-12 20:27:04', '2016-12-12 20:27:04', '2016-12-12 20:27:04', '1c844454-c81a-4b33-ae61-a4b032063bd4'),
 ('42', '3', 'm150212_145000_AmNav_renamePagesToNodes', '2017-01-11 16:03:32', '2017-01-11 16:03:32', '2017-01-11 16:03:32', 'd52febdf-addf-4d0b-a7ab-e31956626e82'),
 ('43', '3', 'm150217_112800_AmNav_expandPageData', '2017-01-11 16:03:32', '2017-01-11 16:03:32', '2017-01-11 16:03:32', '3eed48a1-cb97-40a6-926e-45375022ace2'),
 ('44', '3', 'm150403_093000_AmNav_nodesWithElements', '2017-01-11 16:03:32', '2017-01-11 16:03:32', '2017-01-11 16:03:32', 'a6af2a4b-7edf-47a6-9b50-41b7b3a44577'),
 ('45', '3', 'm150512_105600_AmNav_addOptionalClass', '2017-01-11 16:03:32', '2017-01-11 16:03:32', '2017-01-11 16:03:32', 'd745004c-354f-4462-a6e7-1227d6c08603');



DROP TABLE IF EXISTS `craft_plugins`;


--
-- Schema for table `craft_plugins`
--
CREATE TABLE `craft_plugins` (
  `id` int(11) NOT NULL AUTO_INCREMENT,
  `class` varchar(150) COLLATE utf8_unicode_ci NOT NULL,
  `version` varchar(15) COLLATE utf8_unicode_ci NOT NULL,
  `schemaVersion` varchar(15) COLLATE utf8_unicode_ci DEFAULT NULL,
  `licenseKey` char(24) COLLATE utf8_unicode_ci DEFAULT NULL,
  `licenseKeyStatus` enum('valid','invalid','mismatched','unknown') COLLATE utf8_unicode_ci NOT NULL DEFAULT 'unknown',
  `enabled` tinyint(1) unsigned NOT NULL DEFAULT '0',
  `settings` text COLLATE utf8_unicode_ci,
  `installDate` datetime NOT NULL,
  `dateCreated` datetime NOT NULL,
  `dateUpdated` datetime NOT NULL,
  `uid` char(36) COLLATE utf8_unicode_ci NOT NULL DEFAULT '0',
  PRIMARY KEY (`id`)
) ENGINE=InnoDB AUTO_INCREMENT=5 DEFAULT CHARSET=utf8 COLLATE=utf8_unicode_ci;

--
-- Data for table `craft_plugins`
--

INSERT INTO `craft_plugins` (`id`, `class`, `version`, `schemaVersion`, `licenseKey`, `licenseKeyStatus`, `enabled`, `settings`, `installDate`, `dateCreated`, `dateUpdated`, `uid`) VALUES
 ('1', 'Import', '0.8.33', NULL, NULL, 'unknown', '1', NULL, '2016-12-12 18:11:41', '2016-12-12 18:11:41', '2017-02-17 18:46:38', '355bd228-64b4-4ebc-890d-7f5fd11c5686'),
 ('2', 'AssetRev', '4.0.1', NULL, NULL, 'unknown', '1', NULL, '2016-12-12 18:11:43', '2016-12-12 18:11:43', '2017-02-17 18:46:38', '8748769e-7387-4e96-814e-c512968cfd5c'),
 ('3', 'AmNav', '1.7.4', '1.7.4', NULL, 'unknown', '1', '{\"pluginName\":\"Site Navigation\",\"canDoActions\":\"1\",\"quietErrors\":\"\"}', '2017-01-11 16:03:32', '2017-01-11 16:03:32', '2017-02-17 18:46:38', 'd001d86f-a22b-4393-bec2-d15d28853485'),
 ('4', 'Imager', '1.3.0', '1.0.0', NULL, 'unknown', '1', NULL, '2017-01-31 16:18:13', '2017-01-31 16:18:13', '2017-02-17 18:46:38', 'fd599b84-10cd-4a9b-a27c-8be9115ddb5b');



DROP TABLE IF EXISTS `craft_rackspaceaccess`;


--
-- Schema for table `craft_rackspaceaccess`
--
CREATE TABLE `craft_rackspaceaccess` (
  `id` int(11) NOT NULL AUTO_INCREMENT,
  `connectionKey` varchar(255) COLLATE utf8_unicode_ci NOT NULL,
  `token` varchar(255) COLLATE utf8_unicode_ci NOT NULL,
  `storageUrl` varchar(255) COLLATE utf8_unicode_ci NOT NULL,
  `cdnUrl` varchar(255) COLLATE utf8_unicode_ci NOT NULL,
  `dateCreated` datetime NOT NULL,
  `dateUpdated` datetime NOT NULL,
  `uid` char(36) COLLATE utf8_unicode_ci NOT NULL DEFAULT '0',
  PRIMARY KEY (`id`),
  UNIQUE KEY `craft_rackspaceaccess_connectionKey_unq_idx` (`connectionKey`)
) ENGINE=InnoDB DEFAULT CHARSET=utf8 COLLATE=utf8_unicode_ci;

DROP TABLE IF EXISTS `craft_relations`;


--
-- Schema for table `craft_relations`
--
CREATE TABLE `craft_relations` (
  `id` int(11) NOT NULL AUTO_INCREMENT,
  `fieldId` int(11) NOT NULL,
  `sourceId` int(11) NOT NULL,
  `sourceLocale` char(12) COLLATE utf8_unicode_ci DEFAULT NULL,
  `targetId` int(11) NOT NULL,
  `sortOrder` smallint(6) DEFAULT NULL,
  `dateCreated` datetime NOT NULL,
  `dateUpdated` datetime NOT NULL,
  `uid` char(36) COLLATE utf8_unicode_ci NOT NULL DEFAULT '0',
  PRIMARY KEY (`id`),
  UNIQUE KEY `craft_relations_fieldId_sourceId_sourceLocale_targetId_unq_idx` (`fieldId`,`sourceId`,`sourceLocale`,`targetId`),
  KEY `craft_relations_sourceId_fk` (`sourceId`),
  KEY `craft_relations_sourceLocale_fk` (`sourceLocale`),
  KEY `craft_relations_targetId_fk` (`targetId`)
) ENGINE=InnoDB AUTO_INCREMENT=376 DEFAULT CHARSET=utf8 COLLATE=utf8_unicode_ci;

--
-- Data for table `craft_relations`
--

INSERT INTO `craft_relations` (`id`, `fieldId`, `sourceId`, `sourceLocale`, `targetId`, `sortOrder`, `dateCreated`, `dateUpdated`, `uid`) VALUES
 ('65', '61', '2891', NULL, '2889', '1', '2017-01-17 23:12:01', '2017-01-17 23:12:01', 'f8b8a4fc-c06e-443e-be5e-5c7987148337'),
 ('71', '61', '2896', NULL, '2894', '1', '2017-01-17 23:35:21', '2017-01-17 23:35:21', 'c8f235e6-3248-4c99-9164-69fccf321cd3'),
 ('76', '61', '2903', NULL, '2898', '1', '2017-01-18 15:30:09', '2017-01-18 15:30:09', '97e68e4f-6b18-4571-8790-ad69057401c3'),
 ('83', '61', '2899', NULL, '2888', '1', '2017-01-20 15:28:57', '2017-01-20 15:28:57', 'b5ad4194-24e0-4b3e-99b4-0e829a76a738'),
 ('84', '61', '2901', NULL, '2898', '1', '2017-01-20 15:28:57', '2017-01-20 15:28:57', 'c3adb3fd-d966-4f5b-b57a-1bbafdf054cd'),
 ('87', '61', '2906', NULL, '2904', '1', '2017-01-20 16:29:46', '2017-01-20 16:29:46', '7f103cb4-8f1f-4ea3-a679-ac5dedfdf3bc'),
 ('88', '61', '2907', NULL, '2887', '1', '2017-01-20 16:29:46', '2017-01-20 16:29:46', 'beb426d1-dc18-45c3-b5a1-fe88b9142f74'),
 ('89', '61', '2908', NULL, '2889', '1', '2017-01-20 16:29:46', '2017-01-20 16:29:46', '8b436c24-6f72-497a-81d6-995d2a474811'),
 ('90', '61', '2886', NULL, '2888', '1', '2017-01-23 23:06:07', '2017-01-23 23:06:07', 'eb78cf89-cdd0-488e-894a-8db458747bdf'),
 ('91', '61', '2909', NULL, '2898', '1', '2017-01-23 23:06:07', '2017-01-23 23:06:07', 'ef04ddd1-4b2c-437c-9fac-44afa0abe2b8'),
 ('94', '61', '2912', NULL, '2910', '1', '2017-01-24 18:04:49', '2017-01-24 18:04:49', 'e15c00d2-e72d-4512-ba46-3a7dfe82bfaa'),
 ('95', '61', '2913', NULL, '2904', '1', '2017-01-24 18:04:49', '2017-01-24 18:04:49', 'f73ffa41-6355-42d3-abd4-10580d2a03cd'),
 ('126', '61', '2881', NULL, '2887', '1', '2017-01-24 19:56:24', '2017-01-24 19:56:24', '08b3d7a0-1b7c-48fd-ab58-11d45325a172'),
 ('128', '54', '2914', 'en_us', '2893', '1', '2017-01-24 20:07:16', '2017-01-24 20:09:04', '94dbf7e9-09b9-40a7-aa21-4b7f06e13c12'),
 ('130', '54', '2915', 'en_us', '2880', '1', '2017-01-24 20:07:16', '2017-01-24 20:09:04', 'ace8558d-9c64-4631-854a-63f5b4006349'),
 ('132', '54', '2868', 'es_us', '2893', '1', '2017-01-24 20:09:04', '2017-01-24 20:09:04', 'beedb962-b873-41b0-bab9-094be9496f93'),
 ('133', '54', '2869', 'es_us', '2892', '1', '2017-01-24 20:09:04', '2017-01-24 20:09:04', 'cdce4c5b-e8a5-4c81-acd7-7164d9168837'),
 ('151', '54', '2914', 'es_us', '2893', '1', '2017-01-24 20:49:12', '2017-01-24 20:49:12', '143232e2-796a-4b47-955e-9b15fc41ebb5'),
 ('152', '55', '2914', NULL, '2866', '1', '2017-01-24 20:49:12', '2017-01-24 20:49:12', 'b3f1c0b8-31eb-4736-89dd-bebd955d665b'),
 ('153', '54', '2915', 'es_us', '2892', '1', '2017-01-24 20:49:13', '2017-01-24 20:49:13', '8be15454-d3c6-4206-b398-a5fabb8f8681'),
 ('154', '55', '2915', NULL, '2867', '1', '2017-01-24 20:49:13', '2017-01-24 20:49:13', 'a980c119-d14c-4f17-91be-e6f715f43bd6'),
 ('155', '50', '2', NULL, '2871', '1', '2017-01-26 16:52:05', '2017-01-26 16:52:05', 'f64a71ec-5abc-4f6b-8119-0ee87d4a22e7'),
 ('156', '54', '2868', 'en_us', '2893', '1', '2017-01-26 16:52:05', '2017-01-26 16:52:05', 'd1456e87-db69-495e-b4e0-8a65d24e51d7'),
 ('157', '55', '2868', NULL, '2866', '1', '2017-01-26 16:52:05', '2017-01-26 16:52:05', '61dea9b8-86a9-4731-ab32-4f59ea54f9b3'),
 ('158', '54', '2869', 'en_us', '2892', '1', '2017-01-26 16:52:05', '2017-01-26 16:52:05', '8da5ed16-d7b0-4dcb-b1f0-30f34c6071bf'),
 ('159', '55', '2869', NULL, '2867', '1', '2017-01-26 16:52:05', '2017-01-26 16:52:05', 'b72f37a9-28a3-4ac7-b421-d862cd10a78c'),
 ('167', '45', '2929', NULL, '2925', '1', '2017-01-26 23:47:39', '2017-01-26 23:47:39', '86d15a0d-d971-40d4-9f55-327830c5aed0'),
 ('168', '45', '2931', NULL, '2930', '1', '2017-01-26 23:47:39', '2017-01-26 23:47:39', '2c4397ea-1047-448d-ba57-b7249f952503'),
 ('169', '45', '2937', NULL, '2933', '1', '2017-01-26 23:47:39', '2017-01-26 23:47:39', '5de1d261-5a79-4392-bfdc-69844f8e1326'),
 ('170', '45', '2938', NULL, '2934', '1', '2017-01-26 23:47:39', '2017-01-26 23:47:39', 'a30b9f2a-75ba-498c-b6bb-69335ac6a288'),
 ('171', '45', '2939', NULL, '2935', '1', '2017-01-26 23:47:39', '2017-01-26 23:47:39', '86db4154-b0ec-4b9e-be76-28ab42ff35e2'),
 ('172', '45', '2940', NULL, '2936', '1', '2017-01-26 23:47:39', '2017-01-26 23:47:39', '39160b00-51ab-400f-addc-6616d1e09484'),
 ('176', '41', '2942', NULL, '2941', '1', '2017-02-02 18:28:58', '2017-02-02 18:28:58', '6b57fc93-4e6f-4c65-97a2-c70ff1529837'),
 ('177', '41', '2944', NULL, '2943', '1', '2017-02-02 18:28:59', '2017-02-02 18:28:59', '3e962365-e564-4e30-a83d-ea690b0f8e61'),
 ('178', '41', '2846', NULL, '2941', '1', '2017-02-02 18:42:49', '2017-02-02 18:42:49', 'fe9ea7b9-5ad7-4058-9cf8-2161e85930b4'),
 ('179', '41', '2847', NULL, '2943', '1', '2017-02-02 18:42:49', '2017-02-02 18:42:49', '09a1f02d-07ae-443e-a01b-1b5f180661f4'),
 ('180', '41', '2848', NULL, '2943', '1', '2017-02-02 18:42:49', '2017-02-02 18:42:49', 'fb7b8a69-38e2-43d8-9dd8-029c577caa24'),
 ('181', '41', '2849', NULL, '2941', '1', '2017-02-02 18:42:49', '2017-02-02 18:42:49', '80661a3e-b2f7-4022-977b-11362ef74c20'),
 ('182', '41', '2851', NULL, '2943', '1', '2017-02-02 19:07:59', '2017-02-02 19:07:59', 'b05db624-3bfb-4eed-a7f0-c6ad7a56d4f2'),
 ('183', '41', '2852', NULL, '2941', '1', '2017-02-02 19:07:59', '2017-02-02 19:07:59', '3444cbc0-edf5-4ff8-8d94-c6a715738a24'),
 ('184', '41', '2853', NULL, '2943', '1', '2017-02-02 19:07:59', '2017-02-02 19:07:59', 'c61c5b2b-2406-4ad7-b1bc-d73061ff9839'),
 ('185', '41', '2854', NULL, '2941', '1', '2017-02-02 19:07:59', '2017-02-02 19:07:59', 'f2fd0ee4-6064-4241-8e59-e0b95ae199b9'),
 ('189', '41', '2857', NULL, '2945', '1', '2017-02-02 21:07:12', '2017-02-02 21:07:12', '2f6ca3b8-572e-4d34-b897-3e991cf5ed59'),
 ('190', '41', '2858', NULL, '2946', '1', '2017-02-02 21:07:12', '2017-02-02 21:07:12', '541edf21-658d-4548-887a-e92acb3cdc1f'),
 ('191', '41', '2859', NULL, '2947', '1', '2017-02-02 21:07:12', '2017-02-02 21:07:12', '2c38879f-7561-43fc-8fa0-01798f5627d8'),
 ('192', '41', '2860', NULL, '2948', '1', '2017-02-02 21:07:12', '2017-02-02 21:07:12', 'aa903d20-d940-4260-996d-245a6ff9a967'),
 ('193', '41', '2861', NULL, '2949', '1', '2017-02-02 21:07:12', '2017-02-02 21:07:12', 'a56fa2eb-f048-431d-9d40-6c00c4dcae44'),
 ('194', '41', '2862', NULL, '2948', '1', '2017-02-02 21:07:12', '2017-02-02 21:07:12', '99a09383-45bc-43b7-ad08-fa542536fada'),
 ('195', '41', '2863', NULL, '2945', '1', '2017-02-02 21:07:12', '2017-02-02 21:07:12', '0be946ea-fa31-4f26-a8b2-28bf53048119'),
 ('200', '2', '2953', NULL, '2950', '1', '2017-02-02 22:20:27', '2017-02-02 22:20:27', '4e484371-e87c-4779-ad82-3dcf1e72b3b4'),
 ('201', '2', '2953', NULL, '2951', '2', '2017-02-02 22:20:27', '2017-02-02 22:20:27', 'b97c8434-75a4-4316-8db7-47ff085474fc'),
 ('203', '2', '2956', NULL, '2955', '1', '2017-02-02 22:21:26', '2017-02-02 22:21:26', '82049001-bda9-4554-ad30-46708e51b611'),
 ('251', '50', '2984', NULL, '2982', '1', '2017-02-08 19:45:41', '2017-02-08 19:45:41', '8b165921-ae07-43d5-90c9-d2d9413c2ad7'),
 ('259', '50', '2953', NULL, '2952', '1', '2017-02-08 19:46:20', '2017-02-08 19:46:20', 'b12b217a-24d6-45f3-aa5e-08035e0916db'),
 ('260', '87', '2953', NULL, '2989', '1', '2017-02-08 19:46:20', '2017-02-08 19:46:20', '60207a76-c685-4c2e-ae60-5813663661ab'),
 ('261', '83', '2953', NULL, '2963', '1', '2017-02-08 19:46:20', '2017-02-08 19:46:20', '6ff7f9f7-663f-4e29-bf1a-ebfa58db490a'),
 ('262', '84', '2953', NULL, '2966', '1', '2017-02-08 19:46:20', '2017-02-08 19:46:20', '769a5c46-df78-49aa-82ae-0248ea519726'),
 ('263', '84', '2953', NULL, '2968', '2', '2017-02-08 19:46:20', '2017-02-08 19:46:20', 'd06474e8-b7e9-4820-afc3-599e7c066add'),
 ('264', '84', '2953', NULL, '2967', '3', '2017-02-08 19:46:20', '2017-02-08 19:46:20', '864b17b9-67e4-431f-a1b6-6079f8c8250b'),
 ('269', '50', '2956', NULL, '2954', '1', '2017-02-08 20:01:15', '2017-02-08 20:01:15', 'a845f332-9ba4-407d-8f2f-6ce9bfc82cf0'),
 ('270', '87', '2956', NULL, '2988', '1', '2017-02-08 20:01:15', '2017-02-08 20:01:15', 'b6183d94-7270-4bfd-a96a-2856835b840b'),
 ('271', '83', '2956', NULL, '2963', '1', '2017-02-08 20:01:15', '2017-02-08 20:01:15', 'd0023b0f-d87c-401e-a492-708cbb2f0bd0'),
 ('272', '84', '2956', NULL, '2983', '1', '2017-02-08 20:01:15', '2017-02-08 20:01:15', '9ac01de4-c130-45f1-9bca-8bbeca835853'),
 ('281', '50', '2981', NULL, '2980', '1', '2017-02-08 21:35:04', '2017-02-08 21:35:04', '183072f9-b6a9-401b-bbce-0615f9970616'),
 ('285', '50', '2979', NULL, '2977', '1', '2017-02-08 21:35:12', '2017-02-08 21:35:12', 'ef147680-8cf4-4d73-8b5b-db7e8a6c186e'),
 ('286', '88', '2979', NULL, '2991', '1', '2017-02-08 21:35:12', '2017-02-08 21:35:12', '12a50f69-29c6-4816-bec3-466e0a55999f'),
 ('287', '85', '2979', NULL, '2993', '1', '2017-02-08 21:35:12', '2017-02-08 21:35:12', 'e7375116-27d0-45ed-9137-0e316461cbc2'),
 ('288', '86', '2979', NULL, '2978', '1', '2017-02-08 21:35:12', '2017-02-08 21:35:12', '77530220-17ed-4268-b20e-6fbfb4568aaa'),
 ('289', '50', '2995', NULL, '2994', '1', '2017-02-09 15:18:13', '2017-02-09 15:18:13', '58e864e1-9830-4c0c-892f-98bb8af99b17'),
 ('333', '89', '2995', NULL, '2996', '1', '2017-02-10 15:47:26', '2017-02-10 15:47:26', 'ee8a87d7-aeff-4790-91cb-ace486e2045e'),
 ('334', '87', '2995', NULL, '2987', '1', '2017-02-10 15:47:26', '2017-02-10 15:47:26', '60674685-0f96-45e8-b315-d9ea47b8f856'),
 ('335', '83', '2995', NULL, '2962', '1', '2017-02-10 15:47:26', '2017-02-10 15:47:26', '32383824-f59f-459c-8362-1d335234b0ec'),
 ('336', '89', '2984', NULL, '2997', '1', '2017-02-10 20:35:24', '2017-02-10 20:35:24', '039144fe-bbaa-4b69-a355-a87e7f50d68f'),
 ('337', '87', '2984', NULL, '2987', '1', '2017-02-10 20:35:24', '2017-02-10 20:35:24', 'e39a4d86-e425-4669-985a-5eeeb374070e'),
 ('338', '83', '2984', NULL, '2963', '1', '2017-02-10 20:35:24', '2017-02-10 20:35:24', 'cd6f8c87-ed91-4d86-b278-bd0a7bc0ed90'),
 ('339', '84', '2984', NULL, '2983', '1', '2017-02-10 20:35:24', '2017-02-10 20:35:24', 'd369ea50-7544-4992-9ff4-d777b9f76130'),
 ('340', '84', '2984', NULL, '2986', '2', '2017-02-10 20:35:24', '2017-02-10 20:35:24', 'f57bf741-c83c-46d4-8ff6-749b56559ee6'),
 ('341', '90', '2981', NULL, '2998', '1', '2017-02-10 20:52:30', '2017-02-10 20:52:30', '3d1e07aa-da33-48e3-bbec-854dac1e9707'),
 ('342', '88', '2981', NULL, '2990', '1', '2017-02-10 20:52:30', '2017-02-10 20:52:30', '6b02c4fb-4f91-4f94-afaf-e57b5453f321'),
 ('343', '85', '2981', NULL, '2993', '1', '2017-02-10 20:52:30', '2017-02-10 20:52:30', 'ec462070-74b5-4302-b379-ad02248a9a5f'),
 ('344', '86', '2981', NULL, '2978', '1', '2017-02-10 20:52:30', '2017-02-10 20:52:30', '8f67ee9b-8309-4f78-a4c0-e173d9a70ffc'),
 ('347', '50', '2970', NULL, '2976', '1', '2017-02-16 15:53:47', '2017-02-16 15:53:47', '6195ab82-abae-4b76-b869-c90164db30a1'),
 ('348', '50', '2972', NULL, '2971', '1', '2017-02-16 22:55:38', '2017-02-16 22:55:38', '13254725-877c-4c53-b6a2-d4f3913460a2'),
 ('373', '89', '3006', NULL, '3005', '1', '2017-02-17 18:44:46', '2017-02-17 18:44:46', 'dabbd1fb-b404-40d1-b3b6-90aa58a2ed11'),
 ('374', '87', '3006', NULL, '2987', '1', '2017-02-17 18:44:47', '2017-02-17 18:44:47', '14774833-f53f-4c8b-bc56-5a8ff4d59c8c'),
 ('375', '83', '3006', NULL, '2962', '1', '2017-02-17 18:44:47', '2017-02-17 18:44:47', '1d71553a-c8af-438b-b9eb-833c7d2f83d4');



DROP TABLE IF EXISTS `craft_routes`;


--
-- Schema for table `craft_routes`
--
CREATE TABLE `craft_routes` (
  `id` int(11) NOT NULL AUTO_INCREMENT,
  `locale` char(12) COLLATE utf8_unicode_ci DEFAULT NULL,
  `urlParts` varchar(255) COLLATE utf8_unicode_ci NOT NULL,
  `urlPattern` varchar(255) COLLATE utf8_unicode_ci NOT NULL,
  `template` varchar(255) COLLATE utf8_unicode_ci NOT NULL,
  `sortOrder` smallint(6) unsigned DEFAULT NULL,
  `dateCreated` datetime NOT NULL,
  `dateUpdated` datetime NOT NULL,
  `uid` char(36) COLLATE utf8_unicode_ci NOT NULL DEFAULT '0',
  PRIMARY KEY (`id`),
  UNIQUE KEY `craft_routes_urlPattern_unq_idx` (`urlPattern`),
  KEY `craft_routes_locale_idx` (`locale`)
) ENGINE=InnoDB AUTO_INCREMENT=2 DEFAULT CHARSET=utf8 COLLATE=utf8_unicode_ci;

--
-- Data for table `craft_routes`
--

INSERT INTO `craft_routes` (`id`, `locale`, `urlParts`, `urlPattern`, `template`, `sortOrder`, `dateCreated`, `dateUpdated`, `uid`) VALUES
 ('1', NULL, '[\"tag\\/\",[\"tag\",\"[^\\\\\\/]+\"]]', 'tag\\/(?P<tag>[^\\/]+)', 'tags/_tag', '1', '2017-02-07 21:31:56', '2017-02-07 21:31:56', 'a1ea33d1-26a1-4ccb-b4e5-69a24ecef577');



DROP TABLE IF EXISTS `craft_searchindex`;


--
-- Schema for table `craft_searchindex`
--
CREATE TABLE `craft_searchindex` (
  `elementId` int(11) NOT NULL,
  `attribute` varchar(25) COLLATE utf8_unicode_ci NOT NULL,
  `fieldId` int(11) NOT NULL,
  `locale` char(12) COLLATE utf8_unicode_ci NOT NULL,
  `keywords` text COLLATE utf8_unicode_ci NOT NULL,
  PRIMARY KEY (`elementId`,`attribute`,`fieldId`,`locale`),
  FULLTEXT KEY `craft_searchindex_keywords_idx` (`keywords`)
) ENGINE=MyISAM DEFAULT CHARSET=utf8 COLLATE=utf8_unicode_ci;

--
-- Data for table `craft_searchindex`
--

INSERT INTO `craft_searchindex` (`elementId`, `attribute`, `fieldId`, `locale`, `keywords`) VALUES
 ('1', 'username', '0', 'en_us', ' fbdev '),
 ('1', 'firstname', '0', 'en_us', ''),
 ('1', 'lastname', '0', 'en_us', ''),
 ('1', 'fullname', '0', 'en_us', ''),
 ('1', 'email', '0', 'en_us', ' nate firebellydesign com '),
 ('1', 'slug', '0', 'en_us', ''),
 ('2', 'slug', '0', 'en_us', ' homepage '),
 ('2', 'title', '0', 'en_us', ' homepage '),
 ('2', 'field', '1', 'en_us', ' currently unused just redirects to work '),
 ('2891', 'field', '62', 'en_us', ' an investment in your employees future is an investment in your business and community ednavigator offers employers an innovative way to boost employee morale reduce turnover and cut costs while improving educational outcomes for students and helping families schools and communities thrive '),
 ('2862', 'field', '37', 'es_us', ' the residence inn new orleans downtwon '),
 ('2862', 'field', '38', 'es_us', ''),
 ('2862', 'field', '40', 'es_us', ''),
 ('2862', 'field', '41', 'es_us', ''),
 ('2863', 'field', '37', 'es_us', ' the new orleans marriott at the convention center '),
 ('2863', 'field', '38', 'es_us', ''),
 ('2863', 'field', '40', 'es_us', ''),
 ('2863', 'field', '41', 'es_us', ''),
 ('2843', 'field', '48', 'en_us', ' navigators bring to their work deep roots in their communities and an insider s perspective on schools and school systems '),
 ('2843', 'field', '81', 'en_us', ' our navigators '),
 ('2942', 'field', '37', 'en_us', ' tophy woxen '),
 ('2942', 'field', '38', 'en_us', ' navigator '),
 ('2942', 'field', '40', 'en_us', ' lorem ipsum dolor sit amet consectetur adipiscing elit nullam quis risus eget urna mollis ornare vel eu leo praesent commodo cursus magna vel scelerisque nisl consectetur et '),
 ('2942', 'field', '41', 'en_us', ' navigator timothy daly '),
 ('2942', 'slug', '0', 'en_us', ''),
 ('2942', 'field', '37', 'es_us', ' tophy woxen '),
 ('2942', 'field', '38', 'es_us', ' navigator '),
 ('2942', 'field', '40', 'es_us', ' lorem ipsum dolor sit amet consectetur adipiscing elit nullam quis risus eget urna mollis ornare vel eu leo praesent commodo cursus magna vel scelerisque nisl consectetur et '),
 ('2942', 'field', '41', 'es_us', ' navigator timothy daly '),
 ('2942', 'slug', '0', 'es_us', ''),
 ('2943', 'filename', '0', 'en_us', ' navigator 2 jpg '),
 ('2943', 'extension', '0', 'en_us', ' jpg '),
 ('2943', 'kind', '0', 'en_us', ' image '),
 ('2943', 'slug', '0', 'en_us', ' navigator 2 '),
 ('2943', 'title', '0', 'en_us', ' navigator 2 '),
 ('2943', 'filename', '0', 'es_us', ' navigator 2 jpg '),
 ('2943', 'extension', '0', 'es_us', ' jpg '),
 ('2943', 'kind', '0', 'es_us', ' image '),
 ('2943', 'slug', '0', 'es_us', ' navigator 2 '),
 ('2943', 'title', '0', 'es_us', ' navigator 2 '),
 ('2944', 'field', '37', 'en_us', ' jillanthy kimblestall '),
 ('2944', 'field', '38', 'en_us', ' navigator '),
 ('2944', 'field', '40', 'en_us', ' lorem ipsum dolor sit amet consectetur adipiscing elit nullam quis risus eget urna mollis ornare vel eu leo praesent commodo cursus magna vel scelerisque nisl consectetur et '),
 ('2944', 'field', '41', 'en_us', ' navigator 2 '),
 ('2944', 'slug', '0', 'en_us', ''),
 ('2944', 'field', '37', 'es_us', ' jillanthy kimblestall '),
 ('2944', 'field', '38', 'es_us', ' navigator '),
 ('2944', 'field', '40', 'es_us', ' lorem ipsum dolor sit amet consectetur adipiscing elit nullam quis risus eget urna mollis ornare vel eu leo praesent commodo cursus magna vel scelerisque nisl consectetur et '),
 ('2944', 'field', '41', 'es_us', ' navigator 2 '),
 ('2944', 'slug', '0', 'es_us', ''),
 ('2945', 'filename', '0', 'en_us', ' international house png '),
 ('2945', 'extension', '0', 'en_us', ' png '),
 ('2945', 'kind', '0', 'en_us', ' image '),
 ('2945', 'slug', '0', 'en_us', ' international house '),
 ('2945', 'title', '0', 'en_us', ' international house '),
 ('2945', 'filename', '0', 'es_us', ' international house png '),
 ('2945', 'extension', '0', 'es_us', ' png '),
 ('2945', 'kind', '0', 'es_us', ' image '),
 ('2945', 'slug', '0', 'es_us', ' international house '),
 ('2945', 'title', '0', 'es_us', ' international house '),
 ('2946', 'filename', '0', 'en_us', ' marriott nola png '),
 ('2946', 'extension', '0', 'en_us', ' png '),
 ('2946', 'kind', '0', 'en_us', ' image '),
 ('2946', 'slug', '0', 'en_us', ' marriott nola '),
 ('2946', 'title', '0', 'en_us', ' marriott nola '),
 ('2946', 'filename', '0', 'es_us', ' marriott nola png '),
 ('2946', 'extension', '0', 'es_us', ' png '),
 ('2946', 'kind', '0', 'es_us', ' image '),
 ('2946', 'slug', '0', 'es_us', ' marriott nola '),
 ('2946', 'title', '0', 'es_us', ' marriott nola '),
 ('2947', 'filename', '0', 'en_us', ' hyatt regency png '),
 ('2947', 'extension', '0', 'en_us', ' png '),
 ('2947', 'kind', '0', 'en_us', ' image '),
 ('2947', 'slug', '0', 'en_us', ' hyatt regency '),
 ('2947', 'title', '0', 'en_us', ' hyatt regency '),
 ('2947', 'filename', '0', 'es_us', ' hyatt regency png '),
 ('2947', 'extension', '0', 'es_us', ' png '),
 ('2947', 'kind', '0', 'es_us', ' image '),
 ('2891', 'field', '65', 'en_us', ' invest in your greatest asset your people '),
 ('4', 'slug', '0', 'en_us', ''),
 ('4', 'field', '6', 'en_us', ''),
 ('4', 'field', '7', 'en_us', ''),
 ('2963', 'slug', '0', 'es_us', ' school performance '),
 ('2962', 'title', '0', 'es_us', ' school choice '),
 ('2963', 'slug', '0', 'en_us', ' school performance '),
 ('2963', 'title', '0', 'es_us', ' school performance '),
 ('2964', 'name', '0', 'en_us', ' sample tag '),
 ('2963', 'title', '0', 'en_us', ' school performance '),
 ('2953', 'field', '83', 'en_us', ' school performance '),
 ('2953', 'field', '84', 'en_us', ' parent engagement parent teacher conferences report cards '),
 ('2956', 'field', '83', 'en_us', ' school performance '),
 ('2956', 'field', '84', 'en_us', ' school funding '),
 ('2958', 'slug', '0', 'en_us', ' blog '),
 ('2958', 'title', '0', 'en_us', ' blog '),
 ('2958', 'slug', '0', 'es_us', ' blog '),
 ('2958', 'title', '0', 'es_us', ' blog '),
 ('2958', 'field', '48', 'en_us', ' fusce dapibus tellus ac cursus curabitur blandit tempus porttitor '),
 ('2956', 'field', '87', 'en_us', ' what we re learning '),
 ('2953', 'field', '87', 'en_us', ' in the news '),
 ('2984', 'field', '87', 'en_us', ' insight ');
INSERT INTO `craft_searchindex` (`elementId`, `attribute`, `fieldId`, `locale`, `keywords`) VALUES
 ('2962', 'slug', '0', 'en_us', ' school choice '),
 ('2962', 'title', '0', 'en_us', ' school choice '),
 ('2962', 'slug', '0', 'es_us', ' school choice '),
 ('2991', 'slug', '0', 'es_us', ' article '),
 ('2834', 'slug', '0', 'en_us', ' parent teacher conferences '),
 ('2834', 'title', '0', 'en_us', ' parent teacher conferences '),
 ('2835', 'slug', '0', 'en_us', ' report cards '),
 ('2835', 'title', '0', 'en_us', ' report cards '),
 ('2990', 'slug', '0', 'en_us', ' video '),
 ('2990', 'title', '0', 'en_us', ' video '),
 ('2990', 'slug', '0', 'es_us', ' video '),
 ('2990', 'title', '0', 'es_us', ' video '),
 ('2991', 'slug', '0', 'en_us', ' article '),
 ('2991', 'title', '0', 'en_us', ' article '),
 ('2841', 'slug', '0', 'en_us', ' navigators '),
 ('2841', 'title', '0', 'en_us', ' who we are '),
 ('2842', 'field', '44', 'en_us', ''),
 ('2842', 'field', '7', 'en_us', ''),
 ('2842', 'field', '6', 'en_us', ''),
 ('2842', 'slug', '0', 'en_us', ' navigators '),
 ('2842', 'title', '0', 'en_us', ' who we are '),
 ('2843', 'field', '44', 'en_us', ''),
 ('2843', 'field', '7', 'en_us', ''),
 ('2843', 'field', '6', 'en_us', ''),
 ('2843', 'slug', '0', 'en_us', ' navigators '),
 ('2843', 'title', '0', 'en_us', ' navigators '),
 ('2843', 'field', '36', 'en_us', ' lorem ipsum dolor sit amet consectetur adipiscing elit nullam quis risus eget urna mollis ornare vel eu leo praesent commodo cursus magna vel scelerisque nisl consectetur et navigator timothy daly tophy woxen navigator lorem ipsum dolor sit amet consectetur adipiscing elit nullam quis risus eget urna mollis ornare vel eu leo praesent commodo cursus magna vel scelerisque nisl consectetur et navigator 2 jillanthy kimblestall navigator '),
 ('2843', 'field', '2', 'en_us', ''),
 ('2948', 'extension', '0', 'es_us', ' png '),
 ('2948', 'kind', '0', 'es_us', ' image '),
 ('2948', 'filename', '0', 'es_us', ' jw marriott new orleans png '),
 ('2948', 'slug', '0', 'en_us', ' jw marriott new orleans '),
 ('2948', 'title', '0', 'en_us', ' jw marriott new orleans '),
 ('2948', 'kind', '0', 'en_us', ' image '),
 ('2948', 'extension', '0', 'en_us', ' png '),
 ('2947', 'slug', '0', 'es_us', ' hyatt regency '),
 ('2947', 'title', '0', 'es_us', ' hyatt regency '),
 ('2948', 'filename', '0', 'en_us', ' jw marriott new orleans png '),
 ('2861', 'field', '38', 'es_us', ''),
 ('2861', 'field', '40', 'es_us', ''),
 ('2861', 'field', '41', 'es_us', ''),
 ('2860', 'field', '40', 'es_us', ''),
 ('2860', 'field', '41', 'es_us', ''),
 ('2861', 'field', '37', 'es_us', ' the ritz carlton new orleans '),
 ('2850', 'field', '81', 'en_us', ' board of directors '),
 ('2851', 'field', '37', 'es_us', ' kriste dragon '),
 ('2851', 'field', '38', 'es_us', ' co founder and chief executive officer citizens of the world charter schools '),
 ('2851', 'field', '40', 'es_us', ''),
 ('2851', 'field', '41', 'es_us', ''),
 ('2852', 'field', '37', 'es_us', ' kaya henderson '),
 ('2852', 'field', '38', 'es_us', ' former chancellor dc public schools '),
 ('2852', 'field', '40', 'es_us', ''),
 ('2852', 'field', '41', 'es_us', ''),
 ('2853', 'field', '37', 'es_us', ' ryan smith '),
 ('2853', 'field', '38', 'es_us', ' executive director education trust west '),
 ('2853', 'field', '40', 'es_us', ''),
 ('2853', 'field', '41', 'es_us', ''),
 ('2854', 'field', '37', 'es_us', ' chris stewart '),
 ('2854', 'field', '38', 'es_us', ' director of outreach and external affairs education post '),
 ('2854', 'field', '40', 'es_us', ''),
 ('2850', 'field', '48', 'en_us', ' our board of directors broadens our perspective while helping us keep our eyes on the ball '),
 ('2854', 'field', '41', 'es_us', ''),
 ('2856', 'field', '48', 'en_us', ' we re proud to partner with leading businesses to help hard working people give their children a great education and achieve their own educational goals '),
 ('2856', 'field', '81', 'en_us', ' our partners '),
 ('2857', 'field', '37', 'es_us', ' international house hotel '),
 ('2857', 'field', '38', 'es_us', ' anchor partner '),
 ('2857', 'field', '40', 'es_us', ' international house hotel is a luxury boutique hotel located in downtown new orleans with 117 rooms ednavigator support is available to any eligible employee who is interested   '),
 ('2857', 'field', '41', 'es_us', ''),
 ('2858', 'field', '37', 'es_us', ' the new orleans marriott '),
 ('2858', 'field', '38', 'es_us', ''),
 ('2858', 'field', '40', 'es_us', ' located on canal street the new orleans marriott is the city s second largest hotel with 1 330 rooms '),
 ('2858', 'field', '41', 'es_us', ''),
 ('2859', 'field', '37', 'es_us', ' the hyatt regency new orleans '),
 ('2859', 'field', '38', 'es_us', ''),
 ('2859', 'field', '40', 'es_us', ''),
 ('2859', 'field', '41', 'es_us', ''),
 ('2860', 'field', '37', 'es_us', ' the jw marriott new orleans '),
 ('2860', 'field', '38', 'es_us', ''),
 ('2856', 'field', '36', 'en_us', ' international house hotel is a luxury boutique hotel located in downtown new orleans with 117 rooms ednavigator support is available to any eligible employee who is interested international house international house hotel anchor partner located on canal street the new orleans marriott is the city s second largest hotel with 1 330 rooms marriott nola the new orleans marriott the jw marriott has 500 rooms and is located on canal street across from the historic french quarter in new orleans hyatt regency the hyatt regency new orleans the jw marriott has 500 rooms and is located on canal street across from the historic french quarter in new orleans jw marriott new orleans the jw marriott new orleans a luxury 4 star hotel in the french quarter the ritz carlton is one of new orleans premiere destinations ritz carlton the ritz carlton new orleans this extended stay hotel is located in new orlean s vibrant warehouse district jw marriott new orleans the residence inn new orleans downtwon housed in a 19th century cotton mill this upscale hotel is adjacent to new orleans convention center complex international house the new orleans marriott at the convention center '),
 ('2855', 'title', '0', 'en_us', ' our partners '),
 ('2855', 'slug', '0', 'en_us', ' our partners '),
 ('2855', 'field', '6', 'en_us', ''),
 ('2855', 'field', '7', 'en_us', ''),
 ('2855', 'field', '2', 'en_us', ''),
 ('2854', 'field', '41', 'en_us', ' navigator timothy daly '),
 ('2854', 'slug', '0', 'en_us', ''),
 ('2855', 'field', '36', 'en_us', ' international house hotel is a luxury boutique hotel located in downtown new orleans with 117 rooms ednavigator support is available to any eligible employee who is interested   international house hotel anchor partner located on canal street the new orleans marriott is the city s second largest hotel with 1 330 rooms the new orleans marriott the hyatt regency new orleans the jw marriott new orleans the ritz carlton new orleans the residence inn new orleans downtwon the new orleans marriott at the convention center '),
 ('2831', 'slug', '0', 'en_us', ' how we help '),
 ('2831', 'title', '0', 'en_us', ' how we help '),
 ('2830', 'title', '0', 'en_us', ' who we are '),
 ('2830', 'slug', '0', 'en_us', ' who we are '),
 ('2941', 'title', '0', 'es_us', ' navigator timothy daly '),
 ('2941', 'slug', '0', 'es_us', ' navigator timothy daly '),
 ('2941', 'kind', '0', 'es_us', ' image '),
 ('2941', 'extension', '0', 'es_us', ' jpg '),
 ('2941', 'filename', '0', 'es_us', ' navigator timothy daly jpg '),
 ('2941', 'slug', '0', 'en_us', ' navigator timothy daly '),
 ('2941', 'title', '0', 'en_us', ' navigator timothy daly '),
 ('2941', 'kind', '0', 'en_us', ' image '),
 ('2941', 'extension', '0', 'en_us', ' jpg ');
INSERT INTO `craft_searchindex` (`elementId`, `attribute`, `fieldId`, `locale`, `keywords`) VALUES
 ('2941', 'filename', '0', 'en_us', ' navigator timothy daly jpg '),
 ('3006', 'title', '0', 'es_us', ' what does navigating education really mean '),
 ('3006', 'slug', '0', 'es_us', ' what does navigating education really mean '),
 ('3006', 'field', '6', 'es_us', ''),
 ('3006', 'field', '7', 'es_us', ''),
 ('3006', 'field', '49', 'es_us', ' as parents we all dream of a beautiful future for our kids from the day they re born we pour our energy into building those dreams with countless bedtime stories with tooth brushing practice with impromptu lessons on playing nice at the park with coats and sneakers and halloween costumes and a thousand other things we want to give them big blue skies eventually it comes time to send them off to school we know from our own experiences for better or for worse how important education is to unlocking a life of opportunity and making those dreams real and that s where things start to get really stressful in cities across the country we have more information about schools than ever and more school choices than ever yet understanding that information and making sense of those choices can be confusing and frustrating we re bombarded with data decisions and obligations that begin with pre school and continue through college figuring it all out can be a challenge for even the most well organized and persistent of us in the end most of us enroll our children in school do what we can and hope for the best too often though our hopes aren t realized consider that although more than 90 percent of parents expect their kids to go to college only about one third of all students actually earn a bachelor s degree by the age of 25 the rest settle for less many students veer off course early in their journeys and parents don t even know it is happening we created ednavigator to help parents do more than hope our goal is to help them demand excellence and get the best education for their children to that end we give every one of the parents we work with personalized support from expert navigators who understand schools deeply know the local community intimately and can help make things happen what does it mean to navigate education for us it means understanding where each family wants to go and doing whatever it takes to help them get there we focus on things like asking the right questions is this student on grade level the school is beautiful but are kids actually learning why is this child getting good grades but doing poorly on state tests translating school speak for example he does all his work usually means he s compliant but struggling academically insisting on action this student has been struggling in reading for four years why isn t there a plan in place improving communication a parent shouldn t have to call school five times before getting a call back making the options manageable based on where this family lives there are three pretty good elementary schools with open seats being there at critical moments this child s progress report shows some red flags but mom has a family emergency and can t get to school we ll send a navigator to the meeting it s all too easy for families to get lost in the requirements processes and red tape of today s school systems and all too easy for kids to fall off track without anyone raising the alarm by providing families with useful information honest advice and hands on support to solve problems we hope to ensure that they have a more positive experience from kindergarten to college over the long term we have larger ambitions through this work we hope to grow and strengthen the connections between businesses communities families and schools we hope to shine a spotlight on the challenges that we see families facing along the path to a good education and to put positive pressure on school systems to ensure that they re responsive to the families who trust them with the lives of the people they love most there s a long road ahead we plan to share what we re learning on this blog along with resources and information that can help parents and schools support every child s success we hope you ll join us along the way '),
 ('3006', 'field', '84', 'es_us', ''),
 ('3006', 'field', '83', 'es_us', ' school choice '),
 ('3006', 'field', '87', 'es_us', ' insight '),
 ('3006', 'field', '82', 'es_us', ' as parents we all dream of a beautiful future for our kids from the day they re born we pour our energy into building those dreams with countless bedtime stories with tooth brushing practice with impromptu lessons on playing nice at the park with coats and sneakers and halloween costumes and a thousand other things we want to give them big blue skies '),
 ('3006', 'field', '91', 'es_us', ''),
 ('3006', 'field', '89', 'es_us', ' blog 8 2 '),
 ('3006', 'title', '0', 'en_us', ' what does navigating education really mean '),
 ('3006', 'slug', '0', 'en_us', ' what does navigating education really mean '),
 ('3006', 'field', '6', 'en_us', ''),
 ('3006', 'field', '7', 'en_us', ''),
 ('3006', 'field', '49', 'en_us', ' as parents we all dream of a beautiful future for our kids from the day they re born we pour our energy into building those dreams with countless bedtime stories with tooth brushing practice with impromptu lessons on playing nice at the park with coats and sneakers and halloween costumes and a thousand other things we want to give them big blue skies eventually it comes time to send them off to school we know from our own experiences for better or for worse how important education is to unlocking a life of opportunity and making those dreams real and that s where things start to get really stressful in cities across the country we have more information about schools than ever and more school choices than ever yet understanding that information and making sense of those choices can be confusing and frustrating we re bombarded with data decisions and obligations that begin with pre school and continue through college figuring it all out can be a challenge for even the most well organized and persistent of us in the end most of us enroll our children in school do what we can and hope for the best too often though our hopes aren t realized consider that although more than 90 percent of parents expect their kids to go to college only about one third of all students actually earn a bachelor s degree by the age of 25 the rest settle for less many students veer off course early in their journeys and parents don t even know it is happening we created ednavigator to help parents do more than hope our goal is to help them demand excellence and get the best education for their children to that end we give every one of the parents we work with personalized support from expert navigators who understand schools deeply know the local community intimately and can help make things happen what does it mean to navigate education for us it means understanding where each family wants to go and doing whatever it takes to help them get there we focus on things like asking the right questions is this student on grade level the school is beautiful but are kids actually learning why is this child getting good grades but doing poorly on state tests translating school speak for example he does all his work usually means he s compliant but struggling academically insisting on action this student has been struggling in reading for four years why isn t there a plan in place improving communication a parent shouldn t have to call school five times before getting a call back making the options manageable based on where this family lives there are three pretty good elementary schools with open seats being there at critical moments this child s progress report shows some red flags but mom has a family emergency and can t get to school we ll send a navigator to the meeting it s all too easy for families to get lost in the requirements processes and red tape of today s school systems and all too easy for kids to fall off track without anyone raising the alarm by providing families with useful information honest advice and hands on support to solve problems we hope to ensure that they have a more positive experience from kindergarten to college over the long term we have larger ambitions through this work we hope to grow and strengthen the connections between businesses communities families and schools we hope to shine a spotlight on the challenges that we see families facing along the path to a good education and to put positive pressure on school systems to ensure that they re responsive to the families who trust them with the lives of the people they love most there s a long road ahead we plan to share what we re learning on this blog along with resources and information that can help parents and schools support every child s success we hope you ll join us along the way '),
 ('3006', 'field', '84', 'en_us', ''),
 ('3006', 'field', '83', 'en_us', ' school choice '),
 ('3006', 'field', '87', 'en_us', ' insight '),
 ('3006', 'field', '82', 'en_us', ' as parents we all dream of a beautiful future for our kids from the day they re born we pour our energy into building those dreams with countless bedtime stories with tooth brushing practice with impromptu lessons on playing nice at the park with coats and sneakers and halloween costumes and a thousand other things we want to give them big blue skies '),
 ('3006', 'field', '91', 'en_us', ''),
 ('3006', 'field', '89', 'en_us', ' blog 8 2 '),
 ('3005', 'title', '0', 'es_us', ' blog 8 2 '),
 ('3005', 'slug', '0', 'es_us', ' blog 8 2 '),
 ('3005', 'kind', '0', 'es_us', ' image '),
 ('3005', 'extension', '0', 'es_us', ' jpg '),
 ('3005', 'filename', '0', 'es_us', ' blog 8_2 jpg '),
 ('3005', 'title', '0', 'en_us', ' blog 8 2 '),
 ('3005', 'slug', '0', 'en_us', ' blog 8 2 '),
 ('3005', 'kind', '0', 'en_us', ' image '),
 ('3005', 'extension', '0', 'en_us', ' jpg '),
 ('3005', 'filename', '0', 'en_us', ' blog 8_2 jpg '),
 ('3004', 'title', '0', 'es_us', ' blog 8 1 '),
 ('3004', 'slug', '0', 'es_us', ' blog 8 1 '),
 ('3004', 'kind', '0', 'es_us', ' image '),
 ('3004', 'extension', '0', 'es_us', ' png '),
 ('3004', 'filename', '0', 'es_us', ' blog 8_1 png '),
 ('3004', 'title', '0', 'en_us', ' blog 8 1 '),
 ('3004', 'slug', '0', 'en_us', ' blog 8 1 '),
 ('3004', 'kind', '0', 'en_us', ' image '),
 ('3004', 'extension', '0', 'en_us', ' png '),
 ('3004', 'filename', '0', 'en_us', ' blog 8_1 png '),
 ('3003', 'title', '0', 'es_us', ' blog 7 '),
 ('3003', 'slug', '0', 'es_us', ' blog 7 '),
 ('3003', 'kind', '0', 'es_us', ' image '),
 ('3003', 'extension', '0', 'es_us', ' jpg '),
 ('3003', 'filename', '0', 'es_us', ' blog 7 jpg '),
 ('3003', 'title', '0', 'en_us', ' blog 7 '),
 ('3003', 'slug', '0', 'en_us', ' blog 7 '),
 ('3003', 'kind', '0', 'en_us', ' image '),
 ('3003', 'extension', '0', 'en_us', ' jpg '),
 ('3003', 'filename', '0', 'en_us', ' blog 7 jpg '),
 ('3002', 'slug', '0', 'es_us', ''),
 ('3002', 'slug', '0', 'en_us', ''),
 ('3001', 'field', '100', 'es_us', ''),
 ('3001', 'field', '99', 'es_us', ''),
 ('3001', 'field', '98', 'es_us', ''),
 ('3001', 'field', '97', 'es_us', ' https twitter com ednavigate '),
 ('3001', 'field', '100', 'en_us', ''),
 ('3001', 'field', '99', 'en_us', ''),
 ('3001', 'field', '98', 'en_us', ''),
 ('3001', 'field', '97', 'en_us', ' https twitter com ednavigate '),
 ('3001', 'field', '92', 'en_us', ''),
 ('3001', 'slug', '0', 'es_us', ''),
 ('3001', 'slug', '0', 'en_us', ''),
 ('3000', 'title', '0', 'es_us', ' blog search '),
 ('3000', 'slug', '0', 'en_us', ' blog search '),
 ('3000', 'title', '0', 'en_us', ' blog search '),
 ('2981', 'field', '6', 'es_us', ''),
 ('2981', 'field', '7', 'es_us', ''),
 ('2981', 'field', '91', 'es_us', ' eaivk1csyg8 '),
 ('2981', 'field', '6', 'en_us', ''),
 ('2981', 'field', '7', 'en_us', ''),
 ('2981', 'field', '91', 'en_us', ' eaivk1csyg8 '),
 ('2981', 'field', '90', 'en_us', ' 649404 2 '),
 ('2998', 'title', '0', 'es_us', ' 649404 2 '),
 ('2998', 'slug', '0', 'es_us', ' 649404 2 '),
 ('2998', 'kind', '0', 'es_us', ' image '),
 ('2998', 'extension', '0', 'es_us', ' jpg '),
 ('2998', 'filename', '0', 'es_us', ' 649404 2 jpg '),
 ('2998', 'title', '0', 'en_us', ' 649404 2 '),
 ('2998', 'slug', '0', 'en_us', ' 649404 2 '),
 ('2998', 'kind', '0', 'en_us', ' image '),
 ('2998', 'extension', '0', 'en_us', ' jpg '),
 ('2998', 'filename', '0', 'en_us', ' 649404 2 jpg '),
 ('2984', 'field', '91', 'es_us', ' yqeep1acj4y '),
 ('2984', 'field', '91', 'en_us', ' yqeep1acj4y '),
 ('2995', 'field', '91', 'es_us', ' g01nkoez8um '),
 ('2995', 'field', '91', 'en_us', ' g01nkoez8um '),
 ('2984', 'field', '89', 'en_us', ' 826629 '),
 ('2997', 'title', '0', 'es_us', ' 826629 '),
 ('2997', 'slug', '0', 'es_us', ' 826629 '),
 ('2997', 'kind', '0', 'es_us', ' image '),
 ('2997', 'extension', '0', 'es_us', ' jpg '),
 ('2997', 'filename', '0', 'en_us', ' 826629 jpg '),
 ('2997', 'extension', '0', 'en_us', ' jpg '),
 ('2997', 'kind', '0', 'en_us', ' image '),
 ('2997', 'slug', '0', 'en_us', ' 826629 '),
 ('2997', 'title', '0', 'en_us', ' 826629 ');
INSERT INTO `craft_searchindex` (`elementId`, `attribute`, `fieldId`, `locale`, `keywords`) VALUES
 ('2997', 'filename', '0', 'es_us', ' 826629 jpg '),
 ('2995', 'field', '89', 'en_us', ' 649404 2 '),
 ('2996', 'title', '0', 'es_us', ' 649404 2 '),
 ('2996', 'slug', '0', 'es_us', ' 649404 2 '),
 ('2996', 'kind', '0', 'es_us', ' image '),
 ('2996', 'extension', '0', 'es_us', ' jpg '),
 ('2996', 'filename', '0', 'es_us', ' 649404 2 jpg '),
 ('2996', 'title', '0', 'en_us', ' 649404 2 '),
 ('2996', 'slug', '0', 'en_us', ' 649404 2 '),
 ('2996', 'kind', '0', 'en_us', ' image '),
 ('2996', 'extension', '0', 'en_us', ' jpg '),
 ('2996', 'filename', '0', 'en_us', ' 649404 2 jpg '),
 ('2995', 'title', '0', 'es_us', ' blog post test '),
 ('2995', 'slug', '0', 'es_us', ' blog post test '),
 ('2995', 'field', '6', 'es_us', ''),
 ('2995', 'field', '7', 'es_us', ''),
 ('2995', 'field', '49', 'es_us', ' pellentesque habitant morbi tristique bold senectus et netus et malesuada fames ac turpis egestas vestibulum tortor quam feugiat vitae ultricies eget tempor sit amet ante donec eu libero sit amet quam egestas semper aenean ultricies mi vitae est italic mauris placerat eleifend leo quisque sit amet est et sapien ullamcorper pharetra vestibulum erat wisi condimentum sed ornare sit amet wisi aenean fermentum elit eget tincidunt condimentum eros ipsum rutrum orci sagittis tempus lacus enim ac dui donec non enim in turpis pulvinar facilisis ut felis header level 2 lorem ipsum dolor sit amet consectetuer adipiscing elit aliquam tincidunt mauris eu risus orderd list blockquote lorem ipsum dolor sit amet consectetur adipiscing elit vivamus magna cras in mi at felis aliquet congue ut a est eget ligula molestie gravida curabitur massa donec eleifend libero at sagittis mollis tellus est malesuada tellus at luctus turpis elit sit amet quam vivamus pretium ornare est header level 3 lorem ipsum dolor sit amet consectetuer adipiscing elit aliquam tincidunt mauris eu risus unordered list '),
 ('2995', 'field', '84', 'es_us', ''),
 ('2995', 'field', '83', 'es_us', ' school choice '),
 ('2995', 'field', '87', 'es_us', ' insight '),
 ('2995', 'field', '82', 'es_us', ' donec id elit non mi porta gravida at eget metus donec sed odio dui duis mollis est non commodo luctus nisi erat porttitor ligula eget lacinia odio sem nec elit '),
 ('2995', 'field', '50', 'es_us', ' 649404 2 '),
 ('2995', 'title', '0', 'en_us', ' blog post test '),
 ('2995', 'slug', '0', 'en_us', ' blog post test '),
 ('2995', 'field', '6', 'en_us', ''),
 ('2995', 'field', '7', 'en_us', ''),
 ('2995', 'field', '49', 'en_us', ' pellentesque habitant morbi tristique bold senectus et netus et malesuada fames ac turpis egestas vestibulum tortor quam feugiat vitae ultricies eget tempor sit amet ante donec eu libero sit amet quam egestas semper aenean ultricies mi vitae est italic mauris placerat eleifend leo quisque sit amet est et sapien ullamcorper pharetra vestibulum erat wisi condimentum sed ornare sit amet wisi aenean fermentum elit eget tincidunt condimentum eros ipsum rutrum orci sagittis tempus lacus enim ac dui donec non enim in turpis pulvinar facilisis ut felis header level 2 lorem ipsum dolor sit amet consectetuer adipiscing elit aliquam tincidunt mauris eu risus orderd list blockquote lorem ipsum dolor sit amet consectetur adipiscing elit vivamus magna cras in mi at felis aliquet congue ut a est eget ligula molestie gravida curabitur massa donec eleifend libero at sagittis mollis tellus est malesuada tellus at luctus turpis elit sit amet quam vivamus pretium ornare est header level 3 lorem ipsum dolor sit amet consectetuer adipiscing elit aliquam tincidunt mauris eu risus unordered list '),
 ('2995', 'field', '84', 'en_us', ''),
 ('2995', 'field', '83', 'en_us', ' school choice '),
 ('2995', 'field', '87', 'en_us', ' insight '),
 ('2995', 'field', '82', 'en_us', ' donec id elit non mi porta gravida at eget metus donec sed odio dui duis mollis est non commodo luctus nisi erat porttitor ligula eget lacinia odio sem nec elit '),
 ('2995', 'field', '50', 'en_us', ' 649404 2 '),
 ('2994', 'title', '0', 'es_us', ' 649404 2 '),
 ('2994', 'slug', '0', 'es_us', ' 649404 2 '),
 ('2994', 'kind', '0', 'es_us', ' image '),
 ('2994', 'extension', '0', 'es_us', ' jpg '),
 ('2994', 'filename', '0', 'es_us', ' 649404 2 jpg '),
 ('2992', 'title', '0', 'es_us', ' download '),
 ('2992', 'slug', '0', 'es_us', ' download '),
 ('2992', 'title', '0', 'en_us', ' download '),
 ('2992', 'slug', '0', 'en_us', ' download '),
 ('2991', 'title', '0', 'es_us', ' article '),
 ('2989', 'title', '0', 'es_us', ' in the news '),
 ('2989', 'slug', '0', 'es_us', ' in the news '),
 ('2989', 'field', '48', 'es_us', ''),
 ('2989', 'title', '0', 'en_us', ' in the news '),
 ('2989', 'slug', '0', 'en_us', ' in the news '),
 ('2989', 'field', '48', 'en_us', ''),
 ('2988', 'title', '0', 'es_us', ' what we re learning '),
 ('2988', 'slug', '0', 'es_us', ' what were learning '),
 ('2988', 'field', '48', 'es_us', ''),
 ('2988', 'title', '0', 'en_us', ' what we re learning '),
 ('2988', 'slug', '0', 'en_us', ' what were learning '),
 ('2988', 'field', '48', 'en_us', ''),
 ('2987', 'title', '0', 'es_us', ' insight '),
 ('2987', 'slug', '0', 'es_us', ' insight '),
 ('2987', 'field', '48', 'es_us', ''),
 ('2987', 'title', '0', 'en_us', ' insight '),
 ('2987', 'slug', '0', 'en_us', ' insight '),
 ('2987', 'field', '48', 'en_us', ''),
 ('2986', 'title', '0', 'es_us', ' taggy tag '),
 ('2986', 'slug', '0', 'es_us', ' taggy tag '),
 ('2986', 'name', '0', 'es_us', ' taggy tag '),
 ('2986', 'title', '0', 'en_us', ' taggy tag '),
 ('2986', 'slug', '0', 'en_us', ' taggy tag '),
 ('2986', 'name', '0', 'en_us', ' taggy tag '),
 ('2985', 'slug', '0', 'en_us', ''),
 ('2985', 'email', '0', 'en_us', ' info ednavigator com '),
 ('2985', 'fullname', '0', 'en_us', ' ednavigator '),
 ('2985', 'lastname', '0', 'en_us', ''),
 ('2985', 'firstname', '0', 'en_us', ' ednavigator '),
 ('2985', 'username', '0', 'en_us', ' ednavigator '),
 ('2984', 'title', '0', 'es_us', ' a surprising new look at school spending in new orleans '),
 ('2984', 'slug', '0', 'es_us', ' a surprising new look at school spending in new orleans '),
 ('2984', 'field', '6', 'es_us', ''),
 ('2984', 'field', '7', 'es_us', ''),
 ('2984', 'field', '49', 'es_us', ' just when you think you have a pretty good idea of how schools in new orleans changed after hurricane katrina along comes some new research that rocks your world a little bit such was the case when the education research alliance for new orleans housed at tulane university released the latest in its long running series of indispensable studies this time the researchers looked at school spending in a nutshell spending went up during the recovery years and after new orleans shifted to a charter school based system that s not terribly surprising it s how the spending increased that s worth a closer look three highlights 1 schools spent quite a bit more on administrators it wasn t just that they hired more administrators which they did but they also paid them more than their predecessors in pre katrina new orleans we re not just talking school principals but all the administrative roles across individual charter schools and networks from research and evaluation staff to information technology specialists 2 while spending on administrators went up on a per pupil basis spending on classroom instruction went down how did that happen it s worth reading the whole report for details on this one in general teachers of the same experience level earn more today than they did in the old system however the typical teacher has less experience hence a lower average salary also schools are spending less on benefits the biggest driver is lower pension costs as most schools today opt out of the state teacher retirement system which has become badly underfunded and expensive making it a poor bargain for new entrants 3 transportation costs are up $300 per student per year while that s a sizable figure some increase was to be expected as new orleans shifted away from attendance zone schools to an all choice system that permits families to apply citywide moving students across greater distances costs more what does it all mean the authors of the study pose some questions about scalability for charters given that hopes of lower overhead in charter systems aren t being fulfilled in this study or others that s a topic well worth discussing but for new orleans i think the key question is this did these spending changes contribute to the large improvements in student achievement over the past decade it s possible that simply spending more in general led to better outcomes however the authors are quite skeptical of that hypothesis critics of charter schools and new orleans strategy for reform may also argue that it confirms their worst suspicions that when school operators get this much autonomy they spend a lot on overhead and pay for it by hiring cheaper less experienced teachers it s also possible that investing in greater administrative capacity was a smart move instructionally teachers are constantly worried about their load of paperwork discipline and non instructional duties maybe it provided greater support to teachers or freed them to focus on their classrooms rather than distractions maybe it made the schools feel safer and operate more efficiently maybe it helped school teams look more closely at data trends and incorporate them into teaching i don t know but we now have a pretty good idea of what didn t happen a bloated centralized failing school system was not replaced by a leaner meaner low overhead set of charter networks that cut the fat and pushed funding down to the classroom something else happened and yet it wasn t a failure students are doing much better this study reminds us that it s too easy to buy into existing narratives about education and that the real story is usually far more complex in the case of new orleans there is still plenty of the story left to be learned what s to account for its improvement what can other cities and school systems learn from its experience we all should be grateful to groups like the education research alliance for asking these questions and pushing us to scrutinize the usual answers '),
 ('2984', 'field', '84', 'es_us', ' school funding '),
 ('2984', 'field', '83', 'es_us', ' school performance '),
 ('2984', 'field', '82', 'es_us', ' it s not terribly surprising that school spending went up after hurricane katrina and as new orleans shifted to a charter school based system it s how the spending increased that s worth a closer look '),
 ('2984', 'field', '50', 'es_us', ' uoregon0473 '),
 ('2984', 'title', '0', 'en_us', ' a surprising new look at school spending in new orleans '),
 ('2984', 'slug', '0', 'en_us', ' a surprising new look at school spending in new orleans '),
 ('2984', 'field', '6', 'en_us', ''),
 ('2984', 'field', '7', 'en_us', ''),
 ('2984', 'field', '49', 'en_us', ' just when you think you have a pretty good idea of how schools in new orleans changed after hurricane katrina along comes some new research that rocks your world a little bit such was the case when the education research alliance for new orleans housed at tulane university released the latest in its long running series of indispensable studies this time the researchers looked at school spending in a nutshell spending went up during the recovery years and after new orleans shifted to a charter school based system that s not terribly surprising it s how the spending increased that s worth a closer look three highlights 1 schools spent quite a bit more on administrators it wasn t just that they hired more administrators which they did but they also paid them more than their predecessors in pre katrina new orleans we re not just talking school principals but all the administrative roles across individual charter schools and networks from research and evaluation staff to information technology specialists 2 while spending on administrators went up on a per pupil basis spending on classroom instruction went down how did that happen it s worth reading the whole report for details on this one in general teachers of the same experience level earn more today than they did in the old system however the typical teacher has less experience hence a lower average salary also schools are spending less on benefits the biggest driver is lower pension costs as most schools today opt out of the state teacher retirement system which has become badly underfunded and expensive making it a poor bargain for new entrants 3 transportation costs are up $300 per student per year while that s a sizable figure some increase was to be expected as new orleans shifted away from attendance zone schools to an all choice system that permits families to apply citywide moving students across greater distances costs more what does it all mean the authors of the study pose some questions about scalability for charters given that hopes of lower overhead in charter systems aren t being fulfilled in this study or others that s a topic well worth discussing but for new orleans i think the key question is this did these spending changes contribute to the large improvements in student achievement over the past decade it s possible that simply spending more in general led to better outcomes however the authors are quite skeptical of that hypothesis critics of charter schools and new orleans strategy for reform may also argue that it confirms their worst suspicions that when school operators get this much autonomy they spend a lot on overhead and pay for it by hiring cheaper less experienced teachers it s also possible that investing in greater administrative capacity was a smart move instructionally teachers are constantly worried about their load of paperwork discipline and non instructional duties maybe it provided greater support to teachers or freed them to focus on their classrooms rather than distractions maybe it made the schools feel safer and operate more efficiently maybe it helped school teams look more closely at data trends and incorporate them into teaching i don t know but we now have a pretty good idea of what didn t happen a bloated centralized failing school system was not replaced by a leaner meaner low overhead set of charter networks that cut the fat and pushed funding down to the classroom something else happened and yet it wasn t a failure students are doing much better this study reminds us that it s too easy to buy into existing narratives about education and that the real story is usually far more complex in the case of new orleans there is still plenty of the story left to be learned what s to account for its improvement what can other cities and school systems learn from its experience we all should be grateful to groups like the education research alliance for asking these questions and pushing us to scrutinize the usual answers '),
 ('2984', 'field', '84', 'en_us', ' school funding taggy tag '),
 ('2984', 'field', '83', 'en_us', ' school performance '),
 ('2984', 'field', '82', 'en_us', ' it s not terribly surprising that school spending went up after hurricane katrina and as new orleans shifted to a charter school based system it s how the spending increased that s worth a closer look '),
 ('2984', 'field', '50', 'en_us', ' uoregon0473 '),
 ('2983', 'title', '0', 'es_us', ' school funding '),
 ('2983', 'slug', '0', 'es_us', ' school funding '),
 ('2983', 'name', '0', 'es_us', ' school funding '),
 ('2983', 'title', '0', 'en_us', ' school funding '),
 ('2983', 'slug', '0', 'en_us', ' school funding '),
 ('2983', 'name', '0', 'en_us', ' school funding '),
 ('2982', 'title', '0', 'es_us', ' uoregon0473 '),
 ('2982', 'slug', '0', 'es_us', ' uoregon0473 '),
 ('2982', 'kind', '0', 'es_us', ' image '),
 ('2982', 'extension', '0', 'es_us', ' jpg ');
INSERT INTO `craft_searchindex` (`elementId`, `attribute`, `fieldId`, `locale`, `keywords`) VALUES
 ('2982', 'filename', '0', 'es_us', ' uoregon0473 jpg '),
 ('2982', 'title', '0', 'en_us', ' uoregon0473 '),
 ('2982', 'slug', '0', 'en_us', ' uoregon0473 '),
 ('2982', 'kind', '0', 'en_us', ' image '),
 ('2982', 'extension', '0', 'en_us', ' jpg '),
 ('2982', 'filename', '0', 'en_us', ' uoregon0473 jpg '),
 ('2981', 'title', '0', 'es_us', ' the ednavigator guide to catholic schools in new orleans '),
 ('2981', 'slug', '0', 'es_us', ' the ednavigator guide to catholic schools in new orleans '),
 ('2981', 'field', '49', 'es_us', ' you might not realize it but there are more than 80 catholic schools in the greater new orleans area all told they serve a total of around 37 000 students for reference public schools in orleans parish enroll approximately 49 000 students for families catholic schools represent a substantial portion of the school landscape and an important option today we re releasing a new online guide to help new orleans families who are considering catholic schools understand the process and explore schools that might be right for their children it features profiles of each school frequently asked questions information on scholarship programs and an interactive find a school tool it s the first time all of this information has been compiled in one publicly accessible online location why a guide to catholic schools over the last decade new orleans has invested heavily in its system of school choice and the infrastructure necessary to support it most notably it adopted a universal enrollment system oneapp to make the process of applying to public schools easier and fairer for families parents can use the system to view available schools and apply to those they prefer all at once they also have access to the new orleans parents guide to public schools family resource centers and other sources of information to help them make their choices that s not the case for the catholic school system however families interested in sending their children to catholic schools have to research and apply to each school separately and the process requirements and timelines for applying differ from school to school then there s the added complexity of applying for the three different kinds of scholarships available to lower income students which involves unraveling a whole new tangle of timelines and eligibility criteria all of this translates to a lot of work and stress for parents overwhelmed by the prospect of researching schools submitting applications and figuring out the finances many give up and don t bother considering catholic schools at all it effectively puts off limits a wide swath of local schools particularly for parents who may not have the time or resources to deal with all the logistical demands we wanted to make it easier catholic schools have a long history in new orleans and many families love the values and faith based education they provide we know catholic schools aren t right for everyone but we believe that families should be aware of all of their school options and empowered to pursue any school that might be a good fit for their children confusing processes and unclear information should never stand in their way the guide was created with great cooperation from the office of catholic schools at the archdiocese of new orleans we see it as a work in progress our team spent time surveying and meeting with school leaders to hear what they wanted to share with prospective families about their schools and we are grateful to all the educators who contributed to it not all schools provided full information but we plan to update the school profiles with additional data as we receive it in the future we also hope to add new information that gives families greater insight into each school and its success with students in particular for now we hope the guide serves as a useful starting point for families who are interested in catholic schools and want to narrow down their options check it out at www catholicschoolsguide ednavigator com and please share it with anyone who might benefit '),
 ('2981', 'field', '86', 'es_us', ' new orleans '),
 ('2981', 'field', '85', 'es_us', ' article '),
 ('2981', 'field', '82', 'es_us', ' the ednavigator guide to catholic schools in new orleans features profiles of 80 schools frequently asked questions information on scholarship programs and an interactive find a school tool '),
 ('2981', 'field', '50', 'es_us', ' 649404 2 '),
 ('2981', 'title', '0', 'en_us', ' the ednavigator guide to catholic schools in new orleans '),
 ('2981', 'slug', '0', 'en_us', ' the ednavigator guide to catholic schools in new orleans '),
 ('2981', 'field', '49', 'en_us', ' you might not realize it but there are more than 80 catholic schools in the greater new orleans area all told they serve a total of around 37 000 students for reference public schools in orleans parish enroll approximately 49 000 students for families catholic schools represent a substantial portion of the school landscape and an important option today we re releasing a new online guide to help new orleans families who are considering catholic schools understand the process and explore schools that might be right for their children it features profiles of each school frequently asked questions information on scholarship programs and an interactive find a school tool it s the first time all of this information has been compiled in one publicly accessible online location why a guide to catholic schools over the last decade new orleans has invested heavily in its system of school choice and the infrastructure necessary to support it most notably it adopted a universal enrollment system oneapp to make the process of applying to public schools easier and fairer for families parents can use the system to view available schools and apply to those they prefer all at once they also have access to the new orleans parents guide to public schools family resource centers and other sources of information to help them make their choices that s not the case for the catholic school system however families interested in sending their children to catholic schools have to research and apply to each school separately and the process requirements and timelines for applying differ from school to school then there s the added complexity of applying for the three different kinds of scholarships available to lower income students which involves unraveling a whole new tangle of timelines and eligibility criteria all of this translates to a lot of work and stress for parents overwhelmed by the prospect of researching schools submitting applications and figuring out the finances many give up and don t bother considering catholic schools at all it effectively puts off limits a wide swath of local schools particularly for parents who may not have the time or resources to deal with all the logistical demands we wanted to make it easier catholic schools have a long history in new orleans and many families love the values and faith based education they provide we know catholic schools aren t right for everyone but we believe that families should be aware of all of their school options and empowered to pursue any school that might be a good fit for their children confusing processes and unclear information should never stand in their way the guide was created with great cooperation from the office of catholic schools at the archdiocese of new orleans we see it as a work in progress our team spent time surveying and meeting with school leaders to hear what they wanted to share with prospective families about their schools and we are grateful to all the educators who contributed to it not all schools provided full information but we plan to update the school profiles with additional data as we receive it in the future we also hope to add new information that gives families greater insight into each school and its success with students in particular for now we hope the guide serves as a useful starting point for families who are interested in catholic schools and want to narrow down their options check it out at www catholicschoolsguide ednavigator com and please share it with anyone who might benefit '),
 ('2981', 'field', '86', 'en_us', ' new orleans '),
 ('2981', 'field', '85', 'en_us', ' school choice '),
 ('2981', 'field', '82', 'en_us', ' the ednavigator guide to catholic schools in new orleans features profiles of 80 schools frequently asked questions information on scholarship programs and an interactive find a school tool '),
 ('2981', 'field', '50', 'en_us', ' 649404 2 '),
 ('2980', 'title', '0', 'es_us', ' 649404 2 '),
 ('2980', 'slug', '0', 'es_us', ' 649404 2 '),
 ('2980', 'kind', '0', 'es_us', ' image '),
 ('2980', 'extension', '0', 'es_us', ' jpg '),
 ('2980', 'filename', '0', 'es_us', ' 649404 2 jpg '),
 ('2980', 'title', '0', 'en_us', ' 649404 2 '),
 ('2980', 'slug', '0', 'en_us', ' 649404 2 '),
 ('2980', 'kind', '0', 'en_us', ' image '),
 ('2980', 'extension', '0', 'en_us', ' jpg '),
 ('2980', 'filename', '0', 'en_us', ' 649404 2 jpg '),
 ('2979', 'title', '0', 'es_us', ' 10 common questions about oneapp answered '),
 ('2979', 'slug', '0', 'es_us', ' 10 common questions about oneapp answered '),
 ('2956', 'title', '0', 'es_us', ' louisiana proposes a smarter way to grade schools '),
 ('2956', 'slug', '0', 'es_us', ' louisiana proposes a smarter way to grade schools '),
 ('2956', 'field', '6', 'es_us', ''),
 ('2956', 'field', '7', 'es_us', ''),
 ('2956', 'field', '49', 'es_us', ' duis mollis est non commodo luctus nisi erat porttitor ligula eget lacinia odio sem nec elit cras mattis consectetur purus sit amet fermentum curabitur blandit tempus porttitor curabitur blandit tempus porttitor lorem ipsum dolor sit amet consectetur adipiscing elit fusce dapibus tellus ac cursus commodo tortor mauris condimentum nibh ut fermentum massa justo sit amet risus integer posuere erat a ante venenatis dapibus posuere velit aliquet maecenas faucibus mollis interdum vivamus sagittis lacus vel augue laoreet rutrum faucibus dolor auctor fusce dapibus tellus ac cursus commodo tortor mauris condimentum nibh ut fermentum massa justo sit amet risus donec sed odio dui donec sed odio dui nulla vitae elit libero a pharetra augue donec ullamcorper nulla non metus auctor fringilla lorem ipsum dolor sit amet consectetur adipiscing elit duis mollis est non commodo luctus nisi erat porttitor ligula eget lacinia odio sem nec elit lorem ipsum dolor sit amet consectetur adipiscing elit aenean eu leo quam pellentesque ornare sem lacinia quam venenatis vestibulum cras mattis consectetur purus sit amet fermentum aenean eu leo quam pellentesque ornare sem lacinia quam venenatis vestibulum lorem ipsum dolor sit amet consectetur adipiscing elit aenean lacinia bibendum nulla sed consectetur cras mattis consectetur purus sit amet fermentum sed posuere consectetur est at lobortis '),
 ('2956', 'field', '2', 'es_us', ' sample tag '),
 ('2956', 'field', '82', 'es_us', ' the state s plan to base 25 percent of a school s grade on how much students grow at the school is a step in the right direction '),
 ('2956', 'field', '50', 'es_us', ' 826629 '),
 ('2956', 'title', '0', 'en_us', ' louisiana proposes a smarter way to grade schools '),
 ('2956', 'slug', '0', 'en_us', ' louisiana proposes a smarter way to grade schools '),
 ('2956', 'field', '6', 'en_us', ''),
 ('2956', 'field', '7', 'en_us', ''),
 ('2956', 'field', '49', 'en_us', ' duis mollis est non commodo luctus nisi erat porttitor ligula eget lacinia odio sem nec elit cras mattis consectetur purus sit amet fermentum curabitur blandit tempus porttitor curabitur blandit tempus porttitor lorem ipsum dolor sit amet consectetur adipiscing elit fusce dapibus tellus ac cursus commodo tortor mauris condimentum nibh ut fermentum massa justo sit amet risus integer posuere erat a ante venenatis dapibus posuere velit aliquet maecenas faucibus mollis interdum vivamus sagittis lacus vel augue laoreet rutrum faucibus dolor auctor fusce dapibus tellus ac cursus commodo tortor mauris condimentum nibh ut fermentum massa justo sit amet risus donec sed odio dui donec sed odio dui nulla vitae elit libero a pharetra augue donec ullamcorper nulla non metus auctor fringilla lorem ipsum dolor sit amet consectetur adipiscing elit duis mollis est non commodo luctus nisi erat porttitor ligula eget lacinia odio sem nec elit lorem ipsum dolor sit amet consectetur adipiscing elit aenean eu leo quam pellentesque ornare sem lacinia quam venenatis vestibulum cras mattis consectetur purus sit amet fermentum aenean eu leo quam pellentesque ornare sem lacinia quam venenatis vestibulum lorem ipsum dolor sit amet consectetur adipiscing elit aenean lacinia bibendum nulla sed consectetur cras mattis consectetur purus sit amet fermentum sed posuere consectetur est at lobortis '),
 ('2956', 'field', '2', 'en_us', ' sample tag '),
 ('2956', 'field', '82', 'en_us', ' the state s plan to base 25 percent of a school s grade on how much students grow at the school is a step in the right direction '),
 ('2956', 'field', '50', 'en_us', ' 826629 '),
 ('2955', 'title', '0', 'es_us', ' sample tag '),
 ('2955', 'slug', '0', 'es_us', ' sample tag '),
 ('2955', 'name', '0', 'es_us', ' sample tag '),
 ('2955', 'title', '0', 'en_us', ' sample tag '),
 ('2955', 'slug', '0', 'en_us', ' sample tag '),
 ('2955', 'name', '0', 'en_us', ' sample tag '),
 ('2954', 'title', '0', 'es_us', ' 826629 '),
 ('2954', 'slug', '0', 'es_us', ' 826629 '),
 ('2954', 'kind', '0', 'es_us', ' image '),
 ('2954', 'extension', '0', 'es_us', ' jpg '),
 ('2954', 'filename', '0', 'es_us', ' 826629 jpg '),
 ('2954', 'title', '0', 'en_us', ' 826629 '),
 ('2954', 'slug', '0', 'en_us', ' 826629 '),
 ('2954', 'kind', '0', 'en_us', ' image '),
 ('2954', 'extension', '0', 'en_us', ' jpg '),
 ('2954', 'filename', '0', 'en_us', ' 826629 jpg '),
 ('2953', 'field', '82', 'es_us', ' when teachers ask me how they can make sure parent teacher conferences are useful to families here s what i tell them '),
 ('2953', 'field', '82', 'en_us', ' when teachers ask me how they can make sure parent teacher conferences are useful to families here s what i tell them '),
 ('2953', 'title', '0', 'es_us', ' how to make parent teacher conferences more parent friendly '),
 ('2953', 'slug', '0', 'es_us', ' how to make parent teacher conferences more parent friendly '),
 ('2953', 'field', '6', 'es_us', ''),
 ('2953', 'field', '7', 'es_us', ''),
 ('2953', 'field', '49', 'es_us', ' at schools across the county parent teacher conferences are happening right now the first report cards of the year were probably sent home in the past few weeks now it s time for parents and teachers to discuss how things are going this is arguably the most critical moment of the school year for parent engagement parents trust teachers more than any other source of information when it comes to their child s education when i was a teacher i really looked forward to these first quarter conferences they offered an opportunity to set the tone and get everyone on the same page early in the year when there was still time to make bigger adjustments we recently offered parents some tips on how to read report cards in our edtips newsletter it s not as easy as you think as teachers prep for the initial round of report card conferences we hope that they will offer an honest and comprehensive view of each student s performance that s not easy either teachers only have a few minutes with each parent and there s a lot to cover if the student s not doing so well it can be a tough conversation i know i had plenty of those as a teacher and there were always conferences i wished i d handled differently today when teachers ask me how they can make sure parent teacher conferences are useful to families here s what i tell them be clear make sure parents fully understand what their child s report card is saying go beyond generic statements like your child needs to focus on math provide examples of student work and show families where students are struggling or thriving specifically parents crave specifics because such details inspire them to play a more active role in their child s learning development and help them understand how they can be helpful at home likewise don t assume that they can interpret she s very enthusiastic in class when you actually mean she needs to practice waiting her turn and raising her hand be direct and say things plainly be candid when you go to the doctor you expect to get an honest assessment of your health if a blood test shows a problem your doctor is ethically obligated to tell you about it even if it s not what you want to hear parents should be able to expect the same from their children s teachers they aren t expecting to be overloaded with information as they re juggling their own set of responsibilities but schools should never sugarcoat issues research shows that more than 90% of parents believe their children are performing on grade level when the data says otherwise they aren t delusional they just aren t getting good information it is essential for teachers to clearly explain to parents where their children are academically if a child is struggling make sure her parents understand how serious the issue is and what has to happen in order to get her back on track the goal isn t to scare anyone but rather to build a shared sense of urgency and focus be collaborative as teachers you won t find a better partner to work with than parents they know their kids better than anyone so use them parents can provide insights into their children s behavior habits motivations and general quirks that can help you reach them in the classroom when students see their teacher and parents on the same page it pushes them to meet and exceed expectations the message is clear there are no loopholes success is the only option at the end of the report card conference parents should have a clear set of next steps understanding exactly what the school will do to support their child moving forward and tips on how they can reasonably help at home but these meetings aren t just about setting clear expectations for the student they re also about enabling parents to actively participate in their child s education and to hold the school accountable one last thing teachers and principals please make sure that parents get a copy of the report card this might sound obvious but many schools ask parents to sign and return the report card leaving them with no reference of progress we all know that report cards make nice refrigerator decorations so don t deprive parents of that '),
 ('2953', 'field', '50', 'es_us', ' uoregon0473 '),
 ('2953', 'field', '2', 'es_us', ' parent teacher conferences report cards '),
 ('2953', 'title', '0', 'en_us', ' how to make parent teacher conferences more parent friendly '),
 ('2953', 'slug', '0', 'en_us', ' how to make parent teacher conferences more parent friendly '),
 ('2953', 'field', '6', 'en_us', ''),
 ('2953', 'field', '7', 'en_us', ''),
 ('2953', 'field', '49', 'en_us', ' at schools across the county parent teacher conferences are happening right now the first report cards of the year were probably sent home in the past few weeks now it s time for parents and teachers to discuss how things are going this is arguably the most critical moment of the school year for parent engagement parents trust teachers more than any other source of information when it comes to their child s education when i was a teacher i really looked forward to these first quarter conferences they offered an opportunity to set the tone and get everyone on the same page early in the year when there was still time to make bigger adjustments we recently offered parents some tips on how to read report cards in our edtips newsletter it s not as easy as you think as teachers prep for the initial round of report card conferences we hope that they will offer an honest and comprehensive view of each student s performance that s not easy either teachers only have a few minutes with each parent and there s a lot to cover if the student s not doing so well it can be a tough conversation i know i had plenty of those as a teacher and there were always conferences i wished i d handled differently today when teachers ask me how they can make sure parent teacher conferences are useful to families here s what i tell them be clear make sure parents fully understand what their child s report card is saying go beyond generic statements like your child needs to focus on math provide examples of student work and show families where students are struggling or thriving specifically parents crave specifics because such details inspire them to play a more active role in their child s learning development and help them understand how they can be helpful at home likewise don t assume that they can interpret she s very enthusiastic in class when you actually mean she needs to practice waiting her turn and raising her hand be direct and say things plainly be candid when you go to the doctor you expect to get an honest assessment of your health if a blood test shows a problem your doctor is ethically obligated to tell you about it even if it s not what you want to hear parents should be able to expect the same from their children s teachers they aren t expecting to be overloaded with information as they re juggling their own set of responsibilities but schools should never sugarcoat issues research shows that more than 90% of parents believe their children are performing on grade level when the data says otherwise they aren t delusional they just aren t getting good information it is essential for teachers to clearly explain to parents where their children are academically if a child is struggling make sure her parents understand how serious the issue is and what has to happen in order to get her back on track the goal isn t to scare anyone but rather to build a shared sense of urgency and focus be collaborative as teachers you won t find a better partner to work with than parents they know their kids better than anyone so use them parents can provide insights into their children s behavior habits motivations and general quirks that can help you reach them in the classroom when students see their teacher and parents on the same page it pushes them to meet and exceed expectations the message is clear there are no loopholes success is the only option at the end of the report card conference parents should have a clear set of next steps understanding exactly what the school will do to support their child moving forward and tips on how they can reasonably help at home but these meetings aren t just about setting clear expectations for the student they re also about enabling parents to actively participate in their child s education and to hold the school accountable one last thing teachers and principals please make sure that parents get a copy of the report card this might sound obvious but many schools ask parents to sign and return the report card leaving them with no reference of progress we all know that report cards make nice refrigerator decorations so don t deprive parents of that '),
 ('2953', 'field', '50', 'en_us', ' uoregon0473 '),
 ('2953', 'field', '2', 'en_us', ' parent teacher conferences report cards '),
 ('2952', 'title', '0', 'es_us', ' uoregon0473 '),
 ('2952', 'slug', '0', 'es_us', ' uoregon0473 '),
 ('2952', 'kind', '0', 'es_us', ' image '),
 ('2952', 'extension', '0', 'es_us', ' jpg '),
 ('2952', 'filename', '0', 'es_us', ' uoregon0473 jpg '),
 ('2952', 'title', '0', 'en_us', ' uoregon0473 '),
 ('2952', 'slug', '0', 'en_us', ' uoregon0473 '),
 ('2952', 'kind', '0', 'en_us', ' image '),
 ('2952', 'extension', '0', 'en_us', ' jpg '),
 ('2952', 'filename', '0', 'en_us', ' uoregon0473 jpg '),
 ('2951', 'title', '0', 'es_us', ' report cards '),
 ('2951', 'slug', '0', 'es_us', ' report cards '),
 ('2951', 'name', '0', 'es_us', ' report cards '),
 ('2951', 'title', '0', 'en_us', ' report cards '),
 ('2951', 'slug', '0', 'en_us', ' report cards '),
 ('2951', 'name', '0', 'en_us', ' report cards '),
 ('2950', 'title', '0', 'es_us', ' parent teacher conferences '),
 ('2950', 'slug', '0', 'es_us', ' parent teacher conferences '),
 ('2950', 'name', '0', 'es_us', ' parent teacher conferences '),
 ('2950', 'title', '0', 'en_us', ' parent teacher conferences ');
INSERT INTO `craft_searchindex` (`elementId`, `attribute`, `fieldId`, `locale`, `keywords`) VALUES
 ('2950', 'slug', '0', 'en_us', ' parent teacher conferences '),
 ('2950', 'name', '0', 'en_us', ' parent teacher conferences '),
 ('2949', 'title', '0', 'es_us', ' ritz carlton '),
 ('2949', 'slug', '0', 'es_us', ' ritz carlton '),
 ('2949', 'kind', '0', 'es_us', ' image '),
 ('2949', 'extension', '0', 'es_us', ' png '),
 ('2949', 'filename', '0', 'es_us', ' ritz carlton png '),
 ('2949', 'title', '0', 'en_us', ' ritz carlton '),
 ('2949', 'slug', '0', 'en_us', ' ritz carlton '),
 ('2949', 'kind', '0', 'en_us', ' image '),
 ('2949', 'extension', '0', 'en_us', ' png '),
 ('2949', 'filename', '0', 'en_us', ' ritz carlton png '),
 ('2948', 'title', '0', 'es_us', ' jw marriott new orleans '),
 ('2948', 'slug', '0', 'es_us', ' jw marriott new orleans '),
 ('2845', 'field', '81', 'en_us', ' our leadership team '),
 ('2849', 'field', '41', 'es_us', ''),
 ('2849', 'field', '40', 'es_us', ''),
 ('2849', 'field', '38', 'es_us', ' founding partner '),
 ('2849', 'field', '37', 'es_us', ' ariela rozman '),
 ('2848', 'field', '41', 'es_us', ''),
 ('2848', 'field', '40', 'es_us', ''),
 ('2848', 'field', '38', 'es_us', ' founding partner '),
 ('2848', 'field', '37', 'es_us', ' david keeling '),
 ('2847', 'field', '41', 'es_us', ''),
 ('2847', 'field', '40', 'es_us', ''),
 ('2847', 'field', '38', 'es_us', ' navigator in chief '),
 ('2847', 'field', '37', 'es_us', ' whitney henderson '),
 ('2846', 'field', '41', 'es_us', ''),
 ('2846', 'field', '40', 'es_us', ''),
 ('2846', 'field', '38', 'es_us', ' founding partner '),
 ('2846', 'field', '37', 'es_us', ' timothy daly '),
 ('2845', 'field', '48', 'en_us', ' our leadership team has nearly 60 years of combined experience in education at all levels from leading classrooms to shaping federal policy '),
 ('2940', 'slug', '0', 'es_us', ''),
 ('2940', 'field', '47', 'es_us', ' we champion the right of all families to an excellent education especially those who have faced disadvantages in the past '),
 ('2940', 'field', '46', 'es_us', ' we level the playing field '),
 ('2940', 'field', '45', 'es_us', ' icon principle 6 '),
 ('2940', 'slug', '0', 'en_us', ''),
 ('2940', 'field', '47', 'en_us', ' we champion the right of all families to an excellent education especially those who have faced disadvantages in the past '),
 ('2940', 'field', '46', 'en_us', ' we level the playing field '),
 ('2940', 'field', '45', 'en_us', ' icon principle 6 '),
 ('2939', 'slug', '0', 'es_us', ''),
 ('2939', 'field', '47', 'es_us', ' we maintain best in class privacy controls to protect you we never share information about you or your children without your consent '),
 ('2939', 'field', '46', 'es_us', ' we protect your privacy '),
 ('2939', 'field', '45', 'es_us', ' icon principle 5 '),
 ('2939', 'slug', '0', 'en_us', ''),
 ('2939', 'field', '47', 'en_us', ' we maintain best in class privacy controls to protect you we never share information about you or your children without your consent '),
 ('2939', 'field', '46', 'en_us', ' we protect your privacy '),
 ('2939', 'field', '45', 'en_us', ' icon principle 5 '),
 ('2938', 'slug', '0', 'es_us', ''),
 ('2938', 'field', '47', 'es_us', ' we don t let systems processes paperwork or unwritten rules get in the way of doing right by a family or student we find a way to make it happen '),
 ('2938', 'field', '46', 'es_us', ' we find a way '),
 ('2938', 'field', '45', 'es_us', ' icon principle 4 '),
 ('2938', 'slug', '0', 'en_us', ''),
 ('2938', 'field', '47', 'en_us', ' we don t let systems processes paperwork or unwritten rules get in the way of doing right by a family or student we find a way to make it happen '),
 ('2938', 'field', '46', 'en_us', ' we find a way '),
 ('2938', 'field', '45', 'en_us', ' icon principle 4 '),
 ('2937', 'slug', '0', 'es_us', ''),
 ('2937', 'field', '47', 'es_us', ' we share your sense of urgency we respond quickly take your concerns seriously and always treat you with dignity and respect your problems are our problems '),
 ('2937', 'field', '46', 'es_us', ' we treat you like family '),
 ('2937', 'field', '45', 'es_us', ' icon principle 3 '),
 ('2937', 'slug', '0', 'en_us', ''),
 ('2937', 'field', '47', 'en_us', ' we share your sense of urgency we respond quickly take your concerns seriously and always treat you with dignity and respect your problems are our problems '),
 ('2937', 'field', '46', 'en_us', ' we treat you like family '),
 ('2937', 'field', '45', 'en_us', ' icon principle 3 '),
 ('2936', 'title', '0', 'es_us', ' icon principle 6 '),
 ('2936', 'slug', '0', 'es_us', ' icon principle 6 '),
 ('2936', 'kind', '0', 'es_us', ' image '),
 ('2936', 'extension', '0', 'es_us', ' svg '),
 ('2936', 'filename', '0', 'es_us', ' icon principle 6 svg '),
 ('2936', 'title', '0', 'en_us', ' icon principle 6 '),
 ('2936', 'slug', '0', 'en_us', ' icon principle 6 '),
 ('2936', 'kind', '0', 'en_us', ' image '),
 ('2936', 'extension', '0', 'en_us', ' svg '),
 ('2936', 'filename', '0', 'en_us', ' icon principle 6 svg '),
 ('2935', 'title', '0', 'es_us', ' icon principle 5 '),
 ('2935', 'slug', '0', 'es_us', ' icon principle 5 '),
 ('2935', 'kind', '0', 'es_us', ' image '),
 ('2935', 'extension', '0', 'es_us', ' svg '),
 ('2935', 'filename', '0', 'es_us', ' icon principle 5 svg '),
 ('2935', 'title', '0', 'en_us', ' icon principle 5 '),
 ('2935', 'slug', '0', 'en_us', ' icon principle 5 '),
 ('2935', 'kind', '0', 'en_us', ' image '),
 ('2935', 'extension', '0', 'en_us', ' svg '),
 ('2935', 'filename', '0', 'en_us', ' icon principle 5 svg '),
 ('2934', 'title', '0', 'es_us', ' icon principle 4 '),
 ('2934', 'slug', '0', 'es_us', ' icon principle 4 '),
 ('2934', 'kind', '0', 'es_us', ' image '),
 ('2934', 'extension', '0', 'es_us', ' svg '),
 ('2934', 'filename', '0', 'es_us', ' icon principle 4 svg '),
 ('2934', 'title', '0', 'en_us', ' icon principle 4 '),
 ('2934', 'slug', '0', 'en_us', ' icon principle 4 '),
 ('2934', 'kind', '0', 'en_us', ' image '),
 ('2934', 'extension', '0', 'en_us', ' svg '),
 ('2934', 'filename', '0', 'en_us', ' icon principle 4 svg '),
 ('2933', 'title', '0', 'es_us', ' icon principle 3 '),
 ('2933', 'slug', '0', 'es_us', ' icon principle 3 '),
 ('2933', 'kind', '0', 'es_us', ' image '),
 ('2933', 'extension', '0', 'es_us', ' svg '),
 ('2933', 'filename', '0', 'es_us', ' icon principle 3 svg '),
 ('2933', 'filename', '0', 'en_us', ' icon principle 3 svg ');
INSERT INTO `craft_searchindex` (`elementId`, `attribute`, `fieldId`, `locale`, `keywords`) VALUES
 ('2933', 'extension', '0', 'en_us', ' svg '),
 ('2933', 'kind', '0', 'en_us', ' image '),
 ('2933', 'slug', '0', 'en_us', ' icon principle 3 '),
 ('2933', 'title', '0', 'en_us', ' icon principle 3 '),
 ('2931', 'slug', '0', 'es_us', ''),
 ('2931', 'field', '47', 'es_us', ' we provide guidance and honest advice but you set the course we never act without your permission or make choices for you our job is to help you get what you want '),
 ('2931', 'field', '46', 'es_us', ' we put you in charge '),
 ('2931', 'field', '45', 'es_us', ' icon principle 2 '),
 ('2931', 'slug', '0', 'en_us', ''),
 ('2931', 'field', '47', 'en_us', ' we provide guidance and honest advice but you set the course we never act without your permission or make choices for you our job is to help you get what you want '),
 ('2931', 'field', '46', 'en_us', ' we put you in charge '),
 ('2931', 'field', '45', 'en_us', ' icon principle 2 '),
 ('2930', 'title', '0', 'es_us', ' icon principle 2 '),
 ('2930', 'slug', '0', 'es_us', ' icon principle 2 '),
 ('2930', 'kind', '0', 'es_us', ' image '),
 ('2930', 'extension', '0', 'es_us', ' svg '),
 ('2930', 'filename', '0', 'es_us', ' icon principle 2 svg '),
 ('2930', 'title', '0', 'en_us', ' icon principle 2 '),
 ('2930', 'slug', '0', 'en_us', ' icon principle 2 '),
 ('2930', 'kind', '0', 'en_us', ' image '),
 ('2930', 'extension', '0', 'en_us', ' svg '),
 ('2930', 'filename', '0', 'en_us', ' icon principle 2 svg '),
 ('2929', 'slug', '0', 'es_us', ''),
 ('2929', 'field', '47', 'es_us', ' we always put the needs of families and students first we represent no one s interests but yours ever '),
 ('2929', 'field', '45', 'en_us', ' icon principle 1 '),
 ('2929', 'field', '46', 'en_us', ' you always come first '),
 ('2929', 'field', '47', 'en_us', ' we always put the needs of families and students first we represent no one s interests but yours ever '),
 ('2929', 'slug', '0', 'en_us', ''),
 ('2929', 'field', '45', 'es_us', ' icon principle 1 '),
 ('2929', 'field', '46', 'es_us', ' you always come first '),
 ('2927', 'slug', '0', 'en_us', ''),
 ('2927', 'field', '80', 'en_us', ' we founded ednavigator because we believe that education is the path to a better life but navigating schools and education systems isn t easy the stakes are high and there are so many questions deadlines and decisions along the way that s why we re here so you don t have to do it all alone '),
 ('2927', 'field', '79', 'en_us', ' our mission '),
 ('2926', 'slug', '0', 'en_us', ''),
 ('2926', 'field', '80', 'en_us', ' we re teachers we re principals we re counselors and coaches we re policy experts and data analysts and community anchors most of all we re moms and dads who know how hard it can be to figure out schools and keep kids on track no matter who you are or where you live   '),
 ('2926', 'field', '79', 'en_us', ' who are we '),
 ('2830', 'field', '77', 'en_us', ''),
 ('2830', 'field', '78', 'en_us', ' we re teachers we re principals we re counselors and coaches we re policy experts and data analysts and community anchors most of all we re moms and dads who know how hard it can be to figure out schools and keep kids on track no matter who you are or where you live   who are we we founded ednavigator because we believe that education is the path to a better life but navigating schools and education systems isn t easy the stakes are high and there are so many questions deadlines and decisions along the way that s why we re here so you don t have to do it all alone our mission '),
 ('2830', 'field', '48', 'en_us', ' we re a nonprofit organization working to help busy families and students achieve their educational dreams '),
 ('2925', 'title', '0', 'es_us', ' icon principle 1 '),
 ('2925', 'slug', '0', 'es_us', ' icon principle 1 '),
 ('2925', 'kind', '0', 'es_us', ' image '),
 ('2925', 'extension', '0', 'es_us', ' svg '),
 ('2925', 'filename', '0', 'es_us', ' icon principle 1 svg '),
 ('2925', 'title', '0', 'en_us', ' icon principle 1 '),
 ('2925', 'slug', '0', 'en_us', ' icon principle 1 '),
 ('2925', 'kind', '0', 'en_us', ' image '),
 ('2925', 'extension', '0', 'en_us', ' svg '),
 ('2925', 'filename', '0', 'en_us', ' icon principle 1 svg '),
 ('2831', 'field', '77', 'en_us', ' resources for familiesresources for employers '),
 ('2924', 'slug', '0', 'en_us', ''),
 ('2924', 'field', '73', 'en_us', ' we re always sharing new information and resources that help families stay on track while encouraging schools to be more responsive to student and parent needs read more about what we re learning '),
 ('2924', 'field', '72', 'en_us', ' shining a spotlight on family needs '),
 ('2923', 'slug', '0', 'en_us', ''),
 ('2923', 'field', '73', 'en_us', ' our priority is helping you get the education you want for yourself and your family through our work we also strive to strengthen local schools and communities in a way that benefits everyone   '),
 ('2923', 'field', '72', 'en_us', ' stronger schools stronger communities '),
 ('2922', 'slug', '0', 'en_us', ''),
 ('2922', 'field', '76', 'en_us', ' as students progress ednavigator will be there every step of the way whatever new challenges or opportunities arise we re here to support and keep our member families on track to reach their goals '),
 ('2922', 'field', '75', 'en_us', ' stay on track '),
 ('2921', 'slug', '0', 'en_us', ''),
 ('2921', 'field', '76', 'en_us', ' your navigator will offer direct hands on assistance to help you turn your plans into reality that may include going with you to school meetings teaching effective study habits or connecting you to available community resources '),
 ('2921', 'field', '75', 'en_us', ' take action '),
 ('2920', 'slug', '0', 'en_us', ''),
 ('2920', 'field', '76', 'en_us', ' your navigator will help you set clear short and long term goals from getting your child into college to helping you get a degree while balancing work and life then together you ll create a concrete plan for achieving those goals '),
 ('2920', 'field', '75', 'en_us', ' make a plan '),
 ('2919', 'slug', '0', 'en_us', ''),
 ('2919', 'field', '76', 'en_us', ' after registering you ll be connected to a navigator if you re a parent we ll work together to create a path to success for your child if you re an adult learner we ll get to work helping you further your education '),
 ('2919', 'field', '75', 'en_us', ' review records '),
 ('2918', 'slug', '0', 'en_us', ''),
 ('2918', 'field', '76', 'en_us', ' you can register to become an ednavigator member through your employer a participating community organization or our website members can receive help with their child s education or with their own learning goals '),
 ('2918', 'field', '75', 'en_us', ' sign up '),
 ('2917', 'slug', '0', 'en_us', ''),
 ('2917', 'field', '70', 'en_us', ' your navigator will meet with you at your worksite or wherever is most convenient for you to develop a customized educational plan they ll help   set clear learning goalschoose the right school and explore financial optionscommunicate with teachers and administratorsanalyze grades and progressanswer your questions via phone text or email whenever you need advice '),
 ('2917', 'field', '69', 'en_us', ' help that finds you '),
 ('2916', 'slug', '0', 'en_us', ''),
 ('2916', 'field', '70', 'en_us', ' our navigators combine expert knowledge of schools with a deep understanding of our communities most are accomplished former teachers school leaders or counselors and all have passed a background check received privacy training and adhere to a strict code of confidentiality   they re like pediatricians for your educational health and they re always looking out for your best interests '),
 ('2916', 'field', '69', 'en_us', ' personal professional guidance '),
 ('2831', 'field', '71', 'en_us', ' our priority is helping you get the education you want for yourself and your family through our work we also strive to strengthen local schools and communities in a way that benefits everyone   stronger schools stronger communities we re always sharing new information and resources that help families stay on track while encouraging schools to be more responsive to student and parent needs read more about what we re learning shining a spotlight on family needs '),
 ('2831', 'field', '74', 'en_us', ' you can register to become an ednavigator member through your employer a participating community organization or our website members can receive help with their child s education or with their own learning goals sign up after registering you ll be connected to a navigator if you re a parent we ll work together to create a path to success for your child if you re an adult learner we ll get to work helping you further your education review records your navigator will help you set clear short and long term goals from getting your child into college to helping you get a degree while balancing work and life then together you ll create a concrete plan for achieving those goals make a plan your navigator will offer direct hands on assistance to help you turn your plans into reality that may include going with you to school meetings teaching effective study habits or connecting you to available community resources take action as students progress ednavigator will be there every step of the way whatever new challenges or opportunities arise we re here to support and keep our member families on track to reach their goals stay on track '),
 ('2831', 'field', '68', 'en_us', ' our navigators combine expert knowledge of schools with a deep understanding of our communities most are accomplished former teachers school leaders or counselors and all have passed a background check received privacy training and adhere to a strict code of confidentiality   they re like pediatricians for your educational health and they re always looking out for your best interests personal professional guidance your navigator will meet with you at your worksite or wherever is most convenient for you to develop a customized educational plan they ll help   set clear learning goalschoose the right school and explore financial optionscommunicate with teachers and administratorsanalyze grades and progressanswer your questions via phone text or email whenever you need advice help that finds you '),
 ('2831', 'field', '6', 'es_us', ''),
 ('2831', 'field', '7', 'es_us', ''),
 ('2831', 'field', '48', 'es_us', ' we give hard working families personalized ongoing support along the path from preschool to college '),
 ('2830', 'title', '0', 'es_us', ' who we are '),
 ('2830', 'slug', '0', 'es_us', ' quines somos '),
 ('2856', 'field', '6', 'es_us', ''),
 ('2856', 'field', '7', 'es_us', ''),
 ('2856', 'field', '2', 'es_us', ''),
 ('2856', 'field', '36', 'es_us', ''),
 ('2850', 'field', '6', 'es_us', ''),
 ('2850', 'field', '7', 'es_us', ''),
 ('2850', 'field', '2', 'es_us', ''),
 ('2850', 'field', '36', 'es_us', ''),
 ('2845', 'field', '6', 'es_us', ''),
 ('2845', 'field', '7', 'es_us', ''),
 ('2845', 'field', '2', 'es_us', ''),
 ('2845', 'field', '36', 'es_us', ''),
 ('2843', 'field', '6', 'es_us', ''),
 ('2843', 'field', '7', 'es_us', ''),
 ('2843', 'field', '2', 'es_us', '');
INSERT INTO `craft_searchindex` (`elementId`, `attribute`, `fieldId`, `locale`, `keywords`) VALUES
 ('2843', 'field', '36', 'es_us', ''),
 ('2830', 'field', '6', 'es_us', ''),
 ('2830', 'field', '7', 'es_us', ''),
 ('2830', 'field', '44', 'es_us', ''),
 ('2903', 'field', '66', 'es_us', ' regular '),
 ('2903', 'field', '66', 'en_us', ' regular '),
 ('2896', 'field', '66', 'es_us', ' regular '),
 ('2896', 'field', '66', 'en_us', ' regular '),
 ('2891', 'field', '66', 'es_us', ' regular '),
 ('2891', 'field', '66', 'en_us', ' regular '),
 ('4', 'field', '7', 'es', ''),
 ('4', 'field', '6', 'es', ''),
 ('2892', 'field', '67', 'es_us', ' para familias estudiantes '),
 ('2881', 'field', '66', 'es_us', ' regular '),
 ('2881', 'field', '65', 'es_us', ' espanol '),
 ('2915', 'slug', '0', 'es_us', ''),
 ('2915', 'field', '55', 'es_us', ' 649404 '),
 ('2915', 'field', '54', 'es_us', ' para familias '),
 ('2915', 'field', '53', 'es_us', ' encuentra tu camino '),
 ('2915', 'field', '52', 'es_us', ' para familias estudiantes '),
 ('2914', 'slug', '0', 'es_us', ''),
 ('2914', 'field', '55', 'es_us', ' ed nav 330 2 '),
 ('2914', 'field', '54', 'es_us', ' for employers '),
 ('2914', 'field', '53', 'es_us', ' invertir en su mayor activo su gente '),
 ('2914', 'field', '52', 'es_us', ' para empleyadores '),
 ('2', 'title', '0', 'es_us', ' homepage '),
 ('2', 'slug', '0', 'es_us', ' homepage '),
 ('2', 'field', '51', 'es_us', ' ed nav 330 2 invertir en su mayor activo su gente for employers para empleyadores 649404 encuentra tu camino para familias para familias estudiantes '),
 ('2', 'field', '50', 'es_us', ' 841683 '),
 ('2913', 'slug', '0', 'es_us', ''),
 ('2913', 'field', '61', 'es_us', ' ed nav 330 2 '),
 ('2913', 'field', '64', 'es_us', ' background orange '),
 ('2913', 'field', '63', 'es_us', ' read the full story '),
 ('2913', 'field', '62', 'es_us', ''),
 ('2913', 'field', '66', 'es_us', ' regular '),
 ('2913', 'field', '65', 'es_us', ' another story of triumph '),
 ('2913', 'slug', '0', 'en_us', ''),
 ('2913', 'field', '61', 'en_us', ' ed nav 330 2 '),
 ('2913', 'field', '64', 'en_us', ' background orange '),
 ('2913', 'field', '63', 'en_us', ' read the full story '),
 ('2913', 'field', '62', 'en_us', ''),
 ('2913', 'field', '66', 'en_us', ' regular '),
 ('2913', 'field', '65', 'en_us', ' another story of triumph '),
 ('2912', 'slug', '0', 'es_us', ''),
 ('2912', 'field', '61', 'es_us', ' amy mikler 01 '),
 ('2912', 'field', '64', 'es_us', ' background orange '),
 ('2912', 'field', '63', 'es_us', ' read the full story '),
 ('2912', 'field', '62', 'es_us', ''),
 ('2912', 'field', '66', 'es_us', ' regular '),
 ('2912', 'field', '65', 'es_us', ' we helped kanitra s daughters get back on track in school '),
 ('2912', 'slug', '0', 'en_us', ''),
 ('2912', 'field', '61', 'en_us', ' amy mikler 01 '),
 ('2912', 'field', '64', 'en_us', ' background orange '),
 ('2912', 'field', '63', 'en_us', ' read the full story '),
 ('2912', 'field', '62', 'en_us', ''),
 ('2912', 'field', '66', 'en_us', ' regular '),
 ('2912', 'field', '65', 'en_us', ' we helped kanitra s daughters get back on track in school '),
 ('2911', 'title', '0', 'es_us', ' stories '),
 ('2911', 'slug', '0', 'es_us', ' stories '),
 ('2911', 'field', '59', 'es_us', ' background gold amy mikler 01 read the full story we helped kanitra s daughters get back on track in school regular background gray ed nav 330 2 read the full story another story of triumph regular '),
 ('2911', 'title', '0', 'en_us', ' stories '),
 ('2911', 'slug', '0', 'en_us', ' stories '),
 ('2911', 'field', '59', 'en_us', ' background orange amy mikler 01 read the full story we helped kanitra s daughters get back on track in school regular background orange ed nav 330 2 read the full story another story of triumph regular '),
 ('2910', 'title', '0', 'es_us', ' amy mikler 01 '),
 ('2910', 'slug', '0', 'es_us', ' amy mikler 01 '),
 ('2910', 'kind', '0', 'es_us', ' image '),
 ('2910', 'extension', '0', 'es_us', ' png '),
 ('2910', 'filename', '0', 'es_us', ' amy mikler 01 png '),
 ('2910', 'title', '0', 'en_us', ' amy mikler 01 '),
 ('2910', 'slug', '0', 'en_us', ' amy mikler 01 '),
 ('2910', 'kind', '0', 'en_us', ' image '),
 ('2910', 'extension', '0', 'en_us', ' png '),
 ('2910', 'filename', '0', 'en_us', ' amy mikler 01 png '),
 ('2909', 'slug', '0', 'es_us', ''),
 ('2909', 'field', '61', 'es_us', ' uoregon0670 '),
 ('2909', 'field', '64', 'es_us', ' background gray '),
 ('2909', 'field', '63', 'es_us', ' test link '),
 ('2909', 'field', '62', 'es_us', ' sed posuere consectetur est at lobortis nulla vitae elit libero a pharetra augue duis mollis est non commodo luctus nisi erat porttitor ligula eget lacinia odio sem nec elit maecenas faucibus mollis interdum morbi leo risus porta ac consectetur ac vestibulum at eros '),
 ('2909', 'field', '66', 'es_us', ' regular '),
 ('2909', 'field', '65', 'es_us', ' second slide '),
 ('2909', 'slug', '0', 'en_us', ''),
 ('2909', 'field', '61', 'en_us', ' uoregon0670 '),
 ('2909', 'field', '64', 'en_us', ' background gray '),
 ('2909', 'field', '63', 'en_us', ' test link '),
 ('2909', 'field', '62', 'en_us', ' sed posuere consectetur est at lobortis nulla vitae elit libero a pharetra augue duis mollis est non commodo luctus nisi erat porttitor ligula eget lacinia odio sem nec elit maecenas faucibus mollis interdum morbi leo risus porta ac consectetur ac vestibulum at eros '),
 ('2909', 'field', '66', 'en_us', ' regular '),
 ('2909', 'field', '65', 'en_us', ' second slide '),
 ('2886', 'field', '66', 'es_us', ' regular '),
 ('2886', 'field', '66', 'en_us', ' regular '),
 ('2892', 'field', '67', 'en_us', ' for families students '),
 ('2893', 'field', '67', 'en_us', ' for employers '),
 ('2908', 'slug', '0', 'es_us', ''),
 ('2908', 'field', '61', 'es_us', ' 826629 '),
 ('2908', 'field', '64', 'es_us', ' background gray '),
 ('2908', 'field', '63', 'es_us', ' link onelink two '),
 ('2908', 'field', '62', 'es_us', ' lorem ipsum dolor sit amet consectetur adipiscing elit duis mollis est non commodo luctus nisi erat porttitor ligula eget lacinia odio sem nec elit vivamus sagittis lacus vel augue laoreet rutrum faucibus dolor auctor cum sociis natoque penatibus et magnis dis parturient montes nascetur ridiculus mus '),
 ('2908', 'field', '66', 'es_us', ' quote '),
 ('2908', 'field', '65', 'es_us', ' a story like no other '),
 ('2908', 'slug', '0', 'en_us', ''),
 ('2908', 'field', '61', 'en_us', ' 826629 ');
INSERT INTO `craft_searchindex` (`elementId`, `attribute`, `fieldId`, `locale`, `keywords`) VALUES
 ('2908', 'field', '64', 'en_us', ' background gray '),
 ('2908', 'field', '63', 'en_us', ' link onelink two '),
 ('2908', 'field', '62', 'en_us', ' lorem ipsum dolor sit amet consectetur adipiscing elit duis mollis est non commodo luctus nisi erat porttitor ligula eget lacinia odio sem nec elit vivamus sagittis lacus vel augue laoreet rutrum faucibus dolor auctor cum sociis natoque penatibus et magnis dis parturient montes nascetur ridiculus mus '),
 ('2908', 'field', '66', 'en_us', ' quote '),
 ('2908', 'field', '65', 'en_us', ' a story like no other '),
 ('2907', 'field', '66', 'es_us', ' regular '),
 ('2907', 'field', '66', 'en_us', ' regular '),
 ('2906', 'field', '66', 'es_us', ' quote '),
 ('2906', 'field', '66', 'en_us', ' quote '),
 ('2901', 'field', '66', 'es_us', ' largenumeral '),
 ('2901', 'field', '66', 'en_us', ' largenumeral '),
 ('2899', 'field', '66', 'es_us', ' largenumeral '),
 ('2899', 'field', '66', 'en_us', ' largenumeral '),
 ('2907', 'slug', '0', 'es_us', ''),
 ('2907', 'field', '61', 'es_us', ' 649404 2 '),
 ('2907', 'field', '64', 'es_us', ' background green '),
 ('2907', 'field', '63', 'es_us', ' read the full story '),
 ('2907', 'field', '62', 'es_us', ' etiam porta sem malesuada magna mollis euismod fusce dapibus tellus ac cursus commodo tortor mauris condimentum nibh ut fermentum massa justo sit amet risus lorem ipsum dolor sit amet consectetur adipiscing elit nullam quis risus eget urna mollis ornare vel eu leo vestibulum id ligula porta felis euismod semper '),
 ('2907', 'field', '65', 'es_us', ' story number two '),
 ('2907', 'slug', '0', 'en_us', ''),
 ('2907', 'field', '61', 'en_us', ' 649404 2 '),
 ('2907', 'field', '64', 'en_us', ' background green '),
 ('2907', 'field', '63', 'en_us', ' read the full story '),
 ('2907', 'field', '62', 'en_us', ' etiam porta sem malesuada magna mollis euismod fusce dapibus tellus ac cursus commodo tortor mauris condimentum nibh ut fermentum massa justo sit amet risus lorem ipsum dolor sit amet consectetur adipiscing elit nullam quis risus eget urna mollis ornare vel eu leo vestibulum id ligula porta felis euismod semper '),
 ('2907', 'field', '65', 'en_us', ' story number two '),
 ('2906', 'slug', '0', 'es_us', ''),
 ('2906', 'field', '61', 'es_us', ' ed nav 330 2 '),
 ('2906', 'field', '64', 'es_us', ' background gray '),
 ('2906', 'field', '63', 'es_us', ' read the full story '),
 ('2906', 'field', '62', 'es_us', ' sean cummings owner international house hotel new orleans '),
 ('2906', 'field', '65', 'es_us', ' ednavigator pays for itself more than 3 1 '),
 ('2906', 'slug', '0', 'en_us', ''),
 ('2906', 'field', '61', 'en_us', ' ed nav 330 2 '),
 ('2906', 'field', '64', 'en_us', ' background gray '),
 ('2906', 'field', '63', 'en_us', ' read the full story '),
 ('2906', 'field', '62', 'en_us', ' sean cummings owner international house hotel new orleans '),
 ('2906', 'field', '65', 'en_us', ' ednavigator pays for itself more than 3 1 '),
 ('2905', 'title', '0', 'es_us', ' stories slideshow '),
 ('2905', 'slug', '0', 'es_us', ' stories slideshow '),
 ('2905', 'field', '59', 'es_us', ' background gray ed nav 330 2 read the full story sean cummings owner international house hotel new orleans ednavigator pays for itself more than 3 1 background green 649404 2 read the full story etiam porta sem malesuada magna mollis euismod fusce dapibus tellus ac cursus commodo tortor mauris condimentum nibh ut fermentum massa justo sit amet risus lorem ipsum dolor sit amet consectetur adipiscing elit nullam quis risus eget urna mollis ornare vel eu leo vestibulum id ligula porta felis euismod semper story number two '),
 ('2905', 'title', '0', 'en_us', ' stories slideshow '),
 ('2905', 'slug', '0', 'en_us', ' stories slideshow '),
 ('2905', 'field', '59', 'en_us', ' background gray ed nav 330 2 read the full story sean cummings owner international house hotel new orleans ednavigator pays for itself more than 3 1 quote background green 649404 2 read the full story etiam porta sem malesuada magna mollis euismod fusce dapibus tellus ac cursus commodo tortor mauris condimentum nibh ut fermentum massa justo sit amet risus lorem ipsum dolor sit amet consectetur adipiscing elit nullam quis risus eget urna mollis ornare vel eu leo vestibulum id ligula porta felis euismod semper story number two regular background gray 826629 link onelink two lorem ipsum dolor sit amet consectetur adipiscing elit duis mollis est non commodo luctus nisi erat porttitor ligula eget lacinia odio sem nec elit vivamus sagittis lacus vel augue laoreet rutrum faucibus dolor auctor cum sociis natoque penatibus et magnis dis parturient montes nascetur ridiculus mus a story like no other quote '),
 ('2904', 'title', '0', 'es_us', ' ed nav 330 2 '),
 ('2904', 'slug', '0', 'es_us', ' ed nav 330 2 '),
 ('2904', 'kind', '0', 'es_us', ' image '),
 ('2904', 'extension', '0', 'es_us', ' jpg '),
 ('2904', 'filename', '0', 'es_us', ' ednav_330 2 jpg '),
 ('2904', 'title', '0', 'en_us', ' ed nav 330 2 '),
 ('2904', 'slug', '0', 'en_us', ' ed nav 330 2 '),
 ('2904', 'kind', '0', 'en_us', ' image '),
 ('2904', 'extension', '0', 'en_us', ' jpg '),
 ('2904', 'filename', '0', 'en_us', ' ednav_330 2 jpg '),
 ('2903', 'slug', '0', 'es_us', ''),
 ('2903', 'field', '61', 'es_us', ' uoregon0670 '),
 ('2903', 'field', '64', 'es_us', ' background blue '),
 ('2903', 'field', '63', 'es_us', ' our partners '),
 ('2903', 'field', '62', 'es_us', ' we use a shared cost model to maximize reach and minimize costs for your employees your contribution as an employer partner will be supplemented by our philanthropic funders '),
 ('2903', 'field', '65', 'es_us', ' shared costs universal benefits '),
 ('2903', 'slug', '0', 'en_us', ''),
 ('2903', 'field', '61', 'en_us', ' uoregon0670 '),
 ('2901', 'slug', '0', 'es_us', ''),
 ('2901', 'field', '61', 'es_us', ' uoregon0670 '),
 ('2901', 'field', '64', 'es_us', ' background green '),
 ('2901', 'field', '63', 'es_us', ' slide link '),
 ('2901', 'field', '62', 'es_us', ' donec sed odio dui nullam quis risus eget urna mollis ornare vel eu leo aenean lacinia bibendum nulla sed consectetur '),
 ('2901', 'field', '65', 'es_us', ' slide two '),
 ('2901', 'slug', '0', 'en_us', ''),
 ('2901', 'field', '61', 'en_us', ' uoregon0670 '),
 ('2901', 'field', '64', 'en_us', ' background green '),
 ('2901', 'field', '63', 'en_us', ' slide link '),
 ('2902', 'field', '59', 'en_us', ' background blue uoregon0670 our partners we use a shared cost model to maximize reach and minimize costs for your employees your contribution as an employer partner will be supplemented by our philanthropic funders shared costs universal benefits regular '),
 ('2902', 'title', '0', 'en_us', ' shared costs '),
 ('2902', 'field', '59', 'es_us', ' background blue uoregon0670 our partners we use a shared cost model to maximize reach and minimize costs for your employees your contribution as an employer partner will be supplemented by our philanthropic funders shared costs universal benefits '),
 ('2902', 'slug', '0', 'es_us', ' shared costs '),
 ('2902', 'title', '0', 'es_us', ' shared costs '),
 ('2903', 'field', '65', 'en_us', ' shared costs universal benefits '),
 ('2903', 'field', '62', 'en_us', ' we use a shared cost model to maximize reach and minimize costs for your employees your contribution as an employer partner will be supplemented by our philanthropic funders '),
 ('2903', 'field', '63', 'en_us', ' our partners '),
 ('2903', 'field', '64', 'en_us', ' background blue '),
 ('2902', 'slug', '0', 'en_us', ' shared costs '),
 ('2899', 'slug', '0', 'es_us', ''),
 ('2899', 'field', '61', 'es_us', ' 826621 '),
 ('2899', 'field', '64', 'es_us', ' background green '),
 ('2899', 'field', '63', 'es_us', ' find out why ednavigator is good for business '),
 ('2899', 'field', '62', 'es_us', ' say having ednavigator makes them more likely to keep working for their current employer '),
 ('2899', 'field', '65', 'es_us', ' 96% '),
 ('2899', 'slug', '0', 'en_us', ''),
 ('2899', 'field', '61', 'en_us', ' 826621 '),
 ('2899', 'field', '64', 'en_us', ' background green '),
 ('2899', 'field', '63', 'en_us', ' find out why ednavigator is good for business '),
 ('2899', 'field', '62', 'en_us', ' say having ednavigator makes them more likely to keep working for their current employer '),
 ('2899', 'field', '65', 'en_us', ' 96% '),
 ('2901', 'field', '65', 'en_us', ' slide two '),
 ('2901', 'field', '62', 'en_us', ' donec sed odio dui nullam quis risus eget urna mollis ornare vel eu leo aenean lacinia bibendum nulla sed consectetur '),
 ('2898', 'title', '0', 'es_us', ' uoregon0670 '),
 ('2898', 'slug', '0', 'es_us', ' uoregon0670 '),
 ('2898', 'kind', '0', 'es_us', ' image '),
 ('2898', 'extension', '0', 'es_us', ' jpg '),
 ('2898', 'filename', '0', 'es_us', ' uoregon0670 jpg ');
INSERT INTO `craft_searchindex` (`elementId`, `attribute`, `fieldId`, `locale`, `keywords`) VALUES
 ('2898', 'title', '0', 'en_us', ' uoregon0670 '),
 ('2898', 'slug', '0', 'en_us', ' uoregon0670 '),
 ('2898', 'kind', '0', 'en_us', ' image '),
 ('2898', 'extension', '0', 'en_us', ' jpg '),
 ('2898', 'filename', '0', 'en_us', ' uoregon0670 jpg '),
 ('2897', 'title', '0', 'es_us', ' third '),
 ('2897', 'slug', '0', 'es_us', ' third '),
 ('2897', 'field', '59', 'es_us', ''),
 ('2897', 'title', '0', 'en_us', ' third section slideshow '),
 ('2897', 'slug', '0', 'en_us', ' third '),
 ('2897', 'field', '59', 'en_us', ' background green 826621 find out why ednavigator is good for business say having ednavigator makes them more likely to keep working for their current employer 96% largenumeral background green uoregon0670 slide link donec sed odio dui nullam quis risus eget urna mollis ornare vel eu leo aenean lacinia bibendum nulla sed consectetur slide two largenumeral '),
 ('2896', 'slug', '0', 'es_us', ''),
 ('2896', 'field', '61', 'es_us', ' uoregon0473 '),
 ('2896', 'field', '64', 'es_us', ' background gold '),
 ('2896', 'field', '63', 'es_us', ' see how it works '),
 ('2896', 'field', '62', 'es_us', ' our employer partners bring ednavigator support to the workplace as a benefit for employees our expert navigators help parents keep students on track in school and adult learners in pursuit of their own educational dreams '),
 ('2896', 'field', '65', 'es_us', ' give back with outstanding support '),
 ('2896', 'slug', '0', 'en_us', ''),
 ('2896', 'field', '61', 'en_us', ' uoregon0473 '),
 ('2896', 'field', '64', 'en_us', ' background gold '),
 ('2896', 'field', '63', 'en_us', ' see how it works '),
 ('2896', 'field', '62', 'en_us', ' our employer partners bring ednavigator support to the workplace as a benefit for employees our expert navigators help parents keep students on track in school and adult learners in pursuit of their own educational dreams '),
 ('2896', 'field', '65', 'en_us', ' give back with outstanding support '),
 ('2895', 'title', '0', 'es_us', ' give back '),
 ('2895', 'slug', '0', 'es_us', ' give back '),
 ('2895', 'field', '59', 'es_us', ' background gold uoregon0473 see how it works our employer partners bring ednavigator support to the workplace as a benefit for employees our expert navigators help parents keep students on track in school and adult learners in pursuit of their own educational dreams give back with outstanding support '),
 ('2895', 'title', '0', 'en_us', ' give back '),
 ('2895', 'slug', '0', 'en_us', ' give back '),
 ('2895', 'field', '59', 'en_us', ' background gold uoregon0473 see how it works our employer partners bring ednavigator support to the workplace as a benefit for employees our expert navigators help parents keep students on track in school and adult learners in pursuit of their own educational dreams give back with outstanding support regular '),
 ('2894', 'title', '0', 'es_us', ' uoregon0473 '),
 ('2894', 'slug', '0', 'es_us', ' uoregon0473 '),
 ('2894', 'kind', '0', 'es_us', ' image '),
 ('2894', 'extension', '0', 'es_us', ' jpg '),
 ('2894', 'filename', '0', 'es_us', ' uoregon0473 jpg '),
 ('2894', 'title', '0', 'en_us', ' uoregon0473 '),
 ('2894', 'slug', '0', 'en_us', ' uoregon0473 '),
 ('2894', 'kind', '0', 'en_us', ' image '),
 ('2894', 'extension', '0', 'en_us', ' jpg '),
 ('2894', 'filename', '0', 'en_us', ' uoregon0473 jpg '),
 ('2893', 'title', '0', 'es_us', ' for employers '),
 ('2893', 'slug', '0', 'es_us', ' employers '),
 ('2893', 'field', '59', 'es_us', ''),
 ('2893', 'title', '0', 'en_us', ' for employers '),
 ('2893', 'slug', '0', 'en_us', ' employers '),
 ('2893', 'field', '59', 'en_us', ''),
 ('2892', 'title', '0', 'es_us', ' para familias '),
 ('2892', 'slug', '0', 'es_us', ' familias '),
 ('2892', 'field', '59', 'es_us', ''),
 ('2892', 'title', '0', 'en_us', ' for families '),
 ('2892', 'slug', '0', 'en_us', ' families '),
 ('2892', 'field', '59', 'en_us', ''),
 ('2891', 'slug', '0', 'es_us', ''),
 ('2891', 'field', '61', 'es_us', ' 826629 '),
 ('2891', 'field', '64', 'es_us', ' background gray '),
 ('2891', 'field', '63', 'es_us', ''),
 ('2891', 'field', '62', 'es_us', ' an investment in your employees future is an investment in your business and community ednavigator offers employers an innovative way to boost employee morale reduce turnover and cut costs while improving educational outcomes for students and helping families schools and communities thrive '),
 ('2891', 'field', '65', 'es_us', ' invest in your greatest asset your people '),
 ('2891', 'slug', '0', 'en_us', ''),
 ('2891', 'field', '61', 'en_us', ' 826629 '),
 ('2891', 'field', '64', 'en_us', ' background gray '),
 ('2891', 'field', '63', 'en_us', ''),
 ('2964', 'slug', '0', 'en_us', ' sample tag '),
 ('2964', 'title', '0', 'en_us', ' sample tag '),
 ('2964', 'name', '0', 'es_us', ' sample tag '),
 ('2964', 'slug', '0', 'es_us', ' sample tag '),
 ('2964', 'title', '0', 'es_us', ' sample tag '),
 ('2965', 'name', '0', 'en_us', ' parent t '),
 ('2965', 'slug', '0', 'en_us', ' parent t '),
 ('2965', 'title', '0', 'en_us', ' parent t '),
 ('2965', 'name', '0', 'es_us', ' parent t '),
 ('2965', 'slug', '0', 'es_us', ' parent t '),
 ('2965', 'title', '0', 'es_us', ' parent t '),
 ('2966', 'name', '0', 'en_us', ' parent engagement '),
 ('2966', 'slug', '0', 'en_us', ' parent engagement '),
 ('2966', 'title', '0', 'en_us', ' parent engagement '),
 ('2966', 'name', '0', 'es_us', ' parent engagement '),
 ('2966', 'slug', '0', 'es_us', ' parent engagement '),
 ('2966', 'title', '0', 'es_us', ' parent engagement '),
 ('2967', 'name', '0', 'en_us', ' report cards '),
 ('2967', 'slug', '0', 'en_us', ' report cards '),
 ('2967', 'title', '0', 'en_us', ' report cards '),
 ('2967', 'name', '0', 'es_us', ' report cards '),
 ('2967', 'slug', '0', 'es_us', ' report cards '),
 ('2967', 'title', '0', 'es_us', ' report cards '),
 ('2968', 'name', '0', 'en_us', ' parent teacher conferences '),
 ('2968', 'slug', '0', 'en_us', ' parent teacher conferences '),
 ('2968', 'title', '0', 'en_us', ' parent teacher conferences '),
 ('2968', 'name', '0', 'es_us', ' parent teacher conferences '),
 ('2968', 'slug', '0', 'es_us', ' parent teacher conferences '),
 ('2968', 'title', '0', 'es_us', ' parent teacher conferences '),
 ('2969', 'slug', '0', 'en_us', ' resources '),
 ('2969', 'title', '0', 'en_us', ' resources '),
 ('2969', 'slug', '0', 'es_us', ' resources '),
 ('2969', 'title', '0', 'es_us', ' resources '),
 ('2970', 'field', '50', 'en_us', ' amy mikler 01 '),
 ('2970', 'field', '48', 'en_us', ' curabitur blandit tempus porttitor '),
 ('2970', 'slug', '0', 'en_us', ' summer reading '),
 ('2970', 'title', '0', 'en_us', ' summer reading '),
 ('2970', 'field', '50', 'es_us', ''),
 ('2970', 'field', '48', 'es_us', ' curabitur blandit tempus porttitor ');
INSERT INTO `craft_searchindex` (`elementId`, `attribute`, `fieldId`, `locale`, `keywords`) VALUES
 ('2970', 'slug', '0', 'es_us', ' summer reading '),
 ('2970', 'title', '0', 'es_us', ' summer reading '),
 ('2971', 'filename', '0', 'en_us', ' screen shot 2016 11 16 at 3 52 09 pm jpg '),
 ('2971', 'extension', '0', 'en_us', ' jpg '),
 ('2971', 'kind', '0', 'en_us', ' image '),
 ('2971', 'slug', '0', 'en_us', ' screen shot 2016 11 16 at 3 52 09 pm '),
 ('2971', 'title', '0', 'en_us', ' screen shot 2016 11 16 at 3 52 09 pm '),
 ('2971', 'filename', '0', 'es_us', ' screen shot 2016 11 16 at 3 52 09 pm jpg '),
 ('2971', 'extension', '0', 'es_us', ' jpg '),
 ('2971', 'kind', '0', 'es_us', ' image '),
 ('2971', 'slug', '0', 'es_us', ' screen shot 2016 11 16 at 3 52 09 pm '),
 ('2971', 'title', '0', 'es_us', ' screen shot 2016 11 16 at 3 52 09 pm '),
 ('2972', 'field', '50', 'en_us', ' screen shot 2016 11 16 at 3 52 09 pm '),
 ('3000', 'slug', '0', 'es_us', ' blog search '),
 ('2972', 'field', '48', 'en_us', ' everything you need to get ready for the new year '),
 ('2972', 'slug', '0', 'en_us', ' back to school '),
 ('2972', 'title', '0', 'en_us', ' back to school '),
 ('2972', 'field', '50', 'es_us', ' screen shot 2016 11 16 at 3 52 09 pm '),
 ('2972', 'field', '48', 'es_us', ' everything you need to get ready for the new year '),
 ('2972', 'slug', '0', 'es_us', ' back to school '),
 ('2972', 'title', '0', 'es_us', ' back to school '),
 ('2969', 'field', '48', 'en_us', ' useful tips guides and tools for parents and families '),
 ('2994', 'title', '0', 'en_us', ' 649404 2 '),
 ('2994', 'kind', '0', 'en_us', ' image '),
 ('2994', 'slug', '0', 'en_us', ' 649404 2 '),
 ('2994', 'extension', '0', 'en_us', ' jpg '),
 ('2994', 'filename', '0', 'en_us', ' 649404 2 jpg '),
 ('2993', 'title', '0', 'es_us', ' school choice '),
 ('2993', 'slug', '0', 'es_us', ' school choice '),
 ('2993', 'title', '0', 'en_us', ' school choice '),
 ('2979', 'field', '88', 'en_us', ' article '),
 ('2993', 'slug', '0', 'en_us', ' school choice '),
 ('2981', 'field', '88', 'en_us', ' video '),
 ('2976', 'filename', '0', 'en_us', ' amy mikler 01 png '),
 ('2976', 'extension', '0', 'en_us', ' png '),
 ('2976', 'kind', '0', 'en_us', ' image '),
 ('2976', 'slug', '0', 'en_us', ' amy mikler 01 '),
 ('2976', 'title', '0', 'en_us', ' amy mikler 01 '),
 ('2976', 'filename', '0', 'es_us', ' amy mikler 01 png '),
 ('2976', 'extension', '0', 'es_us', ' png '),
 ('2976', 'kind', '0', 'es_us', ' image '),
 ('2976', 'slug', '0', 'es_us', ' amy mikler 01 '),
 ('2976', 'title', '0', 'es_us', ' amy mikler 01 '),
 ('2977', 'filename', '0', 'en_us', ' 826621 jpg '),
 ('2977', 'extension', '0', 'en_us', ' jpg '),
 ('2977', 'kind', '0', 'en_us', ' image '),
 ('2977', 'slug', '0', 'en_us', ' 826621 '),
 ('2977', 'title', '0', 'en_us', ' 826621 '),
 ('2977', 'filename', '0', 'es_us', ' 826621 jpg '),
 ('2977', 'extension', '0', 'es_us', ' jpg '),
 ('2977', 'kind', '0', 'es_us', ' image '),
 ('2977', 'slug', '0', 'es_us', ' 826621 '),
 ('2977', 'title', '0', 'es_us', ' 826621 '),
 ('2978', 'name', '0', 'en_us', ' new orleans '),
 ('2978', 'slug', '0', 'en_us', ' new orleans '),
 ('2978', 'title', '0', 'en_us', ' new orleans '),
 ('2978', 'name', '0', 'es_us', ' new orleans '),
 ('2978', 'slug', '0', 'es_us', ' new orleans '),
 ('2978', 'title', '0', 'es_us', ' new orleans '),
 ('2979', 'field', '50', 'en_us', ' 826621 '),
 ('2979', 'field', '82', 'en_us', ' we ll start with the basics what is oneapp anyway '),
 ('2979', 'field', '85', 'en_us', ' school choice '),
 ('2979', 'field', '86', 'en_us', ' new orleans '),
 ('2979', 'field', '49', 'en_us', ' believe it or not it s school choice season again for new orleans families to help you through the process we ve compiled a list of some of the most common questions we hear about it 1 what is oneapp anyway oneapp is new orleans centralized school enrollment system unlike most cities around the country where your home address determines where your children go to school new orleans allows families to choose their schools if you want your child to attend a public school in orleans parish it s the system you need to use to select your school preferences and submit your application oneapp is operated by enrollnola which is part of the recovery school district see also enrollnola s websiteoneapp basics for parents via nola comoneapp 101 via enrollnolaspanish version of oneapp s informational video 2 so can i apply to any school in new orleans through oneapp no almost every public school in new orleans utilizes oneapp but there are some exceptions audubon charter ben franklin high edward hynes lake forest charter lusher charter new orleans center for creative arts nocca and robert moton charter are not in oneapp if you re interested in these schools you ll need to apply to them separately since they are selective enrollment schools that draw lots of applications every year we d recommend that you apply to a few public schools via oneapp as well private schools including most of new orleans many catholic schools are not in oneapp either the exception here catholic schools that accept louisiana scholarship program vouchers see also how to apply for a non oneapp schoolednavigator s guide to catholic schools in new orleans 3 when do i need to worry about all this sooner than you think the oneapp process starts early about nine months before the start of the school year here are the big dates for 2016 17 application opens november 1 2016early application deadline december 16 2016schools expo 2017 february 4 2017main round application deadline february 24 2017main round results available week of april 10 2017seat acceptance deadline may 12 2017another application round takes place later in the year for families who were not able to participate in the main round or were not assigned a school more on that below you have the best chances of getting into one of your preferred schools if you apply by the main round application deadline though so don t miss it 4 how many schools can i apply for in oneapp oneapp allows families to apply to up to eight participating schools keep in mind that your child will only be accepted to one school from your list and there are no re dos don t include any school you wouldn t be comfortable having your child attend be realistic though if you re applying for one of new orleans most popular schools consider including a backup school that would still be a good fit for your child but sees less demand 5 how do i figure out which schools might be the right fit the downside of having so many choices is that sorting through them isn t always easy enrollnola s school finder tool is a good place to start it allows you to narrow down your options based on things like locations and state letter grades once you have a short list of possibilities we d recommend visiting the schools many offer open houses and talking to other families to get a better feel for them see also 2016 school grades performance scoresednavigator s 2016 adjusted school gradesnew orleans parents guide to public schools 6 my child s already in a school that we like do i still need to participate in oneapp no if your child is happy at their current school you should not submit a oneapp if you do submit a oneapp and they are assigned to a school on that application your child will lose the guarantee on the spot at their current school assignment 7 am i guaranteed to get one of the schools i list unfortunately no it s possible that you may not get any of your choices which could happen if you only indicate one or two very in demand schools for instance in which case you would repeat the process again in the next round for this reason it s a good idea to include a mix of schools but only schools that you would be comfortable with your child attending see also how oneapp works enrollnola video 8 how do i submit an application you can do it online if you prefer you can also visit one of enrollnola s three family resource centers to do it in person in addition to providing free access to computers for families who would like to fill out the application online the resource centers are staffed with school choice advisors who can help answer basic questions you can also get help with general questions by contacting enrollnola at 877 343 4773 9 what if i don t speak english there are spanish and vietnamese versions of oneapp online for families the family resource centers also have access to translators 10 i got started and now i m totally overwhelmed what do i do before you start checking out real estate listings in other parishes take a deep breath oneapp is designed to be easy to use but it s also easy to get confused choosing the right school for your child is a huge responsibility feel free to reach out to us via email at info ednavigator com if you d like to talk to one of our navigators about your options '),
 ('2979', 'slug', '0', 'en_us', ' 10 common questions about oneapp answered '),
 ('2979', 'title', '0', 'en_us', ' 10 common questions about oneapp answered '),
 ('2979', 'field', '50', 'es_us', ' 826621 '),
 ('2979', 'field', '82', 'es_us', ' we ll start with the basics what is oneapp anyway '),
 ('2979', 'field', '85', 'es_us', ' video '),
 ('2979', 'field', '86', 'es_us', ' new orleans '),
 ('2979', 'field', '49', 'es_us', ' believe it or not it s school choice season again for new orleans families to help you through the process we ve compiled a list of some of the most common questions we hear about it 1 what is oneapp anyway oneapp is new orleans centralized school enrollment system unlike most cities around the country where your home address determines where your children go to school new orleans allows families to choose their schools if you want your child to attend a public school in orleans parish it s the system you need to use to select your school preferences and submit your application oneapp is operated by enrollnola which is part of the recovery school district see also enrollnola s websiteoneapp basics for parents via nola comoneapp 101 via enrollnolaspanish version of oneapp s informational video 2 so can i apply to any school in new orleans through oneapp no almost every public school in new orleans utilizes oneapp but there are some exceptions audubon charter ben franklin high edward hynes lake forest charter lusher charter new orleans center for creative arts nocca and robert moton charter are not in oneapp if you re interested in these schools you ll need to apply to them separately since they are selective enrollment schools that draw lots of applications every year we d recommend that you apply to a few public schools via oneapp as well private schools including most of new orleans many catholic schools are not in oneapp either the exception here catholic schools that accept louisiana scholarship program vouchers see also how to apply for a non oneapp schoolednavigator s guide to catholic schools in new orleans 3 when do i need to worry about all this sooner than you think the oneapp process starts early about nine months before the start of the school year here are the big dates for 2016 17 application opens november 1 2016early application deadline december 16 2016schools expo 2017 february 4 2017main round application deadline february 24 2017main round results available week of april 10 2017seat acceptance deadline may 12 2017another application round takes place later in the year for families who were not able to participate in the main round or were not assigned a school more on that below you have the best chances of getting into one of your preferred schools if you apply by the main round application deadline though so don t miss it 4 how many schools can i apply for in oneapp oneapp allows families to apply to up to eight participating schools keep in mind that your child will only be accepted to one school from your list and there are no re dos don t include any school you wouldn t be comfortable having your child attend be realistic though if you re applying for one of new orleans most popular schools consider including a backup school that would still be a good fit for your child but sees less demand 5 how do i figure out which schools might be the right fit the downside of having so many choices is that sorting through them isn t always easy enrollnola s school finder tool is a good place to start it allows you to narrow down your options based on things like locations and state letter grades once you have a short list of possibilities we d recommend visiting the schools many offer open houses and talking to other families to get a better feel for them see also 2016 school grades performance scoresednavigator s 2016 adjusted school gradesnew orleans parents guide to public schools 6 my child s already in a school that we like do i still need to participate in oneapp no if your child is happy at their current school you should not submit a oneapp if you do submit a oneapp and they are assigned to a school on that application your child will lose the guarantee on the spot at their current school assignment 7 am i guaranteed to get one of the schools i list unfortunately no it s possible that you may not get any of your choices which could happen if you only indicate one or two very in demand schools for instance in which case you would repeat the process again in the next round for this reason it s a good idea to include a mix of schools but only schools that you would be comfortable with your child attending see also how oneapp works enrollnola video 8 how do i submit an application you can do it online if you prefer you can also visit one of enrollnola s three family resource centers to do it in person in addition to providing free access to computers for families who would like to fill out the application online the resource centers are staffed with school choice advisors who can help answer basic questions you can also get help with general questions by contacting enrollnola at 877 343 4773 9 what if i don t speak english there are spanish and vietnamese versions of oneapp online for families the family resource centers also have access to translators 10 i got started and now i m totally overwhelmed what do i do before you start checking out real estate listings in other parishes take a deep breath oneapp is designed to be easy to use but it s also easy to get confused choosing the right school for your child is a huge responsibility feel free to reach out to us via email at info ednavigator com if you d like to talk to one of our navigators about your options '),
 ('2747', 'name', '0', 'en_us', ' firebelly family '),
 ('2747', 'slug', '0', 'en_us', ' firebelly family '),
 ('2747', 'title', '0', 'en_us', ' firebelly family '),
 ('2890', 'title', '0', 'es_us', ' invest in your greatest asset '),
 ('2890', 'slug', '0', 'es_us', ' invest in your greatest asset '),
 ('2890', 'field', '59', 'es_us', ' background gray 826629 an investment in your employees future is an investment in your business and community ednavigator offers employers an innovative way to boost employee morale reduce turnover and cut costs while improving educational outcomes for students and helping families schools and communities thrive invest in your greatest asset your people '),
 ('2890', 'title', '0', 'en_us', ' invest in your greatest asset '),
 ('2890', 'slug', '0', 'en_us', ' invest in your greatest asset '),
 ('2890', 'field', '59', 'en_us', ' background gray 826629 an investment in your employees future is an investment in your business and community ednavigator offers employers an innovative way to boost employee morale reduce turnover and cut costs while improving educational outcomes for students and helping families schools and communities thrive invest in your greatest asset your people regular '),
 ('2889', 'title', '0', 'es_us', ' 826629 '),
 ('2889', 'slug', '0', 'es_us', ' 826629 '),
 ('2889', 'kind', '0', 'es_us', ' image '),
 ('2889', 'extension', '0', 'es_us', ' jpg '),
 ('2888', 'title', '0', 'es_us', ' 826621 '),
 ('2888', 'slug', '0', 'es_us', ' 826621 '),
 ('2888', 'kind', '0', 'es_us', ' image '),
 ('2888', 'extension', '0', 'es_us', ' jpg '),
 ('2888', 'filename', '0', 'es_us', ' 826621 jpg '),
 ('2888', 'title', '0', 'en_us', ' 826621 '),
 ('2888', 'slug', '0', 'en_us', ' 826621 '),
 ('2887', 'title', '0', 'es_us', ' 649404 2 '),
 ('2887', 'slug', '0', 'es_us', ' 649404 2 '),
 ('2887', 'kind', '0', 'es_us', ' image '),
 ('2887', 'extension', '0', 'es_us', ' jpg '),
 ('2887', 'filename', '0', 'es_us', ' 649404 2 jpg '),
 ('2887', 'title', '0', 'en_us', ' 649404 2 '),
 ('2887', 'slug', '0', 'en_us', ' 649404 2 '),
 ('2887', 'kind', '0', 'en_us', ' image '),
 ('2887', 'extension', '0', 'en_us', ' jpg ');
INSERT INTO `craft_searchindex` (`elementId`, `attribute`, `fieldId`, `locale`, `keywords`) VALUES
 ('2887', 'filename', '0', 'en_us', ' 649404 2 jpg '),
 ('2886', 'slug', '0', 'es_us', ''),
 ('2886', 'field', '61', 'es_us', ' 2001 a space odyssey screenshot 1920x1080 9 '),
 ('2886', 'field', '64', 'es_us', ' background gray '),
 ('2886', 'field', '63', 'es_us', ' learn more about how we help '),
 ('2886', 'field', '62', 'es_us', ' our expert navigators work with you to set clear goals create a concrete plan and take action we can help you choose the right school review and analyze academic progress support learning at home and stand up for students needs in the classroom '),
 ('2886', 'field', '65', 'es_us', ' the help you need when you need it '),
 ('2886', 'slug', '0', 'en_us', ''),
 ('2889', 'title', '0', 'en_us', ' 826629 '),
 ('2886', 'field', '61', 'en_us', ' 826621 '),
 ('2886', 'field', '64', 'en_us', ' background gray '),
 ('2886', 'field', '63', 'en_us', ' learn more about how we help '),
 ('2886', 'field', '62', 'en_us', ' our expert navigators work with you to set clear goals create a concrete plan and take action we can help you choose the right school review and analyze academic progress support learning at home and stand up for students needs in the classroom '),
 ('2886', 'field', '65', 'en_us', ' the help you need when you need it '),
 ('2885', 'title', '0', 'es_us', ' the help you need '),
 ('2885', 'slug', '0', 'es_us', ' the help you need '),
 ('2888', 'extension', '0', 'en_us', ' jpg '),
 ('2881', 'field', '65', 'en_us', ' find your path '),
 ('2885', 'field', '59', 'en_us', ' background gray 826621 learn more about how we help our expert navigators work with you to set clear goals create a concrete plan and take action we can help you choose the right school review and analyze academic progress support learning at home and stand up for students needs in the classroom the help you need when you need it regular background gray uoregon0670 test link sed posuere consectetur est at lobortis nulla vitae elit libero a pharetra augue duis mollis est non commodo luctus nisi erat porttitor ligula eget lacinia odio sem nec elit maecenas faucibus mollis interdum morbi leo risus porta ac consectetur ac vestibulum at eros second slide regular '),
 ('2889', 'filename', '0', 'es_us', ' 826629 jpg '),
 ('2885', 'slug', '0', 'en_us', ' the help you need '),
 ('2885', 'title', '0', 'en_us', ' section two carousel '),
 ('2885', 'field', '59', 'es_us', ' background gray 2001 a space odyssey screenshot 1920x1080 9 learn more about how we help our expert navigators work with you to set clear goals create a concrete plan and take action we can help you choose the right school review and analyze academic progress support learning at home and stand up for students needs in the classroom the help you need when you need it '),
 ('2883', 'title', '0', 'es_us', ' 2001 a space odyssey screenshot 1920x1080 9 '),
 ('2883', 'slug', '0', 'es_us', ' 2001 a space odyssey screenshot 1920x1080 9 '),
 ('2883', 'kind', '0', 'es_us', ' image '),
 ('2883', 'extension', '0', 'es_us', ' jpg '),
 ('2883', 'filename', '0', 'es_us', ' 2001 a space odyssey screenshot 1920x1080 9 jpg '),
 ('2883', 'title', '0', 'en_us', ' 2001 a space odyssey screenshot 1920x1080 9 '),
 ('2883', 'slug', '0', 'en_us', ' 2001 a space odyssey screenshot 1920x1080 9 '),
 ('2883', 'kind', '0', 'en_us', ' image '),
 ('2883', 'extension', '0', 'en_us', ' jpg '),
 ('2883', 'filename', '0', 'en_us', ' 2001 a space odyssey screenshot 1920x1080 9 jpg '),
 ('2881', 'field', '64', 'es_us', ' background blue '),
 ('2881', 'field', '64', 'en_us', ' background blue '),
 ('2882', 'title', '0', 'es_us', ' 2001 a space odyssey screenshot 1920x1080 9 '),
 ('2882', 'slug', '0', 'es_us', ' 2001 a space odyssey screenshot 1920x1080 9 '),
 ('2882', 'kind', '0', 'es_us', ' image '),
 ('2882', 'extension', '0', 'es_us', ' jpg '),
 ('2882', 'filename', '0', 'es_us', ' 2001 a space odyssey screenshot 1920x1080 9 jpg '),
 ('2882', 'title', '0', 'en_us', ' 2001 a space odyssey screenshot 1920x1080 9 '),
 ('2882', 'slug', '0', 'en_us', ' 2001 a space odyssey screenshot 1920x1080 9 '),
 ('2882', 'kind', '0', 'en_us', ' image '),
 ('2882', 'extension', '0', 'en_us', ' jpg '),
 ('2882', 'filename', '0', 'en_us', ' 2001 a space odyssey screenshot 1920x1080 9 jpg '),
 ('2881', 'slug', '0', 'es_us', ''),
 ('2881', 'field', '63', 'es_us', ' learn more about who we are '),
 ('2881', 'field', '62', 'es_us', ' testing '),
 ('2881', 'field', '66', 'en_us', ' regular '),
 ('2881', 'field', '61', 'es_us', ' 649404 2 '),
 ('2881', 'field', '60', 'es_us', ' test '),
 ('2881', 'slug', '0', 'en_us', ''),
 ('2881', 'field', '63', 'en_us', ' learn more about who we are '),
 ('2881', 'field', '62', 'en_us', ' whether you are guiding a child through school or working towards your own educational goals you can count on us to provide expert advice and personalized hands on support every step of the way '),
 ('2888', 'filename', '0', 'en_us', ' 826621 jpg '),
 ('2881', 'field', '61', 'en_us', ' 649404 2 '),
 ('2881', 'field', '60', 'en_us', ' find your path '),
 ('2880', 'title', '0', 'es_us', ' for families '),
 ('2880', 'slug', '0', 'es_us', ' test '),
 ('2880', 'field', '59', 'es_us', ' background blue 649404 2 learn more about who we are testing espanol regular '),
 ('2880', 'slug', '0', 'en_us', ' find your path '),
 ('2880', 'title', '0', 'en_us', ' find your path '),
 ('2789', 'name', '0', 'en_us', ' reason to give '),
 ('2789', 'slug', '0', 'en_us', ' reason to give '),
 ('2789', 'title', '0', 'en_us', ' reason to give '),
 ('2790', 'name', '0', 'en_us', ' change the world '),
 ('2790', 'slug', '0', 'en_us', ' change the world '),
 ('2790', 'title', '0', 'en_us', ' change the world '),
 ('2880', 'field', '59', 'en_us', ' background blue 649404 2 learn more about who we are whether you are guiding a child through school or working towards your own educational goals you can count on us to provide expert advice and personalized hands on support every step of the way find your path regular '),
 ('2879', 'title', '0', 'en_us', ' for families '),
 ('2793', 'name', '0', 'en_us', ' chicago design '),
 ('2793', 'slug', '0', 'en_us', ' chicago design '),
 ('2793', 'title', '0', 'en_us', ' chicago design '),
 ('2794', 'name', '0', 'en_us', ' typography '),
 ('2794', 'slug', '0', 'en_us', ' typography '),
 ('2794', 'title', '0', 'en_us', ' typography '),
 ('2879', 'slug', '0', 'en_us', ' for families test '),
 ('2877', 'slug', '0', 'en_us', ' for families '),
 ('2877', 'title', '0', 'en_us', ' for families '),
 ('2878', 'field', '59', 'en_us', ' 2001 a space odyssey screenshot 1920x1080 9 test testing testing '),
 ('2878', 'slug', '0', 'en_us', ' for families test '),
 ('2878', 'title', '0', 'en_us', ' for families '),
 ('2879', 'field', '59', 'en_us', ' 2001 a space odyssey screenshot 1920x1080 9 test testing testing '),
 ('2877', 'field', '59', 'en_us', ' 2001 a space odyssey screenshot 1920x1080 9 test testing testing '),
 ('2876', 'filename', '0', 'en_us', ' 2001 a space odyssey screenshot 1920x1080 9 jpg '),
 ('2876', 'extension', '0', 'en_us', ' jpg '),
 ('2876', 'kind', '0', 'en_us', ' image '),
 ('2876', 'slug', '0', 'en_us', ' 2001 a space odyssey screenshot 1920x1080 9 '),
 ('2876', 'title', '0', 'en_us', ' 2001 a space odyssey screenshot 1920x1080 9 '),
 ('2876', 'filename', '0', 'es_us', ' 2001 a space odyssey screenshot 1920x1080 9 jpg '),
 ('2856', 'field', '2', 'en_us', ''),
 ('2856', 'field', '7', 'en_us', ''),
 ('2856', 'field', '6', 'en_us', ''),
 ('2856', 'slug', '0', 'en_us', ' our partners '),
 ('2856', 'title', '0', 'en_us', ' our partners '),
 ('2857', 'field', '37', 'en_us', ' international house hotel '),
 ('2857', 'field', '38', 'en_us', ' anchor partner '),
 ('2857', 'field', '40', 'en_us', ' international house hotel is a luxury boutique hotel located in downtown new orleans with 117 rooms ednavigator support is available to any eligible employee who is interested '),
 ('2857', 'field', '41', 'en_us', ' international house '),
 ('2857', 'slug', '0', 'en_us', '');
INSERT INTO `craft_searchindex` (`elementId`, `attribute`, `fieldId`, `locale`, `keywords`) VALUES
 ('2858', 'field', '37', 'en_us', ' the new orleans marriott '),
 ('2858', 'field', '38', 'en_us', ''),
 ('2858', 'field', '40', 'en_us', ' located on canal street the new orleans marriott is the city s second largest hotel with 1 330 rooms '),
 ('2858', 'field', '41', 'en_us', ' marriott nola '),
 ('2858', 'slug', '0', 'en_us', ''),
 ('2859', 'field', '37', 'en_us', ' the hyatt regency new orleans '),
 ('2859', 'field', '38', 'en_us', ''),
 ('2859', 'field', '40', 'en_us', ' the jw marriott has 500 rooms and is located on canal street across from the historic french quarter in new orleans '),
 ('2859', 'field', '41', 'en_us', ' hyatt regency '),
 ('2859', 'slug', '0', 'en_us', ''),
 ('2860', 'field', '37', 'en_us', ' the jw marriott new orleans '),
 ('2860', 'field', '38', 'en_us', ''),
 ('2860', 'field', '40', 'en_us', ' the jw marriott has 500 rooms and is located on canal street across from the historic french quarter in new orleans '),
 ('2860', 'field', '41', 'en_us', ' jw marriott new orleans '),
 ('2860', 'slug', '0', 'en_us', ''),
 ('2861', 'field', '37', 'en_us', ' the ritz carlton new orleans '),
 ('2861', 'field', '38', 'en_us', ''),
 ('2861', 'field', '40', 'en_us', ' a luxury 4 star hotel in the french quarter the ritz carlton is one of new orleans premiere destinations '),
 ('2861', 'field', '41', 'en_us', ' ritz carlton '),
 ('2861', 'slug', '0', 'en_us', ''),
 ('2862', 'field', '37', 'en_us', ' the residence inn new orleans downtwon '),
 ('2862', 'field', '38', 'en_us', ''),
 ('2862', 'field', '40', 'en_us', ' this extended stay hotel is located in new orlean s vibrant warehouse district '),
 ('2862', 'field', '41', 'en_us', ' jw marriott new orleans '),
 ('2862', 'slug', '0', 'en_us', ''),
 ('2863', 'field', '37', 'en_us', ' the new orleans marriott at the convention center '),
 ('2863', 'field', '38', 'en_us', ''),
 ('2863', 'field', '40', 'en_us', ' housed in a 19th century cotton mill this upscale hotel is adjacent to new orleans convention center complex '),
 ('2863', 'field', '41', 'en_us', ' international house '),
 ('2863', 'slug', '0', 'en_us', ''),
 ('2831', 'field', '48', 'en_us', ' we give hard working families personalized ongoing support along the path from preschool to college '),
 ('2831', 'field', '7', 'en_us', ''),
 ('2831', 'field', '6', 'en_us', ''),
 ('2830', 'field', '44', 'en_us', ' we always put the needs of families and students first we represent no one s interests but yours ever icon principle 1 you always come first we provide guidance and honest advice but you set the course we never act without your permission or make choices for you our job is to help you get what you want icon principle 2 we put you in charge we share your sense of urgency we respond quickly take your concerns seriously and always treat you with dignity and respect your problems are our problems icon principle 3 we treat you like family we don t let systems processes paperwork or unwritten rules get in the way of doing right by a family or student we find a way to make it happen icon principle 4 we find a way we maintain best in class privacy controls to protect you we never share information about you or your children without your consent icon principle 5 we protect your privacy we champion the right of all families to an excellent education especially those who have faced disadvantages in the past icon principle 6 we level the playing field '),
 ('2830', 'field', '7', 'en_us', ''),
 ('2830', 'field', '6', 'en_us', ''),
 ('4', 'field', '6', 'es_us', ''),
 ('4', 'field', '7', 'es_us', ''),
 ('2889', 'slug', '0', 'en_us', ' 826629 '),
 ('2889', 'extension', '0', 'en_us', ' jpg '),
 ('2889', 'kind', '0', 'en_us', ' image '),
 ('2889', 'filename', '0', 'en_us', ' 826629 jpg '),
 ('2888', 'kind', '0', 'en_us', ' image '),
 ('2866', 'filename', '0', 'en_us', ' ednav_330 2 jpg '),
 ('2866', 'extension', '0', 'en_us', ' jpg '),
 ('2866', 'kind', '0', 'en_us', ' image '),
 ('2866', 'slug', '0', 'en_us', ' ed nav 330 2 '),
 ('2866', 'title', '0', 'en_us', ' ed nav 330 2 '),
 ('2866', 'filename', '0', 'es_us', ' ednav_330 2 jpg '),
 ('2866', 'extension', '0', 'es_us', ' jpg '),
 ('2866', 'kind', '0', 'es_us', ' image '),
 ('2866', 'slug', '0', 'es_us', ' ed nav 330 2 '),
 ('2866', 'title', '0', 'es_us', ' ed nav 330 2 '),
 ('2867', 'filename', '0', 'en_us', ' 649404 jpg '),
 ('2867', 'extension', '0', 'en_us', ' jpg '),
 ('2867', 'kind', '0', 'en_us', ' image '),
 ('2867', 'slug', '0', 'en_us', ' 649404 '),
 ('2867', 'title', '0', 'en_us', ' 649404 '),
 ('2867', 'filename', '0', 'es_us', ' 649404 jpg '),
 ('2867', 'extension', '0', 'es_us', ' jpg '),
 ('2867', 'kind', '0', 'es_us', ' image '),
 ('2867', 'slug', '0', 'es_us', ' 649404 '),
 ('2867', 'title', '0', 'es_us', ' 649404 '),
 ('2', 'field', '50', 'en_us', ' 841683 '),
 ('2', 'field', '48', 'en_us', ' education is the path to a better life '),
 ('2', 'field', '49', 'en_us', ' we partner with leading businesses to help hard working families find a path to success in school and beyond '),
 ('2', 'field', '51', 'en_us', ' ed nav 330 2 invest in your greatest asset your people for employers for employers 649404 find your path for families for families students '),
 ('2', 'field', '7', 'en_us', ''),
 ('2', 'field', '6', 'en_us', ''),
 ('2', 'field', '48', 'es_us', ' la educacion es el camino hacia una vida mejor '),
 ('2', 'field', '49', 'es_us', ' we partner with leading businesses to help hard working families find a path to success in school and beyond '),
 ('2', 'field', '7', 'es_us', ''),
 ('2', 'field', '6', 'es_us', ''),
 ('2868', 'field', '52', 'en_us', ' for employers '),
 ('2868', 'field', '53', 'en_us', ' invest in your greatest asset your people '),
 ('2868', 'field', '54', 'en_us', ' for employers '),
 ('2868', 'field', '55', 'en_us', ' ed nav 330 2 '),
 ('2868', 'slug', '0', 'en_us', ''),
 ('2869', 'field', '52', 'en_us', ' for families students '),
 ('2869', 'field', '53', 'en_us', ' find your path '),
 ('2869', 'field', '54', 'en_us', ' for families '),
 ('2869', 'field', '55', 'en_us', ' 649404 '),
 ('2869', 'slug', '0', 'en_us', ''),
 ('2870', 'filename', '0', 'en_us', ' 841683 jpg '),
 ('2870', 'extension', '0', 'en_us', ' jpg '),
 ('2870', 'kind', '0', 'en_us', ' image '),
 ('2870', 'slug', '0', 'en_us', ' 841683 '),
 ('2870', 'title', '0', 'en_us', ' 841683 '),
 ('2870', 'filename', '0', 'es_us', ' 841683 jpg '),
 ('2870', 'extension', '0', 'es_us', ' jpg '),
 ('2870', 'kind', '0', 'es_us', ' image '),
 ('2870', 'slug', '0', 'es_us', ' 841683 '),
 ('2870', 'title', '0', 'es_us', ' 841683 '),
 ('2871', 'filename', '0', 'en_us', ' 841683 jpg '),
 ('2871', 'extension', '0', 'en_us', ' jpg '),
 ('2871', 'kind', '0', 'en_us', ' image '),
 ('2871', 'slug', '0', 'en_us', ' 841683 '),
 ('2871', 'title', '0', 'en_us', ' 841683 '),
 ('2871', 'filename', '0', 'es_us', ' 841683 jpg '),
 ('2871', 'extension', '0', 'es_us', ' jpg ');
INSERT INTO `craft_searchindex` (`elementId`, `attribute`, `fieldId`, `locale`, `keywords`) VALUES
 ('2871', 'kind', '0', 'es_us', ' image '),
 ('2871', 'slug', '0', 'es_us', ' 841683 '),
 ('2871', 'title', '0', 'es_us', ' 841683 '),
 ('2', 'field', '36', 'en_us', ''),
 ('2876', 'title', '0', 'es_us', ' 2001 a space odyssey screenshot 1920x1080 9 '),
 ('2876', 'slug', '0', 'es_us', ' 2001 a space odyssey screenshot 1920x1080 9 '),
 ('2876', 'kind', '0', 'es_us', ' image '),
 ('2876', 'extension', '0', 'es_us', ' jpg '),
 ('2802', 'name', '0', 'en_us', ' socially responsible '),
 ('2802', 'slug', '0', 'en_us', ' socially responsible '),
 ('2802', 'title', '0', 'en_us', ' socially responsible '),
 ('2804', 'name', '0', 'en_us', ' writing for the web '),
 ('2804', 'slug', '0', 'en_us', ' writing for the web lunch n learn '),
 ('2804', 'title', '0', 'en_us', ' writing for the web '),
 ('2805', 'name', '0', 'en_us', ' lunch n learn '),
 ('2805', 'slug', '0', 'en_us', ' lunch n learn '),
 ('2805', 'title', '0', 'en_us', ' lunch n learn '),
 ('2808', 'name', '0', 'en_us', ' field trip '),
 ('2808', 'slug', '0', 'en_us', ' field trip '),
 ('2808', 'title', '0', 'en_us', ' field trip '),
 ('2811', 'name', '0', 'en_us', ' girls garage '),
 ('2811', 'slug', '0', 'en_us', ' girls garage '),
 ('2811', 'title', '0', 'en_us', ' girls garage '),
 ('2854', 'field', '40', 'en_us', ''),
 ('2854', 'field', '38', 'en_us', ' director of outreach and external affairs education post '),
 ('2854', 'field', '37', 'en_us', ' chris stewart '),
 ('2853', 'slug', '0', 'en_us', ''),
 ('2853', 'field', '41', 'en_us', ' navigator 2 '),
 ('2853', 'field', '40', 'en_us', ''),
 ('2853', 'field', '38', 'en_us', ' executive director education trust west '),
 ('2853', 'field', '37', 'en_us', ' ryan smith '),
 ('2852', 'slug', '0', 'en_us', ''),
 ('2852', 'field', '40', 'en_us', ''),
 ('2852', 'field', '41', 'en_us', ' navigator timothy daly '),
 ('2852', 'field', '38', 'en_us', ' former chancellor dc public schools '),
 ('2852', 'field', '37', 'en_us', ' kaya henderson '),
 ('2851', 'slug', '0', 'en_us', ''),
 ('2851', 'field', '41', 'en_us', ' navigator 2 '),
 ('2851', 'field', '40', 'en_us', ''),
 ('2851', 'field', '38', 'en_us', ' co founder and chief executive officer citizens of the world charter schools '),
 ('2851', 'field', '37', 'en_us', ' kriste dragon '),
 ('2850', 'title', '0', 'en_us', ' board of directors '),
 ('2850', 'slug', '0', 'en_us', ' board of directors '),
 ('2850', 'field', '7', 'en_us', ''),
 ('2850', 'field', '6', 'en_us', ''),
 ('2850', 'field', '2', 'en_us', ''),
 ('2850', 'field', '36', 'en_us', ' navigator 2 kriste dragon co founder and chief executive officer citizens of the world charter schools navigator timothy daly kaya henderson former chancellor dc public schools navigator 2 ryan smith executive director education trust west navigator timothy daly chris stewart director of outreach and external affairs education post '),
 ('2849', 'slug', '0', 'en_us', ''),
 ('2849', 'field', '41', 'en_us', ' navigator timothy daly '),
 ('2849', 'field', '40', 'en_us', ' before founding ednavigator ariela rozman served for eight years as chief executive officer of tntp under her tenure as ceo tntp tripled in size growing to a staff of 370 full time employees across 41 states and an annual budget of more than $60 million today tntp has a presence in more than 50 cities and states including most of the country s largest urban areas in 2012 she and then tntp president tim daly received the harold w mcgraw jr prize in education for their leadership prior to joining tntp in 2001 ariela worked in consulting for bain company and helped launch and grow the e commerce site planetrx com she holds a ba in political and social thought from the university of virginia and lives in brooklyn ny with her husband and two children '),
 ('2849', 'field', '38', 'en_us', ' founding partner '),
 ('2849', 'field', '37', 'en_us', ' ariela rozman '),
 ('2848', 'slug', '0', 'en_us', ''),
 ('2848', 'field', '41', 'en_us', ' navigator 2 '),
 ('2848', 'field', '40', 'en_us', ' david keeling has 16 years of experience in strategic communications and public education over the last decade and a half his words have appeared in teacher recruitment ads in the new york city subway in news outlets from education week to the new york times and in the remarks and messages of some of the nation s most prominent education leaders before ednavigator he served for six years as vice president of communications for tntp leading the organization s communications marketing and publications strategy and advising tntp staff state education agencies and urban school systems nationwide on communicating with teachers parents school leaders and other stakeholders he holds a ba in english from middlebury college and lives with his wife and two children in chicago '),
 ('2848', 'field', '38', 'en_us', ' founding partner '),
 ('2847', 'slug', '0', 'en_us', ''),
 ('2848', 'field', '37', 'en_us', ' david keeling '),
 ('2847', 'field', '41', 'en_us', ' navigator 2 '),
 ('2847', 'field', '40', 'en_us', ' a native of east st louis il whitney brings to her work 10 years of experience as an award winning teacher school principal and instructional expert her career in education began in new orleans where she moved after hurricane katrina to become a founding teacher and eventually 7th 9th grade principal at kipp central city academy her extraordinary success with students earned her the 2011 fishman prize a $25 000 award given annually to just four teachers nationwide whitney holds a ba in english and modern foreign languages from jackson state university a ma in organizational leadership from teacher s college at columbia university and a master s in education policy and management from the harvard graduate school of education she lives in new orleans la '),
 ('2847', 'field', '38', 'en_us', ' navigator in chief '),
 ('2847', 'field', '37', 'en_us', ' whitney henderson '),
 ('2844', 'field', '36', 'en_us', ' timothy daly founding partner whitney henderson navigator in chief david keeling founding partner ariela rozman founding partner '),
 ('2844', 'field', '2', 'en_us', ''),
 ('2844', 'field', '7', 'en_us', ''),
 ('2844', 'field', '6', 'en_us', ''),
 ('2844', 'slug', '0', 'en_us', ' leadership '),
 ('2844', 'title', '0', 'en_us', ' leadership '),
 ('2845', 'field', '36', 'en_us', ' tim brings 17 years of experience in public education to ednavigator including service as an urban school teacher organizational leader and policy expert prior to founding ednavigator he served alongside ariela rozman as president of tntp a leading education nonprofit organization that partners with school systems and states to ensure that all students get excellent teachers during his eight years in that role tntp became a leading source of innovative research and a respected independent voice on teacher quality issues before joining tntp in 2001 tim taught social studies at northeast middle school in baltimore he holds a ma in teaching from johns hopkins university and a ba in american studies from northwestern university he lives in chicago with his wife and two children navigator timothy daly timothy daly founding partner a native of east st louis il whitney brings to her work 10 years of experience as an award winning teacher school principal and instructional expert her career in education began in new orleans where she moved after hurricane katrina to become a founding teacher and eventually 7th 9th grade principal at kipp central city academy her extraordinary success with students earned her the 2011 fishman prize a $25 000 award given annually to just four teachers nationwide whitney holds a ba in english and modern foreign languages from jackson state university a ma in organizational leadership from teacher s college at columbia university and a master s in education policy and management from the harvard graduate school of education she lives in new orleans la navigator 2 whitney henderson navigator in chief david keeling has 16 years of experience in strategic communications and public education over the last decade and a half his words have appeared in teacher recruitment ads in the new york city subway in news outlets from education week to the new york times and in the remarks and messages of some of the nation s most prominent education leaders before ednavigator he served for six years as vice president of communications for tntp leading the organization s communications marketing and publications strategy and advising tntp staff state education agencies and urban school systems nationwide on communicating with teachers parents school leaders and other stakeholders he holds a ba in english from middlebury college and lives with his wife and two children in chicago navigator 2 david keeling founding partner before founding ednavigator ariela rozman served for eight years as chief executive officer of tntp under her tenure as ceo tntp tripled in size growing to a staff of 370 full time employees across 41 states and an annual budget of more than $60 million today tntp has a presence in more than 50 cities and states including most of the country s largest urban areas in 2012 she and then tntp president tim daly received the harold w mcgraw jr prize in education for their leadership prior to joining tntp in 2001 ariela worked in consulting for bain company and helped launch and grow the e commerce site planetrx com she holds a ba in political and social thought from the university of virginia and lives in brooklyn ny with her husband and two children navigator timothy daly ariela rozman founding partner '),
 ('2845', 'field', '2', 'en_us', ''),
 ('2845', 'field', '7', 'en_us', ''),
 ('2845', 'field', '6', 'en_us', ''),
 ('2845', 'slug', '0', 'en_us', ' leadership '),
 ('2845', 'title', '0', 'en_us', ' leadership '),
 ('2846', 'field', '37', 'en_us', ' timothy daly '),
 ('2846', 'field', '38', 'en_us', ' founding partner '),
 ('2846', 'field', '40', 'en_us', ' tim brings 17 years of experience in public education to ednavigator including service as an urban school teacher organizational leader and policy expert prior to founding ednavigator he served alongside ariela rozman as president of tntp a leading education nonprofit organization that partners with school systems and states to ensure that all students get excellent teachers during his eight years in that role tntp became a leading source of innovative research and a respected independent voice on teacher quality issues before joining tntp in 2001 tim taught social studies at northeast middle school in baltimore he holds a ma in teaching from johns hopkins university and a ba in american studies from northwestern university he lives in chicago with his wife and two children '),
 ('2846', 'field', '41', 'en_us', ' navigator timothy daly '),
 ('2846', 'slug', '0', 'en_us', '');



DROP TABLE IF EXISTS `craft_sections`;


--
-- Schema for table `craft_sections`
--
CREATE TABLE `craft_sections` (
  `id` int(11) NOT NULL AUTO_INCREMENT,
  `structureId` int(11) DEFAULT NULL,
  `name` varchar(255) COLLATE utf8_unicode_ci NOT NULL,
  `handle` varchar(255) COLLATE utf8_unicode_ci NOT NULL,
  `type` enum('single','channel','structure') COLLATE utf8_unicode_ci NOT NULL DEFAULT 'channel',
  `hasUrls` tinyint(1) unsigned NOT NULL DEFAULT '1',
  `template` varchar(500) COLLATE utf8_unicode_ci DEFAULT NULL,
  `enableVersioning` tinyint(1) unsigned NOT NULL DEFAULT '0',
  `dateCreated` datetime NOT NULL,
  `dateUpdated` datetime NOT NULL,
  `uid` char(36) COLLATE utf8_unicode_ci NOT NULL DEFAULT '0',
  PRIMARY KEY (`id`),
  UNIQUE KEY `craft_sections_name_unq_idx` (`name`),
  UNIQUE KEY `craft_sections_handle_unq_idx` (`handle`),
  KEY `craft_sections_structureId_fk` (`structureId`)
) ENGINE=InnoDB AUTO_INCREMENT=19 DEFAULT CHARSET=utf8 COLLATE=utf8_unicode_ci;

--
-- Data for table `craft_sections`
--

INSERT INTO `craft_sections` (`id`, `structureId`, `name`, `handle`, `type`, `hasUrls`, `template`, `enableVersioning`, `dateCreated`, `dateUpdated`, `uid`) VALUES
 ('1', NULL, 'Homepage', 'homepage', 'single', '1', 'index', '1', '2016-10-10 20:59:13', '2017-01-03 22:07:47', 'cd633440-efa8-44c2-af6d-c74c19378f79'),
 ('9', '9', 'Who We Are', 'whoWeAre', 'structure', '1', 'who-we-are', '1', '2016-12-20 19:41:20', '2017-01-25 17:10:33', 'bbc987b8-a57f-4ea5-9a26-913ec9199524'),
 ('10', NULL, 'How We Help', 'howWeHelp', 'single', '1', 'how-we-help', '1', '2016-12-20 19:42:21', '2017-01-25 17:15:13', 'd834f44a-1ff7-4e43-88e5-7fb1bf17b13c'),
 ('11', NULL, 'Resources Etnries', 'resourcesEntries', 'channel', '1', 'resources/_entry', '1', '2016-12-20 19:48:02', '2017-02-03 20:21:34', 'b04c9ca0-ec19-4957-9463-e561c6cbe987'),
 ('12', NULL, 'Blog Entries', 'blogEntries', 'channel', '1', 'blog/_entry', '1', '2016-12-20 19:54:02', '2017-02-02 22:50:29', '524ea879-0552-4149-97b5-1c910292a200'),
 ('13', '14', 'For Employers', 'employers', 'structure', '1', 'user-paths', '1', '2017-01-04 23:32:41', '2017-01-23 22:50:13', 'ef211a7b-498f-4758-bd9d-cfe0f34fc470'),
 ('14', '15', 'For Families', 'families', 'structure', '1', 'user-paths.html', '1', '2017-01-04 23:33:20', '2017-01-24 20:47:20', '1cdcce43-6cd2-44ac-aca6-0268ce4da2fe'),
 ('15', NULL, 'Blog', 'blog', 'single', '1', 'blog', '1', '2017-02-02 22:48:25', '2017-02-02 22:48:25', '47e80b5c-8440-4621-8148-e9a56745e412'),
 ('16', NULL, 'Resources', 'resources', 'single', '1', 'resources', '1', '2017-02-03 20:22:22', '2017-02-16 15:33:20', 'ac76d036-741b-4323-9631-053facb7f887'),
 ('18', NULL, 'Blog Search', 'blogSearch', 'single', '1', 'blog/_search', '0', '2017-02-16 19:27:46', '2017-02-16 19:30:11', '3a4fc5a5-acaa-49c3-a2a0-c0d4190e41d4');



DROP TABLE IF EXISTS `craft_sections_i18n`;


--
-- Schema for table `craft_sections_i18n`
--
CREATE TABLE `craft_sections_i18n` (
  `id` int(11) NOT NULL AUTO_INCREMENT,
  `sectionId` int(11) NOT NULL,
  `locale` char(12) COLLATE utf8_unicode_ci NOT NULL,
  `enabledByDefault` tinyint(1) unsigned NOT NULL DEFAULT '1',
  `urlFormat` text COLLATE utf8_unicode_ci,
  `nestedUrlFormat` text COLLATE utf8_unicode_ci,
  `dateCreated` datetime NOT NULL,
  `dateUpdated` datetime NOT NULL,
  `uid` char(36) COLLATE utf8_unicode_ci NOT NULL DEFAULT '0',
  PRIMARY KEY (`id`),
  UNIQUE KEY `craft_sections_i18n_sectionId_locale_unq_idx` (`sectionId`,`locale`),
  KEY `craft_sections_i18n_locale_fk` (`locale`)
) ENGINE=InnoDB AUTO_INCREMENT=30 DEFAULT CHARSET=utf8 COLLATE=utf8_unicode_ci;

--
-- Data for table `craft_sections_i18n`
--

INSERT INTO `craft_sections_i18n` (`id`, `sectionId`, `locale`, `enabledByDefault`, `urlFormat`, `nestedUrlFormat`, `dateCreated`, `dateUpdated`, `uid`) VALUES
 ('1', '1', 'en_us', '1', '__home__', NULL, '2016-10-10 20:59:13', '2016-10-10 20:59:13', '8cf04716-d4cb-4fec-9785-fae6377e3f0e'),
 ('9', '9', 'en_us', '1', 'who-we-are', '{parent.uri}/{slug}', '2016-12-20 19:41:20', '2016-12-20 20:52:31', '874eb9fa-cd83-44ef-abc4-05e7af68709c'),
 ('10', '10', 'en_us', '1', 'how-we-help', NULL, '2016-12-20 19:42:21', '2016-12-20 19:42:21', '97b4bf3d-e22c-422c-8dfc-5ed5e3ee1532'),
 ('11', '11', 'en_us', '1', 'resources/{slug}', NULL, '2016-12-20 19:48:02', '2016-12-20 19:48:02', 'cfdc2262-4bed-46fb-a803-72dc7219afbe'),
 ('12', '12', 'en_us', '1', 'blog/{slug}', NULL, '2016-12-20 19:54:02', '2016-12-20 19:54:02', '069afb23-3db3-4857-8692-a834fa3f1b7c'),
 ('13', '1', 'es_us', '1', '__home__', NULL, '2017-01-03 22:07:47', '2017-01-03 22:07:47', '2d914d66-1646-492d-8e3a-d7b3d88bc832'),
 ('14', '13', 'en_us', '1', '{slug}', '{parent.uri}/{slug}', '2017-01-04 23:32:41', '2017-01-17 23:10:29', '8d6ddf67-ae97-4543-bec5-ee167d121dc4'),
 ('15', '13', 'es_us', '1', '{slug}', '{parent.uri}/{slug}', '2017-01-04 23:32:41', '2017-01-17 23:10:29', 'c60c233d-1667-485d-ab6c-10cdf02c9998'),
 ('16', '14', 'en_us', '1', '{slug}', '{parent}/slug', '2017-01-04 23:33:20', '2017-01-24 20:19:44', 'aa0461eb-a7d2-45b5-9432-1f0c6f31e208'),
 ('17', '14', 'es_us', '1', '{slug}', '{parent}/slug', '2017-01-04 23:33:20', '2017-01-24 20:47:20', '1278311b-e5a7-4602-b781-bb5ac88c6875'),
 ('18', '9', 'es_us', '1', 'quienes-somos', '{parent.uri}/{slug}', '2017-01-25 17:10:33', '2017-01-25 17:10:33', '0e288f87-a2fc-4d5d-ab13-173b276d692b'),
 ('19', '10', 'es_us', '1', 'como-ayudamos', NULL, '2017-01-25 17:15:13', '2017-01-25 17:15:13', '5bb97797-6455-4ce2-953e-cc47bc315531'),
 ('20', '11', 'es_us', '1', 'recursos/{slug}', NULL, '2017-01-25 17:36:38', '2017-01-25 17:36:38', 'b9565a7e-350d-49fe-ab68-0ade8fe399ff'),
 ('21', '12', 'es_us', '1', 'blog/{slug}', NULL, '2017-01-25 17:37:08', '2017-01-25 17:37:08', '923ddf2c-5ebf-438d-937d-fd62c34bb248'),
 ('22', '15', 'en_us', '1', 'blog', NULL, '2017-02-02 22:48:25', '2017-02-02 22:48:25', '8ac742df-d952-4d59-9567-8e096207593a'),
 ('23', '15', 'es_us', '1', 'blog', NULL, '2017-02-02 22:48:25', '2017-02-02 22:48:25', 'c7b928d9-2fd4-42d7-bb7e-14965561b616'),
 ('24', '16', 'en_us', '1', 'resources', NULL, '2017-02-03 20:22:22', '2017-02-03 20:22:22', '4418d85c-9098-4e03-9b68-99a98ea2bb56'),
 ('25', '16', 'es_us', '1', 'recursos', NULL, '2017-02-03 20:22:22', '2017-02-16 15:33:20', 'bc56063f-1c01-42de-9256-486a4caead1d'),
 ('28', '18', 'en_us', '1', 'blog/search', NULL, '2017-02-16 19:27:46', '2017-02-16 19:27:46', 'a306b4ed-1a93-4f02-a9f0-b53edcc4ab8a'),
 ('29', '18', 'es_us', '1', 'blog/buscar', NULL, '2017-02-16 19:27:46', '2017-02-16 19:27:46', '6ecae000-ca4a-4833-935c-3be5954386b9');



DROP TABLE IF EXISTS `craft_sessions`;


--
-- Schema for table `craft_sessions`
--
CREATE TABLE `craft_sessions` (
  `id` int(11) NOT NULL AUTO_INCREMENT,
  `userId` int(11) NOT NULL,
  `token` char(100) COLLATE utf8_unicode_ci NOT NULL,
  `dateCreated` datetime NOT NULL,
  `dateUpdated` datetime NOT NULL,
  `uid` char(36) COLLATE utf8_unicode_ci NOT NULL DEFAULT '0',
  PRIMARY KEY (`id`),
  KEY `craft_sessions_uid_idx` (`uid`),
  KEY `craft_sessions_token_idx` (`token`),
  KEY `craft_sessions_dateUpdated_idx` (`dateUpdated`),
  KEY `craft_sessions_userId_fk` (`userId`)
) ENGINE=InnoDB AUTO_INCREMENT=93 DEFAULT CHARSET=utf8 COLLATE=utf8_unicode_ci;

DROP TABLE IF EXISTS `craft_shunnedmessages`;


--
-- Schema for table `craft_shunnedmessages`
--
CREATE TABLE `craft_shunnedmessages` (
  `id` int(11) NOT NULL AUTO_INCREMENT,
  `userId` int(11) NOT NULL,
  `message` varchar(255) COLLATE utf8_unicode_ci NOT NULL,
  `expiryDate` datetime DEFAULT NULL,
  `dateCreated` datetime NOT NULL,
  `dateUpdated` datetime NOT NULL,
  `uid` char(36) COLLATE utf8_unicode_ci NOT NULL DEFAULT '0',
  PRIMARY KEY (`id`),
  UNIQUE KEY `craft_shunnedmessages_userId_message_unq_idx` (`userId`,`message`)
) ENGINE=InnoDB DEFAULT CHARSET=utf8 COLLATE=utf8_unicode_ci;

DROP TABLE IF EXISTS `craft_structureelements`;


--
-- Schema for table `craft_structureelements`
--
CREATE TABLE `craft_structureelements` (
  `id` int(11) NOT NULL AUTO_INCREMENT,
  `structureId` int(11) NOT NULL,
  `elementId` int(11) DEFAULT NULL,
  `root` int(11) unsigned DEFAULT NULL,
  `lft` int(11) unsigned NOT NULL,
  `rgt` int(11) unsigned NOT NULL,
  `level` smallint(6) unsigned NOT NULL,
  `dateCreated` datetime NOT NULL,
  `dateUpdated` datetime NOT NULL,
  `uid` char(36) COLLATE utf8_unicode_ci NOT NULL DEFAULT '0',
  PRIMARY KEY (`id`),
  UNIQUE KEY `craft_structureelements_structureId_elementId_unq_idx` (`structureId`,`elementId`),
  KEY `craft_structureelements_root_idx` (`root`),
  KEY `craft_structureelements_lft_idx` (`lft`),
  KEY `craft_structureelements_rgt_idx` (`rgt`),
  KEY `craft_structureelements_level_idx` (`level`),
  KEY `craft_structureelements_elementId_fk` (`elementId`)
) ENGINE=InnoDB AUTO_INCREMENT=126 DEFAULT CHARSET=utf8 COLLATE=utf8_unicode_ci;

--
-- Data for table `craft_structureelements`
--

INSERT INTO `craft_structureelements` (`id`, `structureId`, `elementId`, `root`, `lft`, `rgt`, `level`, `dateCreated`, `dateUpdated`, `uid`) VALUES
 ('1', '1', NULL, '1', '1', '2', '0', '2016-10-10 22:14:30', '2016-10-10 22:14:30', '45a87c6b-ac80-48bb-b33d-4825a4226026'),
 ('67', '6', NULL, '67', '1', '6', '0', '2016-12-20 20:12:32', '2016-12-20 20:12:32', '7bede3f5-7485-4a36-a6bb-22a1816f6039'),
 ('69', '7', NULL, '69', '1', '6', '0', '2016-12-20 20:13:25', '2016-12-20 20:13:25', '3a6b3312-2792-4395-8ebe-ed25bf0c1aa6'),
 ('70', '7', '2834', '69', '2', '3', '1', '2016-12-20 20:13:25', '2016-12-20 20:13:25', '72473c2b-54b1-478d-a646-7dde6b98fd88'),
 ('71', '7', '2835', '69', '4', '5', '1', '2016-12-20 20:14:01', '2016-12-20 20:14:01', '1132cb76-296b-41ed-9ea3-cc89b10f9bbe'),
 ('75', '9', NULL, '75', '1', '12', '0', '2016-12-20 20:52:31', '2016-12-20 20:52:31', '8de4bb25-02a1-4060-a608-1a7cb38c3207'),
 ('76', '9', '2830', '75', '2', '11', '1', '2016-12-20 20:52:31', '2016-12-20 20:52:31', '7d3b89d8-e11c-4152-980f-1c64ebc95e49'),
 ('78', '9', '2843', '75', '3', '4', '2', '2016-12-20 22:01:56', '2016-12-20 22:01:56', 'f64fa343-7539-4c10-bc8d-b99ea06c4258'),
 ('79', '9', '2845', '75', '5', '6', '2', '2016-12-20 22:40:44', '2016-12-20 22:40:44', '163c913e-f231-4b40-97e8-ac227127a97d'),
 ('80', '9', '2850', '75', '7', '8', '2', '2016-12-20 22:49:44', '2016-12-20 22:49:44', 'b8331134-fa4d-4dae-8042-bdd6a568e8bd'),
 ('81', '9', '2856', '75', '9', '10', '2', '2016-12-20 23:04:45', '2016-12-20 23:04:45', '19674e92-6ebc-4862-91fc-d2e3730ee1f3'),
 ('91', '14', NULL, '91', '1', '14', '0', '2017-01-11 18:13:06', '2017-01-11 18:13:06', '723d03cf-50a3-4c4c-bf46-19607fc9fdbe'),
 ('93', '15', NULL, '93', '1', '10', '0', '2017-01-11 18:13:19', '2017-01-11 18:13:19', 'dc2c4731-2266-416b-b93e-4e1cb3f0593f'),
 ('95', '15', '2880', '93', '4', '5', '1', '2017-01-17 20:42:53', '2017-01-17 20:42:53', '7f153e3b-edb9-4610-b7b8-3b15cf8f4855'),
 ('96', '15', '2885', '93', '6', '7', '1', '2017-01-17 22:45:59', '2017-01-17 22:45:59', '6bc5624d-28d1-4338-93e3-72787975549e'),
 ('97', '14', '2890', '91', '4', '5', '1', '2017-01-17 23:12:01', '2017-01-17 23:12:01', '467a3298-2711-4d3b-9990-988c4b5cc16a'),
 ('98', '15', '2892', '93', '2', '3', '1', '2017-01-17 23:21:22', '2017-01-17 23:21:22', 'cf68a3bb-7f53-4ddb-813b-1717c213daab'),
 ('99', '14', '2893', '91', '2', '3', '1', '2017-01-17 23:21:44', '2017-01-17 23:21:44', 'd05ed55b-25d9-479d-b9fc-6722969a0ced'),
 ('100', '14', '2895', '91', '6', '7', '1', '2017-01-17 23:35:21', '2017-01-17 23:35:21', '9a98b30c-72c8-4bc2-983f-ddc418f44d22'),
 ('101', '14', '2897', '91', '8', '9', '1', '2017-01-18 15:23:58', '2017-01-18 15:23:58', '039921ce-db18-4a00-bf87-2a8d890b7561'),
 ('102', '14', '2902', '91', '10', '11', '1', '2017-01-18 15:30:09', '2017-01-18 15:30:09', 'b2418144-345c-4694-b169-0f5b5a73b265'),
 ('103', '14', '2905', '91', '12', '13', '1', '2017-01-18 16:44:06', '2017-01-18 16:44:06', 'c684da0c-cf06-45ba-ac12-21df4cd31c20'),
 ('104', '15', '2911', '93', '8', '9', '1', '2017-01-24 17:25:49', '2017-01-24 17:25:49', '6bd86026-a0ef-4ef0-acee-e7d49e587265'),
 ('108', '6', '2962', '67', '2', '3', '1', '2017-02-03 15:31:39', '2017-02-03 15:31:39', '2377a7e6-7371-498b-9f09-0d4da4c8b09a'),
 ('109', '6', '2963', '67', '4', '5', '1', '2017-02-03 15:31:52', '2017-02-03 15:31:52', 'e3dd14e8-da8d-4adf-8c58-0d54eefa4e7c'),
 ('110', '16', NULL, '110', '1', '6', '0', '2017-02-03 20:41:37', '2017-02-03 20:41:37', 'a2adedd6-aa97-4110-aac5-e53c359d8a81'),
 ('111', '16', '2970', '110', '2', '3', '1', '2017-02-03 20:41:37', '2017-02-03 20:41:37', '43b43627-115c-4be5-8aba-8f387f5136fd'),
 ('112', '16', '2972', '110', '4', '5', '1', '2017-02-03 20:54:48', '2017-02-03 20:54:48', '9cd71bcd-687d-4eff-a4ce-18789b637e30'),
 ('113', '17', NULL, '113', '1', '4', '0', '2017-02-03 21:12:47', '2017-02-03 21:12:47', '4a6c552f-5749-4883-8b5a-8eea3a8ede24'),
 ('117', '18', NULL, '117', '1', '8', '0', '2017-02-08 19:42:05', '2017-02-08 19:42:05', '0793892f-3328-4878-932b-eff7767e59be'),
 ('118', '18', '2987', '117', '2', '3', '1', '2017-02-08 19:42:05', '2017-02-08 19:42:05', '14772f88-20ef-464c-a7f6-27e681be8134'),
 ('119', '18', '2988', '117', '4', '5', '1', '2017-02-08 19:42:13', '2017-02-08 19:42:13', 'a1ebb733-8eb9-4ebf-81ca-bd90d2feb207'),
 ('120', '18', '2989', '117', '6', '7', '1', '2017-02-08 19:42:23', '2017-02-08 19:42:23', '8dc79253-f954-46d7-83f2-5a0ed4572407'),
 ('121', '19', NULL, '121', '1', '8', '0', '2017-02-08 20:49:48', '2017-02-08 20:49:48', 'bdc54a7a-675a-479d-97e9-56cac8457451'),
 ('122', '19', '2990', '121', '2', '3', '1', '2017-02-08 20:49:48', '2017-02-08 20:49:48', '2e23068e-b483-472e-85c7-90320793aade'),
 ('123', '19', '2991', '121', '4', '5', '1', '2017-02-08 20:49:54', '2017-02-08 20:49:54', 'ebd23b43-d7d1-4b2d-9853-659d959abd08'),
 ('124', '19', '2992', '121', '6', '7', '1', '2017-02-08 20:50:01', '2017-02-08 20:50:01', '88ef2fff-0bac-483e-a366-5b33e6089126'),
 ('125', '17', '2993', '113', '2', '3', '1', '2017-02-08 21:34:53', '2017-02-08 21:34:53', '8605cc8c-6c3f-4d5a-b225-9c4f2e6e7e3b');



DROP TABLE IF EXISTS `craft_structures`;


--
-- Schema for table `craft_structures`
--
CREATE TABLE `craft_structures` (
  `id` int(11) NOT NULL AUTO_INCREMENT,
  `maxLevels` smallint(6) unsigned DEFAULT NULL,
  `dateCreated` datetime NOT NULL,
  `dateUpdated` datetime NOT NULL,
  `uid` char(36) COLLATE utf8_unicode_ci NOT NULL DEFAULT '0',
  PRIMARY KEY (`id`)
) ENGINE=InnoDB AUTO_INCREMENT=20 DEFAULT CHARSET=utf8 COLLATE=utf8_unicode_ci;

--
-- Data for table `craft_structures`
--

INSERT INTO `craft_structures` (`id`, `maxLevels`, `dateCreated`, `dateUpdated`, `uid`) VALUES
 ('1', NULL, '2016-10-10 22:13:52', '2016-10-10 22:13:52', '4509c77b-c431-4044-9371-7de8f39524de'),
 ('4', '1', '2016-10-12 16:40:27', '2016-10-12 16:40:27', 'a0c83000-56da-473e-b193-cb45852c639b'),
 ('5', NULL, '2016-12-20 20:07:11', '2016-12-20 20:07:11', 'e7ce13de-0fc0-4f93-9ccd-c4b5317fdf83'),
 ('6', NULL, '2016-12-20 20:07:46', '2017-02-16 21:26:54', '43070767-1687-4312-991d-57f6651c8a22'),
 ('7', NULL, '2016-12-20 20:08:03', '2016-12-20 20:08:03', 'f69d10d4-a4a9-44f4-8ff8-e7ac741b7339'),
 ('9', NULL, '2016-12-20 20:52:31', '2017-01-25 17:10:33', '344355f6-b139-4be7-8695-0380a4b83d75'),
 ('14', NULL, '2017-01-11 18:13:06', '2017-01-23 22:50:13', 'ce127626-aca5-4f7a-9d1e-1ab6109f14e7'),
 ('15', NULL, '2017-01-11 18:13:19', '2017-01-24 20:47:20', 'cbcbd494-5670-4d09-ad7a-eb61432d5805'),
 ('16', NULL, '2017-02-03 20:39:53', '2017-02-03 20:40:49', '03439496-d25a-44b8-b3b0-8c8c33c42190'),
 ('17', NULL, '2017-02-03 21:12:28', '2017-02-03 21:12:28', 'd7d16de7-9589-4298-9703-1bc2116140e6'),
 ('18', NULL, '2017-02-08 19:41:39', '2017-02-08 19:41:39', '5eb49ffd-41f9-4a18-a7f9-79adfae8e21c'),
 ('19', NULL, '2017-02-08 20:28:43', '2017-02-08 20:31:08', 'fccfa722-d3ba-4904-b577-20d3e37d4eea');



DROP TABLE IF EXISTS `craft_systemsettings`;


--
-- Schema for table `craft_systemsettings`
--
CREATE TABLE `craft_systemsettings` (
  `id` int(11) NOT NULL AUTO_INCREMENT,
  `category` varchar(15) COLLATE utf8_unicode_ci NOT NULL,
  `settings` text COLLATE utf8_unicode_ci,
  `dateCreated` datetime NOT NULL,
  `dateUpdated` datetime NOT NULL,
  `uid` char(36) COLLATE utf8_unicode_ci NOT NULL DEFAULT '0',
  PRIMARY KEY (`id`),
  UNIQUE KEY `craft_systemsettings_category_unq_idx` (`category`)
) ENGINE=InnoDB AUTO_INCREMENT=2 DEFAULT CHARSET=utf8 COLLATE=utf8_unicode_ci;

--
-- Data for table `craft_systemsettings`
--

INSERT INTO `craft_systemsettings` (`id`, `category`, `settings`, `dateCreated`, `dateUpdated`, `uid`) VALUES
 ('1', 'email', '{\"protocol\":\"php\",\"emailAddress\":\"nate@firebellydesign.com\",\"senderName\":\"Firebelly Design\"}', '2016-10-10 20:59:13', '2016-10-10 20:59:13', 'a05fc666-ce35-4111-be6a-580265b582de');



DROP TABLE IF EXISTS `craft_taggroups`;


--
-- Schema for table `craft_taggroups`
--
CREATE TABLE `craft_taggroups` (
  `id` int(11) NOT NULL AUTO_INCREMENT,
  `name` varchar(255) COLLATE utf8_unicode_ci NOT NULL,
  `handle` varchar(255) COLLATE utf8_unicode_ci NOT NULL,
  `fieldLayoutId` int(10) DEFAULT NULL,
  `dateCreated` datetime NOT NULL,
  `dateUpdated` datetime NOT NULL,
  `uid` char(36) COLLATE utf8_unicode_ci NOT NULL DEFAULT '0',
  PRIMARY KEY (`id`),
  UNIQUE KEY `craft_taggroups_name_unq_idx` (`name`),
  UNIQUE KEY `craft_taggroups_handle_unq_idx` (`handle`),
  KEY `craft_taggroups_fieldLayoutId_fk` (`fieldLayoutId`)
) ENGINE=InnoDB AUTO_INCREMENT=5 DEFAULT CHARSET=utf8 COLLATE=utf8_unicode_ci;

--
-- Data for table `craft_taggroups`
--

INSERT INTO `craft_taggroups` (`id`, `name`, `handle`, `fieldLayoutId`, `dateCreated`, `dateUpdated`, `uid`) VALUES
 ('1', 'Default', 'default', '1', '2016-10-10 20:59:13', '2016-10-10 20:59:13', 'd4b18616-df80-4087-b64c-b941f7c6b109'),
 ('3', 'Blog Tags', 'blogTags', '166', '2017-02-02 22:33:53', '2017-02-02 22:33:53', 'f0b4c718-a8db-4468-a07b-a9bf7092e1a5'),
 ('4', 'Resources Locations', 'resourcesLocations', '178', '2017-02-03 21:13:44', '2017-02-03 21:19:49', '9901c0d3-2825-4a17-ab9a-927713d5dd14');



DROP TABLE IF EXISTS `craft_tags`;


--
-- Schema for table `craft_tags`
--
CREATE TABLE `craft_tags` (
  `id` int(11) NOT NULL,
  `groupId` int(11) NOT NULL,
  `dateCreated` datetime NOT NULL,
  `dateUpdated` datetime NOT NULL,
  `uid` char(36) COLLATE utf8_unicode_ci NOT NULL DEFAULT '0',
  PRIMARY KEY (`id`),
  KEY `craft_tags_groupId_fk` (`groupId`)
) ENGINE=InnoDB DEFAULT CHARSET=utf8 COLLATE=utf8_unicode_ci;

--
-- Data for table `craft_tags`
--

INSERT INTO `craft_tags` (`id`, `groupId`, `dateCreated`, `dateUpdated`, `uid`) VALUES
 ('2747', '1', '2016-12-19 11:41:38', '2016-12-19 11:41:38', '1f37e19d-f5cb-4bd4-8e0e-e18a5a922f6a'),
 ('2789', '1', '2016-12-19 12:01:51', '2016-12-19 12:01:51', '55c1bd29-6d97-4766-b464-6c33720ed7de'),
 ('2790', '1', '2016-12-19 12:01:56', '2016-12-19 12:01:56', '860c7ebe-0802-48d8-8e93-e93b1a452f5f'),
 ('2793', '1', '2016-12-19 12:08:10', '2016-12-19 12:16:30', '6bd591bf-4ee9-4971-a74b-8ed71ef7a6d8'),
 ('2794', '1', '2016-12-19 12:08:15', '2016-12-19 12:08:15', 'ed8b5712-b15a-4e24-bb0c-62b5b84b65f4'),
 ('2802', '1', '2016-12-19 12:16:44', '2016-12-19 12:16:44', '18154982-909c-4ae1-80db-4d1c476d7462'),
 ('2804', '1', '2016-12-19 12:19:48', '2016-12-19 12:20:02', '712865e5-ee41-4b14-aea9-32f4bd104d45'),
 ('2805', '1', '2016-12-19 12:20:13', '2016-12-19 12:20:13', '200cba34-c878-4410-b70b-38cbb86eebe6'),
 ('2808', '1', '2016-12-19 12:24:40', '2016-12-19 12:24:40', '07df80df-a1ad-4d44-81fd-24260a449d9e'),
 ('2811', '1', '2016-12-19 12:32:32', '2016-12-19 12:32:32', '9f5fb76d-45c3-4d59-9864-a54eb140d8ef'),
 ('2950', '1', '2017-02-02 21:24:31', '2017-02-02 21:24:31', '935e79b3-4e1e-49c5-9a1a-39644b0eeb8a'),
 ('2951', '1', '2017-02-02 21:24:36', '2017-02-02 21:24:36', '29897191-1ad0-4e1c-bd33-b855503e0c5b'),
 ('2955', '1', '2017-02-02 22:21:13', '2017-02-02 22:21:13', 'cdf0f430-f6e0-4ac8-89e5-0416a6adc29c'),
 ('2964', '3', '2017-02-03 17:58:39', '2017-02-03 17:58:39', 'f0bdb167-63ee-4cb9-9ad6-1a23ec877a98'),
 ('2965', '3', '2017-02-03 17:59:46', '2017-02-03 17:59:46', '1eb6ef26-3f06-47c2-8276-de0931510fda'),
 ('2966', '3', '2017-02-03 17:59:54', '2017-02-03 17:59:54', 'dcf5f487-5a7a-46ca-851a-cb5fdc2ce090'),
 ('2967', '3', '2017-02-03 17:59:59', '2017-02-03 17:59:59', '92d3c5f8-d05b-4027-a0fb-9f203dbf16d1'),
 ('2968', '3', '2017-02-03 18:00:32', '2017-02-03 18:00:32', 'd20a5f89-843d-4338-966e-0be2944ffd3e'),
 ('2978', '4', '2017-02-06 21:27:30', '2017-02-06 21:27:30', 'daa65053-d19b-4007-abe8-f45f171558e9'),
 ('2983', '3', '2017-02-06 23:00:37', '2017-02-06 23:00:37', 'a8a8eea6-75dc-4116-a7dd-488f9319f3fc'),
 ('2986', '3', '2017-02-07 21:23:44', '2017-02-07 21:23:44', '4b2102fc-d33f-438b-adf9-bece8e7afa9b');



DROP TABLE IF EXISTS `craft_tasks`;


--
-- Schema for table `craft_tasks`
--
CREATE TABLE `craft_tasks` (
  `id` int(11) NOT NULL AUTO_INCREMENT,
  `root` int(11) unsigned DEFAULT NULL,
  `lft` int(11) unsigned NOT NULL,
  `rgt` int(11) unsigned NOT NULL,
  `level` smallint(6) unsigned NOT NULL,
  `currentStep` int(11) unsigned DEFAULT NULL,
  `totalSteps` int(11) unsigned DEFAULT NULL,
  `status` enum('pending','error','running') COLLATE utf8_unicode_ci DEFAULT NULL,
  `type` varchar(150) COLLATE utf8_unicode_ci NOT NULL,
  `description` varchar(255) COLLATE utf8_unicode_ci DEFAULT NULL,
  `settings` mediumtext COLLATE utf8_unicode_ci,
  `dateCreated` datetime NOT NULL,
  `dateUpdated` datetime NOT NULL,
  `uid` char(36) COLLATE utf8_unicode_ci NOT NULL DEFAULT '0',
  PRIMARY KEY (`id`),
  KEY `craft_tasks_root_idx` (`root`),
  KEY `craft_tasks_lft_idx` (`lft`),
  KEY `craft_tasks_rgt_idx` (`rgt`),
  KEY `craft_tasks_level_idx` (`level`)
) ENGINE=InnoDB AUTO_INCREMENT=168 DEFAULT CHARSET=utf8 COLLATE=utf8_unicode_ci;

DROP TABLE IF EXISTS `craft_templatecachecriteria`;


--
-- Schema for table `craft_templatecachecriteria`
--
CREATE TABLE `craft_templatecachecriteria` (
  `id` int(11) NOT NULL AUTO_INCREMENT,
  `cacheId` int(11) NOT NULL,
  `type` varchar(150) COLLATE utf8_unicode_ci NOT NULL,
  `criteria` text COLLATE utf8_unicode_ci NOT NULL,
  PRIMARY KEY (`id`),
  KEY `craft_templatecachecriteria_cacheId_fk` (`cacheId`),
  KEY `craft_templatecachecriteria_type_idx` (`type`)
) ENGINE=InnoDB DEFAULT CHARSET=utf8 COLLATE=utf8_unicode_ci;

DROP TABLE IF EXISTS `craft_templatecacheelements`;


--
-- Schema for table `craft_templatecacheelements`
--
CREATE TABLE `craft_templatecacheelements` (
  `cacheId` int(11) NOT NULL,
  `elementId` int(11) NOT NULL,
  KEY `craft_templatecacheelements_cacheId_fk` (`cacheId`),
  KEY `craft_templatecacheelements_elementId_fk` (`elementId`)
) ENGINE=InnoDB DEFAULT CHARSET=utf8 COLLATE=utf8_unicode_ci;

DROP TABLE IF EXISTS `craft_templatecaches`;


--
-- Schema for table `craft_templatecaches`
--
CREATE TABLE `craft_templatecaches` (
  `id` int(11) NOT NULL AUTO_INCREMENT,
  `cacheKey` varchar(255) COLLATE utf8_unicode_ci NOT NULL,
  `locale` char(12) COLLATE utf8_unicode_ci NOT NULL,
  `path` varchar(255) COLLATE utf8_unicode_ci DEFAULT NULL,
  `expiryDate` datetime NOT NULL,
  `body` mediumtext COLLATE utf8_unicode_ci NOT NULL,
  PRIMARY KEY (`id`),
  KEY `craft_templatecaches_locale_cacheKey_path_expiryDate_idx` (`locale`,`cacheKey`,`path`,`expiryDate`)
) ENGINE=InnoDB DEFAULT CHARSET=utf8 COLLATE=utf8_unicode_ci;

DROP TABLE IF EXISTS `craft_tokens`;


--
-- Schema for table `craft_tokens`
--
CREATE TABLE `craft_tokens` (
  `id` int(11) NOT NULL AUTO_INCREMENT,
  `token` char(32) COLLATE utf8_unicode_ci NOT NULL,
  `route` text COLLATE utf8_unicode_ci,
  `usageLimit` tinyint(3) unsigned DEFAULT NULL,
  `usageCount` tinyint(3) unsigned DEFAULT NULL,
  `expiryDate` datetime NOT NULL,
  `dateCreated` datetime NOT NULL,
  `dateUpdated` datetime NOT NULL,
  `uid` char(36) COLLATE utf8_unicode_ci NOT NULL DEFAULT '0',
  PRIMARY KEY (`id`),
  UNIQUE KEY `craft_tokens_token_unq_idx` (`token`),
  KEY `craft_tokens_expiryDate_idx` (`expiryDate`)
) ENGINE=InnoDB DEFAULT CHARSET=utf8 COLLATE=utf8_unicode_ci;

DROP TABLE IF EXISTS `craft_usergroups`;


--
-- Schema for table `craft_usergroups`
--
CREATE TABLE `craft_usergroups` (
  `id` int(11) NOT NULL AUTO_INCREMENT,
  `name` varchar(255) COLLATE utf8_unicode_ci NOT NULL,
  `handle` varchar(255) COLLATE utf8_unicode_ci NOT NULL,
  `dateCreated` datetime NOT NULL,
  `dateUpdated` datetime NOT NULL,
  `uid` char(36) COLLATE utf8_unicode_ci NOT NULL DEFAULT '0',
  PRIMARY KEY (`id`),
  UNIQUE KEY `craft_usergroups_name_unq_idx` (`name`),
  UNIQUE KEY `craft_usergroups_handle_unq_idx` (`handle`)
) ENGINE=InnoDB DEFAULT CHARSET=utf8 COLLATE=utf8_unicode_ci;

DROP TABLE IF EXISTS `craft_usergroups_users`;


--
-- Schema for table `craft_usergroups_users`
--
CREATE TABLE `craft_usergroups_users` (
  `id` int(11) NOT NULL AUTO_INCREMENT,
  `groupId` int(11) NOT NULL,
  `userId` int(11) NOT NULL,
  `dateCreated` datetime NOT NULL,
  `dateUpdated` datetime NOT NULL,
  `uid` char(36) COLLATE utf8_unicode_ci NOT NULL DEFAULT '0',
  PRIMARY KEY (`id`),
  UNIQUE KEY `craft_usergroups_users_groupId_userId_unq_idx` (`groupId`,`userId`),
  KEY `craft_usergroups_users_userId_fk` (`userId`)
) ENGINE=InnoDB DEFAULT CHARSET=utf8 COLLATE=utf8_unicode_ci;

DROP TABLE IF EXISTS `craft_userpermissions`;


--
-- Schema for table `craft_userpermissions`
--
CREATE TABLE `craft_userpermissions` (
  `id` int(11) NOT NULL AUTO_INCREMENT,
  `name` varchar(255) COLLATE utf8_unicode_ci NOT NULL,
  `dateCreated` datetime NOT NULL,
  `dateUpdated` datetime NOT NULL,
  `uid` char(36) COLLATE utf8_unicode_ci NOT NULL DEFAULT '0',
  PRIMARY KEY (`id`),
  UNIQUE KEY `craft_userpermissions_name_unq_idx` (`name`)
) ENGINE=InnoDB DEFAULT CHARSET=utf8 COLLATE=utf8_unicode_ci;

DROP TABLE IF EXISTS `craft_userpermissions_usergroups`;


--
-- Schema for table `craft_userpermissions_usergroups`
--
CREATE TABLE `craft_userpermissions_usergroups` (
  `id` int(11) NOT NULL AUTO_INCREMENT,
  `permissionId` int(11) NOT NULL,
  `groupId` int(11) NOT NULL,
  `dateCreated` datetime NOT NULL,
  `dateUpdated` datetime NOT NULL,
  `uid` char(36) COLLATE utf8_unicode_ci NOT NULL DEFAULT '0',
  PRIMARY KEY (`id`),
  UNIQUE KEY `craft_userpermissions_usergroups_permissionId_groupId_unq_idx` (`permissionId`,`groupId`),
  KEY `craft_userpermissions_usergroups_groupId_fk` (`groupId`)
) ENGINE=InnoDB DEFAULT CHARSET=utf8 COLLATE=utf8_unicode_ci;

DROP TABLE IF EXISTS `craft_userpermissions_users`;


--
-- Schema for table `craft_userpermissions_users`
--
CREATE TABLE `craft_userpermissions_users` (
  `id` int(11) NOT NULL AUTO_INCREMENT,
  `permissionId` int(11) NOT NULL,
  `userId` int(11) NOT NULL,
  `dateCreated` datetime NOT NULL,
  `dateUpdated` datetime NOT NULL,
  `uid` char(36) COLLATE utf8_unicode_ci NOT NULL DEFAULT '0',
  PRIMARY KEY (`id`),
  UNIQUE KEY `craft_userpermissions_users_permissionId_userId_unq_idx` (`permissionId`,`userId`),
  KEY `craft_userpermissions_users_userId_fk` (`userId`)
) ENGINE=InnoDB DEFAULT CHARSET=utf8 COLLATE=utf8_unicode_ci;

DROP TABLE IF EXISTS `craft_users`;


--
-- Schema for table `craft_users`
--
CREATE TABLE `craft_users` (
  `id` int(11) NOT NULL,
  `username` varchar(100) COLLATE utf8_unicode_ci NOT NULL,
  `photo` varchar(100) COLLATE utf8_unicode_ci DEFAULT NULL,
  `firstName` varchar(100) COLLATE utf8_unicode_ci DEFAULT NULL,
  `lastName` varchar(100) COLLATE utf8_unicode_ci DEFAULT NULL,
  `email` varchar(255) COLLATE utf8_unicode_ci NOT NULL,
  `password` char(255) COLLATE utf8_unicode_ci DEFAULT NULL,
  `preferredLocale` char(12) COLLATE utf8_unicode_ci DEFAULT NULL,
  `weekStartDay` tinyint(1) unsigned NOT NULL DEFAULT '0',
  `admin` tinyint(1) unsigned NOT NULL DEFAULT '0',
  `client` tinyint(1) unsigned NOT NULL DEFAULT '0',
  `locked` tinyint(1) unsigned NOT NULL DEFAULT '0',
  `suspended` tinyint(1) unsigned NOT NULL DEFAULT '0',
  `pending` tinyint(1) unsigned NOT NULL DEFAULT '0',
  `archived` tinyint(1) unsigned NOT NULL DEFAULT '0',
  `lastLoginDate` datetime DEFAULT NULL,
  `lastLoginAttemptIPAddress` varchar(45) COLLATE utf8_unicode_ci DEFAULT NULL,
  `invalidLoginWindowStart` datetime DEFAULT NULL,
  `invalidLoginCount` tinyint(4) unsigned DEFAULT NULL,
  `lastInvalidLoginDate` datetime DEFAULT NULL,
  `lockoutDate` datetime DEFAULT NULL,
  `verificationCode` char(100) COLLATE utf8_unicode_ci DEFAULT NULL,
  `verificationCodeIssuedDate` datetime DEFAULT NULL,
  `unverifiedEmail` varchar(255) COLLATE utf8_unicode_ci DEFAULT NULL,
  `passwordResetRequired` tinyint(1) unsigned NOT NULL DEFAULT '0',
  `lastPasswordChangeDate` datetime DEFAULT NULL,
  `dateCreated` datetime NOT NULL,
  `dateUpdated` datetime NOT NULL,
  `uid` char(36) COLLATE utf8_unicode_ci NOT NULL DEFAULT '0',
  PRIMARY KEY (`id`),
  UNIQUE KEY `craft_users_username_unq_idx` (`username`),
  UNIQUE KEY `craft_users_email_unq_idx` (`email`),
  KEY `craft_users_verificationCode_idx` (`verificationCode`),
  KEY `craft_users_uid_idx` (`uid`),
  KEY `craft_users_preferredLocale_fk` (`preferredLocale`)
) ENGINE=InnoDB DEFAULT CHARSET=utf8 COLLATE=utf8_unicode_ci;

--
-- Data for table `craft_users`
--

INSERT INTO `craft_users` (`id`, `username`, `photo`, `firstName`, `lastName`, `email`, `password`, `preferredLocale`, `weekStartDay`, `admin`, `client`, `locked`, `suspended`, `pending`, `archived`, `lastLoginDate`, `lastLoginAttemptIPAddress`, `invalidLoginWindowStart`, `invalidLoginCount`, `lastInvalidLoginDate`, `lockoutDate`, `verificationCode`, `verificationCodeIssuedDate`, `unverifiedEmail`, `passwordResetRequired`, `lastPasswordChangeDate`, `dateCreated`, `dateUpdated`, `uid`) VALUES
 ('1', 'fbdev', NULL, NULL, NULL, 'nate@firebellydesign.com', '$2y$13$G.rM3OkwNcK4o04g6B6y3utSUi9IBLhyE1a69RtWRUP655vGlG19W', NULL, '0', '1', '0', '0', '0', '0', '0', '2017-02-17 17:29:44', '127.0.0.1', NULL, NULL, '2017-01-09 20:52:18', NULL, NULL, NULL, NULL, '0', '2016-10-10 20:59:13', '2016-10-10 20:59:13', '2017-02-17 17:29:44', 'a11bf4ec-b7fb-4f2e-8351-822f7bdeda91'),
 ('2985', 'ednavigator', 'navigator-timothy-daly.jpg', 'EdNavigator', '', 'info@ednavigator.com', NULL, 'en_us', '0', '1', '0', '0', '0', '1', '0', NULL, NULL, NULL, NULL, NULL, NULL, '$2y$13$3sIFDYnnvKRAi717Inhkweg0b9yMwwGwGcJ.A0Ub8AzJzj3BNAlju', '2017-02-07 18:49:28', 'info@ednavigator.com', '1', NULL, '2017-02-07 18:49:27', '2017-02-07 18:52:22', '6d46eacb-d75f-404a-b695-7a2ad97a4454');



DROP TABLE IF EXISTS `craft_widgets`;


--
-- Schema for table `craft_widgets`
--
CREATE TABLE `craft_widgets` (
  `id` int(11) NOT NULL AUTO_INCREMENT,
  `userId` int(11) NOT NULL,
  `type` varchar(150) COLLATE utf8_unicode_ci NOT NULL,
  `sortOrder` smallint(6) unsigned DEFAULT NULL,
  `colspan` tinyint(4) unsigned DEFAULT NULL,
  `settings` text COLLATE utf8_unicode_ci,
  `enabled` tinyint(1) unsigned NOT NULL DEFAULT '1',
  `dateCreated` datetime NOT NULL,
  `dateUpdated` datetime NOT NULL,
  `uid` char(36) COLLATE utf8_unicode_ci NOT NULL DEFAULT '0',
  PRIMARY KEY (`id`),
  KEY `craft_widgets_userId_fk` (`userId`)
) ENGINE=InnoDB AUTO_INCREMENT=5 DEFAULT CHARSET=utf8 COLLATE=utf8_unicode_ci;

--
-- Data for table `craft_widgets`
--

INSERT INTO `craft_widgets` (`id`, `userId`, `type`, `sortOrder`, `colspan`, `settings`, `enabled`, `dateCreated`, `dateUpdated`, `uid`) VALUES
 ('1', '1', 'RecentEntries', '1', NULL, NULL, '1', '2016-10-10 20:59:15', '2016-10-10 20:59:15', 'ca02355d-8a1e-45e1-a1a2-9171c474064c'),
 ('2', '1', 'GetHelp', '2', NULL, NULL, '1', '2016-10-10 20:59:15', '2016-10-10 20:59:15', 'd1be0d54-4c79-4bf2-a833-182119279a6d'),
 ('3', '1', 'Updates', '3', NULL, NULL, '1', '2016-10-10 20:59:15', '2016-10-10 20:59:15', 'f2dde0cc-b38d-42bd-a695-143ae7b4f38e'),
 ('4', '1', 'Feed', '4', NULL, '{\"url\":\"https:\\/\\/craftcms.com\\/news.rss\",\"title\":\"Craft News\"}', '0', '2016-10-10 20:59:15', '2016-12-20 20:48:27', 'b9b888a7-9a3b-40e6-837f-9b3b287f3c1f');


--
-- Constraints for tables
--


--
-- Constraints for table `craft_assetfiles`
--
ALTER TABLE `craft_assetfiles`
	ADD CONSTRAINT `craft_assetfiles_folderId_fk` FOREIGN KEY (`folderId`) REFERENCES `craft_assetfolders` (`id`) ON DELETE CASCADE,
	ADD CONSTRAINT `craft_assetfiles_id_fk` FOREIGN KEY (`id`) REFERENCES `craft_elements` (`id`) ON DELETE CASCADE,
	ADD CONSTRAINT `craft_assetfiles_sourceId_fk` FOREIGN KEY (`sourceId`) REFERENCES `craft_assetsources` (`id`) ON DELETE CASCADE;

--
-- Constraints for table `craft_assetfolders`
--
ALTER TABLE `craft_assetfolders`
	ADD CONSTRAINT `craft_assetfolders_parentId_fk` FOREIGN KEY (`parentId`) REFERENCES `craft_assetfolders` (`id`) ON DELETE CASCADE,
	ADD CONSTRAINT `craft_assetfolders_sourceId_fk` FOREIGN KEY (`sourceId`) REFERENCES `craft_assetsources` (`id`) ON DELETE CASCADE;

--
-- Constraints for table `craft_assetindexdata`
--
ALTER TABLE `craft_assetindexdata`
	ADD CONSTRAINT `craft_assetindexdata_sourceId_fk` FOREIGN KEY (`sourceId`) REFERENCES `craft_assetsources` (`id`) ON DELETE CASCADE;

--
-- Constraints for table `craft_assetsources`
--
ALTER TABLE `craft_assetsources`
	ADD CONSTRAINT `craft_assetsources_fieldLayoutId_fk` FOREIGN KEY (`fieldLayoutId`) REFERENCES `craft_fieldlayouts` (`id`) ON DELETE SET NULL;

--
-- Constraints for table `craft_categories`
--
ALTER TABLE `craft_categories`
	ADD CONSTRAINT `craft_categories_groupId_fk` FOREIGN KEY (`groupId`) REFERENCES `craft_categorygroups` (`id`) ON DELETE CASCADE,
	ADD CONSTRAINT `craft_categories_id_fk` FOREIGN KEY (`id`) REFERENCES `craft_elements` (`id`) ON DELETE CASCADE;

--
-- Constraints for table `craft_categorygroups`
--
ALTER TABLE `craft_categorygroups`
	ADD CONSTRAINT `craft_categorygroups_fieldLayoutId_fk` FOREIGN KEY (`fieldLayoutId`) REFERENCES `craft_fieldlayouts` (`id`) ON DELETE SET NULL,
	ADD CONSTRAINT `craft_categorygroups_structureId_fk` FOREIGN KEY (`structureId`) REFERENCES `craft_structures` (`id`) ON DELETE CASCADE;

--
-- Constraints for table `craft_categorygroups_i18n`
--
ALTER TABLE `craft_categorygroups_i18n`
	ADD CONSTRAINT `craft_categorygroups_i18n_groupId_fk` FOREIGN KEY (`groupId`) REFERENCES `craft_categorygroups` (`id`) ON DELETE CASCADE,
	ADD CONSTRAINT `craft_categorygroups_i18n_locale_fk` FOREIGN KEY (`locale`) REFERENCES `craft_locales` (`locale`) ON DELETE CASCADE ON UPDATE CASCADE;

--
-- Constraints for table `craft_content`
--
ALTER TABLE `craft_content`
	ADD CONSTRAINT `craft_content_elementId_fk` FOREIGN KEY (`elementId`) REFERENCES `craft_elements` (`id`) ON DELETE CASCADE,
	ADD CONSTRAINT `craft_content_locale_fk` FOREIGN KEY (`locale`) REFERENCES `craft_locales` (`locale`) ON DELETE CASCADE ON UPDATE CASCADE;

--
-- Constraints for table `craft_elements_i18n`
--
ALTER TABLE `craft_elements_i18n`
	ADD CONSTRAINT `craft_elements_i18n_elementId_fk` FOREIGN KEY (`elementId`) REFERENCES `craft_elements` (`id`) ON DELETE CASCADE,
	ADD CONSTRAINT `craft_elements_i18n_locale_fk` FOREIGN KEY (`locale`) REFERENCES `craft_locales` (`locale`) ON DELETE CASCADE ON UPDATE CASCADE;

--
-- Constraints for table `craft_emailmessages`
--
ALTER TABLE `craft_emailmessages`
	ADD CONSTRAINT `craft_emailmessages_locale_fk` FOREIGN KEY (`locale`) REFERENCES `craft_locales` (`locale`) ON DELETE CASCADE ON UPDATE CASCADE;

--
-- Constraints for table `craft_entries`
--
ALTER TABLE `craft_entries`
	ADD CONSTRAINT `craft_entries_authorId_fk` FOREIGN KEY (`authorId`) REFERENCES `craft_users` (`id`) ON DELETE CASCADE,
	ADD CONSTRAINT `craft_entries_id_fk` FOREIGN KEY (`id`) REFERENCES `craft_elements` (`id`) ON DELETE CASCADE,
	ADD CONSTRAINT `craft_entries_sectionId_fk` FOREIGN KEY (`sectionId`) REFERENCES `craft_sections` (`id`) ON DELETE CASCADE,
	ADD CONSTRAINT `craft_entries_typeId_fk` FOREIGN KEY (`typeId`) REFERENCES `craft_entrytypes` (`id`) ON DELETE CASCADE;

--
-- Constraints for table `craft_entrydrafts`
--
ALTER TABLE `craft_entrydrafts`
	ADD CONSTRAINT `craft_entrydrafts_creatorId_fk` FOREIGN KEY (`creatorId`) REFERENCES `craft_users` (`id`) ON DELETE CASCADE,
	ADD CONSTRAINT `craft_entrydrafts_entryId_fk` FOREIGN KEY (`entryId`) REFERENCES `craft_entries` (`id`) ON DELETE CASCADE,
	ADD CONSTRAINT `craft_entrydrafts_locale_fk` FOREIGN KEY (`locale`) REFERENCES `craft_locales` (`locale`) ON DELETE CASCADE ON UPDATE CASCADE,
	ADD CONSTRAINT `craft_entrydrafts_sectionId_fk` FOREIGN KEY (`sectionId`) REFERENCES `craft_sections` (`id`) ON DELETE CASCADE;

--
-- Constraints for table `craft_entrytypes`
--
ALTER TABLE `craft_entrytypes`
	ADD CONSTRAINT `craft_entrytypes_fieldLayoutId_fk` FOREIGN KEY (`fieldLayoutId`) REFERENCES `craft_fieldlayouts` (`id`) ON DELETE SET NULL,
	ADD CONSTRAINT `craft_entrytypes_sectionId_fk` FOREIGN KEY (`sectionId`) REFERENCES `craft_sections` (`id`) ON DELETE CASCADE;

--
-- Constraints for table `craft_entryversions`
--
ALTER TABLE `craft_entryversions`
	ADD CONSTRAINT `craft_entryversions_creatorId_fk` FOREIGN KEY (`creatorId`) REFERENCES `craft_users` (`id`) ON DELETE SET NULL,
	ADD CONSTRAINT `craft_entryversions_entryId_fk` FOREIGN KEY (`entryId`) REFERENCES `craft_entries` (`id`) ON DELETE CASCADE,
	ADD CONSTRAINT `craft_entryversions_locale_fk` FOREIGN KEY (`locale`) REFERENCES `craft_locales` (`locale`) ON DELETE CASCADE ON UPDATE CASCADE,
	ADD CONSTRAINT `craft_entryversions_sectionId_fk` FOREIGN KEY (`sectionId`) REFERENCES `craft_sections` (`id`) ON DELETE CASCADE;

--
-- Constraints for table `craft_fieldlayoutfields`
--
ALTER TABLE `craft_fieldlayoutfields`
	ADD CONSTRAINT `craft_fieldlayoutfields_fieldId_fk` FOREIGN KEY (`fieldId`) REFERENCES `craft_fields` (`id`) ON DELETE CASCADE,
	ADD CONSTRAINT `craft_fieldlayoutfields_layoutId_fk` FOREIGN KEY (`layoutId`) REFERENCES `craft_fieldlayouts` (`id`) ON DELETE CASCADE,
	ADD CONSTRAINT `craft_fieldlayoutfields_tabId_fk` FOREIGN KEY (`tabId`) REFERENCES `craft_fieldlayouttabs` (`id`) ON DELETE CASCADE;

--
-- Constraints for table `craft_fieldlayouttabs`
--
ALTER TABLE `craft_fieldlayouttabs`
	ADD CONSTRAINT `craft_fieldlayouttabs_layoutId_fk` FOREIGN KEY (`layoutId`) REFERENCES `craft_fieldlayouts` (`id`) ON DELETE CASCADE;

--
-- Constraints for table `craft_fields`
--
ALTER TABLE `craft_fields`
	ADD CONSTRAINT `craft_fields_groupId_fk` FOREIGN KEY (`groupId`) REFERENCES `craft_fieldgroups` (`id`) ON DELETE CASCADE;

--
-- Constraints for table `craft_globalsets`
--
ALTER TABLE `craft_globalsets`
	ADD CONSTRAINT `craft_globalsets_fieldLayoutId_fk` FOREIGN KEY (`fieldLayoutId`) REFERENCES `craft_fieldlayouts` (`id`) ON DELETE SET NULL,
	ADD CONSTRAINT `craft_globalsets_id_fk` FOREIGN KEY (`id`) REFERENCES `craft_elements` (`id`) ON DELETE CASCADE;

--
-- Constraints for table `craft_import_entries`
--
ALTER TABLE `craft_import_entries`
	ADD CONSTRAINT `craft_import_entries_entryId_fk` FOREIGN KEY (`entryId`) REFERENCES `craft_entries` (`id`) ON DELETE CASCADE,
	ADD CONSTRAINT `craft_import_entries_historyId_fk` FOREIGN KEY (`historyId`) REFERENCES `craft_import_history` (`id`) ON DELETE SET NULL;

--
-- Constraints for table `craft_import_history`
--
ALTER TABLE `craft_import_history`
	ADD CONSTRAINT `craft_import_history_userId_fk` FOREIGN KEY (`userId`) REFERENCES `craft_users` (`id`) ON DELETE CASCADE;

--
-- Constraints for table `craft_import_log`
--
ALTER TABLE `craft_import_log`
	ADD CONSTRAINT `craft_import_log_historyId_fk` FOREIGN KEY (`historyId`) REFERENCES `craft_import_history` (`id`) ON DELETE SET NULL;

--
-- Constraints for table `craft_matrixblocks`
--
ALTER TABLE `craft_matrixblocks`
	ADD CONSTRAINT `craft_matrixblocks_fieldId_fk` FOREIGN KEY (`fieldId`) REFERENCES `craft_fields` (`id`) ON DELETE CASCADE,
	ADD CONSTRAINT `craft_matrixblocks_id_fk` FOREIGN KEY (`id`) REFERENCES `craft_elements` (`id`) ON DELETE CASCADE,
	ADD CONSTRAINT `craft_matrixblocks_ownerId_fk` FOREIGN KEY (`ownerId`) REFERENCES `craft_elements` (`id`) ON DELETE CASCADE,
	ADD CONSTRAINT `craft_matrixblocks_ownerLocale_fk` FOREIGN KEY (`ownerLocale`) REFERENCES `craft_locales` (`locale`) ON DELETE CASCADE ON UPDATE CASCADE,
	ADD CONSTRAINT `craft_matrixblocks_typeId_fk` FOREIGN KEY (`typeId`) REFERENCES `craft_matrixblocktypes` (`id`) ON DELETE CASCADE;

--
-- Constraints for table `craft_matrixblocktypes`
--
ALTER TABLE `craft_matrixblocktypes`
	ADD CONSTRAINT `craft_matrixblocktypes_fieldId_fk` FOREIGN KEY (`fieldId`) REFERENCES `craft_fields` (`id`) ON DELETE CASCADE,
	ADD CONSTRAINT `craft_matrixblocktypes_fieldLayoutId_fk` FOREIGN KEY (`fieldLayoutId`) REFERENCES `craft_fieldlayouts` (`id`) ON DELETE SET NULL;

--
-- Constraints for table `craft_matrixcontent_introsections`
--
ALTER TABLE `craft_matrixcontent_introsections`
	ADD CONSTRAINT `craft_matrixcontent_introsections_elementId_fk` FOREIGN KEY (`elementId`) REFERENCES `craft_elements` (`id`) ON DELETE CASCADE,
	ADD CONSTRAINT `craft_matrixcontent_introsections_locale_fk` FOREIGN KEY (`locale`) REFERENCES `craft_locales` (`locale`) ON DELETE CASCADE ON UPDATE CASCADE;

--
-- Constraints for table `craft_matrixcontent_knowledge`
--
ALTER TABLE `craft_matrixcontent_knowledge`
	ADD CONSTRAINT `craft_matrixcontent_knowledge_elementId_fk` FOREIGN KEY (`elementId`) REFERENCES `craft_elements` (`id`) ON DELETE CASCADE,
	ADD CONSTRAINT `craft_matrixcontent_knowledge_locale_fk` FOREIGN KEY (`locale`) REFERENCES `craft_locales` (`locale`) ON DELETE CASCADE ON UPDATE CASCADE;

--
-- Constraints for table `craft_matrixcontent_ourapproach`
--
ALTER TABLE `craft_matrixcontent_ourapproach`
	ADD CONSTRAINT `craft_matrixcontent_ourapproach_elementId_fk` FOREIGN KEY (`elementId`) REFERENCES `craft_elements` (`id`) ON DELETE CASCADE,
	ADD CONSTRAINT `craft_matrixcontent_ourapproach_locale_fk` FOREIGN KEY (`locale`) REFERENCES `craft_locales` (`locale`) ON DELETE CASCADE ON UPDATE CASCADE;

--
-- Constraints for table `craft_matrixcontent_ournavigators`
--
ALTER TABLE `craft_matrixcontent_ournavigators`
	ADD CONSTRAINT `craft_matrixcontent_ournavigators_elementId_fk` FOREIGN KEY (`elementId`) REFERENCES `craft_elements` (`id`) ON DELETE CASCADE,
	ADD CONSTRAINT `craft_matrixcontent_ournavigators_locale_fk` FOREIGN KEY (`locale`) REFERENCES `craft_locales` (`locale`) ON DELETE CASCADE ON UPDATE CASCADE;

--
-- Constraints for table `craft_matrixcontent_pathpagesections`
--
ALTER TABLE `craft_matrixcontent_pathpagesections`
	ADD CONSTRAINT `craft_matrixcontent_pathpagesections_elementId_fk` FOREIGN KEY (`elementId`) REFERENCES `craft_elements` (`id`) ON DELETE CASCADE,
	ADD CONSTRAINT `craft_matrixcontent_pathpagesections_locale_fk` FOREIGN KEY (`locale`) REFERENCES `craft_locales` (`locale`) ON DELETE CASCADE ON UPDATE CASCADE;

--
-- Constraints for table `craft_matrixcontent_people`
--
ALTER TABLE `craft_matrixcontent_people`
	ADD CONSTRAINT `craft_matrixcontent_people_elementId_fk` FOREIGN KEY (`elementId`) REFERENCES `craft_elements` (`id`) ON DELETE CASCADE,
	ADD CONSTRAINT `craft_matrixcontent_people_locale_fk` FOREIGN KEY (`locale`) REFERENCES `craft_locales` (`locale`) ON DELETE CASCADE ON UPDATE CASCADE;

--
-- Constraints for table `craft_matrixcontent_principles`
--
ALTER TABLE `craft_matrixcontent_principles`
	ADD CONSTRAINT `craft_matrixcontent_principles_elementId_fk` FOREIGN KEY (`elementId`) REFERENCES `craft_elements` (`id`) ON DELETE CASCADE,
	ADD CONSTRAINT `craft_matrixcontent_principles_locale_fk` FOREIGN KEY (`locale`) REFERENCES `craft_locales` (`locale`) ON DELETE CASCADE ON UPDATE CASCADE;

--
-- Constraints for table `craft_matrixcontent_userpaths`
--
ALTER TABLE `craft_matrixcontent_userpaths`
	ADD CONSTRAINT `craft_matrixcontent_userpaths_elementId_fk` FOREIGN KEY (`elementId`) REFERENCES `craft_elements` (`id`) ON DELETE CASCADE,
	ADD CONSTRAINT `craft_matrixcontent_userpaths_locale_fk` FOREIGN KEY (`locale`) REFERENCES `craft_locales` (`locale`) ON DELETE CASCADE ON UPDATE CASCADE;

--
-- Constraints for table `craft_migrations`
--
ALTER TABLE `craft_migrations`
	ADD CONSTRAINT `craft_migrations_pluginId_fk` FOREIGN KEY (`pluginId`) REFERENCES `craft_plugins` (`id`) ON DELETE CASCADE;

--
-- Constraints for table `craft_relations`
--
ALTER TABLE `craft_relations`
	ADD CONSTRAINT `craft_relations_fieldId_fk` FOREIGN KEY (`fieldId`) REFERENCES `craft_fields` (`id`) ON DELETE CASCADE,
	ADD CONSTRAINT `craft_relations_sourceId_fk` FOREIGN KEY (`sourceId`) REFERENCES `craft_elements` (`id`) ON DELETE CASCADE,
	ADD CONSTRAINT `craft_relations_sourceLocale_fk` FOREIGN KEY (`sourceLocale`) REFERENCES `craft_locales` (`locale`) ON DELETE CASCADE ON UPDATE CASCADE,
	ADD CONSTRAINT `craft_relations_targetId_fk` FOREIGN KEY (`targetId`) REFERENCES `craft_elements` (`id`) ON DELETE CASCADE;

--
-- Constraints for table `craft_routes`
--
ALTER TABLE `craft_routes`
	ADD CONSTRAINT `craft_routes_locale_fk` FOREIGN KEY (`locale`) REFERENCES `craft_locales` (`locale`) ON DELETE CASCADE ON UPDATE CASCADE;

--
-- Constraints for table `craft_sections`
--
ALTER TABLE `craft_sections`
	ADD CONSTRAINT `craft_sections_structureId_fk` FOREIGN KEY (`structureId`) REFERENCES `craft_structures` (`id`) ON DELETE SET NULL;

--
-- Constraints for table `craft_sections_i18n`
--
ALTER TABLE `craft_sections_i18n`
	ADD CONSTRAINT `craft_sections_i18n_locale_fk` FOREIGN KEY (`locale`) REFERENCES `craft_locales` (`locale`) ON DELETE CASCADE ON UPDATE CASCADE,
	ADD CONSTRAINT `craft_sections_i18n_sectionId_fk` FOREIGN KEY (`sectionId`) REFERENCES `craft_sections` (`id`) ON DELETE CASCADE;

--
-- Constraints for table `craft_sessions`
--
ALTER TABLE `craft_sessions`
	ADD CONSTRAINT `craft_sessions_userId_fk` FOREIGN KEY (`userId`) REFERENCES `craft_users` (`id`) ON DELETE CASCADE;

--
-- Constraints for table `craft_shunnedmessages`
--
ALTER TABLE `craft_shunnedmessages`
	ADD CONSTRAINT `craft_shunnedmessages_userId_fk` FOREIGN KEY (`userId`) REFERENCES `craft_users` (`id`) ON DELETE CASCADE;

--
-- Constraints for table `craft_structureelements`
--
ALTER TABLE `craft_structureelements`
	ADD CONSTRAINT `craft_structureelements_elementId_fk` FOREIGN KEY (`elementId`) REFERENCES `craft_elements` (`id`) ON DELETE CASCADE,
	ADD CONSTRAINT `craft_structureelements_structureId_fk` FOREIGN KEY (`structureId`) REFERENCES `craft_structures` (`id`) ON DELETE CASCADE;

--
-- Constraints for table `craft_taggroups`
--
ALTER TABLE `craft_taggroups`
	ADD CONSTRAINT `craft_taggroups_fieldLayoutId_fk` FOREIGN KEY (`fieldLayoutId`) REFERENCES `craft_fieldlayouts` (`id`) ON DELETE SET NULL;

--
-- Constraints for table `craft_tags`
--
ALTER TABLE `craft_tags`
	ADD CONSTRAINT `craft_tags_groupId_fk` FOREIGN KEY (`groupId`) REFERENCES `craft_taggroups` (`id`) ON DELETE CASCADE,
	ADD CONSTRAINT `craft_tags_id_fk` FOREIGN KEY (`id`) REFERENCES `craft_elements` (`id`) ON DELETE CASCADE;

--
-- Constraints for table `craft_templatecachecriteria`
--
ALTER TABLE `craft_templatecachecriteria`
	ADD CONSTRAINT `craft_templatecachecriteria_cacheId_fk` FOREIGN KEY (`cacheId`) REFERENCES `craft_templatecaches` (`id`) ON DELETE CASCADE;

--
-- Constraints for table `craft_templatecacheelements`
--
ALTER TABLE `craft_templatecacheelements`
	ADD CONSTRAINT `craft_templatecacheelements_cacheId_fk` FOREIGN KEY (`cacheId`) REFERENCES `craft_templatecaches` (`id`) ON DELETE CASCADE,
	ADD CONSTRAINT `craft_templatecacheelements_elementId_fk` FOREIGN KEY (`elementId`) REFERENCES `craft_elements` (`id`) ON DELETE CASCADE;

--
-- Constraints for table `craft_templatecaches`
--
ALTER TABLE `craft_templatecaches`
	ADD CONSTRAINT `craft_templatecaches_locale_fk` FOREIGN KEY (`locale`) REFERENCES `craft_locales` (`locale`) ON DELETE CASCADE ON UPDATE CASCADE;

--
-- Constraints for table `craft_usergroups_users`
--
ALTER TABLE `craft_usergroups_users`
	ADD CONSTRAINT `craft_usergroups_users_groupId_fk` FOREIGN KEY (`groupId`) REFERENCES `craft_usergroups` (`id`) ON DELETE CASCADE,
	ADD CONSTRAINT `craft_usergroups_users_userId_fk` FOREIGN KEY (`userId`) REFERENCES `craft_users` (`id`) ON DELETE CASCADE;

--
-- Constraints for table `craft_userpermissions_usergroups`
--
ALTER TABLE `craft_userpermissions_usergroups`
	ADD CONSTRAINT `craft_userpermissions_usergroups_groupId_fk` FOREIGN KEY (`groupId`) REFERENCES `craft_usergroups` (`id`) ON DELETE CASCADE,
	ADD CONSTRAINT `craft_userpermissions_usergroups_permissionId_fk` FOREIGN KEY (`permissionId`) REFERENCES `craft_userpermissions` (`id`) ON DELETE CASCADE;

--
-- Constraints for table `craft_userpermissions_users`
--
ALTER TABLE `craft_userpermissions_users`
	ADD CONSTRAINT `craft_userpermissions_users_permissionId_fk` FOREIGN KEY (`permissionId`) REFERENCES `craft_userpermissions` (`id`) ON DELETE CASCADE,
	ADD CONSTRAINT `craft_userpermissions_users_userId_fk` FOREIGN KEY (`userId`) REFERENCES `craft_users` (`id`) ON DELETE CASCADE;

--
-- Constraints for table `craft_users`
--
ALTER TABLE `craft_users`
	ADD CONSTRAINT `craft_users_id_fk` FOREIGN KEY (`id`) REFERENCES `craft_elements` (`id`) ON DELETE CASCADE,
	ADD CONSTRAINT `craft_users_preferredLocale_fk` FOREIGN KEY (`preferredLocale`) REFERENCES `craft_locales` (`locale`) ON DELETE SET NULL ON UPDATE CASCADE;

--
-- Constraints for table `craft_widgets`
--
ALTER TABLE `craft_widgets`
	ADD CONSTRAINT `craft_widgets_userId_fk` FOREIGN KEY (`userId`) REFERENCES `craft_users` (`id`) ON DELETE CASCADE;

SET FOREIGN_KEY_CHECKS = 1;
