-- Generated by Craft v2.6.2954 on Jan 3, 2017, 4:40:36 PM.

--
-- Disable foreign key checks and autocommit.
--

SET FOREIGN_KEY_CHECKS = 0;
SET SQL_MODE = "NO_AUTO_VALUE_ON_ZERO";
SET AUTOCOMMIT = 0;
SET NAMES utf8;


DROP TABLE IF EXISTS `craft_assetfiles`;


--
-- Schema for table `craft_assetfiles`
--
CREATE TABLE `craft_assetfiles` (
  `id` int(11) NOT NULL,
  `sourceId` int(11) DEFAULT NULL,
  `folderId` int(11) NOT NULL,
  `filename` varchar(255) COLLATE utf8_unicode_ci NOT NULL,
  `kind` varchar(50) COLLATE utf8_unicode_ci NOT NULL DEFAULT 'unknown',
  `width` int(11) unsigned DEFAULT NULL,
  `height` int(11) unsigned DEFAULT NULL,
  `size` bigint(20) unsigned DEFAULT NULL,
  `dateModified` datetime DEFAULT NULL,
  `dateCreated` datetime NOT NULL,
  `dateUpdated` datetime NOT NULL,
  `uid` char(36) COLLATE utf8_unicode_ci NOT NULL DEFAULT '0',
  PRIMARY KEY (`id`),
  UNIQUE KEY `craft_assetfiles_filename_folderId_unq_idx` (`filename`,`folderId`),
  KEY `craft_assetfiles_sourceId_fk` (`sourceId`),
  KEY `craft_assetfiles_folderId_fk` (`folderId`)
) ENGINE=InnoDB DEFAULT CHARSET=utf8 COLLATE=utf8_unicode_ci;

--
-- Data for table `craft_assetfiles`
--

INSERT INTO `craft_assetfiles` (`id`, `sourceId`, `folderId`, `filename`, `kind`, `width`, `height`, `size`, `dateModified`, `dateCreated`, `dateUpdated`, `uid`) VALUES
 ('36', '2', '2', 'Dawn-Hancock-HI-BW.jpg', 'image', '1000', '1390', '260606', '2016-12-15 20:22:44', '2016-12-13 21:48:39', '2016-12-18 01:30:15', 'de4a7baf-c338-4d01-8e29-2d4683726a0d'),
 ('37', '2', '2', '15FB_Portfolio-People_will02.jpg', 'image', '2000', '1333', '1550758', '2016-12-15 20:22:55', '2016-12-13 21:54:21', '2016-12-18 01:30:14', '5f46f262-25c8-4188-a942-557cf73e5167'),
 ('134', '2', '2', '15FB_Portfolio-People_0005C.jpg', 'image', '2250', '1500', '1417023', '2016-12-15 20:23:37', '2016-12-16 21:36:59', '2016-12-18 01:30:13', '26d5be28-c87c-420c-b325-0e00a6b68024'),
 ('135', '2', '2', '15FB_Portfolio-People_0006.jpg', 'image', '2000', '1334', '856719', '2016-12-15 20:24:16', '2016-12-16 21:37:00', '2016-12-18 01:30:13', 'eb1e3a07-96a1-433e-9ff1-853d9e359596'),
 ('136', '2', '2', '15FB_Portfolio-People_0009.jpg', 'image', '2000', '1333', '1157168', '2016-12-15 20:24:16', '2016-12-16 21:37:00', '2016-12-18 01:30:13', 'fdce44b3-c3ae-469d-b779-54572ad0c245'),
 ('137', '2', '2', '15FB_Portfolio-People_0008.jpg', 'image', '2000', '1333', '980007', '2016-12-15 20:23:16', '2016-12-16 21:37:00', '2016-12-18 01:30:14', '1f9fa29a-629c-429f-a74d-d9341640a8a1'),
 ('138', '2', '2', '15FB_Portfolio-People_0010.jpg', 'image', '2000', '1333', '861895', '2016-12-15 20:24:16', '2016-12-16 21:37:00', '2016-12-18 01:30:14', '9371ef63-5be5-49f3-8517-fd8701fcd7ff'),
 ('139', '2', '2', '15FB_Portfolio-People_0011.jpg', 'image', '2000', '1334', '1194889', '2016-12-15 20:24:17', '2016-12-16 21:37:01', '2016-12-18 01:30:14', 'ffecc2ec-d6ab-4b04-a9a3-8808ddbd62f3'),
 ('140', '2', '2', 'ali.jpg', 'image', '1800', '1200', '341164', '2016-12-15 20:23:22', '2016-12-16 21:37:01', '2016-12-18 01:30:15', '0d58948a-ea5b-473e-9120-e5be628755a2'),
 ('141', '2', '2', 'bryant.jpg', 'image', '1800', '1200', '136419', '2016-12-15 20:24:17', '2016-12-16 21:37:02', '2016-12-18 01:30:15', '9f4b616f-96c9-46eb-9030-dc05a99c947b'),
 ('142', '2', '2', 'ross_photo.jpg', 'image', '2000', '1333', '1096737', '2016-12-15 20:24:16', '2016-12-16 21:37:02', '2016-12-18 01:30:15', '61e898c1-f2a9-4260-9c1f-83bf21b2becf');



DROP TABLE IF EXISTS `craft_assetfolders`;


--
-- Schema for table `craft_assetfolders`
--
CREATE TABLE `craft_assetfolders` (
  `id` int(11) NOT NULL AUTO_INCREMENT,
  `parentId` int(11) DEFAULT NULL,
  `sourceId` int(11) DEFAULT NULL,
  `name` varchar(255) COLLATE utf8_unicode_ci NOT NULL,
  `path` varchar(255) COLLATE utf8_unicode_ci DEFAULT NULL,
  `dateCreated` datetime NOT NULL,
  `dateUpdated` datetime NOT NULL,
  `uid` char(36) COLLATE utf8_unicode_ci NOT NULL DEFAULT '0',
  PRIMARY KEY (`id`),
  UNIQUE KEY `craft_assetfolders_name_parentId_sourceId_unq_idx` (`name`,`parentId`,`sourceId`),
  KEY `craft_assetfolders_parentId_fk` (`parentId`),
  KEY `craft_assetfolders_sourceId_fk` (`sourceId`)
) ENGINE=InnoDB AUTO_INCREMENT=53 DEFAULT CHARSET=utf8 COLLATE=utf8_unicode_ci;

--
-- Data for table `craft_assetfolders`
--

INSERT INTO `craft_assetfolders` (`id`, `parentId`, `sourceId`, `name`, `path`, `dateCreated`, `dateUpdated`, `uid`) VALUES
 ('2', NULL, '2', 'People', '', '2016-10-10 21:05:45', '2016-10-10 21:05:45', '1fefd76c-53d4-4ecf-aef2-6e1796117a97'),
 ('5', NULL, NULL, 'Temporary source', NULL, '2016-10-17 22:31:21', '2016-10-17 22:31:21', '49f672a9-27e1-4d37-9f3a-e430978c1d03'),
 ('6', '5', NULL, 'user_1', NULL, '2016-10-17 22:31:21', '2016-10-17 22:31:21', '7d46358b-4fc0-4ac2-97f3-4bff8bf4d814'),
 ('7', '6', NULL, 'field_27', 'field_27/', '2016-10-17 22:31:21', '2016-10-17 22:31:21', '24e84e57-b8db-4c7a-bbe6-8df9cb55ef1e'),
 ('9', '6', NULL, 'field_3', 'field_3/', '2016-12-14 15:57:03', '2016-12-14 15:57:03', '8f4aea57-144b-4e92-a46d-168b5717fd27'),
 ('10', '6', NULL, 'field_4', 'field_4/', '2016-12-14 15:57:03', '2016-12-14 15:57:03', 'ca753fa2-0135-459b-af65-9316ec57e751'),
 ('52', NULL, '5', 'Principals', '', '2016-12-20 21:42:45', '2016-12-20 21:42:45', 'b4c03f1f-c76b-414d-b34b-9754334eca30');



DROP TABLE IF EXISTS `craft_assetindexdata`;


--
-- Schema for table `craft_assetindexdata`
--
CREATE TABLE `craft_assetindexdata` (
  `id` int(11) NOT NULL AUTO_INCREMENT,
  `sessionId` varchar(36) COLLATE utf8_unicode_ci NOT NULL DEFAULT '',
  `sourceId` int(10) NOT NULL,
  `offset` int(10) NOT NULL,
  `uri` varchar(255) COLLATE utf8_unicode_ci DEFAULT NULL,
  `size` varchar(255) COLLATE utf8_unicode_ci DEFAULT NULL,
  `recordId` int(10) DEFAULT NULL,
  `dateCreated` datetime NOT NULL,
  `dateUpdated` datetime NOT NULL,
  `uid` char(36) COLLATE utf8_unicode_ci NOT NULL DEFAULT '0',
  PRIMARY KEY (`id`),
  UNIQUE KEY `craft_assetindexdata_sessionId_sourceId_offset_unq_idx` (`sessionId`,`sourceId`,`offset`),
  KEY `craft_assetindexdata_sourceId_fk` (`sourceId`)
) ENGINE=InnoDB DEFAULT CHARSET=utf8 COLLATE=utf8_unicode_ci;

DROP TABLE IF EXISTS `craft_assetsources`;


--
-- Schema for table `craft_assetsources`
--
CREATE TABLE `craft_assetsources` (
  `id` int(11) NOT NULL AUTO_INCREMENT,
  `name` varchar(255) COLLATE utf8_unicode_ci NOT NULL,
  `handle` varchar(255) COLLATE utf8_unicode_ci NOT NULL,
  `type` varchar(150) COLLATE utf8_unicode_ci NOT NULL,
  `settings` text COLLATE utf8_unicode_ci,
  `sortOrder` smallint(6) unsigned DEFAULT NULL,
  `fieldLayoutId` int(10) DEFAULT NULL,
  `dateCreated` datetime NOT NULL,
  `dateUpdated` datetime NOT NULL,
  `uid` char(36) COLLATE utf8_unicode_ci NOT NULL DEFAULT '0',
  PRIMARY KEY (`id`),
  UNIQUE KEY `craft_assetsources_name_unq_idx` (`name`),
  UNIQUE KEY `craft_assetsources_handle_unq_idx` (`handle`),
  KEY `craft_assetsources_fieldLayoutId_fk` (`fieldLayoutId`)
) ENGINE=InnoDB AUTO_INCREMENT=6 DEFAULT CHARSET=utf8 COLLATE=utf8_unicode_ci;

--
-- Data for table `craft_assetsources`
--

INSERT INTO `craft_assetsources` (`id`, `name`, `handle`, `type`, `settings`, `sortOrder`, `fieldLayoutId`, `dateCreated`, `dateUpdated`, `uid`) VALUES
 ('2', 'People', 'people', 'Local', '{\"path\":\"uploads\\/people\\/\",\"publicURLs\":\"1\",\"url\":\"\\/uploads\\/people\\/\"}', '2', '58', '2016-10-10 21:05:45', '2016-10-17 23:05:25', 'cd389634-6297-4886-ac1a-17f7ff2050c8'),
 ('5', 'Principals', 'principals', 'Local', '{\"path\":\"uploads\\/principals\\/\",\"publicURLs\":\"1\",\"url\":\"\\/uploads\\/principals\\/\"}', '5', '107', '2016-12-20 21:42:45', '2016-12-20 21:42:45', 'dbef2f54-301b-47da-b955-8b853381b632');



DROP TABLE IF EXISTS `craft_assettransformindex`;


--
-- Schema for table `craft_assettransformindex`
--
CREATE TABLE `craft_assettransformindex` (
  `id` int(11) NOT NULL AUTO_INCREMENT,
  `fileId` int(11) NOT NULL,
  `filename` varchar(255) COLLATE utf8_unicode_ci DEFAULT NULL,
  `format` varchar(255) COLLATE utf8_unicode_ci DEFAULT NULL,
  `location` varchar(255) COLLATE utf8_unicode_ci NOT NULL,
  `sourceId` int(11) DEFAULT NULL,
  `fileExists` tinyint(1) DEFAULT NULL,
  `inProgress` tinyint(1) DEFAULT NULL,
  `dateIndexed` datetime DEFAULT NULL,
  `dateCreated` datetime NOT NULL,
  `dateUpdated` datetime NOT NULL,
  `uid` char(36) COLLATE utf8_unicode_ci NOT NULL DEFAULT '0',
  PRIMARY KEY (`id`),
  KEY `craft_assettransformindex_sourceId_fileId_location_idx` (`sourceId`,`fileId`,`location`)
) ENGINE=InnoDB AUTO_INCREMENT=351 DEFAULT CHARSET=utf8 COLLATE=utf8_unicode_ci;

DROP TABLE IF EXISTS `craft_assettransforms`;


--
-- Schema for table `craft_assettransforms`
--
CREATE TABLE `craft_assettransforms` (
  `id` int(11) NOT NULL AUTO_INCREMENT,
  `name` varchar(255) COLLATE utf8_unicode_ci NOT NULL,
  `handle` varchar(255) COLLATE utf8_unicode_ci NOT NULL,
  `mode` enum('stretch','fit','crop') COLLATE utf8_unicode_ci NOT NULL DEFAULT 'crop',
  `position` enum('top-left','top-center','top-right','center-left','center-center','center-right','bottom-left','bottom-center','bottom-right') COLLATE utf8_unicode_ci NOT NULL DEFAULT 'center-center',
  `height` int(10) DEFAULT NULL,
  `width` int(10) DEFAULT NULL,
  `format` varchar(255) COLLATE utf8_unicode_ci DEFAULT NULL,
  `quality` int(10) DEFAULT NULL,
  `dimensionChangeTime` datetime DEFAULT NULL,
  `dateCreated` datetime NOT NULL,
  `dateUpdated` datetime NOT NULL,
  `uid` char(36) COLLATE utf8_unicode_ci NOT NULL DEFAULT '0',
  PRIMARY KEY (`id`),
  UNIQUE KEY `craft_assettransforms_name_unq_idx` (`name`),
  UNIQUE KEY `craft_assettransforms_handle_unq_idx` (`handle`)
) ENGINE=InnoDB AUTO_INCREMENT=5 DEFAULT CHARSET=utf8 COLLATE=utf8_unicode_ci;

--
-- Data for table `craft_assettransforms`
--

INSERT INTO `craft_assettransforms` (`id`, `name`, `handle`, `mode`, `position`, `height`, `width`, `format`, `quality`, `dimensionChangeTime`, `dateCreated`, `dateUpdated`, `uid`) VALUES
 ('1', 'Project Thumb', 'projectThumb', 'crop', 'center-center', '600', '800', NULL, NULL, '2016-10-10 21:10:33', '2016-10-10 21:10:33', '2016-10-10 21:10:33', 'ee0e3a10-8a6c-419f-884f-be44c8c3550f'),
 ('3', 'Hero', 'hero', 'fit', 'center-center', '1350', '1800', NULL, NULL, '2016-12-12 22:44:46', '2016-12-12 22:44:46', '2016-12-12 22:44:46', 'd13aab8e-a0af-4784-a02f-ba9b5c5a358e'),
 ('4', 'Project Thumb Small', 'projectThumbSmall', 'crop', 'center-center', '300', '400', NULL, NULL, '2016-12-13 23:42:37', '2016-12-13 23:42:37', '2016-12-13 23:42:37', 'fc75fc60-946d-4d8e-8ab6-5a530e440b2f');



DROP TABLE IF EXISTS `craft_categories`;


--
-- Schema for table `craft_categories`
--
CREATE TABLE `craft_categories` (
  `id` int(11) NOT NULL,
  `groupId` int(11) NOT NULL,
  `dateCreated` datetime NOT NULL,
  `dateUpdated` datetime NOT NULL,
  `uid` char(36) COLLATE utf8_unicode_ci NOT NULL DEFAULT '0',
  PRIMARY KEY (`id`),
  KEY `craft_categories_groupId_fk` (`groupId`)
) ENGINE=InnoDB DEFAULT CHARSET=utf8 COLLATE=utf8_unicode_ci;

--
-- Data for table `craft_categories`
--

INSERT INTO `craft_categories` (`id`, `groupId`, `dateCreated`, `dateUpdated`, `uid`) VALUES
 ('2834', '4', '2016-12-20 20:13:25', '2016-12-20 20:13:25', 'a692ed90-e56b-4b39-a0ec-495f26e96ce7'),
 ('2835', '4', '2016-12-20 20:14:01', '2016-12-20 20:14:01', 'b1c6e501-fab5-4c10-9691-2bd39bd36539'),
 ('2836', '3', '2016-12-20 20:17:06', '2016-12-20 20:17:06', 'e422dacb-1f67-4d98-841f-ae392cc4b746'),
 ('2837', '3', '2016-12-20 20:17:23', '2016-12-20 20:17:23', 'feb482ea-4c79-4483-9f50-828f7af3b767'),
 ('2838', '3', '2016-12-20 20:17:41', '2016-12-20 20:17:41', '6b943b8f-5d62-46fe-9185-16d24b73b1bf');



DROP TABLE IF EXISTS `craft_categorygroups`;


--
-- Schema for table `craft_categorygroups`
--
CREATE TABLE `craft_categorygroups` (
  `id` int(11) NOT NULL AUTO_INCREMENT,
  `structureId` int(11) NOT NULL,
  `fieldLayoutId` int(11) DEFAULT NULL,
  `name` varchar(255) COLLATE utf8_unicode_ci NOT NULL,
  `handle` varchar(255) COLLATE utf8_unicode_ci NOT NULL,
  `hasUrls` tinyint(1) unsigned NOT NULL DEFAULT '1',
  `template` varchar(500) COLLATE utf8_unicode_ci DEFAULT NULL,
  `dateCreated` datetime NOT NULL,
  `dateUpdated` datetime NOT NULL,
  `uid` char(36) COLLATE utf8_unicode_ci NOT NULL DEFAULT '0',
  PRIMARY KEY (`id`),
  UNIQUE KEY `craft_categorygroups_name_unq_idx` (`name`),
  UNIQUE KEY `craft_categorygroups_handle_unq_idx` (`handle`),
  KEY `craft_categorygroups_structureId_fk` (`structureId`),
  KEY `craft_categorygroups_fieldLayoutId_fk` (`fieldLayoutId`)
) ENGINE=InnoDB AUTO_INCREMENT=5 DEFAULT CHARSET=utf8 COLLATE=utf8_unicode_ci;

--
-- Data for table `craft_categorygroups`
--

INSERT INTO `craft_categorygroups` (`id`, `structureId`, `fieldLayoutId`, `name`, `handle`, `hasUrls`, `template`, `dateCreated`, `dateUpdated`, `uid`) VALUES
 ('2', '5', '101', 'Topic', 'topic', '1', 'resources/topic', '2016-12-20 20:07:11', '2016-12-20 20:07:11', '78ac290e-3605-4feb-a012-f9becfd0b9d6'),
 ('3', '6', '102', 'Category', 'category', '1', 'blog/category', '2016-12-20 20:07:46', '2016-12-20 20:07:46', 'c125af50-39b3-40f5-8f0d-178d4dfe0bbb'),
 ('4', '7', '103', 'Tag', 'tag', '1', 'blog/tag', '2016-12-20 20:08:03', '2016-12-20 20:08:03', '5c88aaf0-e532-4d15-b87a-a3e733acb847');



DROP TABLE IF EXISTS `craft_categorygroups_i18n`;


--
-- Schema for table `craft_categorygroups_i18n`
--
CREATE TABLE `craft_categorygroups_i18n` (
  `id` int(11) NOT NULL AUTO_INCREMENT,
  `groupId` int(11) NOT NULL,
  `locale` char(12) COLLATE utf8_unicode_ci NOT NULL,
  `urlFormat` text COLLATE utf8_unicode_ci,
  `nestedUrlFormat` text COLLATE utf8_unicode_ci,
  `dateCreated` datetime NOT NULL,
  `dateUpdated` datetime NOT NULL,
  `uid` char(36) COLLATE utf8_unicode_ci NOT NULL DEFAULT '0',
  PRIMARY KEY (`id`),
  UNIQUE KEY `craft_categorygroups_i18n_groupId_locale_unq_idx` (`groupId`,`locale`),
  KEY `craft_categorygroups_i18n_locale_fk` (`locale`)
) ENGINE=InnoDB AUTO_INCREMENT=5 DEFAULT CHARSET=utf8 COLLATE=utf8_unicode_ci;

--
-- Data for table `craft_categorygroups_i18n`
--

INSERT INTO `craft_categorygroups_i18n` (`id`, `groupId`, `locale`, `urlFormat`, `nestedUrlFormat`, `dateCreated`, `dateUpdated`, `uid`) VALUES
 ('2', '2', 'en_us', 'resources/topic/{slug}', '{parent.uri}/{slug}', '2016-12-20 20:07:11', '2016-12-20 20:07:11', 'f270a75c-a93a-4fb8-bd1c-6fb5bdda6210'),
 ('3', '3', 'en_us', 'blog/category/{slug}', '{parent.uri}/{slug}', '2016-12-20 20:07:46', '2016-12-20 20:07:46', 'b2753c5d-3db8-44dd-9c5b-78b29d90c0e6'),
 ('4', '4', 'en_us', 'blog/tag/{slug}', '{parent.uri}/{slug}', '2016-12-20 20:08:03', '2016-12-20 20:08:03', '0e7331cd-cdfc-498e-ba54-f50c95bc2558');



DROP TABLE IF EXISTS `craft_content`;


--
-- Schema for table `craft_content`
--
CREATE TABLE `craft_content` (
  `id` int(11) NOT NULL AUTO_INCREMENT,
  `elementId` int(11) NOT NULL,
  `locale` char(12) COLLATE utf8_unicode_ci NOT NULL,
  `title` varchar(255) COLLATE utf8_unicode_ci DEFAULT NULL,
  `field_seoTitle` varchar(69) COLLATE utf8_unicode_ci DEFAULT NULL,
  `field_seoDescription` varchar(155) COLLATE utf8_unicode_ci DEFAULT NULL,
  `dateCreated` datetime NOT NULL,
  `dateUpdated` datetime NOT NULL,
  `uid` char(36) COLLATE utf8_unicode_ci NOT NULL DEFAULT '0',
  PRIMARY KEY (`id`),
  UNIQUE KEY `craft_content_elementId_locale_unq_idx` (`elementId`,`locale`),
  KEY `craft_content_title_idx` (`title`),
  KEY `craft_content_locale_fk` (`locale`)
) ENGINE=InnoDB AUTO_INCREMENT=2627 DEFAULT CHARSET=utf8 COLLATE=utf8_unicode_ci;

--
-- Data for table `craft_content`
--

INSERT INTO `craft_content` (`id`, `elementId`, `locale`, `title`, `field_seoTitle`, `field_seoDescription`, `dateCreated`, `dateUpdated`, `uid`) VALUES
 ('1', '1', 'en_us', NULL, NULL, NULL, '2016-10-10 20:59:13', '2016-10-10 20:59:13', '99094cf8-2d10-4c1e-be6a-3783fd68f645'),
 ('2', '2', 'en_us', 'Homepage', NULL, NULL, '2016-10-10 20:59:13', '2016-12-14 20:30:01', '99eb363d-2bcc-4899-8dcd-ea2bd2480804'),
 ('4', '4', 'en_us', NULL, NULL, NULL, '2016-10-10 21:49:00', '2016-10-10 21:49:12', '07066ed1-dc33-48ae-950a-951e458533e9'),
 ('17', '19', 'en_us', 'Brand Strategy', NULL, NULL, '2016-10-17 22:37:51', '2016-10-17 22:37:51', '5b1f5fbe-df6c-4f0f-b709-c4216366ba97'),
 ('18', '20', 'en_us', 'Digital Experience', NULL, NULL, '2016-10-17 22:37:59', '2016-10-17 22:37:59', '6aae91d3-8fd7-4b76-aa56-b7eecaf0eb49'),
 ('31', '36', 'en_us', 'Dawn Hancock Hi Bw', NULL, NULL, '2016-12-13 21:48:39', '2016-12-18 01:30:14', '19cbe932-0dc3-4fcc-afe4-15025a5d5213'),
 ('32', '37', 'en_us', '15 Fb Portfolio People Will02', NULL, NULL, '2016-12-13 21:54:21', '2016-12-18 01:30:14', '2de00fc3-7254-4e2d-841c-0625636fd5ee'),
 ('99', '134', 'en_us', '15 Fb  Portfolio  People 0005 C', NULL, NULL, '2016-12-16 21:36:59', '2016-12-18 01:30:13', 'a0827b78-5390-4c14-aa30-b47b85fbb01f'),
 ('100', '135', 'en_us', '15 Fb  Portfolio  People 0006', NULL, NULL, '2016-12-16 21:37:00', '2016-12-18 01:30:13', '81732ab7-355a-4403-941f-af69912f5383'),
 ('101', '136', 'en_us', '15 Fb  Portfolio  People 0009', NULL, NULL, '2016-12-16 21:37:00', '2016-12-18 01:30:13', 'd2fade63-3076-4705-8286-b76c11d7f23f'),
 ('102', '137', 'en_us', '15 Fb  Portfolio  People 0008', NULL, NULL, '2016-12-16 21:37:00', '2016-12-18 01:30:14', '30c8763c-fd73-4dd7-9140-e766353a280e'),
 ('103', '138', 'en_us', '15 Fb  Portfolio  People 0010', NULL, NULL, '2016-12-16 21:37:00', '2016-12-18 01:30:14', '90347c3b-9276-493e-929b-4363dbe7a39d'),
 ('104', '139', 'en_us', '15 Fb  Portfolio  People 0011', NULL, NULL, '2016-12-16 21:37:01', '2016-12-18 01:30:14', 'dca4e93f-5978-4d74-8b40-48ef064acb1f'),
 ('105', '140', 'en_us', 'Ali', NULL, NULL, '2016-12-16 21:37:01', '2016-12-18 01:30:15', '7b98dfd1-83a3-4eff-9082-eba3af504e50'),
 ('106', '141', 'en_us', 'Bryant', NULL, NULL, '2016-12-16 21:37:02', '2016-12-18 01:30:15', '43898878-78cc-497a-919d-cdb9c3c3c374'),
 ('107', '142', 'en_us', 'Ross Photo', NULL, NULL, '2016-12-16 21:37:02', '2016-12-18 01:30:15', '7e638a8b-89ca-40d2-ba67-ccab756bec75'),
 ('2522', '2598', 'en_us', 'Community Development', NULL, NULL, '2016-12-19 08:58:32', '2016-12-19 08:58:32', '97331d30-374b-4c90-829b-efa5b677f3aa'),
 ('2524', '2689', 'en_us', 'Social Design', NULL, NULL, '2016-12-19 10:20:06', '2016-12-19 10:20:06', '57b4c96c-f80d-4b98-bdf6-f429aea4bd6e'),
 ('2525', '2747', 'en_us', 'Firebelly Family', NULL, NULL, '2016-12-19 11:41:38', '2016-12-19 11:41:38', '35ffe502-c4c4-43d9-912b-60e75cfd9fcf'),
 ('2567', '2789', 'en_us', 'Reason To Give', NULL, NULL, '2016-12-19 12:01:51', '2016-12-19 12:01:51', '879e8a60-08fb-4397-8ccf-283fe470c02d'),
 ('2568', '2790', 'en_us', 'Change the World', NULL, NULL, '2016-12-19 12:01:56', '2016-12-19 12:01:56', '8767a2d6-c706-4f5f-a14f-49a8f10a125f'),
 ('2571', '2793', 'en_us', 'Chicago Design', NULL, NULL, '2016-12-19 12:08:10', '2016-12-19 12:16:30', '144f85c2-7937-43b0-9b3b-e7e2d2b60478'),
 ('2572', '2794', 'en_us', 'Typography', NULL, NULL, '2016-12-19 12:08:15', '2016-12-19 12:08:15', '0d2efbc3-7eef-4fc4-9e11-1416fc3e494a'),
 ('2580', '2802', 'en_us', 'Socially Responsible', NULL, NULL, '2016-12-19 12:16:44', '2016-12-19 12:16:44', 'fa65735c-e581-4c42-9586-34f92b359ca0'),
 ('2582', '2804', 'en_us', 'Writing for the Web', NULL, NULL, '2016-12-19 12:19:48', '2016-12-19 12:20:02', '3a2e43e8-9266-41c5-a0b8-82919eee3cba'),
 ('2583', '2805', 'en_us', 'Lunch-n-Learn', NULL, NULL, '2016-12-19 12:20:13', '2016-12-19 12:20:13', '1b57c050-fab5-4a55-81e4-8677a5437220'),
 ('2586', '2808', 'en_us', 'Field Trip', NULL, NULL, '2016-12-19 12:24:40', '2016-12-19 12:24:40', '8c39587a-8448-41dc-b8a6-d114d78d4698'),
 ('2589', '2811', 'en_us', 'Girls Garage', NULL, NULL, '2016-12-19 12:32:32', '2016-12-19 12:32:32', 'b670c3eb-bdd5-44aa-bf16-fc5470b981c8'),
 ('2608', '2830', 'en_us', 'Who We Are', NULL, NULL, '2016-12-20 19:41:21', '2016-12-20 20:52:32', '0aaf533a-2019-4b6e-b8f1-a83094aa33f3'),
 ('2609', '2831', 'en_us', 'How We Help', NULL, NULL, '2016-12-20 19:42:21', '2016-12-20 19:42:21', '2fce0b03-8869-49f0-ac11-267b040ad589'),
 ('2612', '2834', 'en_us', 'Parent-Teacher Conferences', NULL, NULL, '2016-12-20 20:13:25', '2016-12-20 20:13:25', '88237c47-a7fc-44a7-8201-ffd3f1c9fd03'),
 ('2613', '2835', 'en_us', 'Report Cards', NULL, NULL, '2016-12-20 20:14:01', '2016-12-20 20:14:01', 'f6487d7f-0413-4d52-9a5b-17f42ed83bf7'),
 ('2614', '2836', 'en_us', 'In The News', NULL, NULL, '2016-12-20 20:17:06', '2016-12-20 20:17:06', 'ee9704e5-9a72-4e34-af1c-98be8d24a1cc'),
 ('2615', '2837', 'en_us', 'What We\'re Learning', NULL, NULL, '2016-12-20 20:17:23', '2016-12-20 20:17:23', '1332df08-14e1-41c0-9fa0-2b06672138b1'),
 ('2616', '2838', 'en_us', 'Insight', NULL, NULL, '2016-12-20 20:17:41', '2016-12-20 20:17:41', '757be1cd-361c-4361-871e-93404299f08f'),
 ('2621', '2843', 'en_us', 'Navigators', '', '', '2016-12-20 22:01:56', '2016-12-20 22:03:48', 'ad26935d-ccb3-42d6-85a9-478341a17aa1'),
 ('2623', '2845', 'en_us', 'Leadership', '', '', '2016-12-20 22:40:44', '2016-12-20 22:40:44', 'e42af163-06b4-4118-a4a6-8c21a652d718'),
 ('2624', '2850', 'en_us', 'Board of Directors', '', '', '2016-12-20 22:49:44', '2016-12-20 22:49:44', 'd98e4462-d18d-414a-bad7-edc0b0305812'),
 ('2626', '2856', 'en_us', 'Our Partners                 ', '', '', '2016-12-20 23:04:45', '2016-12-20 23:04:45', 'ca5cedd0-485a-4b63-acd6-a383233ccf8f');



DROP TABLE IF EXISTS `craft_deprecationerrors`;


--
-- Schema for table `craft_deprecationerrors`
--
CREATE TABLE `craft_deprecationerrors` (
  `id` int(11) NOT NULL AUTO_INCREMENT,
  `key` varchar(255) COLLATE utf8_unicode_ci NOT NULL,
  `fingerprint` varchar(255) COLLATE utf8_unicode_ci NOT NULL,
  `lastOccurrence` datetime NOT NULL,
  `file` varchar(255) COLLATE utf8_unicode_ci NOT NULL,
  `line` smallint(6) unsigned NOT NULL,
  `class` varchar(255) COLLATE utf8_unicode_ci DEFAULT NULL,
  `method` varchar(255) COLLATE utf8_unicode_ci DEFAULT NULL,
  `template` varchar(255) COLLATE utf8_unicode_ci DEFAULT NULL,
  `templateLine` smallint(6) unsigned DEFAULT NULL,
  `message` varchar(255) COLLATE utf8_unicode_ci DEFAULT NULL,
  `traces` text COLLATE utf8_unicode_ci,
  `dateCreated` datetime NOT NULL,
  `dateUpdated` datetime NOT NULL,
  `uid` char(36) COLLATE utf8_unicode_ci NOT NULL DEFAULT '0',
  PRIMARY KEY (`id`),
  UNIQUE KEY `craft_deprecationerrors_key_fingerprint_unq_idx` (`key`,`fingerprint`)
) ENGINE=InnoDB DEFAULT CHARSET=utf8 COLLATE=utf8_unicode_ci;

DROP TABLE IF EXISTS `craft_elementindexsettings`;


--
-- Schema for table `craft_elementindexsettings`
--
CREATE TABLE `craft_elementindexsettings` (
  `id` int(11) NOT NULL AUTO_INCREMENT,
  `type` varchar(150) COLLATE utf8_unicode_ci NOT NULL,
  `settings` text COLLATE utf8_unicode_ci,
  `dateCreated` datetime NOT NULL,
  `dateUpdated` datetime NOT NULL,
  `uid` char(36) COLLATE utf8_unicode_ci NOT NULL DEFAULT '0',
  PRIMARY KEY (`id`),
  UNIQUE KEY `craft_elementindexsettings_type_unq_idx` (`type`)
) ENGINE=InnoDB AUTO_INCREMENT=2 DEFAULT CHARSET=utf8 COLLATE=utf8_unicode_ci;

--
-- Data for table `craft_elementindexsettings`
--

INSERT INTO `craft_elementindexsettings` (`id`, `type`, `settings`, `dateCreated`, `dateUpdated`, `uid`) VALUES
 ('1', 'Category', '{\"sourceOrder\":[[\"key\",\"group:1\"],[\"heading\",\"Services\"]],\"sources\":{\"group:1\":{\"tableAttributes\":{\"1\":\"link\"}}}}', '2016-10-12 16:39:34', '2016-10-12 16:39:34', '67094c99-f970-4f6a-8c67-fe62c65565c7');



DROP TABLE IF EXISTS `craft_elements`;


--
-- Schema for table `craft_elements`
--
CREATE TABLE `craft_elements` (
  `id` int(11) NOT NULL AUTO_INCREMENT,
  `type` varchar(150) COLLATE utf8_unicode_ci NOT NULL,
  `enabled` tinyint(1) unsigned NOT NULL DEFAULT '1',
  `archived` tinyint(1) unsigned NOT NULL DEFAULT '0',
  `dateCreated` datetime NOT NULL,
  `dateUpdated` datetime NOT NULL,
  `uid` char(36) COLLATE utf8_unicode_ci NOT NULL DEFAULT '0',
  PRIMARY KEY (`id`),
  KEY `craft_elements_type_idx` (`type`),
  KEY `craft_elements_enabled_idx` (`enabled`),
  KEY `craft_elements_archived_dateCreated_idx` (`archived`,`dateCreated`)
) ENGINE=InnoDB AUTO_INCREMENT=2864 DEFAULT CHARSET=utf8 COLLATE=utf8_unicode_ci;

--
-- Data for table `craft_elements`
--

INSERT INTO `craft_elements` (`id`, `type`, `enabled`, `archived`, `dateCreated`, `dateUpdated`, `uid`) VALUES
 ('1', 'User', '1', '0', '2016-10-10 20:59:13', '2016-10-10 20:59:13', '906a8ac4-e8ba-4497-a445-1d16bf8843b8'),
 ('2', 'Entry', '1', '0', '2016-10-10 20:59:13', '2016-12-14 20:30:01', '1c2c87e3-0a0f-4074-ad7a-480476986265'),
 ('4', 'GlobalSet', '1', '0', '2016-10-10 21:49:00', '2016-10-10 21:49:12', '2c79d63c-e9ae-4981-8f78-17aede1a311f'),
 ('19', 'Tag', '1', '0', '2016-10-17 22:37:51', '2016-10-17 22:37:51', 'b1696770-2919-4178-9fdf-cbdb3cca4d58'),
 ('20', 'Tag', '1', '0', '2016-10-17 22:37:59', '2016-10-17 22:37:59', '94c7cf18-a9b7-4719-aba4-e9b1dbca9d9f'),
 ('36', 'Asset', '1', '0', '2016-12-13 21:48:39', '2016-12-18 01:30:14', '9401efc5-6916-4f1e-b3c3-56bdc08be7fa'),
 ('37', 'Asset', '1', '0', '2016-12-13 21:54:21', '2016-12-18 01:30:14', 'dfaf5fc1-ae15-4157-99f4-011e469d3dca'),
 ('134', 'Asset', '1', '0', '2016-12-16 21:36:59', '2016-12-18 01:30:13', '952363bf-1245-48ba-acb1-cdb221baacec'),
 ('135', 'Asset', '1', '0', '2016-12-16 21:37:00', '2016-12-18 01:30:13', 'ca3a9a4f-efe6-4fc7-bf95-bc6332ace849'),
 ('136', 'Asset', '1', '0', '2016-12-16 21:37:00', '2016-12-18 01:30:13', '1378d8dc-a1b2-4fe5-88ac-50dd2f68275c'),
 ('137', 'Asset', '1', '0', '2016-12-16 21:37:00', '2016-12-18 01:30:14', '0937e0bf-c658-4e00-a810-c1480e981717'),
 ('138', 'Asset', '1', '0', '2016-12-16 21:37:00', '2016-12-18 01:30:14', 'f6fde2bb-e9cf-4ec2-9493-5d306054ecf3'),
 ('139', 'Asset', '1', '0', '2016-12-16 21:37:01', '2016-12-18 01:30:14', 'bd6b27ac-82b9-4aa7-965b-bb6198ef9f94'),
 ('140', 'Asset', '1', '0', '2016-12-16 21:37:01', '2016-12-18 01:30:15', '45b61c14-0d28-4d67-8889-8bee559a6f38'),
 ('141', 'Asset', '1', '0', '2016-12-16 21:37:02', '2016-12-18 01:30:15', '85b922b9-6bdf-4786-bd8b-85e635688966'),
 ('142', 'Asset', '1', '0', '2016-12-16 21:37:02', '2016-12-18 01:30:15', 'e5ee6dcd-4f56-4d2e-ad92-0bddcfba1fcd'),
 ('2598', 'Tag', '1', '0', '2016-12-19 08:58:32', '2016-12-19 08:58:32', '6c552666-5a8b-4b6a-8053-c1559b93d299'),
 ('2689', 'Tag', '1', '0', '2016-12-19 10:20:06', '2016-12-19 10:20:06', '3505780d-3c18-404e-ae79-8a921a13de29'),
 ('2747', 'Tag', '1', '0', '2016-12-19 11:41:38', '2016-12-19 11:41:38', 'fd8cac3d-ea2a-4519-9993-6f7fb06a2d8e'),
 ('2789', 'Tag', '1', '0', '2016-12-19 12:01:51', '2016-12-19 12:01:51', 'cb45b8fe-2c84-45aa-b37b-9e304cf557ec'),
 ('2790', 'Tag', '1', '0', '2016-12-19 12:01:56', '2016-12-19 12:01:56', '7c7c0a32-6775-49f1-a2da-2e9384a41164'),
 ('2793', 'Tag', '1', '0', '2016-12-19 12:08:10', '2016-12-19 12:16:30', 'a6fdf2d1-b45a-4a8f-aa97-b08aba129f99'),
 ('2794', 'Tag', '1', '0', '2016-12-19 12:08:15', '2016-12-19 12:08:15', 'ae3b4596-4d0f-47fd-9127-a00e119c2a26'),
 ('2802', 'Tag', '1', '0', '2016-12-19 12:16:44', '2016-12-19 12:16:44', '11b47f9b-e66e-4c57-a0e0-72b453951898'),
 ('2804', 'Tag', '1', '0', '2016-12-19 12:19:48', '2016-12-19 12:20:02', 'b4d76583-083f-45be-9c8e-d5dd43ca2427'),
 ('2805', 'Tag', '1', '0', '2016-12-19 12:20:13', '2016-12-19 12:20:13', 'e0c5eb08-43b5-40d6-ba28-b29a191d0735'),
 ('2808', 'Tag', '1', '0', '2016-12-19 12:24:40', '2016-12-19 12:24:40', '6cce6d6f-2f06-4c46-b4f9-97835f1ffa12'),
 ('2811', 'Tag', '1', '0', '2016-12-19 12:32:32', '2016-12-19 12:32:32', 'cc3bf3b5-4795-48da-9025-afdcf6dd4407'),
 ('2830', 'Entry', '1', '0', '2016-12-20 19:41:21', '2016-12-20 20:52:32', '36c58aa1-43ef-47ed-bfe9-63ba02a76c8a'),
 ('2831', 'Entry', '1', '0', '2016-12-20 19:42:21', '2016-12-20 19:42:21', '11509caa-3fd1-4bb6-aeaf-1a077c88d321'),
 ('2834', 'Category', '1', '0', '2016-12-20 20:13:25', '2016-12-20 20:13:25', 'a15f63b7-3444-4178-bac8-41bd1226909e'),
 ('2835', 'Category', '1', '0', '2016-12-20 20:14:01', '2016-12-20 20:14:01', '258e028b-ff35-4e5d-88fc-c5ec722ea37f'),
 ('2836', 'Category', '1', '0', '2016-12-20 20:17:06', '2016-12-20 20:17:06', 'b84a9fa0-fb15-4f27-b219-49902d84d439'),
 ('2837', 'Category', '1', '0', '2016-12-20 20:17:23', '2016-12-20 20:17:23', '73ae2921-e49c-4a5a-a942-6171dcdfec61'),
 ('2838', 'Category', '1', '0', '2016-12-20 20:17:41', '2016-12-20 20:17:41', '6c0a8d5a-44d2-4570-982a-e71ba677d061'),
 ('2843', 'Entry', '1', '0', '2016-12-20 22:01:56', '2016-12-20 22:03:48', 'db38c992-85ae-44ef-9b36-6caa18255568'),
 ('2845', 'Entry', '1', '0', '2016-12-20 22:40:44', '2016-12-20 22:40:44', '81f16b88-95fc-48fe-bd94-8aefdc0cc988'),
 ('2846', 'MatrixBlock', '1', '0', '2016-12-20 22:40:44', '2016-12-20 22:40:44', 'e94857cb-9223-4bc2-8468-b71532e5e1d7'),
 ('2847', 'MatrixBlock', '1', '0', '2016-12-20 22:40:44', '2016-12-20 22:40:44', '0b31e897-3e76-4960-bbb7-e439ac75c01b'),
 ('2848', 'MatrixBlock', '1', '0', '2016-12-20 22:40:44', '2016-12-20 22:40:44', 'd49071c3-4d7b-46f1-ac05-53e0e411475c'),
 ('2849', 'MatrixBlock', '1', '0', '2016-12-20 22:40:44', '2016-12-20 22:40:44', '1006e5a2-2f02-43c4-8247-91e868a66f79'),
 ('2850', 'Entry', '1', '0', '2016-12-20 22:49:44', '2016-12-20 22:49:44', 'b41e9282-4450-491d-b748-1e10020343ea'),
 ('2851', 'MatrixBlock', '1', '0', '2016-12-20 22:49:44', '2016-12-20 22:49:44', '40028cf3-134e-4d5c-925f-119f3cc1f2ad'),
 ('2852', 'MatrixBlock', '1', '0', '2016-12-20 22:49:44', '2016-12-20 22:49:44', 'c1f5db30-8d6c-406b-abc9-d75ed514fc03'),
 ('2853', 'MatrixBlock', '1', '0', '2016-12-20 22:49:44', '2016-12-20 22:49:44', 'f6e6dd83-046e-4083-b05c-d5111191cdf9'),
 ('2854', 'MatrixBlock', '1', '0', '2016-12-20 22:49:44', '2016-12-20 22:49:44', '6b549b6a-432a-4ead-b4fd-ad568b31adc1'),
 ('2856', 'Entry', '1', '0', '2016-12-20 23:04:45', '2016-12-20 23:04:45', '58b5dcfa-b73a-457d-b7a4-53b2717455c8'),
 ('2857', 'MatrixBlock', '1', '0', '2016-12-20 23:04:45', '2016-12-20 23:04:45', '73814627-e9ee-4341-a3ef-308bc4dadc7e'),
 ('2858', 'MatrixBlock', '1', '0', '2016-12-20 23:04:45', '2016-12-20 23:04:45', '8e5a8b88-cbfb-4617-bf59-359a54819bb6'),
 ('2859', 'MatrixBlock', '1', '0', '2016-12-20 23:04:45', '2016-12-20 23:04:45', 'fa7cb6f1-6566-442d-bac9-f0c50a337ec2'),
 ('2860', 'MatrixBlock', '1', '0', '2016-12-20 23:04:45', '2016-12-20 23:04:45', '143abd4a-1ce3-4262-9918-6ba5c41cc415'),
 ('2861', 'MatrixBlock', '1', '0', '2016-12-20 23:04:45', '2016-12-20 23:04:45', '612ac96f-a8d4-452c-83d0-27acd30b855d'),
 ('2862', 'MatrixBlock', '1', '0', '2016-12-20 23:04:45', '2016-12-20 23:04:45', 'bb2b0107-f31b-410d-afe2-ef75f6315778'),
 ('2863', 'MatrixBlock', '1', '0', '2016-12-20 23:04:45', '2016-12-20 23:04:45', 'e264d3a7-a519-47b7-b7ac-0bf8d1b01e1f');



DROP TABLE IF EXISTS `craft_elements_i18n`;


--
-- Schema for table `craft_elements_i18n`
--
CREATE TABLE `craft_elements_i18n` (
  `id` int(11) NOT NULL AUTO_INCREMENT,
  `elementId` int(11) NOT NULL,
  `locale` char(12) COLLATE utf8_unicode_ci NOT NULL,
  `slug` varchar(255) COLLATE utf8_unicode_ci DEFAULT NULL,
  `uri` varchar(255) COLLATE utf8_unicode_ci DEFAULT NULL,
  `enabled` tinyint(1) unsigned NOT NULL DEFAULT '1',
  `dateCreated` datetime NOT NULL,
  `dateUpdated` datetime NOT NULL,
  `uid` char(36) COLLATE utf8_unicode_ci NOT NULL DEFAULT '0',
  PRIMARY KEY (`id`),
  UNIQUE KEY `craft_elements_i18n_elementId_locale_unq_idx` (`elementId`,`locale`),
  UNIQUE KEY `craft_elements_i18n_uri_locale_unq_idx` (`uri`,`locale`),
  KEY `craft_elements_i18n_slug_locale_idx` (`slug`,`locale`),
  KEY `craft_elements_i18n_enabled_idx` (`enabled`),
  KEY `craft_elements_i18n_locale_fk` (`locale`)
) ENGINE=InnoDB AUTO_INCREMENT=2860 DEFAULT CHARSET=utf8 COLLATE=utf8_unicode_ci;

--
-- Data for table `craft_elements_i18n`
--

INSERT INTO `craft_elements_i18n` (`id`, `elementId`, `locale`, `slug`, `uri`, `enabled`, `dateCreated`, `dateUpdated`, `uid`) VALUES
 ('1', '1', 'en_us', '', NULL, '1', '2016-10-10 20:59:13', '2016-10-10 20:59:13', '66e82920-794e-460b-8eae-cb6498780960'),
 ('2', '2', 'en_us', 'homepage', '__home__', '1', '2016-10-10 20:59:13', '2016-12-14 20:30:01', 'f69f0512-68aa-43b9-b2ed-c5d69a09184d'),
 ('4', '4', 'en_us', '', NULL, '1', '2016-10-10 21:49:00', '2016-10-10 21:49:12', '23cfddc3-26a3-4cb5-a5bb-faaa71ad9890'),
 ('19', '19', 'en_us', 'brand-strategy', NULL, '1', '2016-10-17 22:37:51', '2016-10-17 22:37:51', '9da5181b-5a82-4a6e-8a42-7963497a6404'),
 ('20', '20', 'en_us', 'digital-experience', NULL, '1', '2016-10-17 22:37:59', '2016-10-17 22:37:59', 'cf04f1c2-9ec0-4d0d-b479-98dcc1810c00'),
 ('36', '36', 'en_us', 'dawn-hancock-hi-bw', NULL, '1', '2016-12-13 21:48:39', '2016-12-18 01:30:14', 'a98a4367-d2a3-4557-b986-d26dbf6040f7'),
 ('37', '37', 'en_us', '15-fb-portfolio-people-will02', NULL, '1', '2016-12-13 21:54:21', '2016-12-18 01:30:14', '8dd51576-efed-40ce-930c-c16fa737b77e'),
 ('134', '134', 'en_us', '15-fb-portfolio-people-0005-c', NULL, '1', '2016-12-16 21:36:59', '2016-12-18 01:30:13', 'fe3f4de1-f92e-401f-992f-42c563a3ea11'),
 ('135', '135', 'en_us', '15-fb-portfolio-people-0006', NULL, '1', '2016-12-16 21:37:00', '2016-12-18 01:30:13', 'fd14a43f-406f-4f81-8ef6-d58c1e15366d'),
 ('136', '136', 'en_us', '15-fb-portfolio-people-0009', NULL, '1', '2016-12-16 21:37:00', '2016-12-18 01:30:13', '553b89fd-9323-43e3-b56f-76b7d3021cd4'),
 ('137', '137', 'en_us', '15-fb-portfolio-people-0008', NULL, '1', '2016-12-16 21:37:00', '2016-12-18 01:30:14', '4ecd7b7d-d1e2-49fd-acec-e7d2fe8ae1b4'),
 ('138', '138', 'en_us', '15-fb-portfolio-people-0010', NULL, '1', '2016-12-16 21:37:00', '2016-12-18 01:30:14', '6c4dae46-b6ea-4f3a-916f-18de300bcae9'),
 ('139', '139', 'en_us', '15-fb-portfolio-people-0011', NULL, '1', '2016-12-16 21:37:01', '2016-12-18 01:30:14', '91fa73a4-4fb5-48bd-980e-49ffc22a92a1'),
 ('140', '140', 'en_us', 'ali', NULL, '1', '2016-12-16 21:37:01', '2016-12-18 01:30:15', '22d15b35-0272-4ead-8267-97491392aad9'),
 ('141', '141', 'en_us', 'bryant', NULL, '1', '2016-12-16 21:37:02', '2016-12-18 01:30:15', 'b7be4d69-7203-4598-8b6a-6d1675f53b43'),
 ('142', '142', 'en_us', 'ross-photo', NULL, '1', '2016-12-16 21:37:02', '2016-12-18 01:30:15', '4a3846e7-1770-4bd2-a302-ec934cb71777'),
 ('2598', '2598', 'en_us', 'community-development', NULL, '1', '2016-12-19 08:58:32', '2016-12-19 08:58:32', '5ae3ba17-4751-4772-b574-ba8a4080a02a'),
 ('2689', '2689', 'en_us', 'social-design', NULL, '1', '2016-12-19 10:20:06', '2016-12-19 10:20:06', '5df411c4-8388-45ef-b1e1-5fa87e8628f3'),
 ('2747', '2747', 'en_us', 'firebelly-family', NULL, '1', '2016-12-19 11:41:38', '2016-12-19 11:41:38', '64a75aad-5253-4bc2-b5cb-e02b458da2cd'),
 ('2789', '2789', 'en_us', 'reason-to-give', NULL, '1', '2016-12-19 12:01:51', '2016-12-19 12:01:51', '42daec1f-6065-4551-90cf-05da9a28427c'),
 ('2790', '2790', 'en_us', 'change-the-world', NULL, '1', '2016-12-19 12:01:56', '2016-12-19 12:01:56', '262da3cc-346e-4e7c-aa6a-673a6550a670'),
 ('2793', '2793', 'en_us', 'chicago-design', NULL, '1', '2016-12-19 12:08:10', '2016-12-19 12:16:30', '72ee87ff-06fb-4cbe-bd0e-b624c9ea9509'),
 ('2794', '2794', 'en_us', 'typography', NULL, '1', '2016-12-19 12:08:15', '2016-12-19 12:08:15', '8ff901ff-5c21-45f8-8312-d7febb886895'),
 ('2802', '2802', 'en_us', 'socially-responsible', NULL, '1', '2016-12-19 12:16:44', '2016-12-19 12:16:44', '38a18795-0528-47b8-bbfa-3a5c3fcb627a'),
 ('2804', '2804', 'en_us', 'writing-for-the-web-lunch-n-learn', NULL, '1', '2016-12-19 12:19:48', '2016-12-19 12:20:02', 'd6c0ee29-ba38-4d86-861e-ea963d414c2b'),
 ('2805', '2805', 'en_us', 'lunch-n-learn', NULL, '1', '2016-12-19 12:20:13', '2016-12-19 12:20:13', '9a391e85-57a6-44d0-b5db-f345a53a324b'),
 ('2808', '2808', 'en_us', 'field-trip', NULL, '1', '2016-12-19 12:24:40', '2016-12-19 12:24:40', '5be54d29-07d1-4fd6-bcbd-740b3da52d82'),
 ('2811', '2811', 'en_us', 'girls-garage', NULL, '1', '2016-12-19 12:32:32', '2016-12-19 12:32:32', '17b3184a-ba83-4a8c-939e-648b522a868d'),
 ('2830', '2830', 'en_us', 'who-we-are', 'who-we-are', '1', '2016-12-20 19:41:21', '2016-12-20 20:52:32', 'cb48bef7-d01e-4029-98d3-7d32ceb89d67'),
 ('2831', '2831', 'en_us', 'how-we-help', 'how-we-help', '1', '2016-12-20 19:42:21', '2016-12-20 19:42:21', 'ae7321d8-232e-47f4-b054-c7bdb6ea0bc4'),
 ('2834', '2834', 'en_us', 'parent-teacher-conferences', 'blog/tag/parent-teacher-conferences', '1', '2016-12-20 20:13:25', '2016-12-20 20:13:26', 'eacf7272-426d-489e-b3c6-2441004f0ae7'),
 ('2835', '2835', 'en_us', 'report-cards', 'blog/tag/report-cards', '1', '2016-12-20 20:14:01', '2016-12-20 20:14:01', '7b8cf077-29d9-4ea5-aea1-d7b6c0dfe990'),
 ('2836', '2836', 'en_us', 'in-the-news', 'blog/category/in-the-news', '1', '2016-12-20 20:17:06', '2016-12-20 20:17:07', 'a1b92af6-3d1b-4123-bf19-bfb56b74bf0f'),
 ('2837', '2837', 'en_us', 'what-were-learning', 'blog/category/what-were-learning', '1', '2016-12-20 20:17:23', '2016-12-20 20:17:24', 'f73a6f7b-e977-4b8e-933f-836d9ba6dc35'),
 ('2838', '2838', 'en_us', 'insight', 'blog/category/insight', '1', '2016-12-20 20:17:41', '2016-12-20 20:17:42', '8cc1ef5b-d2e3-4aa3-8c2d-f03a24c4562e'),
 ('2841', '2843', 'en_us', 'navigators', 'who-we-are/navigators', '1', '2016-12-20 22:01:56', '2016-12-20 22:03:48', 'defa2cde-7fcd-442e-987d-33d474f583b5'),
 ('2842', '2845', 'en_us', 'leadership', 'who-we-are/leadership', '1', '2016-12-20 22:40:44', '2016-12-20 22:40:45', '976a3883-647e-4917-92f5-81840e435581'),
 ('2843', '2846', 'en_us', '', NULL, '1', '2016-12-20 22:40:44', '2016-12-20 22:40:44', 'a63c7b13-278f-40aa-9a7a-d41362c0e8ad'),
 ('2844', '2847', 'en_us', '', NULL, '1', '2016-12-20 22:40:44', '2016-12-20 22:40:44', 'ae0869b1-02aa-449c-b176-319cfc691156'),
 ('2845', '2848', 'en_us', '', NULL, '1', '2016-12-20 22:40:44', '2016-12-20 22:40:44', '7c24d715-87b4-491c-8639-7d244c89f253'),
 ('2846', '2849', 'en_us', '', NULL, '1', '2016-12-20 22:40:44', '2016-12-20 22:40:44', '7b57626e-29cf-4208-b6ae-588a7b2bf6ef'),
 ('2847', '2850', 'en_us', 'board-of-directors', 'who-we-are/board-of-directors', '1', '2016-12-20 22:49:44', '2016-12-20 22:49:46', 'e53dd210-16fa-4297-a67f-ab1620a81ee6'),
 ('2848', '2851', 'en_us', '', NULL, '1', '2016-12-20 22:49:44', '2016-12-20 22:49:44', 'a7bf749e-e648-49e6-b02a-93b1719e0dd1'),
 ('2849', '2852', 'en_us', '', NULL, '1', '2016-12-20 22:49:44', '2016-12-20 22:49:44', 'fab15760-866f-4ccf-8e1f-a509097622b8'),
 ('2850', '2853', 'en_us', '', NULL, '1', '2016-12-20 22:49:44', '2016-12-20 22:49:44', '5af28617-b54b-4b2a-a361-bc4306e6c1af'),
 ('2851', '2854', 'en_us', '', NULL, '1', '2016-12-20 22:49:44', '2016-12-20 22:49:44', '4d52d1a0-d4be-441f-aabb-676eb83769af'),
 ('2852', '2856', 'en_us', 'our-partners', 'who-we-are/our-partners', '1', '2016-12-20 23:04:45', '2016-12-20 23:04:46', 'bfe00fc1-c64a-4307-9ffa-a6ffc55c886a'),
 ('2853', '2857', 'en_us', '', NULL, '1', '2016-12-20 23:04:45', '2016-12-20 23:04:45', '2dbc01ad-5ce6-4b12-91ec-c8e5903f1764'),
 ('2854', '2858', 'en_us', '', NULL, '1', '2016-12-20 23:04:45', '2016-12-20 23:04:45', '55caca91-7481-457e-93b8-0843b0cfd6c3'),
 ('2855', '2859', 'en_us', '', NULL, '1', '2016-12-20 23:04:45', '2016-12-20 23:04:45', '51863944-5017-4f72-883b-55aa19680157'),
 ('2856', '2860', 'en_us', '', NULL, '1', '2016-12-20 23:04:45', '2016-12-20 23:04:45', '88e55263-8dae-4541-87fb-04494d9e22e2'),
 ('2857', '2861', 'en_us', '', NULL, '1', '2016-12-20 23:04:45', '2016-12-20 23:04:45', 'ada5ee96-ab2a-4c5c-8ab1-e1f6e3b9377e'),
 ('2858', '2862', 'en_us', '', NULL, '1', '2016-12-20 23:04:45', '2016-12-20 23:04:45', '8dacafc6-4ac8-43d3-8a38-c765b6395d7c'),
 ('2859', '2863', 'en_us', '', NULL, '1', '2016-12-20 23:04:45', '2016-12-20 23:04:45', '6bb4ef90-cd46-4a99-b59c-59eb5eff5c39');



DROP TABLE IF EXISTS `craft_emailmessages`;


--
-- Schema for table `craft_emailmessages`
--
CREATE TABLE `craft_emailmessages` (
  `id` int(11) NOT NULL AUTO_INCREMENT,
  `key` char(150) COLLATE utf8_unicode_ci NOT NULL,
  `locale` char(12) COLLATE utf8_unicode_ci NOT NULL,
  `subject` varchar(1000) COLLATE utf8_unicode_ci NOT NULL,
  `body` text COLLATE utf8_unicode_ci NOT NULL,
  `dateCreated` datetime NOT NULL,
  `dateUpdated` datetime NOT NULL,
  `uid` char(36) COLLATE utf8_unicode_ci NOT NULL DEFAULT '0',
  PRIMARY KEY (`id`),
  UNIQUE KEY `craft_emailmessages_key_locale_unq_idx` (`key`,`locale`),
  KEY `craft_emailmessages_locale_fk` (`locale`)
) ENGINE=InnoDB DEFAULT CHARSET=utf8 COLLATE=utf8_unicode_ci;

DROP TABLE IF EXISTS `craft_entries`;


--
-- Schema for table `craft_entries`
--
CREATE TABLE `craft_entries` (
  `id` int(11) NOT NULL,
  `sectionId` int(11) NOT NULL,
  `typeId` int(11) DEFAULT NULL,
  `authorId` int(11) DEFAULT NULL,
  `postDate` datetime DEFAULT NULL,
  `expiryDate` datetime DEFAULT NULL,
  `dateCreated` datetime NOT NULL,
  `dateUpdated` datetime NOT NULL,
  `uid` char(36) COLLATE utf8_unicode_ci NOT NULL DEFAULT '0',
  PRIMARY KEY (`id`),
  KEY `craft_entries_sectionId_idx` (`sectionId`),
  KEY `craft_entries_typeId_idx` (`typeId`),
  KEY `craft_entries_postDate_idx` (`postDate`),
  KEY `craft_entries_expiryDate_idx` (`expiryDate`),
  KEY `craft_entries_authorId_fk` (`authorId`)
) ENGINE=InnoDB DEFAULT CHARSET=utf8 COLLATE=utf8_unicode_ci;

--
-- Data for table `craft_entries`
--

INSERT INTO `craft_entries` (`id`, `sectionId`, `typeId`, `authorId`, `postDate`, `expiryDate`, `dateCreated`, `dateUpdated`, `uid`) VALUES
 ('2', '1', NULL, NULL, '2016-10-10 20:59:13', NULL, '2016-10-10 20:59:13', '2016-12-14 20:30:01', '5b456b8e-942c-4e51-817a-ebe4ee67d82b'),
 ('2830', '9', NULL, NULL, '2016-12-20 19:41:21', NULL, '2016-12-20 19:41:21', '2016-12-20 19:41:21', '4e0448e6-33a9-4566-a796-74aebdb758bf'),
 ('2831', '10', NULL, NULL, '2016-12-20 19:42:21', NULL, '2016-12-20 19:42:21', '2016-12-20 19:42:21', 'c8143b06-fd8b-4f14-94e0-6e41e392373e'),
 ('2843', '9', '15', '1', '2016-12-20 22:01:00', NULL, '2016-12-20 22:01:56', '2016-12-20 22:03:48', 'efa3fc67-8588-4e3f-9189-07bb1a1414fa'),
 ('2845', '9', '15', '1', '2016-12-20 22:40:00', NULL, '2016-12-20 22:40:44', '2016-12-20 22:40:44', '5ce8468b-728f-4dfe-9381-fbb30248c8f1'),
 ('2850', '9', '15', '1', '2016-12-20 22:49:44', NULL, '2016-12-20 22:49:44', '2016-12-20 22:49:44', 'cca156b6-6fc8-4582-9402-ed0a88b4ee2e'),
 ('2856', '9', '15', '1', '2016-12-20 23:00:00', NULL, '2016-12-20 23:04:45', '2016-12-20 23:04:45', '45c0fadf-a3af-46f0-b267-700cd935b36e');



DROP TABLE IF EXISTS `craft_entrydrafts`;


--
-- Schema for table `craft_entrydrafts`
--
CREATE TABLE `craft_entrydrafts` (
  `id` int(11) NOT NULL AUTO_INCREMENT,
  `entryId` int(11) NOT NULL,
  `sectionId` int(11) NOT NULL,
  `creatorId` int(11) NOT NULL,
  `locale` char(12) COLLATE utf8_unicode_ci NOT NULL,
  `name` varchar(255) COLLATE utf8_unicode_ci NOT NULL,
  `notes` tinytext COLLATE utf8_unicode_ci,
  `data` mediumtext COLLATE utf8_unicode_ci NOT NULL,
  `dateCreated` datetime NOT NULL,
  `dateUpdated` datetime NOT NULL,
  `uid` char(36) COLLATE utf8_unicode_ci NOT NULL DEFAULT '0',
  PRIMARY KEY (`id`),
  KEY `craft_entrydrafts_entryId_locale_idx` (`entryId`,`locale`),
  KEY `craft_entrydrafts_sectionId_fk` (`sectionId`),
  KEY `craft_entrydrafts_creatorId_fk` (`creatorId`),
  KEY `craft_entrydrafts_locale_fk` (`locale`)
) ENGINE=InnoDB DEFAULT CHARSET=utf8 COLLATE=utf8_unicode_ci;

DROP TABLE IF EXISTS `craft_entrytypes`;


--
-- Schema for table `craft_entrytypes`
--
CREATE TABLE `craft_entrytypes` (
  `id` int(11) NOT NULL AUTO_INCREMENT,
  `sectionId` int(11) NOT NULL,
  `fieldLayoutId` int(11) DEFAULT NULL,
  `name` varchar(255) COLLATE utf8_unicode_ci NOT NULL,
  `handle` varchar(255) COLLATE utf8_unicode_ci NOT NULL,
  `hasTitleField` tinyint(1) unsigned NOT NULL DEFAULT '1',
  `titleLabel` varchar(255) COLLATE utf8_unicode_ci DEFAULT 'Title',
  `titleFormat` varchar(255) COLLATE utf8_unicode_ci DEFAULT NULL,
  `sortOrder` smallint(6) unsigned DEFAULT NULL,
  `dateCreated` datetime NOT NULL,
  `dateUpdated` datetime NOT NULL,
  `uid` char(36) COLLATE utf8_unicode_ci NOT NULL DEFAULT '0',
  PRIMARY KEY (`id`),
  UNIQUE KEY `craft_entrytypes_name_sectionId_unq_idx` (`name`,`sectionId`),
  UNIQUE KEY `craft_entrytypes_handle_sectionId_unq_idx` (`handle`,`sectionId`),
  KEY `craft_entrytypes_sectionId_fk` (`sectionId`),
  KEY `craft_entrytypes_fieldLayoutId_fk` (`fieldLayoutId`)
) ENGINE=InnoDB AUTO_INCREMENT=16 DEFAULT CHARSET=utf8 COLLATE=utf8_unicode_ci;

--
-- Data for table `craft_entrytypes`
--

INSERT INTO `craft_entrytypes` (`id`, `sectionId`, `fieldLayoutId`, `name`, `handle`, `hasTitleField`, `titleLabel`, `titleFormat`, `sortOrder`, `dateCreated`, `dateUpdated`, `uid`) VALUES
 ('1', '1', '3', 'Homepage', 'homepage', '1', 'Title', NULL, '1', '2016-10-10 20:59:13', '2016-10-10 20:59:13', '41560ee1-2bc4-4349-b204-f9fbf3febd22'),
 ('9', '9', '109', 'Who We Are', 'whoWeAre', '0', NULL, '{section.name|raw}', '1', '2016-12-20 19:41:21', '2016-12-20 21:46:20', 'cb9e9edd-5eb7-4dda-bcfd-7a0aa3f7218a'),
 ('10', '10', '98', 'How We Help', 'howWeHelp', '0', NULL, '{section.name|raw}', '1', '2016-12-20 19:42:21', '2016-12-20 19:42:21', 'a377c6f9-225e-4c08-b642-0d655f74292d'),
 ('11', '11', '99', 'resources', 'resources', '1', 'Title', NULL, '1', '2016-12-20 19:48:02', '2016-12-20 19:48:02', '2db5181d-e45a-4b55-8859-966957d32117'),
 ('12', '12', '100', 'blog', 'blog', '1', 'Title', NULL, '1', '2016-12-20 19:54:02', '2016-12-20 19:54:02', '18d047b2-2fd4-45c3-a423-eee28e66a14e'),
 ('15', '9', '110', 'People', 'people', '1', 'Title', NULL, '2', '2016-12-20 22:03:22', '2016-12-20 22:03:22', '4f164fea-1ec4-4bc2-afc6-558097790292');



DROP TABLE IF EXISTS `craft_entryversions`;


--
-- Schema for table `craft_entryversions`
--
CREATE TABLE `craft_entryversions` (
  `id` int(11) NOT NULL AUTO_INCREMENT,
  `entryId` int(11) NOT NULL,
  `sectionId` int(11) NOT NULL,
  `creatorId` int(11) DEFAULT NULL,
  `locale` char(12) COLLATE utf8_unicode_ci NOT NULL,
  `num` smallint(6) unsigned NOT NULL,
  `notes` tinytext COLLATE utf8_unicode_ci,
  `data` mediumtext COLLATE utf8_unicode_ci NOT NULL,
  `dateCreated` datetime NOT NULL,
  `dateUpdated` datetime NOT NULL,
  `uid` char(36) COLLATE utf8_unicode_ci NOT NULL DEFAULT '0',
  PRIMARY KEY (`id`),
  KEY `craft_entryversions_entryId_locale_idx` (`entryId`,`locale`),
  KEY `craft_entryversions_sectionId_fk` (`sectionId`),
  KEY `craft_entryversions_creatorId_fk` (`creatorId`),
  KEY `craft_entryversions_locale_fk` (`locale`)
) ENGINE=InnoDB AUTO_INCREMENT=225 DEFAULT CHARSET=utf8 COLLATE=utf8_unicode_ci;

--
-- Data for table `craft_entryversions`
--

INSERT INTO `craft_entryversions` (`id`, `entryId`, `sectionId`, `creatorId`, `locale`, `num`, `notes`, `data`, `dateCreated`, `dateUpdated`, `uid`) VALUES
 ('1', '2', '1', '1', 'en_us', '1', NULL, '{\"typeId\":\"1\",\"authorId\":null,\"title\":\"Homepage\",\"slug\":\"homepage\",\"postDate\":1476133153,\"expiryDate\":null,\"enabled\":1,\"parentId\":null,\"fields\":[]}', '2016-10-10 20:59:13', '2016-10-10 20:59:13', '54e14552-2a66-4f7f-b4d9-04d21c024613'),
 ('2', '2', '1', '1', 'en_us', '2', NULL, '{\"typeId\":null,\"authorId\":null,\"title\":\"Welcome to ednavigator.dev!\",\"slug\":\"homepage\",\"postDate\":1476133153,\"expiryDate\":null,\"enabled\":\"1\",\"parentId\":null,\"fields\":{\"1\":\"<p>It\\u2019s true, this site doesn\\u2019t have a whole lot of content yet, but don\\u2019t worry. Our web developers have just installed the CMS, and they\\u2019re setting things up for the content editors this very moment. Soon ednavigator.dev will be an oasis of fresh perspectives, sharp analyses, and astute opinions that will keep you coming back again and again.<\\/p>\"}}', '2016-10-10 20:59:13', '2016-10-10 20:59:13', '2145ca22-535c-4fab-9578-0b7c2397811b'),
 ('68', '2', '1', '1', 'en_us', '3', '', '{\"typeId\":null,\"authorId\":null,\"title\":\"Homepage1\",\"slug\":\"homepage\",\"postDate\":1476133153,\"expiryDate\":null,\"enabled\":1,\"parentId\":null,\"fields\":{\"1\":\"<p>Currently unused.<\\/p>\"}}', '2016-12-14 20:29:43', '2016-12-14 20:29:43', 'e2d5f57b-5411-4d27-9f96-28cd37468d29'),
 ('69', '2', '1', '1', 'en_us', '4', '', '{\"typeId\":null,\"authorId\":null,\"title\":\"Homepage\",\"slug\":\"homepage\",\"postDate\":1476133153,\"expiryDate\":null,\"enabled\":1,\"parentId\":null,\"fields\":{\"1\":\"<p>Currently unused.<\\/p>\"}}', '2016-12-14 20:29:48', '2016-12-14 20:29:48', 'a35bd8b3-824f-485e-aeec-8c0e015c98f2'),
 ('70', '2', '1', '1', 'en_us', '5', '', '{\"typeId\":null,\"authorId\":null,\"title\":\"Homepage\",\"slug\":\"homepage\",\"postDate\":1476133153,\"expiryDate\":null,\"enabled\":1,\"parentId\":null,\"fields\":{\"1\":\"<p>Currently unused, just redirects to \\/work.<\\/p>\"}}', '2016-12-14 20:30:01', '2016-12-14 20:30:01', 'ea6638df-8cda-41ff-9b91-c1b73c1a1ec8'),
 ('216', '2830', '9', '1', 'en_us', '1', NULL, '{\"typeId\":\"9\",\"authorId\":null,\"title\":\"Who We Are\",\"slug\":\"who-we-are\",\"postDate\":1482262881,\"expiryDate\":null,\"enabled\":1,\"parentId\":null,\"fields\":[]}', '2016-12-20 19:41:21', '2016-12-20 19:41:21', '13e75dd3-2919-4d63-80a1-488f20c04c31'),
 ('217', '2831', '10', '1', 'en_us', '1', NULL, '{\"typeId\":\"10\",\"authorId\":null,\"title\":\"How We Help\",\"slug\":\"how-we-help\",\"postDate\":1482262941,\"expiryDate\":null,\"enabled\":1,\"parentId\":null,\"fields\":[]}', '2016-12-20 19:42:21', '2016-12-20 19:42:21', '9581ce8e-86cd-46b3-9ca9-726beef908a0'),
 ('220', '2843', '9', '1', 'en_us', '1', '', '{\"typeId\":null,\"authorId\":\"1\",\"title\":\"Who We Are\",\"slug\":\"navigators\",\"postDate\":1482271260,\"expiryDate\":null,\"enabled\":1,\"parentId\":\"2830\",\"fields\":{\"44\":\"\",\"7\":\"\",\"6\":\"\"}}', '2016-12-20 22:01:56', '2016-12-20 22:01:56', '43b9236d-7538-4fd3-8079-0c8abb0cfb54'),
 ('221', '2843', '9', '1', 'en_us', '2', '', '{\"typeId\":\"15\",\"authorId\":\"1\",\"title\":\"Navigators\",\"slug\":\"navigators\",\"postDate\":1482271260,\"expiryDate\":null,\"enabled\":1,\"parentId\":\"2830\",\"fields\":{\"36\":\"\",\"7\":\"\",\"6\":\"\",\"2\":\"\"}}', '2016-12-20 22:03:48', '2016-12-20 22:03:48', '40beb7d2-eb33-48c2-b719-ffe86a6f61ee'),
 ('222', '2845', '9', '1', 'en_us', '1', '', '{\"typeId\":\"15\",\"authorId\":\"1\",\"title\":\"Leadership\",\"slug\":\"leadership\",\"postDate\":1482273600,\"expiryDate\":null,\"enabled\":1,\"parentId\":\"2830\",\"fields\":{\"36\":{\"new1\":{\"type\":\"person\",\"enabled\":\"1\",\"fields\":{\"personName\":\"Timothy Daly\",\"personTitle\":\"Founding Partner\",\"bio\":\"\",\"photo\":\"\"}},\"new2\":{\"type\":\"person\",\"enabled\":\"1\",\"fields\":{\"personName\":\"Whitney Henderson\",\"personTitle\":\"Navigator-in-chief\",\"bio\":\"\",\"photo\":\"\"}},\"new3\":{\"type\":\"person\",\"enabled\":\"1\",\"fields\":{\"personName\":\"David Keeling\",\"personTitle\":\"Founding Partner\",\"bio\":\"\",\"photo\":\"\"}},\"new4\":{\"type\":\"person\",\"enabled\":\"1\",\"fields\":{\"personName\":\"Ariela Rozman\",\"personTitle\":\"Founding Partner\",\"bio\":\"\",\"photo\":\"\"}}},\"7\":\"\",\"6\":\"\",\"2\":\"\"}}', '2016-12-20 22:40:44', '2016-12-20 22:40:44', 'cecb0199-56c5-4b2b-a3ed-04acfcd29b08'),
 ('223', '2850', '9', '1', 'en_us', '1', '', '{\"typeId\":\"15\",\"authorId\":\"1\",\"title\":\"Board of Directors\",\"slug\":\"board-of-directors\",\"postDate\":1482274184,\"expiryDate\":null,\"enabled\":1,\"parentId\":\"2830\",\"fields\":{\"36\":{\"new1\":{\"type\":\"person\",\"enabled\":\"1\",\"fields\":{\"personName\":\"Kriste Dragon\",\"personTitle\":\"Co-founder and Chief Executive Officer, Citizens of the World Charter Schools\",\"bio\":\"\",\"photo\":\"\"}},\"new2\":{\"type\":\"person\",\"enabled\":\"1\",\"fields\":{\"personName\":\"Kaya Henderson\",\"personTitle\":\"Former Chancellor,  DC Public Schools\",\"bio\":\"\",\"photo\":\"\"}},\"new3\":{\"type\":\"person\",\"enabled\":\"1\",\"fields\":{\"personName\":\"Ryan Smith\",\"personTitle\":\"Executive Director,  Education Trust-West\",\"bio\":\"\",\"photo\":\"\"}},\"new4\":{\"type\":\"person\",\"enabled\":\"1\",\"fields\":{\"personName\":\"Chris Stewart\",\"personTitle\":\"Director of Outreach and External Affairs, Education Post\",\"bio\":\"\",\"photo\":\"\"}}},\"7\":\"\",\"6\":\"\",\"2\":\"\"}}', '2016-12-20 22:49:44', '2016-12-20 22:49:44', '296db270-2b75-4d48-80bf-f0a73b0ca3cb'),
 ('224', '2856', '9', '1', 'en_us', '1', '', '{\"typeId\":\"15\",\"authorId\":\"1\",\"title\":\"Our Partners                 \",\"slug\":\"our-partners\",\"postDate\":1482274800,\"expiryDate\":null,\"enabled\":1,\"parentId\":\"2830\",\"fields\":{\"36\":{\"new1\":{\"type\":\"person\",\"enabled\":\"1\",\"fields\":{\"personName\":\"International House Hotel\",\"personTitle\":\"Anchor Partner\",\"bio\":\"<p>International House Hotel is a luxury boutique hotel located in downtown New Orleans, with 117 rooms. EdNavigator support is available to any eligible employee who is interested.&nbsp;<\\/p>\",\"photo\":\"\"}},\"new2\":{\"type\":\"person\",\"enabled\":\"1\",\"fields\":{\"personName\":\"The New Orleans marriott\",\"personTitle\":\"\",\"bio\":\"<p>Located on Canal Street, the New Orleans Marriott is the city\\u2019s second-largest hotel, with 1,330 rooms.<\\/p>\",\"photo\":\"\"}},\"new3\":{\"type\":\"person\",\"enabled\":\"1\",\"fields\":{\"personName\":\"The Hyatt Regency New Orleans\",\"personTitle\":\"\",\"bio\":\"\",\"photo\":\"\"}},\"new4\":{\"type\":\"person\",\"enabled\":\"1\",\"fields\":{\"personName\":\"The JW Marriott New Orleans\",\"personTitle\":\"\",\"bio\":\"\",\"photo\":\"\"}},\"new5\":{\"type\":\"person\",\"enabled\":\"1\",\"fields\":{\"personName\":\"The Ritz-Carlton New Orleans\",\"personTitle\":\"\",\"bio\":\"\",\"photo\":\"\"}},\"new6\":{\"type\":\"person\",\"enabled\":\"1\",\"fields\":{\"personName\":\"The Residence Inn New Orleans Downtwon\",\"personTitle\":\"\",\"bio\":\"\",\"photo\":\"\"}},\"new7\":{\"type\":\"person\",\"enabled\":\"1\",\"fields\":{\"personName\":\"The New Orleans Marriott At The Convention Center\",\"personTitle\":\"\",\"bio\":\"\",\"photo\":\"\"}}},\"7\":\"\",\"6\":\"\",\"2\":\"\"}}', '2016-12-20 23:04:45', '2016-12-20 23:04:45', '02c81e76-7e07-4511-b6d8-2288a08f4293');



DROP TABLE IF EXISTS `craft_fieldgroups`;


--
-- Schema for table `craft_fieldgroups`
--
CREATE TABLE `craft_fieldgroups` (
  `id` int(11) NOT NULL AUTO_INCREMENT,
  `name` varchar(255) COLLATE utf8_unicode_ci NOT NULL,
  `dateCreated` datetime NOT NULL,
  `dateUpdated` datetime NOT NULL,
  `uid` char(36) COLLATE utf8_unicode_ci NOT NULL DEFAULT '0',
  PRIMARY KEY (`id`),
  UNIQUE KEY `craft_fieldgroups_name_unq_idx` (`name`)
) ENGINE=InnoDB AUTO_INCREMENT=9 DEFAULT CHARSET=utf8 COLLATE=utf8_unicode_ci;

--
-- Data for table `craft_fieldgroups`
--

INSERT INTO `craft_fieldgroups` (`id`, `name`, `dateCreated`, `dateUpdated`, `uid`) VALUES
 ('1', 'Default', '2016-10-10 20:59:13', '2016-10-10 20:59:13', '9aec6670-8753-4f2e-91d5-03ff2b4f3ef6'),
 ('4', 'SEO', '2016-10-12 16:32:50', '2016-10-12 16:32:50', '9ace857e-959b-4a74-b0e0-42873080c846'),
 ('8', 'Who We Are', '2016-12-20 21:32:41', '2016-12-20 21:32:41', 'c76d81fd-6544-4c75-a833-9f6f2a7a0149');



DROP TABLE IF EXISTS `craft_fieldlayoutfields`;


--
-- Schema for table `craft_fieldlayoutfields`
--
CREATE TABLE `craft_fieldlayoutfields` (
  `id` int(11) NOT NULL AUTO_INCREMENT,
  `layoutId` int(11) NOT NULL,
  `tabId` int(11) NOT NULL,
  `fieldId` int(11) NOT NULL,
  `required` tinyint(1) unsigned NOT NULL DEFAULT '0',
  `sortOrder` smallint(6) unsigned DEFAULT NULL,
  `dateCreated` datetime NOT NULL,
  `dateUpdated` datetime NOT NULL,
  `uid` char(36) COLLATE utf8_unicode_ci NOT NULL DEFAULT '0',
  PRIMARY KEY (`id`),
  UNIQUE KEY `craft_fieldlayoutfields_layoutId_fieldId_unq_idx` (`layoutId`,`fieldId`),
  KEY `craft_fieldlayoutfields_sortOrder_idx` (`sortOrder`),
  KEY `craft_fieldlayoutfields_tabId_fk` (`tabId`),
  KEY `craft_fieldlayoutfields_fieldId_fk` (`fieldId`)
) ENGINE=InnoDB AUTO_INCREMENT=254 DEFAULT CHARSET=utf8 COLLATE=utf8_unicode_ci;

--
-- Data for table `craft_fieldlayoutfields`
--

INSERT INTO `craft_fieldlayoutfields` (`id`, `layoutId`, `tabId`, `fieldId`, `required`, `sortOrder`, `dateCreated`, `dateUpdated`, `uid`) VALUES
 ('4', '11', '3', '6', '0', '1', '2016-10-10 21:49:12', '2016-10-10 21:49:12', 'cc34f4d1-238a-49e6-9de4-1123658c449a'),
 ('5', '11', '3', '7', '0', '2', '2016-10-10 21:49:12', '2016-10-10 21:49:12', '3e162947-119f-42b4-9f64-b6ddb5a76206'),
 ('240', '106', '89', '37', '0', '1', '2016-12-20 21:21:04', '2016-12-20 21:21:04', '5528d9b9-4eb3-43ab-bb19-0cbf3707af2c'),
 ('241', '106', '89', '38', '0', '2', '2016-12-20 21:21:04', '2016-12-20 21:21:04', '35a43b1f-65c0-430b-80cb-24d90abc0c64'),
 ('242', '106', '89', '40', '0', '3', '2016-12-20 21:21:04', '2016-12-20 21:21:04', '3cc654c8-e755-423f-9647-9c605fd87ada'),
 ('243', '106', '89', '41', '0', '4', '2016-12-20 21:21:04', '2016-12-20 21:21:04', 'e447703b-c4ba-4541-bbd2-c2bd3a542749'),
 ('244', '108', '90', '45', '1', '1', '2016-12-20 21:44:46', '2016-12-20 21:44:46', '69db0754-a604-4dfb-8e2c-1f81bf5d1fba'),
 ('245', '108', '90', '46', '0', '2', '2016-12-20 21:44:46', '2016-12-20 21:44:46', 'b1c893e5-11f9-47b5-9f0b-e577883a281a'),
 ('246', '108', '90', '47', '0', '3', '2016-12-20 21:44:46', '2016-12-20 21:44:46', 'e1b2a774-0bfc-4d92-9249-fba5469af5b0'),
 ('247', '109', '91', '44', '0', '1', '2016-12-20 21:46:19', '2016-12-20 21:46:19', 'b4ced6d7-5613-4f3f-8d43-b20c886e6443'),
 ('248', '109', '92', '7', '0', '1', '2016-12-20 21:46:19', '2016-12-20 21:46:19', '6cb6af1e-0559-4f25-9f69-ce5d12f9d468'),
 ('249', '109', '92', '6', '0', '2', '2016-12-20 21:46:19', '2016-12-20 21:46:19', 'eec9418b-cc52-4a31-9169-fd794a9ef212'),
 ('250', '110', '93', '36', '0', '1', '2016-12-20 22:03:22', '2016-12-20 22:03:22', '639de9c8-282d-4ddb-8ee3-4bcfb4de19f7'),
 ('251', '110', '93', '2', '0', '2', '2016-12-20 22:03:22', '2016-12-20 22:03:22', '8a47e183-f48f-4a28-a568-fd16a8cd4bfa'),
 ('252', '110', '94', '7', '0', '1', '2016-12-20 22:03:22', '2016-12-20 22:03:22', 'a36bc6e0-a4a5-4186-8361-141cfaf7d8fa'),
 ('253', '110', '94', '6', '0', '2', '2016-12-20 22:03:22', '2016-12-20 22:03:22', 'fbc7cfde-bf74-4cee-81d3-7a2e8584116f');



DROP TABLE IF EXISTS `craft_fieldlayouts`;


--
-- Schema for table `craft_fieldlayouts`
--
CREATE TABLE `craft_fieldlayouts` (
  `id` int(11) NOT NULL AUTO_INCREMENT,
  `type` varchar(150) COLLATE utf8_unicode_ci NOT NULL,
  `dateCreated` datetime NOT NULL,
  `dateUpdated` datetime NOT NULL,
  `uid` char(36) COLLATE utf8_unicode_ci NOT NULL DEFAULT '0',
  PRIMARY KEY (`id`),
  KEY `craft_fieldlayouts_type_idx` (`type`)
) ENGINE=InnoDB AUTO_INCREMENT=111 DEFAULT CHARSET=utf8 COLLATE=utf8_unicode_ci;

--
-- Data for table `craft_fieldlayouts`
--

INSERT INTO `craft_fieldlayouts` (`id`, `type`, `dateCreated`, `dateUpdated`, `uid`) VALUES
 ('1', 'Tag', '2016-10-10 20:59:13', '2016-10-10 20:59:13', '5fe107a1-841e-435d-ac69-445039278f59'),
 ('3', 'Entry', '2016-10-10 20:59:13', '2016-10-10 20:59:13', '9fbe79cb-296b-4b76-98b8-fe55e06fc1a1'),
 ('11', 'GlobalSet', '2016-10-10 21:49:12', '2016-10-10 21:49:12', 'b819f55f-9e15-46d8-b554-e127c3d4dbb4'),
 ('21', 'Tag', '2016-10-12 16:41:25', '2016-10-12 16:41:25', 'f69667b1-5f80-47ea-b13c-9f4e9a7dc3a6'),
 ('58', 'Asset', '2016-10-17 23:05:25', '2016-10-17 23:05:25', '139a2b05-3b9f-4547-86d0-1bdd90d98920'),
 ('59', 'Asset', '2016-10-17 23:05:33', '2016-10-17 23:05:33', 'f350f4ee-1b7e-4787-9bd3-b4aecfe01ab6'),
 ('60', 'Asset', '2016-10-17 23:05:40', '2016-10-17 23:05:40', 'e9ae0ec1-3ee4-4397-82ed-1531e31d7219'),
 ('96', 'Asset', '2016-12-16 21:34:34', '2016-12-16 21:34:34', '94ec6563-439a-4d92-9afc-9fb968defc6e'),
 ('98', 'Entry', '2016-12-20 19:42:21', '2016-12-20 19:42:21', '107ef547-b738-4146-bdfd-b7e3f16ae145'),
 ('99', 'Entry', '2016-12-20 19:48:02', '2016-12-20 19:48:02', '5cd3d726-d965-4fa3-a440-effd869a14ab'),
 ('100', 'Entry', '2016-12-20 19:54:02', '2016-12-20 19:54:02', '42dad2ed-fa6d-47d9-8a3a-f3945debf831'),
 ('101', 'Category', '2016-12-20 20:07:11', '2016-12-20 20:07:11', '09a52d3f-9b52-4acb-b3b0-a92a7528b633'),
 ('102', 'Category', '2016-12-20 20:07:46', '2016-12-20 20:07:46', 'e428a08d-a9ad-4ae4-a6a5-88ba9ad37e8c'),
 ('103', 'Category', '2016-12-20 20:08:03', '2016-12-20 20:08:03', 'faeca10c-19d3-4ebf-ae2f-823037a644c4'),
 ('106', 'MatrixBlock', '2016-12-20 21:21:04', '2016-12-20 21:21:04', '285d4071-60c6-4ce0-9147-c064a3e8ccd5'),
 ('107', 'Asset', '2016-12-20 21:42:45', '2016-12-20 21:42:45', 'ded5fb02-6281-43a2-8190-e56ae37d880b'),
 ('108', 'MatrixBlock', '2016-12-20 21:44:46', '2016-12-20 21:44:46', '64d22140-24b8-4876-a359-25fd6e7f2a8e'),
 ('109', 'Entry', '2016-12-20 21:46:19', '2016-12-20 21:46:19', '0cb97b83-043d-4946-af9a-53547dba3da8'),
 ('110', 'Entry', '2016-12-20 22:03:22', '2016-12-20 22:03:22', '4a84c424-06d4-4221-a74f-884d8011ca0c');



DROP TABLE IF EXISTS `craft_fieldlayouttabs`;


--
-- Schema for table `craft_fieldlayouttabs`
--
CREATE TABLE `craft_fieldlayouttabs` (
  `id` int(11) NOT NULL AUTO_INCREMENT,
  `layoutId` int(11) NOT NULL,
  `name` varchar(255) COLLATE utf8_unicode_ci NOT NULL,
  `sortOrder` smallint(6) unsigned DEFAULT NULL,
  `dateCreated` datetime NOT NULL,
  `dateUpdated` datetime NOT NULL,
  `uid` char(36) COLLATE utf8_unicode_ci NOT NULL DEFAULT '0',
  PRIMARY KEY (`id`),
  KEY `craft_fieldlayouttabs_sortOrder_idx` (`sortOrder`),
  KEY `craft_fieldlayouttabs_layoutId_fk` (`layoutId`)
) ENGINE=InnoDB AUTO_INCREMENT=95 DEFAULT CHARSET=utf8 COLLATE=utf8_unicode_ci;

--
-- Data for table `craft_fieldlayouttabs`
--

INSERT INTO `craft_fieldlayouttabs` (`id`, `layoutId`, `name`, `sortOrder`, `dateCreated`, `dateUpdated`, `uid`) VALUES
 ('1', '3', 'Content', '1', '2016-10-10 20:59:13', '2016-10-10 20:59:13', '3775193f-e2c6-4f03-a5b2-ac1f8d4121ca'),
 ('3', '11', 'Content', '1', '2016-10-10 21:49:12', '2016-10-10 21:49:12', '918017f8-0b8d-4bcb-8991-e6d2f0c360eb'),
 ('89', '106', 'Content', '1', '2016-12-20 21:21:04', '2016-12-20 21:21:04', '8525ee5e-17ec-4fb5-9539-a0bfccb9bef1'),
 ('90', '108', 'Content', '1', '2016-12-20 21:44:46', '2016-12-20 21:44:46', '20b2080a-78e8-4d97-bdc7-f8dd86c18ee7'),
 ('91', '109', 'Who We Are', '1', '2016-12-20 21:46:19', '2016-12-20 21:46:19', 'fd9267fd-017f-48e6-9517-a451c545faaa'),
 ('92', '109', 'SEO', '2', '2016-12-20 21:46:19', '2016-12-20 21:46:19', '5480de57-0396-4278-9c87-97ca25a52ded'),
 ('93', '110', 'Default', '1', '2016-12-20 22:03:22', '2016-12-20 22:03:22', '9a0b7766-5bec-4119-999a-5b357bbdb86f'),
 ('94', '110', 'SEO', '2', '2016-12-20 22:03:22', '2016-12-20 22:03:22', '8442167d-7ef3-4832-a8e1-b2fce49649fa');



DROP TABLE IF EXISTS `craft_fields`;


--
-- Schema for table `craft_fields`
--
CREATE TABLE `craft_fields` (
  `id` int(11) NOT NULL AUTO_INCREMENT,
  `groupId` int(11) DEFAULT NULL,
  `name` varchar(255) COLLATE utf8_unicode_ci NOT NULL,
  `handle` varchar(58) COLLATE utf8_unicode_ci NOT NULL,
  `context` varchar(255) COLLATE utf8_unicode_ci NOT NULL DEFAULT 'global',
  `instructions` text COLLATE utf8_unicode_ci,
  `translatable` tinyint(1) unsigned NOT NULL DEFAULT '0',
  `type` varchar(150) COLLATE utf8_unicode_ci NOT NULL,
  `settings` text COLLATE utf8_unicode_ci,
  `dateCreated` datetime NOT NULL,
  `dateUpdated` datetime NOT NULL,
  `uid` char(36) COLLATE utf8_unicode_ci NOT NULL DEFAULT '0',
  PRIMARY KEY (`id`),
  UNIQUE KEY `craft_fields_handle_context_unq_idx` (`handle`,`context`),
  KEY `craft_fields_context_idx` (`context`),
  KEY `craft_fields_groupId_fk` (`groupId`)
) ENGINE=InnoDB AUTO_INCREMENT=48 DEFAULT CHARSET=utf8 COLLATE=utf8_unicode_ci;

--
-- Data for table `craft_fields`
--

INSERT INTO `craft_fields` (`id`, `groupId`, `name`, `handle`, `context`, `instructions`, `translatable`, `type`, `settings`, `dateCreated`, `dateUpdated`, `uid`) VALUES
 ('2', '1', 'Tags', 'tags', 'global', NULL, '0', 'Tags', '{\"source\":\"taggroup:1\"}', '2016-10-10 20:59:13', '2016-10-10 20:59:13', '646c04f6-c01d-49af-91e5-ff5d90479af4'),
 ('6', '4', 'SEO Title', 'seoTitle', 'global', 'Custom title override to improve SEO', '0', 'PlainText', '{\"placeholder\":\"\",\"maxLength\":\"69\",\"multiline\":\"\",\"initialRows\":\"4\"}', '2016-10-10 21:41:34', '2016-10-12 16:33:04', '7a978b7f-cab5-448c-88dc-d4e1a9d281cf'),
 ('7', '4', 'SEO Description', 'seoDescription', 'global', 'Used for meta description to improve SEO', '0', 'PlainText', '{\"placeholder\":\"\",\"maxLength\":\"155\",\"multiline\":\"1\",\"initialRows\":\"4\"}', '2016-10-10 21:42:52', '2016-10-12 16:32:57', '8dd0581c-6902-4a9c-8ddd-e11ce7656351'),
 ('36', '1', 'People', 'people', 'global', '', '0', 'Matrix', '{\"maxBlocks\":null}', '2016-12-13 22:24:13', '2016-12-20 21:21:04', 'f68bd23e-cdef-4a93-bc69-d799858a5e37'),
 ('37', NULL, 'Person Name', 'personName', 'matrixBlockType:5', '', '0', 'PlainText', '{\"placeholder\":\"\",\"maxLength\":\"\",\"multiline\":\"\",\"initialRows\":\"4\"}', '2016-12-13 22:24:13', '2016-12-20 21:21:04', '0a33cf4a-e767-459d-80ad-67047568db1e'),
 ('38', NULL, 'Person Title', 'personTitle', 'matrixBlockType:5', '', '0', 'PlainText', '{\"placeholder\":\"\",\"maxLength\":\"\",\"multiline\":\"\",\"initialRows\":\"4\"}', '2016-12-13 22:24:13', '2016-12-20 21:21:04', 'e7d409d4-2f29-4388-9755-f6ab096c7c7f'),
 ('40', NULL, 'Bio', 'bio', 'matrixBlockType:5', '', '0', 'RichText', '{\"configFile\":\"Standard.json\",\"availableAssetSources\":\"*\",\"availableTransforms\":\"*\",\"cleanupHtml\":\"1\",\"purifyHtml\":\"1\",\"columnType\":\"text\"}', '2016-12-13 22:24:13', '2016-12-20 21:21:04', '8c2775de-f70f-4f07-b5c3-161c0f83715a'),
 ('41', NULL, 'Photo', 'photo', 'matrixBlockType:5', '', '0', 'Assets', '{\"useSingleFolder\":\"1\",\"sources\":\"*\",\"defaultUploadLocationSource\":\"1\",\"defaultUploadLocationSubpath\":\"\",\"singleUploadLocationSource\":\"2\",\"singleUploadLocationSubpath\":\"\",\"restrictFiles\":\"1\",\"allowedKinds\":[\"image\"],\"limit\":\"1\",\"viewMode\":\"large\",\"selectionLabel\":\"\"}', '2016-12-13 22:29:27', '2016-12-20 21:21:04', '8f7d6df0-566a-4c34-b6da-6d9850f19621'),
 ('44', '8', 'Principals', 'principals', 'global', '', '0', 'Matrix', '{\"maxBlocks\":null}', '2016-12-20 21:44:46', '2016-12-20 21:44:46', '26ba242a-7632-4143-8293-8c66f2ce96bb'),
 ('45', NULL, 'Principal Icon', 'principalIcon', 'matrixBlockType:6', 'The svg icon associated with the principal', '0', 'Assets', '{\"useSingleFolder\":\"1\",\"sources\":\"*\",\"defaultUploadLocationSource\":\"1\",\"defaultUploadLocationSubpath\":\"\",\"singleUploadLocationSource\":\"1\",\"singleUploadLocationSubpath\":\"\",\"restrictFiles\":\"\",\"limit\":\"\",\"viewMode\":\"large\",\"selectionLabel\":\"\"}', '2016-12-20 21:44:46', '2016-12-20 21:44:46', 'f91a780c-2d3f-4e61-992a-a374c9ec2761'),
 ('46', NULL, 'Principal Label', 'principalLabel', 'matrixBlockType:6', '', '0', 'PlainText', '{\"placeholder\":\"\",\"maxLength\":\"\",\"multiline\":\"\",\"initialRows\":\"4\"}', '2016-12-20 21:44:46', '2016-12-20 21:44:46', '920975d9-9e93-4ddc-a0b7-88731ac66117'),
 ('47', NULL, 'Principal Description', 'principalDescription', 'matrixBlockType:6', '', '0', 'PlainText', '{\"placeholder\":\"\",\"maxLength\":\"\",\"multiline\":\"\",\"initialRows\":\"4\"}', '2016-12-20 21:44:46', '2016-12-20 21:44:46', 'cc643937-5162-43e6-bd97-5b5cf67471d3');



DROP TABLE IF EXISTS `craft_globalsets`;


--
-- Schema for table `craft_globalsets`
--
CREATE TABLE `craft_globalsets` (
  `id` int(11) NOT NULL,
  `name` varchar(255) COLLATE utf8_unicode_ci NOT NULL,
  `handle` varchar(255) COLLATE utf8_unicode_ci NOT NULL,
  `fieldLayoutId` int(10) DEFAULT NULL,
  `dateCreated` datetime NOT NULL,
  `dateUpdated` datetime NOT NULL,
  `uid` char(36) COLLATE utf8_unicode_ci NOT NULL DEFAULT '0',
  PRIMARY KEY (`id`),
  UNIQUE KEY `craft_globalsets_name_unq_idx` (`name`),
  UNIQUE KEY `craft_globalsets_handle_unq_idx` (`handle`),
  KEY `craft_globalsets_fieldLayoutId_fk` (`fieldLayoutId`)
) ENGINE=InnoDB DEFAULT CHARSET=utf8 COLLATE=utf8_unicode_ci;

--
-- Data for table `craft_globalsets`
--

INSERT INTO `craft_globalsets` (`id`, `name`, `handle`, `fieldLayoutId`, `dateCreated`, `dateUpdated`, `uid`) VALUES
 ('4', 'Global SEO', 'globalSeo', '11', '2016-10-10 21:49:00', '2016-10-10 21:49:12', '8fc0cbd3-030c-4cb9-82a1-d56ba14715ef');



DROP TABLE IF EXISTS `craft_import_entries`;


--
-- Schema for table `craft_import_entries`
--
CREATE TABLE `craft_import_entries` (
  `id` int(11) NOT NULL AUTO_INCREMENT,
  `historyId` int(11) DEFAULT NULL,
  `entryId` int(11) DEFAULT NULL,
  `dateCreated` datetime NOT NULL,
  `dateUpdated` datetime NOT NULL,
  `uid` char(36) COLLATE utf8_unicode_ci NOT NULL DEFAULT '0',
  PRIMARY KEY (`id`),
  KEY `craft_import_entries_historyId_fk` (`historyId`),
  KEY `craft_import_entries_entryId_fk` (`entryId`)
) ENGINE=InnoDB DEFAULT CHARSET=utf8 COLLATE=utf8_unicode_ci;

DROP TABLE IF EXISTS `craft_import_history`;


--
-- Schema for table `craft_import_history`
--
CREATE TABLE `craft_import_history` (
  `id` int(11) NOT NULL AUTO_INCREMENT,
  `userId` int(11) DEFAULT NULL,
  `type` varchar(255) COLLATE utf8_unicode_ci DEFAULT NULL,
  `file` varchar(255) COLLATE utf8_unicode_ci DEFAULT NULL,
  `rows` int(10) DEFAULT NULL,
  `behavior` enum('append','replace','delete') COLLATE utf8_unicode_ci DEFAULT NULL,
  `status` enum('started','finished','reverted') COLLATE utf8_unicode_ci DEFAULT NULL,
  `dateCreated` datetime NOT NULL,
  `dateUpdated` datetime NOT NULL,
  `uid` char(36) COLLATE utf8_unicode_ci NOT NULL DEFAULT '0',
  PRIMARY KEY (`id`),
  KEY `craft_import_history_userId_fk` (`userId`)
) ENGINE=InnoDB AUTO_INCREMENT=8 DEFAULT CHARSET=utf8 COLLATE=utf8_unicode_ci;

--
-- Data for table `craft_import_history`
--

INSERT INTO `craft_import_history` (`id`, `userId`, `type`, `file`, `rows`, `behavior`, `status`, `dateCreated`, `dateUpdated`, `uid`) VALUES
 ('1', '1', 'Entry', '84', '1', 'append', 'finished', '2016-12-16 20:00:29', '2016-12-16 20:00:31', 'a6d28602-6ebd-4e21-8a60-e033d9bfdfaa'),
 ('2', '1', 'Entry', '86', '5', 'append', 'finished', '2016-12-16 20:11:02', '2016-12-16 20:11:03', '8691b63d-bf55-461f-a714-4524f7f72d04'),
 ('3', '1', 'Entry', '87', '5', 'append', 'finished', '2016-12-16 20:12:20', '2016-12-16 20:12:20', '107a8827-c712-4853-a4e0-7083c3267bea'),
 ('4', '1', 'Entry', '88', '1', 'append', 'finished', '2016-12-16 20:23:12', '2016-12-16 20:23:13', '46681b87-1bbd-4590-9b7d-a419898416f6'),
 ('5', '1', 'Entry', '90', '41', 'append', 'finished', '2016-12-16 21:17:28', '2016-12-16 21:17:31', 'c8ffcec4-76a2-4fc8-94ec-8eee6573f0f0'),
 ('6', '1', 'Entry', '91', '41', 'replace', 'finished', '2016-12-16 21:20:32', '2016-12-16 21:20:34', 'ab46e9a5-8631-4f88-b3ed-141adcdc6658'),
 ('7', '1', 'Entry', '92', '41', 'append', 'finished', '2016-12-16 21:22:24', '2016-12-16 21:22:27', '4a8d5906-9b98-4fa6-a7f2-9adb29eb2efa');



DROP TABLE IF EXISTS `craft_import_log`;


--
-- Schema for table `craft_import_log`
--
CREATE TABLE `craft_import_log` (
  `id` int(11) NOT NULL AUTO_INCREMENT,
  `historyId` int(11) DEFAULT NULL,
  `line` int(10) DEFAULT NULL,
  `errors` text COLLATE utf8_unicode_ci,
  `dateCreated` datetime NOT NULL,
  `dateUpdated` datetime NOT NULL,
  `uid` char(36) COLLATE utf8_unicode_ci NOT NULL DEFAULT '0',
  PRIMARY KEY (`id`),
  KEY `craft_import_log_historyId_fk` (`historyId`)
) ENGINE=InnoDB AUTO_INCREMENT=51 DEFAULT CHARSET=utf8 COLLATE=utf8_unicode_ci;

--
-- Data for table `craft_import_log`
--

INSERT INTO `craft_import_log` (`id`, `historyId`, `line`, `errors`, `dateCreated`, `dateUpdated`, `uid`) VALUES
 ('1', '2', '2', '[[\"Columns and data did not match, could be due to malformed CSV row.\"]]', '2016-12-16 20:11:03', '2016-12-16 20:11:03', '7e138088-7fd4-4ada-8b74-dd56a988c195'),
 ('2', '2', '3', '[[\"Columns and data did not match, could be due to malformed CSV row.\"]]', '2016-12-16 20:11:03', '2016-12-16 20:11:03', '8b72367a-3f23-464a-8d94-62684223ffc0'),
 ('3', '2', '4', '[[\"Columns and data did not match, could be due to malformed CSV row.\"]]', '2016-12-16 20:11:03', '2016-12-16 20:11:03', 'a1393e99-c24a-4705-b80f-8eb56542dea6'),
 ('4', '2', '5', '[[\"Columns and data did not match, could be due to malformed CSV row.\"]]', '2016-12-16 20:11:03', '2016-12-16 20:11:03', '3be2880e-7ffa-4062-b153-6b07d4c0bd52'),
 ('5', '2', '6', '[[\"Columns and data did not match, could be due to malformed CSV row.\"]]', '2016-12-16 20:11:03', '2016-12-16 20:11:03', '37f1c102-db31-4068-b927-4f03c46514e2'),
 ('6', '3', '2', '[[\"Columns and data did not match, could be due to malformed CSV row.\"]]', '2016-12-16 20:12:20', '2016-12-16 20:12:20', 'c5545985-a0d3-4a1b-8c18-a865626806f1'),
 ('7', '3', '3', '[[\"Columns and data did not match, could be due to malformed CSV row.\"]]', '2016-12-16 20:12:20', '2016-12-16 20:12:20', '6b7e4f53-0f11-4713-b7d1-9cb42e16d547'),
 ('8', '3', '4', '[[\"Columns and data did not match, could be due to malformed CSV row.\"]]', '2016-12-16 20:12:20', '2016-12-16 20:12:20', '93e82851-e5d2-456c-87f3-6f7e167beaf9'),
 ('9', '3', '5', '[[\"Columns and data did not match, could be due to malformed CSV row.\"]]', '2016-12-16 20:12:20', '2016-12-16 20:12:20', 'ca1d7630-04ac-44a1-b6bb-4c518456f0ab'),
 ('10', '3', '6', '[[\"Columns and data did not match, could be due to malformed CSV row.\"]]', '2016-12-16 20:12:20', '2016-12-16 20:12:20', '2e1ba84e-2a8d-4fd0-be57-bd151f1a9ab6'),
 ('11', '5', '2', '{\"exception\":[\"No entry exists with the ID \\u201c1\\u201d.\"]}', '2016-12-16 21:17:30', '2016-12-16 21:17:30', '0edbd5af-a0b9-4a20-92c5-ce0788d6e4aa'),
 ('12', '5', '3', '{\"exception\":[\"No entry exists with the ID \\u201c3\\u201d.\"]}', '2016-12-16 21:17:30', '2016-12-16 21:17:30', '8810d17a-e8a5-429e-9239-c3e9cf9fb829'),
 ('13', '5', '4', '{\"exception\":[\"No entry exists with the ID \\u201c5\\u201d.\"]}', '2016-12-16 21:17:30', '2016-12-16 21:17:30', 'f139c37f-4a30-4d43-945c-79d1e105bfe0'),
 ('14', '5', '5', '{\"exception\":[\"No entry exists with the ID \\u201c11\\u201d.\"]}', '2016-12-16 21:17:30', '2016-12-16 21:17:30', '08cf0a9d-2b1b-492a-982c-81dd22527335'),
 ('15', '5', '6', '{\"exception\":[\"No entry exists with the ID \\u201c22\\u201d.\"]}', '2016-12-16 21:17:30', '2016-12-16 21:17:30', '6dbf74a5-dc8e-4d4a-99ef-ac2a847c4f19'),
 ('16', '5', '7', '{\"exception\":[\"No entry exists with the ID \\u201c23\\u201d.\"]}', '2016-12-16 21:17:30', '2016-12-16 21:17:30', 'f7b980de-0f0e-4b2e-b79f-e8c94f3018f9'),
 ('17', '5', '8', '{\"exception\":[\"No entry exists with the ID \\u201c24\\u201d.\"]}', '2016-12-16 21:17:30', '2016-12-16 21:17:30', '7533689b-87bd-4e67-98d8-b6618e0b37a9'),
 ('18', '5', '9', '{\"exception\":[\"No entry exists with the ID \\u201c37\\u201d.\"]}', '2016-12-16 21:17:30', '2016-12-16 21:17:30', 'a6d85e37-1bc9-466c-9290-ee5fb800b141'),
 ('19', '5', '10', '{\"exception\":[\"No entry exists with the ID \\u201c39\\u201d.\"]}', '2016-12-16 21:17:30', '2016-12-16 21:17:30', '1cdcdaab-ddb6-42ab-9322-037ddcdaa237'),
 ('20', '5', '11', '{\"exception\":[\"No entry exists with the ID \\u201c40\\u201d.\"]}', '2016-12-16 21:17:30', '2016-12-16 21:17:30', 'fa512657-a2bd-440f-9999-9edff9f6f760'),
 ('21', '5', '12', '{\"exception\":[\"No entry exists with the ID \\u201c43\\u201d.\"]}', '2016-12-16 21:17:30', '2016-12-16 21:17:30', '27222e5c-51d8-4873-ba03-592c3c1405ef'),
 ('22', '5', '14', '{\"exception\":[\"No entry exists with the ID \\u201c45\\u201d.\"]}', '2016-12-16 21:17:31', '2016-12-16 21:17:31', 'e03a2533-35c1-49be-820e-23185622272e'),
 ('23', '5', '15', '{\"exception\":[\"No entry exists with the ID \\u201c47\\u201d.\"]}', '2016-12-16 21:17:31', '2016-12-16 21:17:31', '0a34aecf-0cc3-4f3b-a239-849d943dbdb9'),
 ('24', '5', '16', '{\"exception\":[\"No entry exists with the ID \\u201c49\\u201d.\"]}', '2016-12-16 21:17:31', '2016-12-16 21:17:31', 'e7f4aa5f-2db8-4be4-9f5c-ed53f4f18ec0'),
 ('25', '5', '17', '{\"exception\":[\"No entry exists with the ID \\u201c50\\u201d.\"]}', '2016-12-16 21:17:31', '2016-12-16 21:17:31', '6a33b0f4-a3f0-4b74-a3c8-05711ad991e4'),
 ('26', '5', '18', '{\"exception\":[\"No entry exists with the ID \\u201c55\\u201d.\"]}', '2016-12-16 21:17:31', '2016-12-16 21:17:31', '6e52b95f-e8b5-4753-90a1-e89f6afbddbe'),
 ('27', '5', '19', '{\"exception\":[\"No entry exists with the ID \\u201c56\\u201d.\"]}', '2016-12-16 21:17:31', '2016-12-16 21:17:31', '9fce6ade-e370-4418-9576-e168f218fbb4'),
 ('28', '5', '20', '{\"exception\":[\"No entry exists with the ID \\u201c57\\u201d.\"]}', '2016-12-16 21:17:31', '2016-12-16 21:17:31', 'aefde3ba-a076-4679-92ca-f43a48083470'),
 ('29', '5', '21', '{\"exception\":[\"No entry exists with the ID \\u201c59\\u201d.\"]}', '2016-12-16 21:17:31', '2016-12-16 21:17:31', '2f0cbebc-53e5-4e81-97bd-17146e2b5722'),
 ('30', '5', '22', '{\"exception\":[\"No entry exists with the ID \\u201c62\\u201d.\"]}', '2016-12-16 21:17:31', '2016-12-16 21:17:31', '68d764ce-a88e-4c75-ada3-bedd434d8b0e'),
 ('31', '5', '23', '{\"exception\":[\"No entry exists with the ID \\u201c63\\u201d.\"]}', '2016-12-16 21:17:31', '2016-12-16 21:17:31', 'f0bbd389-6db1-4c79-89ee-2cd62f17f16c'),
 ('32', '5', '24', '{\"exception\":[\"No entry exists with the ID \\u201c64\\u201d.\"]}', '2016-12-16 21:17:31', '2016-12-16 21:17:31', '1b3f16e3-9009-4cf7-acb6-4a849840cbd4'),
 ('33', '5', '25', '{\"exception\":[\"No entry exists with the ID \\u201c65\\u201d.\"]}', '2016-12-16 21:17:31', '2016-12-16 21:17:31', 'e869b5f2-46ef-4b32-a928-66d8905a0bc3'),
 ('34', '5', '26', '{\"exception\":[\"No entry exists with the ID \\u201c66\\u201d.\"]}', '2016-12-16 21:17:31', '2016-12-16 21:17:31', '66d9d8e5-82ab-4ffb-a7bb-916f4ea3bb70'),
 ('35', '5', '27', '{\"exception\":[\"No entry exists with the ID \\u201c67\\u201d.\"]}', '2016-12-16 21:17:31', '2016-12-16 21:17:31', 'a1f097b2-a5bf-4cb2-b3ee-9b522adf49c0'),
 ('36', '5', '28', '{\"exception\":[\"No entry exists with the ID \\u201c68\\u201d.\"]}', '2016-12-16 21:17:31', '2016-12-16 21:17:31', '1801c423-3cc2-4ad5-81c0-d719e3f34f44'),
 ('37', '5', '29', '{\"exception\":[\"No entry exists with the ID \\u201c69\\u201d.\"]}', '2016-12-16 21:17:31', '2016-12-16 21:17:31', 'f3a8bf34-d345-40a3-bd4a-b433b5915da9'),
 ('38', '5', '30', '{\"exception\":[\"No entry exists with the ID \\u201c70\\u201d.\"]}', '2016-12-16 21:17:31', '2016-12-16 21:17:31', 'e6dfb11e-ab9a-4485-a0ac-8a2880efad2a'),
 ('39', '5', '31', '{\"exception\":[\"No entry exists with the ID \\u201c71\\u201d.\"]}', '2016-12-16 21:17:31', '2016-12-16 21:17:31', 'eda09963-2bf5-45d8-a846-f16656623050'),
 ('40', '5', '32', '{\"exception\":[\"No entry exists with the ID \\u201c72\\u201d.\"]}', '2016-12-16 21:17:31', '2016-12-16 21:17:31', '04a31a92-edc4-4ba6-9164-31b61dffcd03'),
 ('41', '5', '33', '{\"exception\":[\"No entry exists with the ID \\u201c73\\u201d.\"]}', '2016-12-16 21:17:31', '2016-12-16 21:17:31', '69d247c1-36de-4b6a-9d67-4c75c0b1cdab'),
 ('42', '5', '34', '{\"exception\":[\"No entry exists with the ID \\u201c74\\u201d.\"]}', '2016-12-16 21:17:31', '2016-12-16 21:17:31', '69ab25a4-c77d-4ada-9357-fe179b45f2dd'),
 ('43', '5', '35', '{\"exception\":[\"No entry exists with the ID \\u201c75\\u201d.\"]}', '2016-12-16 21:17:31', '2016-12-16 21:17:31', 'fa39de49-2fe9-4c6e-a32d-6d04aa1787fb'),
 ('44', '5', '36', '{\"exception\":[\"No entry exists with the ID \\u201c76\\u201d.\"]}', '2016-12-16 21:17:31', '2016-12-16 21:17:31', '933d7a61-da77-461a-ab24-cbfba0c0ece5'),
 ('45', '5', '37', '{\"exception\":[\"No entry exists with the ID \\u201c77\\u201d.\"]}', '2016-12-16 21:17:31', '2016-12-16 21:17:31', '31c02714-8639-483e-ac0a-609d6e5cac53'),
 ('46', '5', '38', '{\"exception\":[\"No entry exists with the ID \\u201c78\\u201d.\"]}', '2016-12-16 21:17:31', '2016-12-16 21:17:31', 'acd97a83-b4bc-46ce-941c-de5188390cd6'),
 ('47', '5', '39', '{\"exception\":[\"No entry exists with the ID \\u201c79\\u201d.\"]}', '2016-12-16 21:17:31', '2016-12-16 21:17:31', '9420db34-51a6-4b69-ba9a-dfb2915a88f5'),
 ('48', '5', '40', '{\"exception\":[\"No entry exists with the ID \\u201c82\\u201d.\"]}', '2016-12-16 21:17:31', '2016-12-16 21:17:31', 'a26cb697-fc71-4f04-a671-edbfadea39dd'),
 ('49', '5', '41', '{\"exception\":[\"No entry exists with the ID \\u201c85\\u201d.\"]}', '2016-12-16 21:17:31', '2016-12-16 21:17:31', 'afc202bf-922b-47ec-b770-a57e0f5bc41d'),
 ('50', '5', '42', '{\"exception\":[\"No entry exists with the ID \\u201c86\\u201d.\"]}', '2016-12-16 21:17:31', '2016-12-16 21:17:31', 'daaddc6e-cd65-4b1b-ad0c-c0318053f6b5');



DROP TABLE IF EXISTS `craft_info`;


--
-- Schema for table `craft_info`
--
CREATE TABLE `craft_info` (
  `id` int(11) NOT NULL AUTO_INCREMENT,
  `version` varchar(50) COLLATE utf8_unicode_ci NOT NULL,
  `schemaVersion` varchar(15) COLLATE utf8_unicode_ci NOT NULL,
  `edition` tinyint(1) unsigned NOT NULL DEFAULT '0',
  `siteName` varchar(100) COLLATE utf8_unicode_ci NOT NULL,
  `siteUrl` varchar(255) COLLATE utf8_unicode_ci NOT NULL,
  `timezone` varchar(30) COLLATE utf8_unicode_ci DEFAULT NULL,
  `on` tinyint(1) unsigned NOT NULL DEFAULT '0',
  `maintenance` tinyint(1) unsigned NOT NULL DEFAULT '0',
  `dateCreated` datetime NOT NULL,
  `dateUpdated` datetime NOT NULL,
  `uid` char(36) COLLATE utf8_unicode_ci NOT NULL DEFAULT '0',
  PRIMARY KEY (`id`)
) ENGINE=InnoDB AUTO_INCREMENT=2 DEFAULT CHARSET=utf8 COLLATE=utf8_unicode_ci;

--
-- Data for table `craft_info`
--

INSERT INTO `craft_info` (`id`, `version`, `schemaVersion`, `edition`, `siteName`, `siteUrl`, `timezone`, `on`, `maintenance`, `dateCreated`, `dateUpdated`, `uid`) VALUES
 ('1', '2.6.2954', '2.6.9', '0', 'EdNavigator', 'http://ednavigator.dev', 'UTC', '1', '1', '2016-10-10 20:59:12', '2017-01-03 16:40:36', '7459c730-ac1c-46c6-9fbf-f0b0eadf4090');



DROP TABLE IF EXISTS `craft_locales`;


--
-- Schema for table `craft_locales`
--
CREATE TABLE `craft_locales` (
  `locale` char(12) COLLATE utf8_unicode_ci NOT NULL,
  `sortOrder` smallint(6) unsigned DEFAULT NULL,
  `dateCreated` datetime NOT NULL,
  `dateUpdated` datetime NOT NULL,
  `uid` char(36) COLLATE utf8_unicode_ci NOT NULL DEFAULT '0',
  PRIMARY KEY (`locale`),
  KEY `craft_locales_sortOrder_idx` (`sortOrder`)
) ENGINE=InnoDB DEFAULT CHARSET=utf8 COLLATE=utf8_unicode_ci;

--
-- Data for table `craft_locales`
--

INSERT INTO `craft_locales` (`locale`, `sortOrder`, `dateCreated`, `dateUpdated`, `uid`) VALUES
 ('en_us', '1', '2016-10-10 20:59:12', '2016-10-10 20:59:12', '2cc28313-c1f0-4ff3-8176-2188d5d0ac93');



DROP TABLE IF EXISTS `craft_matrixblocks`;


--
-- Schema for table `craft_matrixblocks`
--
CREATE TABLE `craft_matrixblocks` (
  `id` int(11) NOT NULL,
  `ownerId` int(11) NOT NULL,
  `fieldId` int(11) NOT NULL,
  `typeId` int(11) DEFAULT NULL,
  `sortOrder` smallint(6) unsigned DEFAULT NULL,
  `ownerLocale` char(12) COLLATE utf8_unicode_ci DEFAULT NULL,
  `dateCreated` datetime NOT NULL,
  `dateUpdated` datetime NOT NULL,
  `uid` char(36) COLLATE utf8_unicode_ci NOT NULL DEFAULT '0',
  PRIMARY KEY (`id`),
  KEY `craft_matrixblocks_ownerId_idx` (`ownerId`),
  KEY `craft_matrixblocks_fieldId_idx` (`fieldId`),
  KEY `craft_matrixblocks_typeId_idx` (`typeId`),
  KEY `craft_matrixblocks_sortOrder_idx` (`sortOrder`),
  KEY `craft_matrixblocks_ownerLocale_fk` (`ownerLocale`)
) ENGINE=InnoDB DEFAULT CHARSET=utf8 COLLATE=utf8_unicode_ci;

--
-- Data for table `craft_matrixblocks`
--

INSERT INTO `craft_matrixblocks` (`id`, `ownerId`, `fieldId`, `typeId`, `sortOrder`, `ownerLocale`, `dateCreated`, `dateUpdated`, `uid`) VALUES
 ('2846', '2845', '36', '5', '1', NULL, '2016-12-20 22:40:44', '2016-12-20 22:40:44', '2a26619d-a276-4453-bcc4-a62dd625f189'),
 ('2847', '2845', '36', '5', '2', NULL, '2016-12-20 22:40:44', '2016-12-20 22:40:44', '2a4b4bfb-d4a7-4f36-a865-1c19cd08e55a'),
 ('2848', '2845', '36', '5', '3', NULL, '2016-12-20 22:40:44', '2016-12-20 22:40:44', 'deb1410f-d793-4b05-b545-a4f328043742'),
 ('2849', '2845', '36', '5', '4', NULL, '2016-12-20 22:40:44', '2016-12-20 22:40:44', '5b33eb35-150b-4f1c-b413-206d51792dc5'),
 ('2851', '2850', '36', '5', '1', NULL, '2016-12-20 22:49:44', '2016-12-20 22:49:44', '3ca9776d-94f4-494c-a551-e8e6763d7770'),
 ('2852', '2850', '36', '5', '2', NULL, '2016-12-20 22:49:44', '2016-12-20 22:49:44', '782fa353-2844-4d84-99c9-c6a384621b74'),
 ('2853', '2850', '36', '5', '3', NULL, '2016-12-20 22:49:44', '2016-12-20 22:49:44', '40e6bf11-8e84-4b5d-98f4-de9f758c340b'),
 ('2854', '2850', '36', '5', '4', NULL, '2016-12-20 22:49:44', '2016-12-20 22:49:44', '7ffdf843-61bf-4719-9a6e-159047f6bfc9'),
 ('2857', '2856', '36', '5', '1', NULL, '2016-12-20 23:04:45', '2016-12-20 23:04:45', '5a280070-02ef-4a72-83cb-79878cff9297'),
 ('2858', '2856', '36', '5', '2', NULL, '2016-12-20 23:04:45', '2016-12-20 23:04:45', 'c0729af3-c2fa-4880-9766-2522686e0fb1'),
 ('2859', '2856', '36', '5', '3', NULL, '2016-12-20 23:04:45', '2016-12-20 23:04:45', '1813e05e-3426-4010-8f65-c7ae4ce53488'),
 ('2860', '2856', '36', '5', '4', NULL, '2016-12-20 23:04:45', '2016-12-20 23:04:45', 'bae73286-244e-4bee-a576-68dce65d641d'),
 ('2861', '2856', '36', '5', '5', NULL, '2016-12-20 23:04:45', '2016-12-20 23:04:45', '9cfa784c-711d-485a-ae35-2bc2851e8c0d'),
 ('2862', '2856', '36', '5', '6', NULL, '2016-12-20 23:04:45', '2016-12-20 23:04:45', '7788677f-bcf9-42cb-8917-e330d22697d3'),
 ('2863', '2856', '36', '5', '7', NULL, '2016-12-20 23:04:45', '2016-12-20 23:04:45', '5e8e9192-c028-4821-a8b2-cb9d803bcafe');



DROP TABLE IF EXISTS `craft_matrixblocktypes`;


--
-- Schema for table `craft_matrixblocktypes`
--
CREATE TABLE `craft_matrixblocktypes` (
  `id` int(11) NOT NULL AUTO_INCREMENT,
  `fieldId` int(11) NOT NULL,
  `fieldLayoutId` int(11) DEFAULT NULL,
  `name` varchar(255) COLLATE utf8_unicode_ci NOT NULL,
  `handle` varchar(255) COLLATE utf8_unicode_ci NOT NULL,
  `sortOrder` smallint(6) unsigned DEFAULT NULL,
  `dateCreated` datetime NOT NULL,
  `dateUpdated` datetime NOT NULL,
  `uid` char(36) COLLATE utf8_unicode_ci NOT NULL DEFAULT '0',
  PRIMARY KEY (`id`),
  UNIQUE KEY `craft_matrixblocktypes_name_fieldId_unq_idx` (`name`,`fieldId`),
  UNIQUE KEY `craft_matrixblocktypes_handle_fieldId_unq_idx` (`handle`,`fieldId`),
  KEY `craft_matrixblocktypes_fieldId_fk` (`fieldId`),
  KEY `craft_matrixblocktypes_fieldLayoutId_fk` (`fieldLayoutId`)
) ENGINE=InnoDB AUTO_INCREMENT=7 DEFAULT CHARSET=utf8 COLLATE=utf8_unicode_ci;

--
-- Data for table `craft_matrixblocktypes`
--

INSERT INTO `craft_matrixblocktypes` (`id`, `fieldId`, `fieldLayoutId`, `name`, `handle`, `sortOrder`, `dateCreated`, `dateUpdated`, `uid`) VALUES
 ('5', '36', '106', 'Person', 'person', '1', '2016-12-13 22:24:13', '2016-12-20 21:21:04', 'cf03b594-7ac1-4637-ad23-9ff57745cc34'),
 ('6', '44', '108', 'Principal', 'principal', '1', '2016-12-20 21:44:46', '2016-12-20 21:44:46', '89b9c8ac-1960-498e-897f-4362ed7ab567');



DROP TABLE IF EXISTS `craft_matrixcontent_people`;


--
-- Schema for table `craft_matrixcontent_people`
--
CREATE TABLE `craft_matrixcontent_people` (
  `id` int(11) NOT NULL AUTO_INCREMENT,
  `elementId` int(11) NOT NULL,
  `locale` char(12) COLLATE utf8_unicode_ci NOT NULL,
  `field_person_personName` text COLLATE utf8_unicode_ci,
  `field_person_personTitle` text COLLATE utf8_unicode_ci,
  `field_person_bio` text COLLATE utf8_unicode_ci,
  `dateCreated` datetime NOT NULL,
  `dateUpdated` datetime NOT NULL,
  `uid` char(36) COLLATE utf8_unicode_ci NOT NULL DEFAULT '0',
  PRIMARY KEY (`id`),
  UNIQUE KEY `craft_matrixcontent_people_elementId_locale_unq_idx` (`elementId`,`locale`),
  KEY `craft_matrixcontent_people_locale_fk` (`locale`)
) ENGINE=InnoDB AUTO_INCREMENT=28 DEFAULT CHARSET=utf8 COLLATE=utf8_unicode_ci;

--
-- Data for table `craft_matrixcontent_people`
--

INSERT INTO `craft_matrixcontent_people` (`id`, `elementId`, `locale`, `field_person_personName`, `field_person_personTitle`, `field_person_bio`, `dateCreated`, `dateUpdated`, `uid`) VALUES
 ('13', '2846', 'en_us', 'Timothy Daly', 'Founding Partner', '', '2016-12-20 22:40:44', '2016-12-20 22:40:44', '01f973fb-1b26-44ec-975c-d0dbe5f9ab43'),
 ('14', '2847', 'en_us', 'Whitney Henderson', 'Navigator-in-chief', '', '2016-12-20 22:40:44', '2016-12-20 22:40:44', '09ec2bbe-d747-404f-8808-a604bdf1b306'),
 ('15', '2848', 'en_us', 'David Keeling', 'Founding Partner', '', '2016-12-20 22:40:44', '2016-12-20 22:40:44', 'a299d1e7-dd11-42e4-9eef-b16653c57ae4'),
 ('16', '2849', 'en_us', 'Ariela Rozman', 'Founding Partner', '', '2016-12-20 22:40:44', '2016-12-20 22:40:44', 'fe7f02c7-20cb-4f40-9c18-bdf27d064f4c'),
 ('17', '2851', 'en_us', 'Kriste Dragon', 'Co-founder and Chief Executive Officer, Citizens of the World Charter Schools', '', '2016-12-20 22:49:44', '2016-12-20 22:49:44', '21e6614c-3466-4163-9f46-17bba659c0c5'),
 ('18', '2852', 'en_us', 'Kaya Henderson', 'Former Chancellor,  DC Public Schools', '', '2016-12-20 22:49:44', '2016-12-20 22:49:44', '7661d7da-ef2f-4e34-94c4-b03553b3dccd'),
 ('19', '2853', 'en_us', 'Ryan Smith', 'Executive Director,  Education Trust-West', '', '2016-12-20 22:49:44', '2016-12-20 22:49:44', '9e1d7647-ed8c-4729-ae8a-c52ae5990138'),
 ('20', '2854', 'en_us', 'Chris Stewart', 'Director of Outreach and External Affairs, Education Post', '', '2016-12-20 22:49:44', '2016-12-20 22:49:44', '102d84f0-b28d-4716-8c74-75aa7ec27e5f'),
 ('21', '2857', 'en_us', 'International House Hotel', 'Anchor Partner', '<p>International House Hotel is a luxury boutique hotel located in downtown New Orleans, with 117 rooms. EdNavigator support is available to any eligible employee who is interested.</p>', '2016-12-20 23:04:45', '2016-12-20 23:04:45', 'fae92c88-93a0-47de-bdcf-4c65127a55be'),
 ('22', '2858', 'en_us', 'The New Orleans marriott', '', '<p>Located on Canal Street, the New Orleans Marriott is the citys second-largest hotel, with 1,330 rooms.</p>', '2016-12-20 23:04:45', '2016-12-20 23:04:45', 'f18d166d-ac4f-48ef-aa77-5a8911fcd6f8'),
 ('23', '2859', 'en_us', 'The Hyatt Regency New Orleans', '', '', '2016-12-20 23:04:45', '2016-12-20 23:04:45', '9ed1c920-ca3c-4a19-be59-c76ce6fcca85'),
 ('24', '2860', 'en_us', 'The JW Marriott New Orleans', '', '', '2016-12-20 23:04:45', '2016-12-20 23:04:45', '1b64829b-2023-4a9f-a346-c37e79f1f92d'),
 ('25', '2861', 'en_us', 'The Ritz-Carlton New Orleans', '', '', '2016-12-20 23:04:45', '2016-12-20 23:04:45', '64b71fc8-b613-4f6c-ae38-00515024b962'),
 ('26', '2862', 'en_us', 'The Residence Inn New Orleans Downtwon', '', '', '2016-12-20 23:04:45', '2016-12-20 23:04:45', '133e7ed5-be33-4fd2-9913-d61f2653b367'),
 ('27', '2863', 'en_us', 'The New Orleans Marriott At The Convention Center', '', '', '2016-12-20 23:04:45', '2016-12-20 23:04:45', '76471bfe-9e2a-4c53-9d68-8f429d9bc7f2');



DROP TABLE IF EXISTS `craft_matrixcontent_principals`;


--
-- Schema for table `craft_matrixcontent_principals`
--
CREATE TABLE `craft_matrixcontent_principals` (
  `id` int(11) NOT NULL AUTO_INCREMENT,
  `elementId` int(11) NOT NULL,
  `locale` char(12) COLLATE utf8_unicode_ci NOT NULL,
  `field_principal_principalLabel` text COLLATE utf8_unicode_ci,
  `field_principal_principalDescription` text COLLATE utf8_unicode_ci,
  `dateCreated` datetime NOT NULL,
  `dateUpdated` datetime NOT NULL,
  `uid` char(36) COLLATE utf8_unicode_ci NOT NULL DEFAULT '0',
  PRIMARY KEY (`id`),
  UNIQUE KEY `craft_matrixcontent_principals_elementId_locale_unq_idx` (`elementId`,`locale`),
  KEY `craft_matrixcontent_principals_locale_fk` (`locale`)
) ENGINE=InnoDB DEFAULT CHARSET=utf8 COLLATE=utf8_unicode_ci;

DROP TABLE IF EXISTS `craft_migrations`;


--
-- Schema for table `craft_migrations`
--
CREATE TABLE `craft_migrations` (
  `id` int(11) NOT NULL AUTO_INCREMENT,
  `pluginId` int(11) DEFAULT NULL,
  `version` varchar(255) COLLATE utf8_unicode_ci NOT NULL,
  `applyTime` datetime NOT NULL,
  `dateCreated` datetime NOT NULL,
  `dateUpdated` datetime NOT NULL,
  `uid` char(36) COLLATE utf8_unicode_ci NOT NULL DEFAULT '0',
  PRIMARY KEY (`id`),
  UNIQUE KEY `craft_migrations_version_unq_idx` (`version`),
  KEY `craft_migrations_pluginId_fk` (`pluginId`)
) ENGINE=InnoDB AUTO_INCREMENT=42 DEFAULT CHARSET=utf8 COLLATE=utf8_unicode_ci;

--
-- Data for table `craft_migrations`
--

INSERT INTO `craft_migrations` (`id`, `pluginId`, `version`, `applyTime`, `dateCreated`, `dateUpdated`, `uid`) VALUES
 ('1', NULL, 'm000000_000000_base', '2016-10-10 20:59:12', '2016-10-10 20:59:12', '2016-10-10 20:59:12', '13765fc8-b276-414e-92f6-7cd9858fddfe'),
 ('2', NULL, 'm140730_000001_add_filename_and_format_to_transformindex', '2016-10-10 20:59:12', '2016-10-10 20:59:12', '2016-10-10 20:59:12', 'b02c120a-cd9b-4e04-82ca-0742cbe2d2c7'),
 ('3', NULL, 'm140815_000001_add_format_to_transforms', '2016-10-10 20:59:12', '2016-10-10 20:59:12', '2016-10-10 20:59:12', '591e485d-babd-492f-b8b1-cf46f90d4af3'),
 ('4', NULL, 'm140822_000001_allow_more_than_128_items_per_field', '2016-10-10 20:59:12', '2016-10-10 20:59:12', '2016-10-10 20:59:12', '6e8dc42d-f1a8-4878-8f2d-e3e6f6b04bf1'),
 ('5', NULL, 'm140829_000001_single_title_formats', '2016-10-10 20:59:12', '2016-10-10 20:59:12', '2016-10-10 20:59:12', 'fed7c635-3282-42ee-b3ff-4b4251021ea1'),
 ('6', NULL, 'm140831_000001_extended_cache_keys', '2016-10-10 20:59:12', '2016-10-10 20:59:12', '2016-10-10 20:59:12', '79459758-8ff2-4db1-b88d-716b2beb4ac4'),
 ('7', NULL, 'm140922_000001_delete_orphaned_matrix_blocks', '2016-10-10 20:59:12', '2016-10-10 20:59:12', '2016-10-10 20:59:12', '02660a7b-288e-42b6-bc72-6f51bd9349c7'),
 ('8', NULL, 'm141008_000001_elements_index_tune', '2016-10-10 20:59:12', '2016-10-10 20:59:12', '2016-10-10 20:59:12', 'a9bf7f1d-49a0-434b-83ae-44f314c5fba4'),
 ('9', NULL, 'm141009_000001_assets_source_handle', '2016-10-10 20:59:12', '2016-10-10 20:59:12', '2016-10-10 20:59:12', '85ee644f-be83-4775-9248-015a08ab00a8'),
 ('10', NULL, 'm141024_000001_field_layout_tabs', '2016-10-10 20:59:12', '2016-10-10 20:59:12', '2016-10-10 20:59:12', '6acca276-faf0-4172-9bbe-0e50d3243eb2'),
 ('11', NULL, 'm141030_000000_plugin_schema_versions', '2016-10-10 20:59:12', '2016-10-10 20:59:12', '2016-10-10 20:59:12', 'b88e0df3-8138-4078-bafc-b583d985d9cc'),
 ('12', NULL, 'm141030_000001_drop_structure_move_permission', '2016-10-10 20:59:12', '2016-10-10 20:59:12', '2016-10-10 20:59:12', 'd2a14ac6-a86f-4ea4-b18c-0a1a8feffbf2'),
 ('13', NULL, 'm141103_000001_tag_titles', '2016-10-10 20:59:12', '2016-10-10 20:59:12', '2016-10-10 20:59:12', '017c43c6-3b5c-4841-a382-d47619e02e60'),
 ('14', NULL, 'm141109_000001_user_status_shuffle', '2016-10-10 20:59:12', '2016-10-10 20:59:12', '2016-10-10 20:59:12', '425b570d-93a9-4fe9-986d-c9c365f86b4c'),
 ('15', NULL, 'm141126_000001_user_week_start_day', '2016-10-10 20:59:12', '2016-10-10 20:59:12', '2016-10-10 20:59:12', '1c74d547-f1d8-4902-85f6-64b359ee3f73'),
 ('16', NULL, 'm150210_000001_adjust_user_photo_size', '2016-10-10 20:59:12', '2016-10-10 20:59:12', '2016-10-10 20:59:12', '6ecb28fa-1fea-4045-9449-ce6cb177b238'),
 ('17', NULL, 'm150724_000001_adjust_quality_settings', '2016-10-10 20:59:12', '2016-10-10 20:59:12', '2016-10-10 20:59:12', '7d177cfb-e4db-4bcf-8124-8f77a2b1f336'),
 ('18', NULL, 'm150827_000000_element_index_settings', '2016-10-10 20:59:12', '2016-10-10 20:59:12', '2016-10-10 20:59:12', '6d9efcf7-76ea-4484-8488-cfcbeedfb16b'),
 ('19', NULL, 'm150918_000001_add_colspan_to_widgets', '2016-10-10 20:59:12', '2016-10-10 20:59:12', '2016-10-10 20:59:12', 'db6b15ec-5faa-48f1-a300-fe8f3c4749c4'),
 ('20', NULL, 'm151007_000000_clear_asset_caches', '2016-10-10 20:59:12', '2016-10-10 20:59:12', '2016-10-10 20:59:12', '214be692-f79c-4c20-96a3-66a56b419536'),
 ('21', NULL, 'm151109_000000_text_url_formats', '2016-10-10 20:59:12', '2016-10-10 20:59:12', '2016-10-10 20:59:12', 'f6300cd9-3314-4b35-8e6a-57916453d480'),
 ('22', NULL, 'm151110_000000_move_logo', '2016-10-10 20:59:12', '2016-10-10 20:59:12', '2016-10-10 20:59:12', 'e316fedf-f12d-4b99-97ac-b77dadc9d13e'),
 ('23', NULL, 'm151117_000000_adjust_image_widthheight', '2016-10-10 20:59:12', '2016-10-10 20:59:12', '2016-10-10 20:59:12', 'e561faef-536c-4692-922d-e34cb30e30c3'),
 ('24', NULL, 'm151127_000000_clear_license_key_status', '2016-10-10 20:59:12', '2016-10-10 20:59:12', '2016-10-10 20:59:12', 'f62fe69c-e0e9-4abd-b6bb-4aace6e10534'),
 ('25', NULL, 'm151127_000000_plugin_license_keys', '2016-10-10 20:59:12', '2016-10-10 20:59:12', '2016-10-10 20:59:12', '7d0182c6-3e99-45d8-8789-8188febdbdd9'),
 ('26', NULL, 'm151130_000000_update_pt_widget_feeds', '2016-10-10 20:59:12', '2016-10-10 20:59:12', '2016-10-10 20:59:12', 'df20204f-e388-41db-a7e1-996d88500b27'),
 ('27', NULL, 'm160114_000000_asset_sources_public_url_default_true', '2016-10-10 20:59:12', '2016-10-10 20:59:12', '2016-10-10 20:59:12', '306a939e-b1d0-4ed8-b3aa-ab557333b7be'),
 ('28', NULL, 'm160223_000000_sortorder_to_smallint', '2016-10-10 20:59:12', '2016-10-10 20:59:12', '2016-10-10 20:59:12', 'ba9f71c8-d127-4088-aaea-5ddda5ec8eaf'),
 ('29', NULL, 'm160229_000000_set_default_entry_statuses', '2016-10-10 20:59:12', '2016-10-10 20:59:12', '2016-10-10 20:59:12', 'ad98ae6f-8faf-4fba-be1b-8b9e3b9da015'),
 ('30', NULL, 'm160304_000000_client_permissions', '2016-10-10 20:59:12', '2016-10-10 20:59:12', '2016-10-10 20:59:12', '87a0828a-e445-450c-881f-61efa0963891'),
 ('31', NULL, 'm160322_000000_asset_filesize', '2016-10-10 20:59:12', '2016-10-10 20:59:12', '2016-10-10 20:59:12', '0c5fce02-c7a4-4fd2-af02-a0634424c7d3'),
 ('32', NULL, 'm160503_000000_orphaned_fieldlayouts', '2016-10-10 20:59:12', '2016-10-10 20:59:12', '2016-10-10 20:59:12', 'fc8bb2fe-457f-4adc-8339-802f9191361b'),
 ('33', NULL, 'm160510_000000_tasksettings', '2016-10-10 20:59:12', '2016-10-10 20:59:12', '2016-10-10 20:59:12', 'b5024bef-7214-43fd-9292-cc94ca21f81f'),
 ('34', NULL, 'm160829_000000_pending_user_content_cleanup', '2016-10-10 20:59:12', '2016-10-10 20:59:12', '2016-10-10 20:59:12', '6cf75b4f-0210-4ec6-b8f5-ac394ce9fb02'),
 ('35', NULL, 'm160830_000000_asset_index_uri_increase', '2016-10-10 20:59:12', '2016-10-10 20:59:12', '2016-10-10 20:59:12', '6c629f5b-d2bc-4225-a716-5924579a103b'),
 ('36', NULL, 'm160919_000000_usergroup_handle_title_unique', '2016-10-10 20:59:12', '2016-10-10 20:59:12', '2016-10-10 20:59:12', '9f80c981-76aa-4ff1-bf82-b121e725b46f'),
 ('37', '1', 'm140430_122214_import_ImportHistory', '2016-12-12 18:11:41', '2016-12-12 18:11:41', '2016-12-12 18:11:41', 'b8f000dd-b8fa-41df-91c6-309b608178eb'),
 ('38', '1', 'm140616_080724_import_saveEntryIdAndVersion', '2016-12-12 18:11:41', '2016-12-12 18:11:41', '2016-12-12 18:11:41', '318332ae-59a9-4d84-b993-93708a5222ea'),
 ('39', '1', 'm140903_075432_import_ImportElements', '2016-12-12 18:11:41', '2016-12-12 18:11:41', '2016-12-12 18:11:41', '6d594032-5a98-420b-ab2c-6042a2a2bd62'),
 ('40', NULL, 'm161108_000000_new_version_format', '2016-12-12 20:27:04', '2016-12-12 20:27:04', '2016-12-12 20:27:04', 'fef75201-d7c4-42cc-bd17-9948a669f3b4'),
 ('41', NULL, 'm161109_000000_index_shuffle', '2016-12-12 20:27:04', '2016-12-12 20:27:04', '2016-12-12 20:27:04', '1c844454-c81a-4b33-ae61-a4b032063bd4');



DROP TABLE IF EXISTS `craft_plugins`;


--
-- Schema for table `craft_plugins`
--
CREATE TABLE `craft_plugins` (
  `id` int(11) NOT NULL AUTO_INCREMENT,
  `class` varchar(150) COLLATE utf8_unicode_ci NOT NULL,
  `version` varchar(15) COLLATE utf8_unicode_ci NOT NULL,
  `schemaVersion` varchar(15) COLLATE utf8_unicode_ci DEFAULT NULL,
  `licenseKey` char(24) COLLATE utf8_unicode_ci DEFAULT NULL,
  `licenseKeyStatus` enum('valid','invalid','mismatched','unknown') COLLATE utf8_unicode_ci NOT NULL DEFAULT 'unknown',
  `enabled` tinyint(1) unsigned NOT NULL DEFAULT '0',
  `settings` text COLLATE utf8_unicode_ci,
  `installDate` datetime NOT NULL,
  `dateCreated` datetime NOT NULL,
  `dateUpdated` datetime NOT NULL,
  `uid` char(36) COLLATE utf8_unicode_ci NOT NULL DEFAULT '0',
  PRIMARY KEY (`id`)
) ENGINE=InnoDB AUTO_INCREMENT=3 DEFAULT CHARSET=utf8 COLLATE=utf8_unicode_ci;

--
-- Data for table `craft_plugins`
--

INSERT INTO `craft_plugins` (`id`, `class`, `version`, `schemaVersion`, `licenseKey`, `licenseKeyStatus`, `enabled`, `settings`, `installDate`, `dateCreated`, `dateUpdated`, `uid`) VALUES
 ('1', 'Import', '0.8.33', NULL, NULL, 'unknown', '1', NULL, '2016-12-12 18:11:41', '2016-12-12 18:11:41', '2017-01-03 16:40:35', '355bd228-64b4-4ebc-890d-7f5fd11c5686'),
 ('2', 'AssetRev', '4.0.1', NULL, NULL, 'unknown', '1', NULL, '2016-12-12 18:11:43', '2016-12-12 18:11:43', '2017-01-03 16:40:35', '8748769e-7387-4e96-814e-c512968cfd5c');



DROP TABLE IF EXISTS `craft_rackspaceaccess`;


--
-- Schema for table `craft_rackspaceaccess`
--
CREATE TABLE `craft_rackspaceaccess` (
  `id` int(11) NOT NULL AUTO_INCREMENT,
  `connectionKey` varchar(255) COLLATE utf8_unicode_ci NOT NULL,
  `token` varchar(255) COLLATE utf8_unicode_ci NOT NULL,
  `storageUrl` varchar(255) COLLATE utf8_unicode_ci NOT NULL,
  `cdnUrl` varchar(255) COLLATE utf8_unicode_ci NOT NULL,
  `dateCreated` datetime NOT NULL,
  `dateUpdated` datetime NOT NULL,
  `uid` char(36) COLLATE utf8_unicode_ci NOT NULL DEFAULT '0',
  PRIMARY KEY (`id`),
  UNIQUE KEY `craft_rackspaceaccess_connectionKey_unq_idx` (`connectionKey`)
) ENGINE=InnoDB DEFAULT CHARSET=utf8 COLLATE=utf8_unicode_ci;

DROP TABLE IF EXISTS `craft_relations`;


--
-- Schema for table `craft_relations`
--
CREATE TABLE `craft_relations` (
  `id` int(11) NOT NULL AUTO_INCREMENT,
  `fieldId` int(11) NOT NULL,
  `sourceId` int(11) NOT NULL,
  `sourceLocale` char(12) COLLATE utf8_unicode_ci DEFAULT NULL,
  `targetId` int(11) NOT NULL,
  `sortOrder` smallint(6) DEFAULT NULL,
  `dateCreated` datetime NOT NULL,
  `dateUpdated` datetime NOT NULL,
  `uid` char(36) COLLATE utf8_unicode_ci NOT NULL DEFAULT '0',
  PRIMARY KEY (`id`),
  UNIQUE KEY `craft_relations_fieldId_sourceId_sourceLocale_targetId_unq_idx` (`fieldId`,`sourceId`,`sourceLocale`,`targetId`),
  KEY `craft_relations_sourceId_fk` (`sourceId`),
  KEY `craft_relations_sourceLocale_fk` (`sourceLocale`),
  KEY `craft_relations_targetId_fk` (`targetId`)
) ENGINE=InnoDB DEFAULT CHARSET=utf8 COLLATE=utf8_unicode_ci;

DROP TABLE IF EXISTS `craft_routes`;


--
-- Schema for table `craft_routes`
--
CREATE TABLE `craft_routes` (
  `id` int(11) NOT NULL AUTO_INCREMENT,
  `locale` char(12) COLLATE utf8_unicode_ci DEFAULT NULL,
  `urlParts` varchar(255) COLLATE utf8_unicode_ci NOT NULL,
  `urlPattern` varchar(255) COLLATE utf8_unicode_ci NOT NULL,
  `template` varchar(255) COLLATE utf8_unicode_ci NOT NULL,
  `sortOrder` smallint(6) unsigned DEFAULT NULL,
  `dateCreated` datetime NOT NULL,
  `dateUpdated` datetime NOT NULL,
  `uid` char(36) COLLATE utf8_unicode_ci NOT NULL DEFAULT '0',
  PRIMARY KEY (`id`),
  UNIQUE KEY `craft_routes_urlPattern_unq_idx` (`urlPattern`),
  KEY `craft_routes_locale_idx` (`locale`)
) ENGINE=InnoDB DEFAULT CHARSET=utf8 COLLATE=utf8_unicode_ci;

DROP TABLE IF EXISTS `craft_searchindex`;


--
-- Schema for table `craft_searchindex`
--
CREATE TABLE `craft_searchindex` (
  `elementId` int(11) NOT NULL,
  `attribute` varchar(25) COLLATE utf8_unicode_ci NOT NULL,
  `fieldId` int(11) NOT NULL,
  `locale` char(12) COLLATE utf8_unicode_ci NOT NULL,
  `keywords` text COLLATE utf8_unicode_ci NOT NULL,
  PRIMARY KEY (`elementId`,`attribute`,`fieldId`,`locale`),
  FULLTEXT KEY `craft_searchindex_keywords_idx` (`keywords`)
) ENGINE=MyISAM DEFAULT CHARSET=utf8 COLLATE=utf8_unicode_ci;

--
-- Data for table `craft_searchindex`
--

INSERT INTO `craft_searchindex` (`elementId`, `attribute`, `fieldId`, `locale`, `keywords`) VALUES
 ('1', 'username', '0', 'en_us', ' fbdev '),
 ('1', 'firstname', '0', 'en_us', ''),
 ('1', 'lastname', '0', 'en_us', ''),
 ('1', 'fullname', '0', 'en_us', ''),
 ('1', 'email', '0', 'en_us', ' nate firebellydesign com '),
 ('1', 'slug', '0', 'en_us', ''),
 ('2', 'slug', '0', 'en_us', ' homepage '),
 ('2', 'title', '0', 'en_us', ' homepage '),
 ('2', 'field', '1', 'en_us', ' currently unused just redirects to work '),
 ('135', 'filename', '0', 'en_us', ' 15fb_portfolio people_0006 jpg '),
 ('134', 'slug', '0', 'en_us', ' 15 fb portfolio people 0005 c '),
 ('134', 'title', '0', 'en_us', ' 15 fb portfolio people 0005 c '),
 ('134', 'kind', '0', 'en_us', ' image '),
 ('134', 'extension', '0', 'en_us', ' jpg '),
 ('134', 'filename', '0', 'en_us', ' 15fb_portfolio people_0005c jpg '),
 ('4', 'slug', '0', 'en_us', ''),
 ('4', 'field', '6', 'en_us', ''),
 ('4', 'field', '7', 'en_us', ''),
 ('19', 'name', '0', 'en_us', ' brand strategy '),
 ('19', 'slug', '0', 'en_us', ''),
 ('19', 'title', '0', 'en_us', ' brand strategy '),
 ('20', 'name', '0', 'en_us', ' digital experience '),
 ('20', 'slug', '0', 'en_us', ''),
 ('20', 'title', '0', 'en_us', ' digital experience '),
 ('2836', 'title', '0', 'en_us', ' in the news '),
 ('2836', 'slug', '0', 'en_us', ' in the news '),
 ('2834', 'slug', '0', 'en_us', ' parent teacher conferences '),
 ('2834', 'title', '0', 'en_us', ' parent teacher conferences '),
 ('2835', 'slug', '0', 'en_us', ' report cards '),
 ('2835', 'title', '0', 'en_us', ' report cards '),
 ('2837', 'slug', '0', 'en_us', ' what were learning '),
 ('2837', 'title', '0', 'en_us', ' what we re learning '),
 ('2838', 'slug', '0', 'en_us', ' insight '),
 ('2838', 'title', '0', 'en_us', ' insight '),
 ('2841', 'slug', '0', 'en_us', ' navigators '),
 ('2841', 'title', '0', 'en_us', ' who we are '),
 ('2842', 'field', '44', 'en_us', ''),
 ('2842', 'field', '7', 'en_us', ''),
 ('2842', 'field', '6', 'en_us', ''),
 ('2842', 'slug', '0', 'en_us', ' navigators '),
 ('2842', 'title', '0', 'en_us', ' who we are '),
 ('2843', 'field', '44', 'en_us', ''),
 ('2843', 'field', '7', 'en_us', ''),
 ('2843', 'field', '6', 'en_us', ''),
 ('2843', 'slug', '0', 'en_us', ' navigators '),
 ('2843', 'title', '0', 'en_us', ' navigators '),
 ('2843', 'field', '36', 'en_us', ''),
 ('2843', 'field', '2', 'en_us', ''),
 ('36', 'filename', '0', 'en_us', ' dawn hancock hi bw jpg '),
 ('36', 'extension', '0', 'en_us', ' jpg '),
 ('36', 'kind', '0', 'en_us', ' image '),
 ('36', 'slug', '0', 'en_us', ' dawn hancock hi bw '),
 ('36', 'title', '0', 'en_us', ' dawn hancock hi bw '),
 ('37', 'filename', '0', 'en_us', ' 15fb_portfolio people_will02 jpg '),
 ('37', 'extension', '0', 'en_us', ' jpg '),
 ('37', 'kind', '0', 'en_us', ' image '),
 ('37', 'slug', '0', 'en_us', ' 15 fb portfolio people will02 '),
 ('37', 'title', '0', 'en_us', ' 15 fb portfolio people will02 '),
 ('135', 'title', '0', 'en_us', ' 15 fb portfolio people 0006 '),
 ('135', 'extension', '0', 'en_us', ' jpg '),
 ('135', 'kind', '0', 'en_us', ' image '),
 ('135', 'slug', '0', 'en_us', ' 15 fb portfolio people 0006 '),
 ('136', 'filename', '0', 'en_us', ' 15fb_portfolio people_0009 jpg '),
 ('139', 'filename', '0', 'en_us', ' 15fb_portfolio people_0011 jpg '),
 ('138', 'title', '0', 'en_us', ' 15 fb portfolio people 0010 '),
 ('138', 'slug', '0', 'en_us', ' 15 fb portfolio people 0010 '),
 ('138', 'kind', '0', 'en_us', ' image '),
 ('138', 'extension', '0', 'en_us', ' jpg '),
 ('138', 'filename', '0', 'en_us', ' 15fb_portfolio people_0010 jpg '),
 ('137', 'kind', '0', 'en_us', ' image '),
 ('137', 'slug', '0', 'en_us', ' 15 fb portfolio people 0008 '),
 ('137', 'title', '0', 'en_us', ' 15 fb portfolio people 0008 '),
 ('137', 'extension', '0', 'en_us', ' jpg '),
 ('137', 'filename', '0', 'en_us', ' 15fb_portfolio people_0008 jpg '),
 ('139', 'slug', '0', 'en_us', ' 15 fb portfolio people 0011 '),
 ('139', 'kind', '0', 'en_us', ' image '),
 ('139', 'extension', '0', 'en_us', ' jpg '),
 ('136', 'extension', '0', 'en_us', ' jpg '),
 ('136', 'kind', '0', 'en_us', ' image '),
 ('136', 'slug', '0', 'en_us', ' 15 fb portfolio people 0009 '),
 ('136', 'title', '0', 'en_us', ' 15 fb portfolio people 0009 '),
 ('2856', 'field', '36', 'en_us', ' international house hotel is a luxury boutique hotel located in downtown new orleans with 117 rooms ednavigator support is available to any eligible employee who is interested  international house hotel anchor partner located on canal street the new orleans marriott is the city s second largest hotel with 1 330 rooms the new orleans marriott the hyatt regency new orleans the jw marriott new orleans the ritz carlton new orleans the residence inn new orleans downtwon the new orleans marriott at the convention center '),
 ('2855', 'title', '0', 'en_us', ' our partners '),
 ('2855', 'slug', '0', 'en_us', ' our partners '),
 ('2855', 'field', '6', 'en_us', ''),
 ('2855', 'field', '7', 'en_us', ''),
 ('2855', 'field', '2', 'en_us', ''),
 ('2854', 'field', '41', 'en_us', ''),
 ('2854', 'slug', '0', 'en_us', ''),
 ('2855', 'field', '36', 'en_us', ' international house hotel is a luxury boutique hotel located in downtown new orleans with 117 rooms ednavigator support is available to any eligible employee who is interested  international house hotel anchor partner located on canal street the new orleans marriott is the city s second largest hotel with 1 330 rooms the new orleans marriott the hyatt regency new orleans the jw marriott new orleans the ritz carlton new orleans the residence inn new orleans downtwon the new orleans marriott at the convention center '),
 ('2831', 'slug', '0', 'en_us', ' how we help '),
 ('2831', 'title', '0', 'en_us', ' how we help '),
 ('2830', 'title', '0', 'en_us', ' who we are '),
 ('2830', 'slug', '0', 'en_us', ' who we are '),
 ('139', 'title', '0', 'en_us', ' 15 fb portfolio people 0011 '),
 ('140', 'filename', '0', 'en_us', ' ali jpg '),
 ('140', 'extension', '0', 'en_us', ' jpg '),
 ('140', 'kind', '0', 'en_us', ' image '),
 ('140', 'slug', '0', 'en_us', ' ali '),
 ('140', 'title', '0', 'en_us', ' ali ');
INSERT INTO `craft_searchindex` (`elementId`, `attribute`, `fieldId`, `locale`, `keywords`) VALUES
 ('141', 'filename', '0', 'en_us', ' bryant jpg '),
 ('141', 'extension', '0', 'en_us', ' jpg '),
 ('141', 'kind', '0', 'en_us', ' image '),
 ('141', 'slug', '0', 'en_us', ' bryant '),
 ('141', 'title', '0', 'en_us', ' bryant '),
 ('142', 'filename', '0', 'en_us', ' ross_photo jpg '),
 ('142', 'extension', '0', 'en_us', ' jpg '),
 ('142', 'kind', '0', 'en_us', ' image '),
 ('142', 'slug', '0', 'en_us', ' ross photo '),
 ('142', 'title', '0', 'en_us', ' ross photo '),
 ('2598', 'name', '0', 'en_us', ' community development '),
 ('2598', 'slug', '0', 'en_us', ' community development '),
 ('2598', 'title', '0', 'en_us', ' community development '),
 ('2689', 'name', '0', 'en_us', ' social design '),
 ('2689', 'slug', '0', 'en_us', ' social design '),
 ('2689', 'title', '0', 'en_us', ' social design '),
 ('2747', 'name', '0', 'en_us', ' firebelly family '),
 ('2747', 'slug', '0', 'en_us', ' firebelly family '),
 ('2747', 'title', '0', 'en_us', ' firebelly family '),
 ('2789', 'name', '0', 'en_us', ' reason to give '),
 ('2789', 'slug', '0', 'en_us', ' reason to give '),
 ('2789', 'title', '0', 'en_us', ' reason to give '),
 ('2790', 'name', '0', 'en_us', ' change the world '),
 ('2790', 'slug', '0', 'en_us', ' change the world '),
 ('2790', 'title', '0', 'en_us', ' change the world '),
 ('2793', 'name', '0', 'en_us', ' chicago design '),
 ('2793', 'slug', '0', 'en_us', ' chicago design '),
 ('2793', 'title', '0', 'en_us', ' chicago design '),
 ('2794', 'name', '0', 'en_us', ' typography '),
 ('2794', 'slug', '0', 'en_us', ' typography '),
 ('2794', 'title', '0', 'en_us', ' typography '),
 ('2856', 'field', '2', 'en_us', ''),
 ('2856', 'field', '7', 'en_us', ''),
 ('2856', 'field', '6', 'en_us', ''),
 ('2856', 'slug', '0', 'en_us', ' our partners '),
 ('2856', 'title', '0', 'en_us', ' our partners '),
 ('2857', 'field', '37', 'en_us', ' international house hotel '),
 ('2857', 'field', '38', 'en_us', ' anchor partner '),
 ('2857', 'field', '40', 'en_us', ' international house hotel is a luxury boutique hotel located in downtown new orleans with 117 rooms ednavigator support is available to any eligible employee who is interested  '),
 ('2857', 'field', '41', 'en_us', ''),
 ('2857', 'slug', '0', 'en_us', ''),
 ('2858', 'field', '37', 'en_us', ' the new orleans marriott '),
 ('2858', 'field', '38', 'en_us', ''),
 ('2858', 'field', '40', 'en_us', ' located on canal street the new orleans marriott is the city s second largest hotel with 1 330 rooms '),
 ('2858', 'field', '41', 'en_us', ''),
 ('2858', 'slug', '0', 'en_us', ''),
 ('2859', 'field', '37', 'en_us', ' the hyatt regency new orleans '),
 ('2859', 'field', '38', 'en_us', ''),
 ('2859', 'field', '40', 'en_us', ''),
 ('2859', 'field', '41', 'en_us', ''),
 ('2859', 'slug', '0', 'en_us', ''),
 ('2860', 'field', '37', 'en_us', ' the jw marriott new orleans '),
 ('2860', 'field', '38', 'en_us', ''),
 ('2860', 'field', '40', 'en_us', ''),
 ('2860', 'field', '41', 'en_us', ''),
 ('2860', 'slug', '0', 'en_us', ''),
 ('2861', 'field', '37', 'en_us', ' the ritz carlton new orleans '),
 ('2861', 'field', '38', 'en_us', ''),
 ('2861', 'field', '40', 'en_us', ''),
 ('2861', 'field', '41', 'en_us', ''),
 ('2861', 'slug', '0', 'en_us', ''),
 ('2862', 'field', '37', 'en_us', ' the residence inn new orleans downtwon '),
 ('2862', 'field', '38', 'en_us', ''),
 ('2862', 'field', '40', 'en_us', ''),
 ('2862', 'field', '41', 'en_us', ''),
 ('2862', 'slug', '0', 'en_us', ''),
 ('2863', 'field', '37', 'en_us', ' the new orleans marriott at the convention center '),
 ('2863', 'field', '38', 'en_us', ''),
 ('2863', 'field', '40', 'en_us', ''),
 ('2863', 'field', '41', 'en_us', ''),
 ('2863', 'slug', '0', 'en_us', ''),
 ('2802', 'name', '0', 'en_us', ' socially responsible '),
 ('2802', 'slug', '0', 'en_us', ' socially responsible '),
 ('2802', 'title', '0', 'en_us', ' socially responsible '),
 ('2804', 'name', '0', 'en_us', ' writing for the web '),
 ('2804', 'slug', '0', 'en_us', ' writing for the web lunch n learn '),
 ('2804', 'title', '0', 'en_us', ' writing for the web '),
 ('2805', 'name', '0', 'en_us', ' lunch n learn '),
 ('2805', 'slug', '0', 'en_us', ' lunch n learn '),
 ('2805', 'title', '0', 'en_us', ' lunch n learn '),
 ('2808', 'name', '0', 'en_us', ' field trip '),
 ('2808', 'slug', '0', 'en_us', ' field trip '),
 ('2808', 'title', '0', 'en_us', ' field trip '),
 ('2811', 'name', '0', 'en_us', ' girls garage '),
 ('2811', 'slug', '0', 'en_us', ' girls garage '),
 ('2811', 'title', '0', 'en_us', ' girls garage '),
 ('2854', 'field', '40', 'en_us', ''),
 ('2854', 'field', '38', 'en_us', ' director of outreach and external affairs education post '),
 ('2854', 'field', '37', 'en_us', ' chris stewart '),
 ('2853', 'slug', '0', 'en_us', ''),
 ('2853', 'field', '41', 'en_us', ''),
 ('2853', 'field', '40', 'en_us', ''),
 ('2853', 'field', '38', 'en_us', ' executive director education trust west '),
 ('2853', 'field', '37', 'en_us', ' ryan smith '),
 ('2852', 'slug', '0', 'en_us', ''),
 ('2852', 'field', '40', 'en_us', ''),
 ('2852', 'field', '41', 'en_us', ''),
 ('2852', 'field', '38', 'en_us', ' former chancellor dc public schools '),
 ('2852', 'field', '37', 'en_us', ' kaya henderson '),
 ('2851', 'slug', '0', 'en_us', '');
INSERT INTO `craft_searchindex` (`elementId`, `attribute`, `fieldId`, `locale`, `keywords`) VALUES
 ('2851', 'field', '41', 'en_us', ''),
 ('2851', 'field', '40', 'en_us', ''),
 ('2851', 'field', '38', 'en_us', ' co founder and chief executive officer citizens of the world charter schools '),
 ('2851', 'field', '37', 'en_us', ' kriste dragon '),
 ('2850', 'title', '0', 'en_us', ' board of directors '),
 ('2850', 'slug', '0', 'en_us', ' board of directors '),
 ('2850', 'field', '7', 'en_us', ''),
 ('2850', 'field', '6', 'en_us', ''),
 ('2850', 'field', '2', 'en_us', ''),
 ('2850', 'field', '36', 'en_us', ' kriste dragon co founder and chief executive officer citizens of the world charter schools kaya henderson former chancellor dc public schools ryan smith executive director education trust west chris stewart director of outreach and external affairs education post '),
 ('2849', 'slug', '0', 'en_us', ''),
 ('2849', 'field', '41', 'en_us', ''),
 ('2849', 'field', '40', 'en_us', ''),
 ('2849', 'field', '38', 'en_us', ' founding partner '),
 ('2849', 'field', '37', 'en_us', ' ariela rozman '),
 ('2848', 'slug', '0', 'en_us', ''),
 ('2848', 'field', '41', 'en_us', ''),
 ('2848', 'field', '40', 'en_us', ''),
 ('2848', 'field', '38', 'en_us', ' founding partner '),
 ('2847', 'slug', '0', 'en_us', ''),
 ('2848', 'field', '37', 'en_us', ' david keeling '),
 ('2847', 'field', '41', 'en_us', ''),
 ('2847', 'field', '40', 'en_us', ''),
 ('2847', 'field', '38', 'en_us', ' navigator in chief '),
 ('2847', 'field', '37', 'en_us', ' whitney henderson '),
 ('2844', 'field', '36', 'en_us', ' timothy daly founding partner whitney henderson navigator in chief david keeling founding partner ariela rozman founding partner '),
 ('2844', 'field', '2', 'en_us', ''),
 ('2844', 'field', '7', 'en_us', ''),
 ('2844', 'field', '6', 'en_us', ''),
 ('2844', 'slug', '0', 'en_us', ' leadership '),
 ('2844', 'title', '0', 'en_us', ' leadership '),
 ('2845', 'field', '36', 'en_us', ' timothy daly founding partner whitney henderson navigator in chief david keeling founding partner ariela rozman founding partner '),
 ('2845', 'field', '2', 'en_us', ''),
 ('2845', 'field', '7', 'en_us', ''),
 ('2845', 'field', '6', 'en_us', ''),
 ('2845', 'slug', '0', 'en_us', ' leadership '),
 ('2845', 'title', '0', 'en_us', ' leadership '),
 ('2846', 'field', '37', 'en_us', ' timothy daly '),
 ('2846', 'field', '38', 'en_us', ' founding partner '),
 ('2846', 'field', '40', 'en_us', ''),
 ('2846', 'field', '41', 'en_us', ''),
 ('2846', 'slug', '0', 'en_us', '');



DROP TABLE IF EXISTS `craft_sections`;


--
-- Schema for table `craft_sections`
--
CREATE TABLE `craft_sections` (
  `id` int(11) NOT NULL AUTO_INCREMENT,
  `structureId` int(11) DEFAULT NULL,
  `name` varchar(255) COLLATE utf8_unicode_ci NOT NULL,
  `handle` varchar(255) COLLATE utf8_unicode_ci NOT NULL,
  `type` enum('single','channel','structure') COLLATE utf8_unicode_ci NOT NULL DEFAULT 'channel',
  `hasUrls` tinyint(1) unsigned NOT NULL DEFAULT '1',
  `template` varchar(500) COLLATE utf8_unicode_ci DEFAULT NULL,
  `enableVersioning` tinyint(1) unsigned NOT NULL DEFAULT '0',
  `dateCreated` datetime NOT NULL,
  `dateUpdated` datetime NOT NULL,
  `uid` char(36) COLLATE utf8_unicode_ci NOT NULL DEFAULT '0',
  PRIMARY KEY (`id`),
  UNIQUE KEY `craft_sections_name_unq_idx` (`name`),
  UNIQUE KEY `craft_sections_handle_unq_idx` (`handle`),
  KEY `craft_sections_structureId_fk` (`structureId`)
) ENGINE=InnoDB AUTO_INCREMENT=13 DEFAULT CHARSET=utf8 COLLATE=utf8_unicode_ci;

--
-- Data for table `craft_sections`
--

INSERT INTO `craft_sections` (`id`, `structureId`, `name`, `handle`, `type`, `hasUrls`, `template`, `enableVersioning`, `dateCreated`, `dateUpdated`, `uid`) VALUES
 ('1', NULL, 'Homepage', 'homepage', 'single', '1', 'index', '1', '2016-10-10 20:59:13', '2016-10-10 20:59:13', 'cd633440-efa8-44c2-af6d-c74c19378f79'),
 ('9', '9', 'Who We Are', 'whoWeAre', 'structure', '1', 'who-we-are', '1', '2016-12-20 19:41:20', '2016-12-20 20:52:31', 'bbc987b8-a57f-4ea5-9a26-913ec9199524'),
 ('10', NULL, 'How We Help', 'howWeHelp', 'single', '1', 'how-we-help', '1', '2016-12-20 19:42:21', '2016-12-20 19:42:21', 'd834f44a-1ff7-4e43-88e5-7fb1bf17b13c'),
 ('11', NULL, 'Resources', 'resources', 'channel', '1', 'resources/_entry', '1', '2016-12-20 19:48:02', '2016-12-20 19:54:47', 'b04c9ca0-ec19-4957-9463-e561c6cbe987'),
 ('12', NULL, 'Blog', 'blog', 'channel', '1', 'blog/_entry', '1', '2016-12-20 19:54:02', '2016-12-20 19:55:31', '524ea879-0552-4149-97b5-1c910292a200');



DROP TABLE IF EXISTS `craft_sections_i18n`;


--
-- Schema for table `craft_sections_i18n`
--
CREATE TABLE `craft_sections_i18n` (
  `id` int(11) NOT NULL AUTO_INCREMENT,
  `sectionId` int(11) NOT NULL,
  `locale` char(12) COLLATE utf8_unicode_ci NOT NULL,
  `enabledByDefault` tinyint(1) unsigned NOT NULL DEFAULT '1',
  `urlFormat` text COLLATE utf8_unicode_ci,
  `nestedUrlFormat` text COLLATE utf8_unicode_ci,
  `dateCreated` datetime NOT NULL,
  `dateUpdated` datetime NOT NULL,
  `uid` char(36) COLLATE utf8_unicode_ci NOT NULL DEFAULT '0',
  PRIMARY KEY (`id`),
  UNIQUE KEY `craft_sections_i18n_sectionId_locale_unq_idx` (`sectionId`,`locale`),
  KEY `craft_sections_i18n_locale_fk` (`locale`)
) ENGINE=InnoDB AUTO_INCREMENT=13 DEFAULT CHARSET=utf8 COLLATE=utf8_unicode_ci;

--
-- Data for table `craft_sections_i18n`
--

INSERT INTO `craft_sections_i18n` (`id`, `sectionId`, `locale`, `enabledByDefault`, `urlFormat`, `nestedUrlFormat`, `dateCreated`, `dateUpdated`, `uid`) VALUES
 ('1', '1', 'en_us', '1', '__home__', NULL, '2016-10-10 20:59:13', '2016-10-10 20:59:13', '8cf04716-d4cb-4fec-9785-fae6377e3f0e'),
 ('9', '9', 'en_us', '1', 'who-we-are', '{parent.uri}/{slug}', '2016-12-20 19:41:20', '2016-12-20 20:52:31', '874eb9fa-cd83-44ef-abc4-05e7af68709c'),
 ('10', '10', 'en_us', '1', 'how-we-help', NULL, '2016-12-20 19:42:21', '2016-12-20 19:42:21', '97b4bf3d-e22c-422c-8dfc-5ed5e3ee1532'),
 ('11', '11', 'en_us', '1', 'resources/{slug}', NULL, '2016-12-20 19:48:02', '2016-12-20 19:48:02', 'cfdc2262-4bed-46fb-a803-72dc7219afbe'),
 ('12', '12', 'en_us', '1', 'blog/{slug}', NULL, '2016-12-20 19:54:02', '2016-12-20 19:54:02', '069afb23-3db3-4857-8692-a834fa3f1b7c');



DROP TABLE IF EXISTS `craft_sessions`;


--
-- Schema for table `craft_sessions`
--
CREATE TABLE `craft_sessions` (
  `id` int(11) NOT NULL AUTO_INCREMENT,
  `userId` int(11) NOT NULL,
  `token` char(100) COLLATE utf8_unicode_ci NOT NULL,
  `dateCreated` datetime NOT NULL,
  `dateUpdated` datetime NOT NULL,
  `uid` char(36) COLLATE utf8_unicode_ci NOT NULL DEFAULT '0',
  PRIMARY KEY (`id`),
  KEY `craft_sessions_uid_idx` (`uid`),
  KEY `craft_sessions_token_idx` (`token`),
  KEY `craft_sessions_dateUpdated_idx` (`dateUpdated`),
  KEY `craft_sessions_userId_fk` (`userId`)
) ENGINE=InnoDB AUTO_INCREMENT=20 DEFAULT CHARSET=utf8 COLLATE=utf8_unicode_ci;

DROP TABLE IF EXISTS `craft_shunnedmessages`;


--
-- Schema for table `craft_shunnedmessages`
--
CREATE TABLE `craft_shunnedmessages` (
  `id` int(11) NOT NULL AUTO_INCREMENT,
  `userId` int(11) NOT NULL,
  `message` varchar(255) COLLATE utf8_unicode_ci NOT NULL,
  `expiryDate` datetime DEFAULT NULL,
  `dateCreated` datetime NOT NULL,
  `dateUpdated` datetime NOT NULL,
  `uid` char(36) COLLATE utf8_unicode_ci NOT NULL DEFAULT '0',
  PRIMARY KEY (`id`),
  UNIQUE KEY `craft_shunnedmessages_userId_message_unq_idx` (`userId`,`message`)
) ENGINE=InnoDB DEFAULT CHARSET=utf8 COLLATE=utf8_unicode_ci;

DROP TABLE IF EXISTS `craft_structureelements`;


--
-- Schema for table `craft_structureelements`
--
CREATE TABLE `craft_structureelements` (
  `id` int(11) NOT NULL AUTO_INCREMENT,
  `structureId` int(11) NOT NULL,
  `elementId` int(11) DEFAULT NULL,
  `root` int(11) unsigned DEFAULT NULL,
  `lft` int(11) unsigned NOT NULL,
  `rgt` int(11) unsigned NOT NULL,
  `level` smallint(6) unsigned NOT NULL,
  `dateCreated` datetime NOT NULL,
  `dateUpdated` datetime NOT NULL,
  `uid` char(36) COLLATE utf8_unicode_ci NOT NULL DEFAULT '0',
  PRIMARY KEY (`id`),
  UNIQUE KEY `craft_structureelements_structureId_elementId_unq_idx` (`structureId`,`elementId`),
  KEY `craft_structureelements_root_idx` (`root`),
  KEY `craft_structureelements_lft_idx` (`lft`),
  KEY `craft_structureelements_rgt_idx` (`rgt`),
  KEY `craft_structureelements_level_idx` (`level`),
  KEY `craft_structureelements_elementId_fk` (`elementId`)
) ENGINE=InnoDB AUTO_INCREMENT=82 DEFAULT CHARSET=utf8 COLLATE=utf8_unicode_ci;

--
-- Data for table `craft_structureelements`
--

INSERT INTO `craft_structureelements` (`id`, `structureId`, `elementId`, `root`, `lft`, `rgt`, `level`, `dateCreated`, `dateUpdated`, `uid`) VALUES
 ('1', '1', NULL, '1', '1', '2', '0', '2016-10-10 22:14:30', '2016-10-10 22:14:30', '45a87c6b-ac80-48bb-b33d-4825a4226026'),
 ('67', '6', NULL, '67', '1', '8', '0', '2016-12-20 20:12:32', '2016-12-20 20:12:32', '7bede3f5-7485-4a36-a6bb-22a1816f6039'),
 ('69', '7', NULL, '69', '1', '6', '0', '2016-12-20 20:13:25', '2016-12-20 20:13:25', '3a6b3312-2792-4395-8ebe-ed25bf0c1aa6'),
 ('70', '7', '2834', '69', '2', '3', '1', '2016-12-20 20:13:25', '2016-12-20 20:13:25', '72473c2b-54b1-478d-a646-7dde6b98fd88'),
 ('71', '7', '2835', '69', '4', '5', '1', '2016-12-20 20:14:01', '2016-12-20 20:14:01', '1132cb76-296b-41ed-9ea3-cc89b10f9bbe'),
 ('72', '6', '2836', '67', '2', '3', '1', '2016-12-20 20:17:06', '2016-12-20 20:17:06', 'e1b06767-9b47-4ec0-a334-ed351e1f0ae4'),
 ('73', '6', '2837', '67', '4', '5', '1', '2016-12-20 20:17:23', '2016-12-20 20:17:23', '56a6588c-a0f8-4919-a34a-fbac44d601fe'),
 ('74', '6', '2838', '67', '6', '7', '1', '2016-12-20 20:17:41', '2016-12-20 20:17:41', '9152a5ad-7f27-4c8f-aefc-a87123d7a898'),
 ('75', '9', NULL, '75', '1', '12', '0', '2016-12-20 20:52:31', '2016-12-20 20:52:31', '8de4bb25-02a1-4060-a608-1a7cb38c3207'),
 ('76', '9', '2830', '75', '2', '11', '1', '2016-12-20 20:52:31', '2016-12-20 20:52:31', '7d3b89d8-e11c-4152-980f-1c64ebc95e49'),
 ('78', '9', '2843', '75', '3', '4', '2', '2016-12-20 22:01:56', '2016-12-20 22:01:56', 'f64fa343-7539-4c10-bc8d-b99ea06c4258'),
 ('79', '9', '2845', '75', '5', '6', '2', '2016-12-20 22:40:44', '2016-12-20 22:40:44', '163c913e-f231-4b40-97e8-ac227127a97d'),
 ('80', '9', '2850', '75', '7', '8', '2', '2016-12-20 22:49:44', '2016-12-20 22:49:44', 'b8331134-fa4d-4dae-8042-bdd6a568e8bd'),
 ('81', '9', '2856', '75', '9', '10', '2', '2016-12-20 23:04:45', '2016-12-20 23:04:45', '19674e92-6ebc-4862-91fc-d2e3730ee1f3');



DROP TABLE IF EXISTS `craft_structures`;


--
-- Schema for table `craft_structures`
--
CREATE TABLE `craft_structures` (
  `id` int(11) NOT NULL AUTO_INCREMENT,
  `maxLevels` smallint(6) unsigned DEFAULT NULL,
  `dateCreated` datetime NOT NULL,
  `dateUpdated` datetime NOT NULL,
  `uid` char(36) COLLATE utf8_unicode_ci NOT NULL DEFAULT '0',
  PRIMARY KEY (`id`)
) ENGINE=InnoDB AUTO_INCREMENT=10 DEFAULT CHARSET=utf8 COLLATE=utf8_unicode_ci;

--
-- Data for table `craft_structures`
--

INSERT INTO `craft_structures` (`id`, `maxLevels`, `dateCreated`, `dateUpdated`, `uid`) VALUES
 ('1', NULL, '2016-10-10 22:13:52', '2016-10-10 22:13:52', '4509c77b-c431-4044-9371-7de8f39524de'),
 ('4', '1', '2016-10-12 16:40:27', '2016-10-12 16:40:27', 'a0c83000-56da-473e-b193-cb45852c639b'),
 ('5', NULL, '2016-12-20 20:07:11', '2016-12-20 20:07:11', 'e7ce13de-0fc0-4f93-9ccd-c4b5317fdf83'),
 ('6', NULL, '2016-12-20 20:07:46', '2016-12-20 20:07:46', '43070767-1687-4312-991d-57f6651c8a22'),
 ('7', NULL, '2016-12-20 20:08:03', '2016-12-20 20:08:03', 'f69d10d4-a4a9-44f4-8ff8-e7ac741b7339'),
 ('9', NULL, '2016-12-20 20:52:31', '2016-12-20 20:52:31', '344355f6-b139-4be7-8695-0380a4b83d75');



DROP TABLE IF EXISTS `craft_systemsettings`;


--
-- Schema for table `craft_systemsettings`
--
CREATE TABLE `craft_systemsettings` (
  `id` int(11) NOT NULL AUTO_INCREMENT,
  `category` varchar(15) COLLATE utf8_unicode_ci NOT NULL,
  `settings` text COLLATE utf8_unicode_ci,
  `dateCreated` datetime NOT NULL,
  `dateUpdated` datetime NOT NULL,
  `uid` char(36) COLLATE utf8_unicode_ci NOT NULL DEFAULT '0',
  PRIMARY KEY (`id`),
  UNIQUE KEY `craft_systemsettings_category_unq_idx` (`category`)
) ENGINE=InnoDB AUTO_INCREMENT=2 DEFAULT CHARSET=utf8 COLLATE=utf8_unicode_ci;

--
-- Data for table `craft_systemsettings`
--

INSERT INTO `craft_systemsettings` (`id`, `category`, `settings`, `dateCreated`, `dateUpdated`, `uid`) VALUES
 ('1', 'email', '{\"protocol\":\"php\",\"emailAddress\":\"nate@firebellydesign.com\",\"senderName\":\"Firebelly Design\"}', '2016-10-10 20:59:13', '2016-10-10 20:59:13', 'a05fc666-ce35-4111-be6a-580265b582de');



DROP TABLE IF EXISTS `craft_taggroups`;


--
-- Schema for table `craft_taggroups`
--
CREATE TABLE `craft_taggroups` (
  `id` int(11) NOT NULL AUTO_INCREMENT,
  `name` varchar(255) COLLATE utf8_unicode_ci NOT NULL,
  `handle` varchar(255) COLLATE utf8_unicode_ci NOT NULL,
  `fieldLayoutId` int(10) DEFAULT NULL,
  `dateCreated` datetime NOT NULL,
  `dateUpdated` datetime NOT NULL,
  `uid` char(36) COLLATE utf8_unicode_ci NOT NULL DEFAULT '0',
  PRIMARY KEY (`id`),
  UNIQUE KEY `craft_taggroups_name_unq_idx` (`name`),
  UNIQUE KEY `craft_taggroups_handle_unq_idx` (`handle`),
  KEY `craft_taggroups_fieldLayoutId_fk` (`fieldLayoutId`)
) ENGINE=InnoDB AUTO_INCREMENT=3 DEFAULT CHARSET=utf8 COLLATE=utf8_unicode_ci;

--
-- Data for table `craft_taggroups`
--

INSERT INTO `craft_taggroups` (`id`, `name`, `handle`, `fieldLayoutId`, `dateCreated`, `dateUpdated`, `uid`) VALUES
 ('1', 'Default', 'default', '1', '2016-10-10 20:59:13', '2016-10-10 20:59:13', 'd4b18616-df80-4087-b64c-b941f7c6b109'),
 ('2', 'Services', 'services', '21', '2016-10-12 16:41:25', '2016-10-12 16:41:25', '23af138f-e299-4c1f-bf04-9c6c14430637');



DROP TABLE IF EXISTS `craft_tags`;


--
-- Schema for table `craft_tags`
--
CREATE TABLE `craft_tags` (
  `id` int(11) NOT NULL,
  `groupId` int(11) NOT NULL,
  `dateCreated` datetime NOT NULL,
  `dateUpdated` datetime NOT NULL,
  `uid` char(36) COLLATE utf8_unicode_ci NOT NULL DEFAULT '0',
  PRIMARY KEY (`id`),
  KEY `craft_tags_groupId_fk` (`groupId`)
) ENGINE=InnoDB DEFAULT CHARSET=utf8 COLLATE=utf8_unicode_ci;

--
-- Data for table `craft_tags`
--

INSERT INTO `craft_tags` (`id`, `groupId`, `dateCreated`, `dateUpdated`, `uid`) VALUES
 ('19', '2', '2016-10-17 22:37:51', '2016-10-17 22:37:51', 'b4156e84-d645-4cdc-9ce4-42419bae0870'),
 ('20', '2', '2016-10-17 22:37:59', '2016-10-17 22:37:59', '0b3a8c86-a52c-4f3c-aead-01e50667a7ad'),
 ('2598', '2', '2016-12-19 08:58:32', '2016-12-19 08:58:32', 'a8fa5733-2a17-4057-a3fb-9206433ac5c1'),
 ('2689', '2', '2016-12-19 10:20:06', '2016-12-19 10:20:06', '70a43601-b2c3-4c0c-adcf-9124a1dab778'),
 ('2747', '1', '2016-12-19 11:41:38', '2016-12-19 11:41:38', '1f37e19d-f5cb-4bd4-8e0e-e18a5a922f6a'),
 ('2789', '1', '2016-12-19 12:01:51', '2016-12-19 12:01:51', '55c1bd29-6d97-4766-b464-6c33720ed7de'),
 ('2790', '1', '2016-12-19 12:01:56', '2016-12-19 12:01:56', '860c7ebe-0802-48d8-8e93-e93b1a452f5f'),
 ('2793', '1', '2016-12-19 12:08:10', '2016-12-19 12:16:30', '6bd591bf-4ee9-4971-a74b-8ed71ef7a6d8'),
 ('2794', '1', '2016-12-19 12:08:15', '2016-12-19 12:08:15', 'ed8b5712-b15a-4e24-bb0c-62b5b84b65f4'),
 ('2802', '1', '2016-12-19 12:16:44', '2016-12-19 12:16:44', '18154982-909c-4ae1-80db-4d1c476d7462'),
 ('2804', '1', '2016-12-19 12:19:48', '2016-12-19 12:20:02', '712865e5-ee41-4b14-aea9-32f4bd104d45'),
 ('2805', '1', '2016-12-19 12:20:13', '2016-12-19 12:20:13', '200cba34-c878-4410-b70b-38cbb86eebe6'),
 ('2808', '1', '2016-12-19 12:24:40', '2016-12-19 12:24:40', '07df80df-a1ad-4d44-81fd-24260a449d9e'),
 ('2811', '1', '2016-12-19 12:32:32', '2016-12-19 12:32:32', '9f5fb76d-45c3-4d59-9864-a54eb140d8ef');



DROP TABLE IF EXISTS `craft_tasks`;


--
-- Schema for table `craft_tasks`
--
CREATE TABLE `craft_tasks` (
  `id` int(11) NOT NULL AUTO_INCREMENT,
  `root` int(11) unsigned DEFAULT NULL,
  `lft` int(11) unsigned NOT NULL,
  `rgt` int(11) unsigned NOT NULL,
  `level` smallint(6) unsigned NOT NULL,
  `currentStep` int(11) unsigned DEFAULT NULL,
  `totalSteps` int(11) unsigned DEFAULT NULL,
  `status` enum('pending','error','running') COLLATE utf8_unicode_ci DEFAULT NULL,
  `type` varchar(150) COLLATE utf8_unicode_ci NOT NULL,
  `description` varchar(255) COLLATE utf8_unicode_ci DEFAULT NULL,
  `settings` mediumtext COLLATE utf8_unicode_ci,
  `dateCreated` datetime NOT NULL,
  `dateUpdated` datetime NOT NULL,
  `uid` char(36) COLLATE utf8_unicode_ci NOT NULL DEFAULT '0',
  PRIMARY KEY (`id`),
  KEY `craft_tasks_root_idx` (`root`),
  KEY `craft_tasks_lft_idx` (`lft`),
  KEY `craft_tasks_rgt_idx` (`rgt`),
  KEY `craft_tasks_level_idx` (`level`)
) ENGINE=InnoDB DEFAULT CHARSET=utf8 COLLATE=utf8_unicode_ci;

DROP TABLE IF EXISTS `craft_templatecachecriteria`;


--
-- Schema for table `craft_templatecachecriteria`
--
CREATE TABLE `craft_templatecachecriteria` (
  `id` int(11) NOT NULL AUTO_INCREMENT,
  `cacheId` int(11) NOT NULL,
  `type` varchar(150) COLLATE utf8_unicode_ci NOT NULL,
  `criteria` text COLLATE utf8_unicode_ci NOT NULL,
  PRIMARY KEY (`id`),
  KEY `craft_templatecachecriteria_cacheId_fk` (`cacheId`),
  KEY `craft_templatecachecriteria_type_idx` (`type`)
) ENGINE=InnoDB DEFAULT CHARSET=utf8 COLLATE=utf8_unicode_ci;

DROP TABLE IF EXISTS `craft_templatecacheelements`;


--
-- Schema for table `craft_templatecacheelements`
--
CREATE TABLE `craft_templatecacheelements` (
  `cacheId` int(11) NOT NULL,
  `elementId` int(11) NOT NULL,
  KEY `craft_templatecacheelements_cacheId_fk` (`cacheId`),
  KEY `craft_templatecacheelements_elementId_fk` (`elementId`)
) ENGINE=InnoDB DEFAULT CHARSET=utf8 COLLATE=utf8_unicode_ci;

DROP TABLE IF EXISTS `craft_templatecaches`;


--
-- Schema for table `craft_templatecaches`
--
CREATE TABLE `craft_templatecaches` (
  `id` int(11) NOT NULL AUTO_INCREMENT,
  `cacheKey` varchar(255) COLLATE utf8_unicode_ci NOT NULL,
  `locale` char(12) COLLATE utf8_unicode_ci NOT NULL,
  `path` varchar(255) COLLATE utf8_unicode_ci DEFAULT NULL,
  `expiryDate` datetime NOT NULL,
  `body` mediumtext COLLATE utf8_unicode_ci NOT NULL,
  PRIMARY KEY (`id`),
  KEY `craft_templatecaches_locale_cacheKey_path_expiryDate_idx` (`locale`,`cacheKey`,`path`,`expiryDate`)
) ENGINE=InnoDB DEFAULT CHARSET=utf8 COLLATE=utf8_unicode_ci;

DROP TABLE IF EXISTS `craft_tokens`;


--
-- Schema for table `craft_tokens`
--
CREATE TABLE `craft_tokens` (
  `id` int(11) NOT NULL AUTO_INCREMENT,
  `token` char(32) COLLATE utf8_unicode_ci NOT NULL,
  `route` text COLLATE utf8_unicode_ci,
  `usageLimit` tinyint(3) unsigned DEFAULT NULL,
  `usageCount` tinyint(3) unsigned DEFAULT NULL,
  `expiryDate` datetime NOT NULL,
  `dateCreated` datetime NOT NULL,
  `dateUpdated` datetime NOT NULL,
  `uid` char(36) COLLATE utf8_unicode_ci NOT NULL DEFAULT '0',
  PRIMARY KEY (`id`),
  UNIQUE KEY `craft_tokens_token_unq_idx` (`token`),
  KEY `craft_tokens_expiryDate_idx` (`expiryDate`)
) ENGINE=InnoDB DEFAULT CHARSET=utf8 COLLATE=utf8_unicode_ci;

DROP TABLE IF EXISTS `craft_usergroups`;


--
-- Schema for table `craft_usergroups`
--
CREATE TABLE `craft_usergroups` (
  `id` int(11) NOT NULL AUTO_INCREMENT,
  `name` varchar(255) COLLATE utf8_unicode_ci NOT NULL,
  `handle` varchar(255) COLLATE utf8_unicode_ci NOT NULL,
  `dateCreated` datetime NOT NULL,
  `dateUpdated` datetime NOT NULL,
  `uid` char(36) COLLATE utf8_unicode_ci NOT NULL DEFAULT '0',
  PRIMARY KEY (`id`),
  UNIQUE KEY `craft_usergroups_name_unq_idx` (`name`),
  UNIQUE KEY `craft_usergroups_handle_unq_idx` (`handle`)
) ENGINE=InnoDB DEFAULT CHARSET=utf8 COLLATE=utf8_unicode_ci;

DROP TABLE IF EXISTS `craft_usergroups_users`;


--
-- Schema for table `craft_usergroups_users`
--
CREATE TABLE `craft_usergroups_users` (
  `id` int(11) NOT NULL AUTO_INCREMENT,
  `groupId` int(11) NOT NULL,
  `userId` int(11) NOT NULL,
  `dateCreated` datetime NOT NULL,
  `dateUpdated` datetime NOT NULL,
  `uid` char(36) COLLATE utf8_unicode_ci NOT NULL DEFAULT '0',
  PRIMARY KEY (`id`),
  UNIQUE KEY `craft_usergroups_users_groupId_userId_unq_idx` (`groupId`,`userId`),
  KEY `craft_usergroups_users_userId_fk` (`userId`)
) ENGINE=InnoDB DEFAULT CHARSET=utf8 COLLATE=utf8_unicode_ci;

DROP TABLE IF EXISTS `craft_userpermissions`;


--
-- Schema for table `craft_userpermissions`
--
CREATE TABLE `craft_userpermissions` (
  `id` int(11) NOT NULL AUTO_INCREMENT,
  `name` varchar(255) COLLATE utf8_unicode_ci NOT NULL,
  `dateCreated` datetime NOT NULL,
  `dateUpdated` datetime NOT NULL,
  `uid` char(36) COLLATE utf8_unicode_ci NOT NULL DEFAULT '0',
  PRIMARY KEY (`id`),
  UNIQUE KEY `craft_userpermissions_name_unq_idx` (`name`)
) ENGINE=InnoDB DEFAULT CHARSET=utf8 COLLATE=utf8_unicode_ci;

DROP TABLE IF EXISTS `craft_userpermissions_usergroups`;


--
-- Schema for table `craft_userpermissions_usergroups`
--
CREATE TABLE `craft_userpermissions_usergroups` (
  `id` int(11) NOT NULL AUTO_INCREMENT,
  `permissionId` int(11) NOT NULL,
  `groupId` int(11) NOT NULL,
  `dateCreated` datetime NOT NULL,
  `dateUpdated` datetime NOT NULL,
  `uid` char(36) COLLATE utf8_unicode_ci NOT NULL DEFAULT '0',
  PRIMARY KEY (`id`),
  UNIQUE KEY `craft_userpermissions_usergroups_permissionId_groupId_unq_idx` (`permissionId`,`groupId`),
  KEY `craft_userpermissions_usergroups_groupId_fk` (`groupId`)
) ENGINE=InnoDB DEFAULT CHARSET=utf8 COLLATE=utf8_unicode_ci;

DROP TABLE IF EXISTS `craft_userpermissions_users`;


--
-- Schema for table `craft_userpermissions_users`
--
CREATE TABLE `craft_userpermissions_users` (
  `id` int(11) NOT NULL AUTO_INCREMENT,
  `permissionId` int(11) NOT NULL,
  `userId` int(11) NOT NULL,
  `dateCreated` datetime NOT NULL,
  `dateUpdated` datetime NOT NULL,
  `uid` char(36) COLLATE utf8_unicode_ci NOT NULL DEFAULT '0',
  PRIMARY KEY (`id`),
  UNIQUE KEY `craft_userpermissions_users_permissionId_userId_unq_idx` (`permissionId`,`userId`),
  KEY `craft_userpermissions_users_userId_fk` (`userId`)
) ENGINE=InnoDB DEFAULT CHARSET=utf8 COLLATE=utf8_unicode_ci;

DROP TABLE IF EXISTS `craft_users`;


--
-- Schema for table `craft_users`
--
CREATE TABLE `craft_users` (
  `id` int(11) NOT NULL,
  `username` varchar(100) COLLATE utf8_unicode_ci NOT NULL,
  `photo` varchar(100) COLLATE utf8_unicode_ci DEFAULT NULL,
  `firstName` varchar(100) COLLATE utf8_unicode_ci DEFAULT NULL,
  `lastName` varchar(100) COLLATE utf8_unicode_ci DEFAULT NULL,
  `email` varchar(255) COLLATE utf8_unicode_ci NOT NULL,
  `password` char(255) COLLATE utf8_unicode_ci DEFAULT NULL,
  `preferredLocale` char(12) COLLATE utf8_unicode_ci DEFAULT NULL,
  `weekStartDay` tinyint(1) unsigned NOT NULL DEFAULT '0',
  `admin` tinyint(1) unsigned NOT NULL DEFAULT '0',
  `client` tinyint(1) unsigned NOT NULL DEFAULT '0',
  `locked` tinyint(1) unsigned NOT NULL DEFAULT '0',
  `suspended` tinyint(1) unsigned NOT NULL DEFAULT '0',
  `pending` tinyint(1) unsigned NOT NULL DEFAULT '0',
  `archived` tinyint(1) unsigned NOT NULL DEFAULT '0',
  `lastLoginDate` datetime DEFAULT NULL,
  `lastLoginAttemptIPAddress` varchar(45) COLLATE utf8_unicode_ci DEFAULT NULL,
  `invalidLoginWindowStart` datetime DEFAULT NULL,
  `invalidLoginCount` tinyint(4) unsigned DEFAULT NULL,
  `lastInvalidLoginDate` datetime DEFAULT NULL,
  `lockoutDate` datetime DEFAULT NULL,
  `verificationCode` char(100) COLLATE utf8_unicode_ci DEFAULT NULL,
  `verificationCodeIssuedDate` datetime DEFAULT NULL,
  `unverifiedEmail` varchar(255) COLLATE utf8_unicode_ci DEFAULT NULL,
  `passwordResetRequired` tinyint(1) unsigned NOT NULL DEFAULT '0',
  `lastPasswordChangeDate` datetime DEFAULT NULL,
  `dateCreated` datetime NOT NULL,
  `dateUpdated` datetime NOT NULL,
  `uid` char(36) COLLATE utf8_unicode_ci NOT NULL DEFAULT '0',
  PRIMARY KEY (`id`),
  UNIQUE KEY `craft_users_username_unq_idx` (`username`),
  UNIQUE KEY `craft_users_email_unq_idx` (`email`),
  KEY `craft_users_verificationCode_idx` (`verificationCode`),
  KEY `craft_users_uid_idx` (`uid`),
  KEY `craft_users_preferredLocale_fk` (`preferredLocale`)
) ENGINE=InnoDB DEFAULT CHARSET=utf8 COLLATE=utf8_unicode_ci;

--
-- Data for table `craft_users`
--

INSERT INTO `craft_users` (`id`, `username`, `photo`, `firstName`, `lastName`, `email`, `password`, `preferredLocale`, `weekStartDay`, `admin`, `client`, `locked`, `suspended`, `pending`, `archived`, `lastLoginDate`, `lastLoginAttemptIPAddress`, `invalidLoginWindowStart`, `invalidLoginCount`, `lastInvalidLoginDate`, `lockoutDate`, `verificationCode`, `verificationCodeIssuedDate`, `unverifiedEmail`, `passwordResetRequired`, `lastPasswordChangeDate`, `dateCreated`, `dateUpdated`, `uid`) VALUES
 ('1', 'fbdev', NULL, NULL, NULL, 'nate@firebellydesign.com', '$2y$13$G.rM3OkwNcK4o04g6B6y3utSUi9IBLhyE1a69RtWRUP655vGlG19W', NULL, '0', '1', '0', '0', '0', '0', '0', '2017-01-03 16:40:10', '127.0.0.1', NULL, NULL, '2016-12-19 23:39:55', NULL, NULL, NULL, NULL, '0', '2016-10-10 20:59:13', '2016-10-10 20:59:13', '2017-01-03 16:40:10', 'a11bf4ec-b7fb-4f2e-8351-822f7bdeda91');



DROP TABLE IF EXISTS `craft_widgets`;


--
-- Schema for table `craft_widgets`
--
CREATE TABLE `craft_widgets` (
  `id` int(11) NOT NULL AUTO_INCREMENT,
  `userId` int(11) NOT NULL,
  `type` varchar(150) COLLATE utf8_unicode_ci NOT NULL,
  `sortOrder` smallint(6) unsigned DEFAULT NULL,
  `colspan` tinyint(4) unsigned DEFAULT NULL,
  `settings` text COLLATE utf8_unicode_ci,
  `enabled` tinyint(1) unsigned NOT NULL DEFAULT '1',
  `dateCreated` datetime NOT NULL,
  `dateUpdated` datetime NOT NULL,
  `uid` char(36) COLLATE utf8_unicode_ci NOT NULL DEFAULT '0',
  PRIMARY KEY (`id`),
  KEY `craft_widgets_userId_fk` (`userId`)
) ENGINE=InnoDB AUTO_INCREMENT=5 DEFAULT CHARSET=utf8 COLLATE=utf8_unicode_ci;

--
-- Data for table `craft_widgets`
--

INSERT INTO `craft_widgets` (`id`, `userId`, `type`, `sortOrder`, `colspan`, `settings`, `enabled`, `dateCreated`, `dateUpdated`, `uid`) VALUES
 ('1', '1', 'RecentEntries', '1', NULL, NULL, '1', '2016-10-10 20:59:15', '2016-10-10 20:59:15', 'ca02355d-8a1e-45e1-a1a2-9171c474064c'),
 ('2', '1', 'GetHelp', '2', NULL, NULL, '1', '2016-10-10 20:59:15', '2016-10-10 20:59:15', 'd1be0d54-4c79-4bf2-a833-182119279a6d'),
 ('3', '1', 'Updates', '3', NULL, NULL, '1', '2016-10-10 20:59:15', '2016-10-10 20:59:15', 'f2dde0cc-b38d-42bd-a695-143ae7b4f38e'),
 ('4', '1', 'Feed', '4', NULL, '{\"url\":\"https:\\/\\/craftcms.com\\/news.rss\",\"title\":\"Craft News\"}', '0', '2016-10-10 20:59:15', '2016-12-20 20:48:27', 'b9b888a7-9a3b-40e6-837f-9b3b287f3c1f');


--
-- Constraints for tables
--


--
-- Constraints for table `craft_assetfiles`
--
ALTER TABLE `craft_assetfiles`
	ADD CONSTRAINT `craft_assetfiles_folderId_fk` FOREIGN KEY (`folderId`) REFERENCES `craft_assetfolders` (`id`) ON DELETE CASCADE,
	ADD CONSTRAINT `craft_assetfiles_id_fk` FOREIGN KEY (`id`) REFERENCES `craft_elements` (`id`) ON DELETE CASCADE,
	ADD CONSTRAINT `craft_assetfiles_sourceId_fk` FOREIGN KEY (`sourceId`) REFERENCES `craft_assetsources` (`id`) ON DELETE CASCADE;

--
-- Constraints for table `craft_assetfolders`
--
ALTER TABLE `craft_assetfolders`
	ADD CONSTRAINT `craft_assetfolders_parentId_fk` FOREIGN KEY (`parentId`) REFERENCES `craft_assetfolders` (`id`) ON DELETE CASCADE,
	ADD CONSTRAINT `craft_assetfolders_sourceId_fk` FOREIGN KEY (`sourceId`) REFERENCES `craft_assetsources` (`id`) ON DELETE CASCADE;

--
-- Constraints for table `craft_assetindexdata`
--
ALTER TABLE `craft_assetindexdata`
	ADD CONSTRAINT `craft_assetindexdata_sourceId_fk` FOREIGN KEY (`sourceId`) REFERENCES `craft_assetsources` (`id`) ON DELETE CASCADE;

--
-- Constraints for table `craft_assetsources`
--
ALTER TABLE `craft_assetsources`
	ADD CONSTRAINT `craft_assetsources_fieldLayoutId_fk` FOREIGN KEY (`fieldLayoutId`) REFERENCES `craft_fieldlayouts` (`id`) ON DELETE SET NULL;

--
-- Constraints for table `craft_categories`
--
ALTER TABLE `craft_categories`
	ADD CONSTRAINT `craft_categories_groupId_fk` FOREIGN KEY (`groupId`) REFERENCES `craft_categorygroups` (`id`) ON DELETE CASCADE,
	ADD CONSTRAINT `craft_categories_id_fk` FOREIGN KEY (`id`) REFERENCES `craft_elements` (`id`) ON DELETE CASCADE;

--
-- Constraints for table `craft_categorygroups`
--
ALTER TABLE `craft_categorygroups`
	ADD CONSTRAINT `craft_categorygroups_fieldLayoutId_fk` FOREIGN KEY (`fieldLayoutId`) REFERENCES `craft_fieldlayouts` (`id`) ON DELETE SET NULL,
	ADD CONSTRAINT `craft_categorygroups_structureId_fk` FOREIGN KEY (`structureId`) REFERENCES `craft_structures` (`id`) ON DELETE CASCADE;

--
-- Constraints for table `craft_categorygroups_i18n`
--
ALTER TABLE `craft_categorygroups_i18n`
	ADD CONSTRAINT `craft_categorygroups_i18n_groupId_fk` FOREIGN KEY (`groupId`) REFERENCES `craft_categorygroups` (`id`) ON DELETE CASCADE,
	ADD CONSTRAINT `craft_categorygroups_i18n_locale_fk` FOREIGN KEY (`locale`) REFERENCES `craft_locales` (`locale`) ON DELETE CASCADE ON UPDATE CASCADE;

--
-- Constraints for table `craft_content`
--
ALTER TABLE `craft_content`
	ADD CONSTRAINT `craft_content_elementId_fk` FOREIGN KEY (`elementId`) REFERENCES `craft_elements` (`id`) ON DELETE CASCADE,
	ADD CONSTRAINT `craft_content_locale_fk` FOREIGN KEY (`locale`) REFERENCES `craft_locales` (`locale`) ON DELETE CASCADE ON UPDATE CASCADE;

--
-- Constraints for table `craft_elements_i18n`
--
ALTER TABLE `craft_elements_i18n`
	ADD CONSTRAINT `craft_elements_i18n_elementId_fk` FOREIGN KEY (`elementId`) REFERENCES `craft_elements` (`id`) ON DELETE CASCADE,
	ADD CONSTRAINT `craft_elements_i18n_locale_fk` FOREIGN KEY (`locale`) REFERENCES `craft_locales` (`locale`) ON DELETE CASCADE ON UPDATE CASCADE;

--
-- Constraints for table `craft_emailmessages`
--
ALTER TABLE `craft_emailmessages`
	ADD CONSTRAINT `craft_emailmessages_locale_fk` FOREIGN KEY (`locale`) REFERENCES `craft_locales` (`locale`) ON DELETE CASCADE ON UPDATE CASCADE;

--
-- Constraints for table `craft_entries`
--
ALTER TABLE `craft_entries`
	ADD CONSTRAINT `craft_entries_authorId_fk` FOREIGN KEY (`authorId`) REFERENCES `craft_users` (`id`) ON DELETE CASCADE,
	ADD CONSTRAINT `craft_entries_id_fk` FOREIGN KEY (`id`) REFERENCES `craft_elements` (`id`) ON DELETE CASCADE,
	ADD CONSTRAINT `craft_entries_sectionId_fk` FOREIGN KEY (`sectionId`) REFERENCES `craft_sections` (`id`) ON DELETE CASCADE,
	ADD CONSTRAINT `craft_entries_typeId_fk` FOREIGN KEY (`typeId`) REFERENCES `craft_entrytypes` (`id`) ON DELETE CASCADE;

--
-- Constraints for table `craft_entrydrafts`
--
ALTER TABLE `craft_entrydrafts`
	ADD CONSTRAINT `craft_entrydrafts_creatorId_fk` FOREIGN KEY (`creatorId`) REFERENCES `craft_users` (`id`) ON DELETE CASCADE,
	ADD CONSTRAINT `craft_entrydrafts_entryId_fk` FOREIGN KEY (`entryId`) REFERENCES `craft_entries` (`id`) ON DELETE CASCADE,
	ADD CONSTRAINT `craft_entrydrafts_locale_fk` FOREIGN KEY (`locale`) REFERENCES `craft_locales` (`locale`) ON DELETE CASCADE ON UPDATE CASCADE,
	ADD CONSTRAINT `craft_entrydrafts_sectionId_fk` FOREIGN KEY (`sectionId`) REFERENCES `craft_sections` (`id`) ON DELETE CASCADE;

--
-- Constraints for table `craft_entrytypes`
--
ALTER TABLE `craft_entrytypes`
	ADD CONSTRAINT `craft_entrytypes_fieldLayoutId_fk` FOREIGN KEY (`fieldLayoutId`) REFERENCES `craft_fieldlayouts` (`id`) ON DELETE SET NULL,
	ADD CONSTRAINT `craft_entrytypes_sectionId_fk` FOREIGN KEY (`sectionId`) REFERENCES `craft_sections` (`id`) ON DELETE CASCADE;

--
-- Constraints for table `craft_entryversions`
--
ALTER TABLE `craft_entryversions`
	ADD CONSTRAINT `craft_entryversions_creatorId_fk` FOREIGN KEY (`creatorId`) REFERENCES `craft_users` (`id`) ON DELETE SET NULL,
	ADD CONSTRAINT `craft_entryversions_entryId_fk` FOREIGN KEY (`entryId`) REFERENCES `craft_entries` (`id`) ON DELETE CASCADE,
	ADD CONSTRAINT `craft_entryversions_locale_fk` FOREIGN KEY (`locale`) REFERENCES `craft_locales` (`locale`) ON DELETE CASCADE ON UPDATE CASCADE,
	ADD CONSTRAINT `craft_entryversions_sectionId_fk` FOREIGN KEY (`sectionId`) REFERENCES `craft_sections` (`id`) ON DELETE CASCADE;

--
-- Constraints for table `craft_fieldlayoutfields`
--
ALTER TABLE `craft_fieldlayoutfields`
	ADD CONSTRAINT `craft_fieldlayoutfields_fieldId_fk` FOREIGN KEY (`fieldId`) REFERENCES `craft_fields` (`id`) ON DELETE CASCADE,
	ADD CONSTRAINT `craft_fieldlayoutfields_layoutId_fk` FOREIGN KEY (`layoutId`) REFERENCES `craft_fieldlayouts` (`id`) ON DELETE CASCADE,
	ADD CONSTRAINT `craft_fieldlayoutfields_tabId_fk` FOREIGN KEY (`tabId`) REFERENCES `craft_fieldlayouttabs` (`id`) ON DELETE CASCADE;

--
-- Constraints for table `craft_fieldlayouttabs`
--
ALTER TABLE `craft_fieldlayouttabs`
	ADD CONSTRAINT `craft_fieldlayouttabs_layoutId_fk` FOREIGN KEY (`layoutId`) REFERENCES `craft_fieldlayouts` (`id`) ON DELETE CASCADE;

--
-- Constraints for table `craft_fields`
--
ALTER TABLE `craft_fields`
	ADD CONSTRAINT `craft_fields_groupId_fk` FOREIGN KEY (`groupId`) REFERENCES `craft_fieldgroups` (`id`) ON DELETE CASCADE;

--
-- Constraints for table `craft_globalsets`
--
ALTER TABLE `craft_globalsets`
	ADD CONSTRAINT `craft_globalsets_fieldLayoutId_fk` FOREIGN KEY (`fieldLayoutId`) REFERENCES `craft_fieldlayouts` (`id`) ON DELETE SET NULL,
	ADD CONSTRAINT `craft_globalsets_id_fk` FOREIGN KEY (`id`) REFERENCES `craft_elements` (`id`) ON DELETE CASCADE;

--
-- Constraints for table `craft_import_entries`
--
ALTER TABLE `craft_import_entries`
	ADD CONSTRAINT `craft_import_entries_entryId_fk` FOREIGN KEY (`entryId`) REFERENCES `craft_entries` (`id`) ON DELETE CASCADE,
	ADD CONSTRAINT `craft_import_entries_historyId_fk` FOREIGN KEY (`historyId`) REFERENCES `craft_import_history` (`id`) ON DELETE SET NULL;

--
-- Constraints for table `craft_import_history`
--
ALTER TABLE `craft_import_history`
	ADD CONSTRAINT `craft_import_history_userId_fk` FOREIGN KEY (`userId`) REFERENCES `craft_users` (`id`) ON DELETE CASCADE;

--
-- Constraints for table `craft_import_log`
--
ALTER TABLE `craft_import_log`
	ADD CONSTRAINT `craft_import_log_historyId_fk` FOREIGN KEY (`historyId`) REFERENCES `craft_import_history` (`id`) ON DELETE SET NULL;

--
-- Constraints for table `craft_matrixblocks`
--
ALTER TABLE `craft_matrixblocks`
	ADD CONSTRAINT `craft_matrixblocks_fieldId_fk` FOREIGN KEY (`fieldId`) REFERENCES `craft_fields` (`id`) ON DELETE CASCADE,
	ADD CONSTRAINT `craft_matrixblocks_id_fk` FOREIGN KEY (`id`) REFERENCES `craft_elements` (`id`) ON DELETE CASCADE,
	ADD CONSTRAINT `craft_matrixblocks_ownerId_fk` FOREIGN KEY (`ownerId`) REFERENCES `craft_elements` (`id`) ON DELETE CASCADE,
	ADD CONSTRAINT `craft_matrixblocks_ownerLocale_fk` FOREIGN KEY (`ownerLocale`) REFERENCES `craft_locales` (`locale`) ON DELETE CASCADE ON UPDATE CASCADE,
	ADD CONSTRAINT `craft_matrixblocks_typeId_fk` FOREIGN KEY (`typeId`) REFERENCES `craft_matrixblocktypes` (`id`) ON DELETE CASCADE;

--
-- Constraints for table `craft_matrixblocktypes`
--
ALTER TABLE `craft_matrixblocktypes`
	ADD CONSTRAINT `craft_matrixblocktypes_fieldId_fk` FOREIGN KEY (`fieldId`) REFERENCES `craft_fields` (`id`) ON DELETE CASCADE,
	ADD CONSTRAINT `craft_matrixblocktypes_fieldLayoutId_fk` FOREIGN KEY (`fieldLayoutId`) REFERENCES `craft_fieldlayouts` (`id`) ON DELETE SET NULL;

--
-- Constraints for table `craft_matrixcontent_people`
--
ALTER TABLE `craft_matrixcontent_people`
	ADD CONSTRAINT `craft_matrixcontent_people_elementId_fk` FOREIGN KEY (`elementId`) REFERENCES `craft_elements` (`id`) ON DELETE CASCADE,
	ADD CONSTRAINT `craft_matrixcontent_people_locale_fk` FOREIGN KEY (`locale`) REFERENCES `craft_locales` (`locale`) ON DELETE CASCADE ON UPDATE CASCADE;

--
-- Constraints for table `craft_matrixcontent_principals`
--
ALTER TABLE `craft_matrixcontent_principals`
	ADD CONSTRAINT `craft_matrixcontent_principals_elementId_fk` FOREIGN KEY (`elementId`) REFERENCES `craft_elements` (`id`) ON DELETE CASCADE,
	ADD CONSTRAINT `craft_matrixcontent_principals_locale_fk` FOREIGN KEY (`locale`) REFERENCES `craft_locales` (`locale`) ON DELETE CASCADE ON UPDATE CASCADE;

--
-- Constraints for table `craft_migrations`
--
ALTER TABLE `craft_migrations`
	ADD CONSTRAINT `craft_migrations_pluginId_fk` FOREIGN KEY (`pluginId`) REFERENCES `craft_plugins` (`id`) ON DELETE CASCADE;

--
-- Constraints for table `craft_relations`
--
ALTER TABLE `craft_relations`
	ADD CONSTRAINT `craft_relations_fieldId_fk` FOREIGN KEY (`fieldId`) REFERENCES `craft_fields` (`id`) ON DELETE CASCADE,
	ADD CONSTRAINT `craft_relations_sourceId_fk` FOREIGN KEY (`sourceId`) REFERENCES `craft_elements` (`id`) ON DELETE CASCADE,
	ADD CONSTRAINT `craft_relations_sourceLocale_fk` FOREIGN KEY (`sourceLocale`) REFERENCES `craft_locales` (`locale`) ON DELETE CASCADE ON UPDATE CASCADE,
	ADD CONSTRAINT `craft_relations_targetId_fk` FOREIGN KEY (`targetId`) REFERENCES `craft_elements` (`id`) ON DELETE CASCADE;

--
-- Constraints for table `craft_routes`
--
ALTER TABLE `craft_routes`
	ADD CONSTRAINT `craft_routes_locale_fk` FOREIGN KEY (`locale`) REFERENCES `craft_locales` (`locale`) ON DELETE CASCADE ON UPDATE CASCADE;

--
-- Constraints for table `craft_sections`
--
ALTER TABLE `craft_sections`
	ADD CONSTRAINT `craft_sections_structureId_fk` FOREIGN KEY (`structureId`) REFERENCES `craft_structures` (`id`) ON DELETE SET NULL;

--
-- Constraints for table `craft_sections_i18n`
--
ALTER TABLE `craft_sections_i18n`
	ADD CONSTRAINT `craft_sections_i18n_locale_fk` FOREIGN KEY (`locale`) REFERENCES `craft_locales` (`locale`) ON DELETE CASCADE ON UPDATE CASCADE,
	ADD CONSTRAINT `craft_sections_i18n_sectionId_fk` FOREIGN KEY (`sectionId`) REFERENCES `craft_sections` (`id`) ON DELETE CASCADE;

--
-- Constraints for table `craft_sessions`
--
ALTER TABLE `craft_sessions`
	ADD CONSTRAINT `craft_sessions_userId_fk` FOREIGN KEY (`userId`) REFERENCES `craft_users` (`id`) ON DELETE CASCADE;

--
-- Constraints for table `craft_shunnedmessages`
--
ALTER TABLE `craft_shunnedmessages`
	ADD CONSTRAINT `craft_shunnedmessages_userId_fk` FOREIGN KEY (`userId`) REFERENCES `craft_users` (`id`) ON DELETE CASCADE;

--
-- Constraints for table `craft_structureelements`
--
ALTER TABLE `craft_structureelements`
	ADD CONSTRAINT `craft_structureelements_elementId_fk` FOREIGN KEY (`elementId`) REFERENCES `craft_elements` (`id`) ON DELETE CASCADE,
	ADD CONSTRAINT `craft_structureelements_structureId_fk` FOREIGN KEY (`structureId`) REFERENCES `craft_structures` (`id`) ON DELETE CASCADE;

--
-- Constraints for table `craft_taggroups`
--
ALTER TABLE `craft_taggroups`
	ADD CONSTRAINT `craft_taggroups_fieldLayoutId_fk` FOREIGN KEY (`fieldLayoutId`) REFERENCES `craft_fieldlayouts` (`id`) ON DELETE SET NULL;

--
-- Constraints for table `craft_tags`
--
ALTER TABLE `craft_tags`
	ADD CONSTRAINT `craft_tags_groupId_fk` FOREIGN KEY (`groupId`) REFERENCES `craft_taggroups` (`id`) ON DELETE CASCADE,
	ADD CONSTRAINT `craft_tags_id_fk` FOREIGN KEY (`id`) REFERENCES `craft_elements` (`id`) ON DELETE CASCADE;

--
-- Constraints for table `craft_templatecachecriteria`
--
ALTER TABLE `craft_templatecachecriteria`
	ADD CONSTRAINT `craft_templatecachecriteria_cacheId_fk` FOREIGN KEY (`cacheId`) REFERENCES `craft_templatecaches` (`id`) ON DELETE CASCADE;

--
-- Constraints for table `craft_templatecacheelements`
--
ALTER TABLE `craft_templatecacheelements`
	ADD CONSTRAINT `craft_templatecacheelements_cacheId_fk` FOREIGN KEY (`cacheId`) REFERENCES `craft_templatecaches` (`id`) ON DELETE CASCADE,
	ADD CONSTRAINT `craft_templatecacheelements_elementId_fk` FOREIGN KEY (`elementId`) REFERENCES `craft_elements` (`id`) ON DELETE CASCADE;

--
-- Constraints for table `craft_templatecaches`
--
ALTER TABLE `craft_templatecaches`
	ADD CONSTRAINT `craft_templatecaches_locale_fk` FOREIGN KEY (`locale`) REFERENCES `craft_locales` (`locale`) ON DELETE CASCADE ON UPDATE CASCADE;

--
-- Constraints for table `craft_usergroups_users`
--
ALTER TABLE `craft_usergroups_users`
	ADD CONSTRAINT `craft_usergroups_users_groupId_fk` FOREIGN KEY (`groupId`) REFERENCES `craft_usergroups` (`id`) ON DELETE CASCADE,
	ADD CONSTRAINT `craft_usergroups_users_userId_fk` FOREIGN KEY (`userId`) REFERENCES `craft_users` (`id`) ON DELETE CASCADE;

--
-- Constraints for table `craft_userpermissions_usergroups`
--
ALTER TABLE `craft_userpermissions_usergroups`
	ADD CONSTRAINT `craft_userpermissions_usergroups_groupId_fk` FOREIGN KEY (`groupId`) REFERENCES `craft_usergroups` (`id`) ON DELETE CASCADE,
	ADD CONSTRAINT `craft_userpermissions_usergroups_permissionId_fk` FOREIGN KEY (`permissionId`) REFERENCES `craft_userpermissions` (`id`) ON DELETE CASCADE;

--
-- Constraints for table `craft_userpermissions_users`
--
ALTER TABLE `craft_userpermissions_users`
	ADD CONSTRAINT `craft_userpermissions_users_permissionId_fk` FOREIGN KEY (`permissionId`) REFERENCES `craft_userpermissions` (`id`) ON DELETE CASCADE,
	ADD CONSTRAINT `craft_userpermissions_users_userId_fk` FOREIGN KEY (`userId`) REFERENCES `craft_users` (`id`) ON DELETE CASCADE;

--
-- Constraints for table `craft_users`
--
ALTER TABLE `craft_users`
	ADD CONSTRAINT `craft_users_id_fk` FOREIGN KEY (`id`) REFERENCES `craft_elements` (`id`) ON DELETE CASCADE,
	ADD CONSTRAINT `craft_users_preferredLocale_fk` FOREIGN KEY (`preferredLocale`) REFERENCES `craft_locales` (`locale`) ON DELETE SET NULL ON UPDATE CASCADE;

--
-- Constraints for table `craft_widgets`
--
ALTER TABLE `craft_widgets`
	ADD CONSTRAINT `craft_widgets_userId_fk` FOREIGN KEY (`userId`) REFERENCES `craft_users` (`id`) ON DELETE CASCADE;

SET FOREIGN_KEY_CHECKS = 1;
